month,holding_month,stock_label,quintile,ew_cumulative_return,n,horizon_trading_days
2010-01,2010-02,baseline,1,-0.014028057149593778,287,1
2010-01,2010-02,baseline,2,-0.011302818167254277,287,1
2010-01,2010-02,baseline,3,-0.01527136132310863,288,1
2010-01,2010-02,baseline,4,-0.012514670388908841,287,1
2010-01,2010-02,baseline,5,-0.01412216821032091,288,1
2010-02,2010-03,baseline,1,0.014771379855033955,287,1
2010-02,2010-03,baseline,2,0.013778282331542114,289,1
2010-02,2010-03,baseline,3,0.011407770813699768,287,1
2010-02,2010-03,baseline,4,0.01221124621659356,289,1
2010-02,2010-03,baseline,5,0.01322376529541163,289,1
2010-03,2010-04,baseline,1,0.012897077528575116,287,1
2010-03,2010-04,baseline,2,0.0159722736836455,288,1
2010-03,2010-04,baseline,3,0.016079634203402228,288,1
2010-03,2010-04,baseline,4,0.01664872037017888,288,1
2010-03,2010-04,baseline,5,0.016528735594664112,288,1
2010-04,2010-05,baseline,1,-0.008516329053916891,287,1
2010-04,2010-05,baseline,2,-0.004799241554094391,287,1
2010-04,2010-05,baseline,3,-0.002148555144896671,288,1
2010-04,2010-05,baseline,4,-0.004765892694056155,287,1
2010-04,2010-05,baseline,5,-0.004588059407195639,288,1
2010-05,2010-06,baseline,1,-0.016417028342750512,282,1
2010-05,2010-06,baseline,2,-0.019401122337562086,282,1
2010-05,2010-06,baseline,3,-0.017885593309530146,282,1
2010-05,2010-06,baseline,4,-0.017549732539716315,282,1
2010-05,2010-06,baseline,5,-0.017871674030710702,283,1
2010-06,2010-07,baseline,1,-0.012307860615694718,283,1
2010-06,2010-07,baseline,2,-0.013312931118430057,283,1
2010-06,2010-07,baseline,3,-0.014223012057147622,283,1
2010-06,2010-07,baseline,4,-0.011951494987395799,283,1
2010-06,2010-07,baseline,5,-0.01084763540583319,284,1
2010-07,2010-08,baseline,1,0.017417839977202428,283,1
2010-07,2010-08,baseline,2,0.020207352686957124,284,1
2010-07,2010-08,baseline,3,0.020415024461447086,283,1
2010-07,2010-08,baseline,4,0.01837509305621421,284,1
2010-07,2010-08,baseline,5,0.018882299928283625,284,1
2010-08,2010-09,baseline,1,-0.01323704623136435,285,1
2010-08,2010-09,baseline,2,-0.010766563924328877,285,1
2010-08,2010-09,baseline,3,-0.01119487937492693,286,1
2010-08,2010-09,baseline,4,-0.010459299940408773,285,1
2010-08,2010-09,baseline,5,-0.009536811283915864,286,1
2010-09,2010-10,baseline,1,0.021792628916364368,288,1
2010-09,2010-10,baseline,2,0.022179420683050923,288,1
2010-09,2010-10,baseline,3,0.024786251459584747,289,1
2010-09,2010-10,baseline,4,0.02771135679364659,288,1
2010-09,2010-10,baseline,5,0.030766297604163852,289,1
2010-10,2010-11,baseline,1,0.028208910975227448,288,1
2010-10,2010-11,baseline,2,0.023168622692855943,289,1
2010-10,2010-11,baseline,3,0.02415523511097984,288,1
2010-10,2010-11,baseline,4,0.026620447313771757,289,1
2010-10,2010-11,baseline,5,0.03050969707195557,289,1
2010-11,2010-12,baseline,1,0.0018018872565854118,296,1
2010-11,2010-12,baseline,2,0.0016115081691456016,296,1
2010-11,2010-12,baseline,3,0.0038896376188422024,297,1
2010-11,2010-12,baseline,4,0.0028326487971389934,296,1
2010-11,2010-12,baseline,5,0.002283029643748191,297,1
2010-12,2011-01,baseline,1,0.01882847702620747,303,1
2010-12,2011-01,baseline,2,0.016770444719929993,303,1
2010-12,2011-01,baseline,3,0.015859397641626662,303,1
2010-12,2011-01,baseline,4,0.014432103433283676,303,1
2010-12,2011-01,baseline,5,0.01770094837870852,303,1
2011-01,2011-02,attention,1,0.0022110885785019407,6,1
2011-01,2011-02,attention,2,-0.00025201882970484385,6,1
2011-01,2011-02,attention,3,-0.013335657481715788,7,1
2011-01,2011-02,attention,4,-0.0029515882509252855,6,1
2011-01,2011-02,attention,5,-0.014282755515213979,7,1
2011-01,2011-02,baseline,1,0.005562493051308561,297,1
2011-01,2011-02,baseline,2,0.0020498888576039784,298,1
2011-01,2011-02,baseline,3,0.00102614006686907,297,1
2011-01,2011-02,baseline,4,0.003047333717026096,298,1
2011-01,2011-02,baseline,5,0.0018555205643631726,298,1
2011-01,2011-02,information,1,-0.04274640766043083,5,1
2011-01,2011-02,information,2,-0.002755306003914715,5,1
2011-01,2011-02,information,3,-0.009303713316917631,6,1
2011-01,2011-02,information,4,0.0012376674829388755,5,1
2011-01,2011-02,information,5,-0.0063735076204095575,6,1
2011-02,2011-03,attention,1,0.0027265666564316475,22,1
2011-02,2011-03,attention,2,0.002049960521888371,23,1
2011-02,2011-03,attention,3,0.006776532258429144,22,1
2011-02,2011-03,attention,4,0.0020257905186153954,23,1
2011-02,2011-03,attention,5,0.009265285484331278,23,1
2011-02,2011-03,baseline,1,0.0054554488497727096,287,1
2011-02,2011-03,baseline,2,0.006067715835151698,289,1
2011-02,2011-03,baseline,3,0.004282462484734098,288,1
2011-02,2011-03,baseline,4,0.005796709069527542,289,1
2011-02,2011-03,baseline,5,0.0048923903038948,289,1
2011-02,2011-03,information,1,-0.016126420323809953,2,1
2011-02,2011-03,information,2,0.013458423290822696,3,1
2011-02,2011-03,information,3,-0.0008769086095099521,3,1
2011-02,2011-03,information,4,-0.0073810506338631105,3,1
2011-02,2011-03,information,5,-0.0043944816431531475,3,1
2011-03,2011-04,attention,1,0.01386795333452424,39,1
2011-03,2011-04,attention,2,0.022060357117412048,39,1
2011-03,2011-04,attention,3,0.012827390978492179,39,1
2011-03,2011-04,attention,4,0.02162984648122238,39,1
2011-03,2011-04,attention,5,0.0194430607841276,40,1
2011-03,2011-04,baseline,1,0.012298312447270364,269,1
2011-03,2011-04,baseline,2,0.014133885017131363,270,1
2011-03,2011-04,baseline,3,0.01236808465342329,270,1
2011-03,2011-04,baseline,4,0.011086369814981492,270,1
2011-03,2011-04,baseline,5,0.012479781939646419,270,1
2011-03,2011-04,information,1,0.03390455765223919,10,1
2011-03,2011-04,information,2,0.010980116211913183,10,1
2011-03,2011-04,information,3,0.005327527951176669,10,1
2011-03,2011-04,information,4,0.014054599550854575,10,1
2011-03,2011-04,information,5,0.020447511070468348,10,1
2011-04,2011-05,attention,1,0.03117193059013792,19,1
2011-04,2011-05,attention,2,0.02387433436158166,19,1
2011-04,2011-05,attention,3,0.02444134378344227,20,1
2011-04,2011-05,attention,4,0.023651934061020934,19,1
2011-04,2011-05,attention,5,0.014799309320063042,20,1
2011-04,2011-05,baseline,1,0.018463146078301365,288,1
2011-04,2011-05,baseline,2,0.014115246273665798,288,1
2011-04,2011-05,baseline,3,0.01324303001151256,288,1
2011-04,2011-05,baseline,4,0.013568037415203052,288,1
2011-04,2011-05,baseline,5,0.014751201355130368,288,1
2011-04,2011-05,information,1,0.02776222032189769,19,1
2011-04,2011-05,information,2,0.024467705197097716,19,1
2011-04,2011-05,information,3,0.024433863686986232,19,1
2011-04,2011-05,information,4,0.011483153990512187,19,1
2011-04,2011-05,information,5,0.01410883267021508,19,1
2011-05,2011-06,attention,1,0.02893387972929446,7,1
2011-05,2011-06,attention,2,0.010429551927813696,7,1
2011-05,2011-06,attention,3,0.025191387766154642,7,1
2011-05,2011-06,attention,4,0.014469645159150708,7,1
2011-05,2011-06,attention,5,0.0061813275982897575,7,1
2011-05,2011-06,baseline,1,0.01273991537882196,316,1
2011-05,2011-06,baseline,2,0.01070413886679813,316,1
2011-05,2011-06,baseline,3,0.009148115925199644,317,1
2011-05,2011-06,baseline,4,0.009481210672938377,316,1
2011-05,2011-06,baseline,5,0.00986588734830166,317,1
2011-05,2011-06,information,1,0.0017825412816588522,6,1
2011-05,2011-06,information,2,0.013544308136256542,7,1
2011-05,2011-06,information,3,0.005279742670711278,6,1
2011-05,2011-06,information,4,0.00642408198755029,7,1
2011-05,2011-06,information,5,-0.0007922471606682802,7,1
2011-06,2011-07,attention,1,0.012376237623762387,1,1
2011-06,2011-07,attention,2,0.027624309392265234,1,1
2011-06,2011-07,attention,3,-0.011936339522546247,1,1
2011-06,2011-07,attention,4,-0.011630123927550029,1,1
2011-06,2011-07,attention,5,0.00041035769146363643,2,1
2011-06,2011-07,baseline,1,0.005341992265508731,332,1
2011-06,2011-07,baseline,2,0.0044146227011482774,332,1
2011-06,2011-07,baseline,3,0.006674045072282465,332,1
2011-06,2011-07,baseline,4,0.005643677016177424,332,1
2011-06,2011-07,baseline,5,0.0033876406516907902,333,1
2011-06,2011-07,information,1,-0.0024391277253699903,3,1
2011-06,2011-07,information,2,0.020594232520813938,3,1
2011-06,2011-07,information,3,-0.0016175823000159257,3,1
2011-06,2011-07,information,4,-0.006580306619427508,3,1
2011-06,2011-07,information,5,-0.008221346572877819,4,1
2011-07,2011-08,attention,1,-0.0020513802197737797,10,1
2011-07,2011-08,attention,2,0.0013301673941830572,10,1
2011-07,2011-08,attention,3,0.010996564205921959,11,1
2011-07,2011-08,attention,4,0.006312972350360069,10,1
2011-07,2011-08,attention,5,-0.00680027797261883,11,1
2011-07,2011-08,baseline,1,0.005126760455112531,322,1
2011-07,2011-08,baseline,2,0.005567718525907824,323,1
2011-07,2011-08,baseline,3,0.0056707042085217835,322,1
2011-07,2011-08,baseline,4,0.0042622350997821145,323,1
2011-07,2011-08,baseline,5,0.004814799446367997,323,1
2011-07,2011-08,information,1,0.004221285165216619,9,1
2011-07,2011-08,information,2,-0.005787233455085483,10,1
2011-07,2011-08,information,3,0.0005023919615100292,10,1
2011-07,2011-08,information,4,-0.0024360181828029016,10,1
2011-07,2011-08,information,5,0.004662182289930106,10,1
2011-08,2011-09,attention,1,-0.008906639580228875,22,1
2011-08,2011-09,attention,2,-0.0009067601062513089,23,1
2011-08,2011-09,attention,3,-0.0013654520507882517,22,1
2011-08,2011-09,attention,4,-0.010469736930406894,23,1
2011-08,2011-09,attention,5,-0.0009943302415730897,23,1
2011-08,2011-09,baseline,1,-0.0074641383017702845,312,1
2011-08,2011-09,baseline,2,-0.006004321764781255,312,1
2011-08,2011-09,baseline,3,-0.00579939213321638,312,1
2011-08,2011-09,baseline,4,-0.005473135827812292,312,1
2011-08,2011-09,baseline,5,-0.005376138037931539,311,1
2011-08,2011-09,information,1,-0.012521849619333706,15,1
2011-08,2011-09,information,2,-0.016339825240847115,15,1
2011-08,2011-09,information,3,-0.004589514706540863,16,1
2011-08,2011-09,information,4,-0.007121382857930018,15,1
2011-08,2011-09,information,5,-0.006143175595553212,16,1
2011-09,2011-10,attention,1,0.004988408934557572,15,1
2011-09,2011-10,attention,2,0.006473492766833774,16,1
2011-09,2011-10,attention,3,0.00022062205812893864,15,1
2011-09,2011-10,attention,4,0.002749720534382362,16,1
2011-09,2011-10,attention,5,0.006046820511034633,16,1
2011-09,2011-10,baseline,1,-0.00342280734177739,340,1
2011-09,2011-10,baseline,2,-0.0030739779667785087,340,1
2011-09,2011-10,baseline,3,-0.00766224900551282,340,1
2011-09,2011-10,baseline,4,-0.006206247632740707,340,1
2011-09,2011-10,baseline,5,-0.005016117507635905,340,1
2011-09,2011-10,information,3,0.0,1,1
2011-09,2011-10,information,5,-0.007700770077007757,1,1
2011-10,2011-11,attention,1,-0.0078079066458753245,13,1
2011-10,2011-11,attention,2,-0.004244675985118283,13,1
2011-10,2011-11,attention,3,-0.0007353505984256579,14,1
2011-10,2011-11,attention,4,0.0002331888209624258,13,1
2011-10,2011-11,attention,5,-0.006831041284780816,14,1
2011-10,2011-11,baseline,1,-0.00011627585806537987,333,1
2011-10,2011-11,baseline,2,0.0017290330208001587,333,1
2011-10,2011-11,baseline,3,0.00028552410889620135,333,1
2011-10,2011-11,baseline,4,0.0019731245633048244,333,1
2011-10,2011-11,baseline,5,0.002023082391060615,333,1
2011-10,2011-11,information,1,-0.005892980225644935,13,1
2011-10,2011-11,information,2,-0.0008131160718281254,14,1
2011-10,2011-11,information,3,0.0006004760961409749,13,1
2011-10,2011-11,information,4,-0.0013418826181434338,14,1
2011-10,2011-11,information,5,-0.00611954998987405,14,1
2011-11,2011-12,attention,1,0.02209201094639175,43,1
2011-11,2011-12,attention,2,0.020281468817366335,44,1
2011-11,2011-12,attention,3,0.022605975491171878,43,1
2011-11,2011-12,attention,4,0.023038329528051203,44,1
2011-11,2011-12,attention,5,0.02239756686672635,44,1
2011-11,2011-12,baseline,1,0.022090536618405928,321,1
2011-11,2011-12,baseline,2,0.02252884264567298,321,1
2011-11,2011-12,baseline,3,0.020817750966936457,321,1
2011-11,2011-12,baseline,4,0.020591222148039153,321,1
2011-11,2011-12,baseline,5,0.02032003973781981,322,1
2011-11,2011-12,information,1,0.028089887640449396,1,1
2011-11,2011-12,information,2,0.018276762402088753,1,1
2011-11,2011-12,information,3,0.005995889480052308,2,1
2011-11,2011-12,information,4,0.010266940451745254,1,1
2011-11,2011-12,information,5,0.01277138100853159,2,1
2011-12,2012-01,attention,1,-0.02559334880873121,20,1
2011-12,2012-01,attention,2,-0.02810624711832498,20,1
2011-12,2012-01,attention,3,-0.024410946265202033,21,1
2011-12,2012-01,attention,4,-0.018164296083772662,20,1
2011-12,2012-01,attention,5,-0.019993416492580268,21,1
2011-12,2012-01,baseline,1,-0.02959089535195777,352,1
2011-12,2012-01,baseline,2,-0.025488764098702463,352,1
2011-12,2012-01,baseline,3,-0.024388833366788428,353,1
2011-12,2012-01,baseline,4,-0.02329341805566788,352,1
2011-12,2012-01,baseline,5,-0.022516876832053022,353,1
2012-01,2012-02,attention,1,-0.009182205867993258,13,1
2012-01,2012-02,attention,2,-0.008321254132879596,14,1
2012-01,2012-02,attention,3,-0.017052271068404894,13,1
2012-01,2012-02,attention,4,-0.009713075317157451,14,1
2012-01,2012-02,attention,5,-0.01575205878955802,14,1
2012-01,2012-02,baseline,1,-0.006372196816008042,360,1
2012-01,2012-02,baseline,2,-0.006146784371821649,360,1
2012-01,2012-02,baseline,3,-0.007234640443664883,360,1
2012-01,2012-02,baseline,4,-0.00749828643855162,360,1
2012-01,2012-02,baseline,5,-0.006620275243996428,361,1
2012-01,2012-02,information,1,0.011587797166385602,6,1
2012-01,2012-02,information,2,-0.010082748331013506,6,1
2012-01,2012-02,information,3,-0.007289224693333281,6,1
2012-01,2012-02,information,4,-0.004459367012349373,6,1
2012-01,2012-02,information,5,-0.007589205239715309,6,1
2012-02,2012-03,attention,1,0.007156850740705817,42,1
2012-02,2012-03,attention,2,0.005206249520278119,43,1
2012-02,2012-03,attention,3,0.009176735678868344,43,1
2012-02,2012-03,attention,4,0.0032707177447200224,43,1
2012-02,2012-03,attention,5,0.001432155393103069,43,1
2012-02,2012-03,baseline,1,0.007119833507118051,337,1
2012-02,2012-03,baseline,2,0.007785762169183726,337,1
2012-02,2012-03,baseline,3,0.005628443493018279,337,1
2012-02,2012-03,baseline,4,0.004807758299696587,337,1
2012-02,2012-03,baseline,5,0.005671795406620416,337,1
2012-02,2012-03,information,1,0.008310556513052413,5,1
2012-02,2012-03,information,2,0.023752874243244033,6,1
2012-02,2012-03,information,3,0.0032870228892099007,5,1
2012-02,2012-03,information,4,0.008816824539020884,6,1
2012-02,2012-03,information,5,0.010162381421951583,6,1
2012-03,2012-04,attention,1,0.032598233056658175,63,1
2012-03,2012-04,attention,2,0.032597947947826,64,1
2012-03,2012-04,attention,3,0.030720777954984364,63,1
2012-03,2012-04,attention,4,0.02874396370392543,64,1
2012-03,2012-04,attention,5,0.03477001642314162,64,1
2012-03,2012-04,baseline,1,0.03219622240075376,312,1
2012-03,2012-04,baseline,2,0.032701398598456874,313,1
2012-03,2012-04,baseline,3,0.030429980896603342,312,1
2012-03,2012-04,baseline,4,0.0294869530541663,313,1
2012-03,2012-04,baseline,5,0.029744865791132374,312,1
2012-03,2012-04,information,1,0.035368941917749766,16,1
2012-03,2012-04,information,2,0.03886872378922848,16,1
2012-03,2012-04,information,3,0.02549416075170452,17,1
2012-03,2012-04,information,4,0.02727648327074736,16,1
2012-03,2012-04,information,5,0.03266512059357212,17,1
2012-04,2012-05,attention,1,0.00022625907001209812,25,1
2012-04,2012-05,attention,2,0.0026688619266052394,25,1
2012-04,2012-05,attention,3,0.0058781875968648345,25,1
2012-04,2012-05,attention,4,0.013209793226256674,25,1
2012-04,2012-05,attention,5,0.005652960700080021,26,1
2012-04,2012-05,baseline,1,0.008100936171783372,335,1
2012-04,2012-05,baseline,2,0.011041486984267969,335,1
2012-04,2012-05,baseline,3,0.015210535681165233,335,1
2012-04,2012-05,baseline,4,0.01691158316423105,335,1
2012-04,2012-05,baseline,5,0.017171730400802998,336,1
2012-04,2012-05,information,1,0.0034148416539956277,35,1
2012-04,2012-05,information,2,0.009534732709458286,35,1
2012-04,2012-05,information,3,0.012029741535155259,35,1
2012-04,2012-05,information,4,0.012513614565811532,35,1
2012-04,2012-05,information,5,0.016245806980348932,35,1
2012-05,2012-06,attention,1,0.0036158937543538383,18,1
2012-05,2012-06,attention,2,-0.0038885773514491136,19,1
2012-05,2012-06,attention,3,-0.0029325551556205255,19,1
2012-05,2012-06,attention,4,0.005406579906533125,19,1
2012-05,2012-06,attention,5,-0.004949147908213097,19,1
2012-05,2012-06,baseline,1,-0.0007752599822976881,371,1
2012-05,2012-06,baseline,2,-0.00038935048502297583,372,1
2012-05,2012-06,baseline,3,-0.0025340196089843814,371,1
2012-05,2012-06,baseline,4,-0.001542369834142185,372,1
2012-05,2012-06,baseline,5,-0.004052544094517465,372,1
2012-05,2012-06,information,1,0.006113025774466929,10,1
2012-05,2012-06,information,2,0.0064826288954907725,11,1
2012-05,2012-06,information,3,0.005536639297696847,11,1
2012-05,2012-06,information,4,-0.008148974528055125,11,1
2012-05,2012-06,information,5,-0.00860040842808598,11,1
2012-06,2012-07,attention,1,0.018973994258301645,7,1
2012-06,2012-07,attention,2,0.009243528673205279,7,1
2012-06,2012-07,attention,3,0.012436594732551844,7,1
2012-06,2012-07,attention,4,0.027532212140074192,7,1
2012-06,2012-07,attention,5,0.00267925173368172,8,1
2012-06,2012-07,baseline,1,0.012779967595449162,393,1
2012-06,2012-07,baseline,2,0.01099160283586223,393,1
2012-06,2012-07,baseline,3,0.010630132381998765,393,1
2012-06,2012-07,baseline,4,0.009337051705606838,393,1
2012-06,2012-07,baseline,5,0.007831816054590322,394,1
2012-06,2012-07,information,1,0.03673196537531709,8,1
2012-06,2012-07,information,2,-0.0007143541073726667,8,1
2012-06,2012-07,information,3,0.018152320152665963,8,1
2012-06,2012-07,information,4,0.006689385158819325,8,1
2012-06,2012-07,information,5,0.009471206303437526,9,1
2012-07,2012-08,attention,1,0.019209670228085073,10,1
2012-07,2012-08,attention,2,0.01802163538525402,11,1
2012-07,2012-08,attention,3,0.012034934148554588,10,1
2012-07,2012-08,attention,4,0.013358432869339626,11,1
2012-07,2012-08,attention,5,0.027180369226973058,11,1
2012-07,2012-08,baseline,1,0.018565832515825907,376,1
2012-07,2012-08,baseline,2,0.016107764505758772,376,1
2012-07,2012-08,baseline,3,0.016044873061539712,376,1
2012-07,2012-08,baseline,4,0.015666369246171975,376,1
2012-07,2012-08,baseline,5,0.015279673928253362,376,1
2012-07,2012-08,information,1,0.02129530450020704,27,1
2012-07,2012-08,information,2,0.01879698129173869,28,1
2012-07,2012-08,information,3,0.01959500668681846,27,1
2012-07,2012-08,information,4,0.02191307598173525,28,1
2012-07,2012-08,information,5,0.019382015935494015,28,1
2012-08,2012-09,attention,1,0.019507041289832838,32,1
2012-08,2012-09,attention,2,0.023753974273300903,32,1
2012-08,2012-09,attention,3,0.017854217946674952,32,1
2012-08,2012-09,attention,4,0.01627165897095124,32,1
2012-08,2012-09,attention,5,0.015301075779443249,33,1
2012-08,2012-09,baseline,1,0.02094860074630094,371,1
2012-08,2012-09,baseline,2,0.01899906571046658,371,1
2012-08,2012-09,baseline,3,0.015960132305568284,371,1
2012-08,2012-09,baseline,4,0.014005176660156984,371,1
2012-08,2012-09,baseline,5,0.014124154186123894,372,1
2012-08,2012-09,information,1,0.016918064872864635,20,1
2012-08,2012-09,information,2,0.01919893126846516,20,1
2012-08,2012-09,information,3,0.014343936027254322,20,1
2012-08,2012-09,information,4,0.014868019410848676,20,1
2012-08,2012-09,information,5,0.018242090475403455,21,1
2012-09,2012-10,attention,1,0.00012064770405791467,56,1
2012-09,2012-10,attention,2,-0.0033309604862899267,56,1
2012-09,2012-10,attention,3,-0.0031038476338183935,56,1
2012-09,2012-10,attention,4,-0.0056326557379221065,56,1
2012-09,2012-10,attention,5,-0.007680566177655119,57,1
2012-09,2012-10,baseline,1,0.0030055467384727556,371,1
2012-09,2012-10,baseline,2,-0.0014173298043392718,371,1
2012-09,2012-10,baseline,3,-0.0015714519260602176,371,1
2012-09,2012-10,baseline,4,-0.002980561363654964,371,1
2012-09,2012-10,baseline,5,-0.003398149149243087,372,1
2012-09,2012-10,information,1,0.035160289555325575,1,1
2012-09,2012-10,information,2,0.043243243243243246,1,1
2012-09,2012-10,information,3,-0.01446280991735549,1,1
2012-09,2012-10,information,4,0.0017094017094017033,1,1
2012-09,2012-10,information,5,-0.009803921568627527,1,1
2012-10,2012-11,attention,1,0.01722826533084857,45,1
2012-10,2012-11,attention,2,0.018745634582113615,45,1
2012-10,2012-11,attention,3,0.021046724197021742,45,1
2012-10,2012-11,attention,4,0.014724479901417838,45,1
2012-10,2012-11,attention,5,0.013746730275963112,45,1
2012-10,2012-11,baseline,1,0.019490087618905777,367,1
2012-10,2012-11,baseline,2,0.020199615549936253,368,1
2012-10,2012-11,baseline,3,0.018264651821573316,368,1
2012-10,2012-11,baseline,4,0.017771893015529703,368,1
2012-10,2012-11,baseline,5,0.01648057897408208,368,1
2012-10,2012-11,information,1,0.022082146179334246,18,1
2012-10,2012-11,information,2,0.0165033817750698,18,1
2012-10,2012-11,information,3,0.016062622041889487,18,1
2012-10,2012-11,information,4,0.0190729398115778,18,1
2012-10,2012-11,information,5,0.01305004082202998,19,1
2012-11,2012-12,attention,1,-0.025651660504239542,42,1
2012-11,2012-12,attention,2,-0.028526033092422066,42,1
2012-11,2012-12,attention,3,-0.031808166554591656,42,1
2012-11,2012-12,attention,4,-0.025249161310935322,42,1
2012-11,2012-12,attention,5,-0.01725912747869346,42,1
2012-11,2012-12,baseline,1,-0.026472758023323696,393,1
2012-11,2012-12,baseline,2,-0.02439669916979769,394,1
2012-11,2012-12,baseline,3,-0.025808968518333305,394,1
2012-11,2012-12,baseline,4,-0.025714322414523597,394,1
2012-11,2012-12,baseline,5,-0.025956765378770147,394,1
2012-11,2012-12,information,2,-0.006309148264984299,1,1
2012-11,2012-12,information,4,-0.0042918454935622075,1,1
2012-11,2012-12,information,5,-0.005780346820809301,1,1
2012-12,2013-01,attention,1,0.0008304781216587738,89,1
2012-12,2013-01,attention,2,-0.005273738527067065,89,1
2012-12,2013-01,attention,3,-0.0058600131346452965,89,1
2012-12,2013-01,attention,4,-0.004180648324211515,89,1
2012-12,2013-01,attention,5,-0.00463582600316095,90,1
2012-12,2013-01,baseline,1,-0.004801197389806009,350,1
2012-12,2013-01,baseline,2,-0.006133589164369022,350,1
2012-12,2013-01,baseline,3,-0.004309522588758781,350,1
2012-12,2013-01,baseline,4,-0.0026217465698615845,350,1
2012-12,2013-01,baseline,5,-0.0014295257388012466,350,1
2012-12,2013-01,information,3,-0.023292747485442078,1,1
2012-12,2013-01,information,5,-0.015243902439024404,1,1
2013-01,2013-02,attention,1,0.008024875570107531,138,1
2013-01,2013-02,attention,2,0.008806257096234183,139,1
2013-01,2013-02,attention,3,0.009892237849024526,139,1
2013-01,2013-02,attention,4,0.00877021559408615,139,1
2013-01,2013-02,attention,5,0.007994421587138156,139,1
2013-01,2013-02,baseline,1,0.004107332013633752,292,1
2013-01,2013-02,baseline,2,0.005637577264877283,292,1
2013-01,2013-02,baseline,3,0.005200067877310581,292,1
2013-01,2013-02,baseline,4,0.006692068376937019,292,1
2013-01,2013-02,baseline,5,0.007445805959744976,292,1
2013-01,2013-02,information,1,-0.004115889143579155,10,1
2013-01,2013-02,information,2,0.0076924691876562035,11,1
2013-01,2013-02,information,3,-0.0025848626992980295,10,1
2013-01,2013-02,information,4,-0.0031690776551734205,11,1
2013-01,2013-02,information,5,0.007922350471515138,11,1
2013-02,2013-03,attention,1,0.013338953121433161,89,1
2013-02,2013-03,attention,2,0.013073235651977157,90,1
2013-02,2013-03,attention,3,0.00982339828955057,89,1
2013-02,2013-03,attention,4,0.01026851536551454,90,1
2013-02,2013-03,attention,5,0.01480261727196318,90,1
2013-02,2013-03,baseline,1,0.012472467768981931,344,1
2013-02,2013-03,baseline,2,0.00989375436299193,344,1
2013-02,2013-03,baseline,3,0.009730687720448623,344,1
2013-02,2013-03,baseline,4,0.01175872250016554,344,1
2013-02,2013-03,baseline,5,0.014737555744772186,345,1
2013-02,2013-03,information,1,0.013849953278578098,10,1
2013-02,2013-03,information,2,0.010032894729443444,11,1
2013-02,2013-03,information,3,0.026730398680989555,11,1
2013-02,2013-03,information,4,0.014736345343428462,11,1
2013-02,2013-03,information,5,0.021515084922406332,11,1
2013-03,2013-04,attention,1,0.002300073040276834,75,1
2013-03,2013-04,attention,2,0.01067076526879095,75,1
2013-03,2013-04,attention,3,0.005958437335965946,76,1
2013-03,2013-04,attention,4,0.006180232351035434,75,1
2013-03,2013-04,attention,5,0.0008373275639437677,76,1
2013-03,2013-04,baseline,1,0.006625793067745366,351,1
2013-03,2013-04,baseline,2,0.004188977668366796,351,1
2013-03,2013-04,baseline,3,0.006315200941115391,351,1
2013-03,2013-04,baseline,4,0.006060640811010293,351,1
2013-03,2013-04,baseline,5,0.007461878440183574,351,1
2013-03,2013-04,information,1,0.014246876586855037,24,1
2013-03,2013-04,information,2,0.012884342821130887,24,1
2013-03,2013-04,information,3,0.01378652078813796,24,1
2013-03,2013-04,information,4,0.006500987544314343,24,1
2013-03,2013-04,information,5,0.0030012027040302856,25,1
2013-04,2013-05,attention,1,0.0014069366275068793,30,1
2013-04,2013-05,attention,2,0.013115234239828862,31,1
2013-04,2013-05,attention,3,0.0035196043067820056,31,1
2013-04,2013-05,attention,4,0.010786526035741666,31,1
2013-04,2013-05,attention,5,0.01300572003031993,31,1
2013-04,2013-05,baseline,1,0.0013365402068798978,374,1
2013-04,2013-05,baseline,2,0.000601150417781728,375,1
2013-04,2013-05,baseline,3,0.0028392378126793254,375,1
2013-04,2013-05,baseline,4,0.0038038270497139028,375,1
2013-04,2013-05,baseline,5,0.003170916457415707,375,1
2013-04,2013-05,information,1,0.010040821076156368,49,1
2013-04,2013-05,information,2,0.014943754217275276,49,1
2013-04,2013-05,information,3,0.011308745659802983,49,1
2013-04,2013-05,information,4,0.011277288431175855,49,1
2013-04,2013-05,information,5,0.005077087764680514,50,1
2013-05,2013-06,attention,1,-0.010306881583550729,108,1
2013-05,2013-06,attention,2,-0.004887935503918395,109,1
2013-05,2013-06,attention,3,-0.005247007124306206,109,1
2013-05,2013-06,attention,4,-0.007693528395412271,109,1
2013-05,2013-06,attention,5,-0.00756384699857919,109,1
2013-05,2013-06,baseline,1,-0.00782010840781275,334,1
2013-05,2013-06,baseline,2,-0.0037475258910902353,334,1
2013-05,2013-06,baseline,3,-0.00565614474941809,334,1
2013-05,2013-06,baseline,4,-0.00401708954883403,334,1
2013-05,2013-06,baseline,5,-0.0036096249235570295,335,1
2013-05,2013-06,information,1,-0.015823385251303366,18,1
2013-05,2013-06,information,2,-0.019855028318286876,18,1
2013-05,2013-06,information,3,-0.006009115544807407,19,1
2013-05,2013-06,information,4,-0.0010169078014847603,18,1
2013-05,2013-06,information,5,-0.011084803229451075,19,1
2013-06,2013-07,attention,1,0.036227338819656944,60,1
2013-06,2013-07,attention,2,0.029728437058522728,60,1
2013-06,2013-07,attention,3,0.01708968413211092,61,1
2013-06,2013-07,attention,4,0.01948141437704998,60,1
2013-06,2013-07,attention,5,0.011894852998249163,61,1
2013-06,2013-07,baseline,1,0.029937425813911223,382,1
2013-06,2013-07,baseline,2,0.021174327727205986,382,1
2013-06,2013-07,baseline,3,0.018513737566220753,383,1
2013-06,2013-07,baseline,4,0.016858925767785325,382,1
2013-06,2013-07,baseline,5,0.013143428577045804,383,1
2013-06,2013-07,information,1,0.038631597602087495,19,1
2013-06,2013-07,information,2,0.021876931355437182,19,1
2013-06,2013-07,information,3,0.010562250737980838,20,1
2013-06,2013-07,information,4,0.020128300198208927,19,1
2013-06,2013-07,information,5,0.013578608407520416,20,1
2013-07,2013-08,attention,1,0.03707387845503385,82,1
2013-07,2013-08,attention,2,0.024989023510096568,82,1
2013-07,2013-08,attention,3,0.028372418973977107,83,1
2013-07,2013-08,attention,4,0.027758801638078843,82,1
2013-07,2013-08,attention,5,0.0293875343757454,83,1
2013-07,2013-08,baseline,1,0.0350127990246525,362,1
2013-07,2013-08,baseline,2,0.02713224803998115,363,1
2013-07,2013-08,baseline,3,0.026814545653072546,362,1
2013-07,2013-08,baseline,4,0.023759953041162133,363,1
2013-07,2013-08,baseline,5,0.02629678581485456,363,1
2013-07,2013-08,information,1,0.038584328188877186,22,1
2013-07,2013-08,information,2,0.03552716559570265,22,1
2013-07,2013-08,information,3,0.02766606017422761,22,1
2013-07,2013-08,information,4,0.02572779651395948,22,1
2013-07,2013-08,information,5,0.024249592126731726,23,1
2013-08,2013-09,attention,1,0.002848244070449328,110,1
2013-08,2013-09,attention,2,-0.0008677533529899195,110,1
2013-08,2013-09,attention,3,-0.001424293431248156,110,1
2013-08,2013-09,attention,4,-0.0036865993035328235,110,1
2013-08,2013-09,attention,5,-0.003883825683466392,110,1
2013-08,2013-09,baseline,1,0.011120946496381989,334,1
2013-08,2013-09,baseline,2,0.00988216573114506,335,1
2013-08,2013-09,baseline,3,0.011756680939594241,334,1
2013-08,2013-09,baseline,4,0.008993374164970872,335,1
2013-08,2013-09,baseline,5,0.011018103566795497,335,1
2013-08,2013-09,information,1,0.01761031153022558,26,1
2013-08,2013-09,information,2,0.0030708435872287255,26,1
2013-08,2013-09,information,3,0.0049073299336111955,26,1
2013-08,2013-09,information,4,0.004947360200144293,26,1
2013-08,2013-09,information,5,0.004807172739779264,26,1
2013-09,2013-10,attention,1,0.019117466255111036,100,1
2013-09,2013-10,attention,2,0.011543152369045568,101,1
2013-09,2013-10,attention,3,0.012922707765530181,100,1
2013-09,2013-10,attention,4,0.016358248849110198,101,1
2013-09,2013-10,attention,5,0.01603866522022503,101,1
2013-09,2013-10,baseline,1,0.01783950205192808,367,1
2013-09,2013-10,baseline,2,0.017131661200588334,367,1
2013-09,2013-10,baseline,3,0.015348025961154154,367,1
2013-09,2013-10,baseline,4,0.01655783026249274,367,1
2013-09,2013-10,baseline,5,0.020384371050957167,368,1
2013-09,2013-10,information,1,0.02740948751379002,2,1
2013-09,2013-10,information,2,0.0053013472329032085,2,1
2013-09,2013-10,information,3,0.009937212312125299,2,1
2013-09,2013-10,information,4,0.007277689913779861,2,1
2013-09,2013-10,information,5,0.014174169524895882,3,1
2013-10,2013-11,attention,1,-0.0185497459756517,70,1
2013-10,2013-11,attention,2,-0.009027688530359715,70,1
2013-10,2013-11,attention,3,-0.003992939427485179,70,1
2013-10,2013-11,attention,4,-0.0021664093654925197,70,1
2013-10,2013-11,attention,5,-0.0016187408221735847,71,1
2013-10,2013-11,baseline,1,-0.006362578677588494,363,1
2013-10,2013-11,baseline,2,-0.0015773911066190717,364,1
2013-10,2013-11,baseline,3,-0.0014660155034980323,363,1
2013-10,2013-11,baseline,4,-0.00021588372214944012,364,1
2013-10,2013-11,baseline,5,-0.003858925273356894,364,1
2013-10,2013-11,information,1,-0.01754296503382586,38,1
2013-10,2013-11,information,2,-0.005443757027119268,38,1
2013-10,2013-11,information,3,0.001213335775150534,38,1
2013-10,2013-11,information,4,-0.0007928270624303814,38,1
2013-10,2013-11,information,5,-0.014240505052308486,39,1
2013-11,2013-12,attention,1,-0.07138359459507566,52,1
2013-11,2013-12,attention,2,-0.06757792524421379,53,1
2013-11,2013-12,attention,3,-0.04449568404966499,53,1
2013-11,2013-12,attention,4,-0.03652402877532632,53,1
2013-11,2013-12,attention,5,-0.04924761875669227,53,1
2013-11,2013-12,baseline,1,-0.0688302273376812,417,1
2013-11,2013-12,baseline,2,-0.05826260874378842,418,1
2013-11,2013-12,baseline,3,-0.05000738818171824,417,1
2013-11,2013-12,baseline,4,-0.04848787631426876,418,1
2013-11,2013-12,baseline,5,-0.04707063991973073,418,1
2013-11,2013-12,information,2,-0.09983361064891849,1,1
2013-11,2013-12,information,4,-0.041884816753926746,1,1
2013-11,2013-12,information,5,-0.06952380952380954,1,1
2013-12,2014-01,attention,1,0.017519419942299542,66,1
2013-12,2014-01,attention,2,0.01391261142453574,66,1
2013-12,2014-01,attention,3,0.00571675343195806,66,1
2013-12,2014-01,attention,4,0.004071803141516337,66,1
2013-12,2014-01,attention,5,0.003149129100307884,67,1
2013-12,2014-01,baseline,1,0.016853440573325912,405,1
2013-12,2014-01,baseline,2,0.011813005924750345,406,1
2013-12,2014-01,baseline,3,0.008161028865526462,405,1
2013-12,2014-01,baseline,4,0.0037259545899574215,406,1
2013-12,2014-01,baseline,5,0.006680917007256877,406,1
2013-12,2014-01,information,5,-0.009329126080395156,1,1
2014-01,2014-02,attention,1,0.023002026061720478,34,1
2014-01,2014-02,attention,2,0.020618534949472078,34,1
2014-01,2014-02,attention,3,0.024886808881041365,35,1
2014-01,2014-02,attention,4,0.015247548776635736,34,1
2014-01,2014-02,attention,5,0.02056129581149092,35,1
2014-01,2014-02,baseline,1,0.022281682069971075,429,1
2014-01,2014-02,baseline,2,0.019036354577511686,429,1
2014-01,2014-02,baseline,3,0.014633300036244452,429,1
2014-01,2014-02,baseline,4,0.014112035993255312,429,1
2014-01,2014-02,baseline,5,0.019012491469701256,429,1
2014-01,2014-02,information,1,0.023708547850597034,8,1
2014-01,2014-02,information,2,0.03645965941076362,8,1
2014-01,2014-02,information,3,0.027568591460731595,8,1
2014-01,2014-02,information,4,0.016127965363830238,8,1
2014-01,2014-02,information,5,0.02000785259470178,8,1
2014-02,2014-03,attention,1,0.015003190641896121,70,1
2014-02,2014-03,attention,2,0.01645462806488426,70,1
2014-02,2014-03,attention,3,0.025779918710831375,70,1
2014-02,2014-03,attention,4,0.01907319052555666,70,1
2014-02,2014-03,attention,5,0.025285112009346855,70,1
2014-02,2014-03,baseline,1,0.01997871715498113,388,1
2014-02,2014-03,baseline,2,0.017576805185453,388,1
2014-02,2014-03,baseline,3,0.01640391791038999,389,1
2014-02,2014-03,baseline,4,0.020275598745111423,388,1
2014-02,2014-03,baseline,5,0.027307384392043426,389,1
2014-02,2014-03,information,1,0.03475538472379991,9,1
2014-02,2014-03,information,2,0.021800645845803893,9,1
2014-02,2014-03,information,3,0.03411895541774945,9,1
2014-02,2014-03,information,4,0.023347762284944198,9,1
2014-02,2014-03,information,5,0.015841357695091162,10,1
2014-03,2014-04,attention,1,0.016487544414956028,69,1
2014-03,2014-04,attention,2,0.007842746495825887,69,1
2014-03,2014-04,attention,3,0.013713717647811664,69,1
2014-03,2014-04,attention,4,0.016187544750933532,69,1
2014-03,2014-04,attention,5,0.009065898942316441,70,1
2014-03,2014-04,baseline,1,0.018383673946690875,390,1
2014-03,2014-04,baseline,2,0.01800655989104049,390,1
2014-03,2014-04,baseline,3,0.0151290196295757,390,1
2014-03,2014-04,baseline,4,0.01625265084943297,390,1
2014-03,2014-04,baseline,5,0.015129379306737151,390,1
2014-03,2014-04,information,1,0.01656260779100325,11,1
2014-03,2014-04,information,2,0.0052527666526192614,11,1
2014-03,2014-04,information,3,0.011418421490526893,11,1
2014-03,2014-04,information,4,0.017111524069371272,11,1
2014-03,2014-04,information,5,0.010035727421360245,11,1
2014-04,2014-05,attention,1,0.0022806256371367887,38,1
2014-04,2014-05,attention,2,0.01352962544248427,39,1
2014-04,2014-05,attention,3,0.006663266904592598,38,1
2014-04,2014-05,attention,4,0.006139854137547844,39,1
2014-04,2014-05,attention,5,0.005996854368833462,39,1
2014-04,2014-05,baseline,1,0.01351742942681796,404,1
2014-04,2014-05,baseline,2,0.010051081358046218,405,1
2014-04,2014-05,baseline,3,0.01017082719791222,404,1
2014-04,2014-05,baseline,4,0.009357393492762406,405,1
2014-04,2014-05,baseline,5,0.010586847654373004,405,1
2014-04,2014-05,information,1,0.012366248937265973,23,1
2014-04,2014-05,information,2,0.013393224207354178,23,1
2014-04,2014-05,information,3,0.009398201712282271,23,1
2014-04,2014-05,information,4,0.017288959653433432,23,1
2014-04,2014-05,information,5,0.021729864081247947,23,1
2014-05,2014-06,attention,1,0.002006551079216918,28,1
2014-05,2014-06,attention,2,0.002206658010399015,28,1
2014-05,2014-06,attention,3,-0.0036325998172736305,29,1
2014-05,2014-06,attention,4,-0.003330483368865818,28,1
2014-05,2014-06,attention,5,-0.0042041349659205935,29,1
2014-05,2014-06,baseline,1,0.00020816695840635306,425,1
2014-05,2014-06,baseline,2,0.0001370208146065256,425,1
2014-05,2014-06,baseline,3,-0.0006342255404455997,425,1
2014-05,2014-06,baseline,4,-0.0011871098665210524,425,1
2014-05,2014-06,baseline,5,-0.0018075176594688385,425,1
2014-05,2014-06,information,1,-0.010691741337728678,5,1
2014-05,2014-06,information,2,0.011619212665002631,5,1
2014-05,2014-06,information,3,0.00207804097905222,5,1
2014-05,2014-06,information,4,0.00222752110920732,5,1
2014-05,2014-06,information,5,-0.004480012762857743,5,1
2014-06,2014-07,attention,1,0.008457631486073994,40,1
2014-06,2014-07,attention,2,0.002748834333969133,40,1
2014-06,2014-07,attention,3,-0.0002695007149237288,40,1
2014-06,2014-07,attention,4,0.003566344244764072,40,1
2014-06,2014-07,attention,5,0.004993817128442768,40,1
2014-06,2014-07,baseline,1,0.006376841433281461,415,1
2014-06,2014-07,baseline,2,0.008095655847606046,415,1
2014-06,2014-07,baseline,3,0.005475620209319728,415,1
2014-06,2014-07,baseline,4,0.005865910591486392,415,1
2014-06,2014-07,baseline,5,0.007112318283562507,415,1
2014-06,2014-07,information,1,0.003784474020546824,5,1
2014-06,2014-07,information,2,-0.001288179684610813,6,1
2014-06,2014-07,information,3,0.0011562832677683061,6,1
2014-06,2014-07,information,4,-0.004453978055959855,6,1
2014-06,2014-07,information,5,0.007713188630593004,6,1
2014-07,2014-08,attention,1,-0.013975931824873753,74,1
2014-07,2014-08,attention,2,-0.010761393587440375,75,1
2014-07,2014-08,attention,3,-0.00964278733493458,74,1
2014-07,2014-08,attention,4,-0.009174324559479525,75,1
2014-07,2014-08,attention,5,-0.008080446935075796,75,1
2014-07,2014-08,baseline,1,-0.014180724479457788,376,1
2014-07,2014-08,baseline,2,-0.010268940315950324,376,1
2014-07,2014-08,baseline,3,-0.010144699282735458,377,1
2014-07,2014-08,baseline,4,-0.01088773549663572,376,1
2014-07,2014-08,baseline,5,-0.007789521424908229,377,1
2014-07,2014-08,information,1,-0.012974543761953394,11,1
2014-07,2014-08,information,2,-0.013049488336938732,11,1
2014-07,2014-08,information,3,-0.007575925332173398,11,1
2014-07,2014-08,information,4,-0.015914535777039104,11,1
2014-07,2014-08,information,5,-0.013898514942420418,11,1
2014-08,2014-09,attention,1,0.017656431067964815,69,1
2014-08,2014-09,attention,2,0.020598038854277675,69,1
2014-08,2014-09,attention,3,0.017212404725162216,70,1
2014-08,2014-09,attention,4,0.016961027899161624,69,1
2014-08,2014-09,attention,5,0.013699511617127225,70,1
2014-08,2014-09,baseline,1,0.019209437685126667,374,1
2014-08,2014-09,baseline,2,0.017088815471985618,375,1
2014-08,2014-09,baseline,3,0.0162729002535774,374,1
2014-08,2014-09,baseline,4,0.018511048983729003,375,1
2014-08,2014-09,baseline,5,0.01987916007691126,375,1
2014-08,2014-09,information,1,0.018606438104524836,16,1
2014-08,2014-09,information,2,0.017833874907731445,17,1
2014-08,2014-09,information,3,0.0177914044788371,17,1
2014-08,2014-09,information,4,0.018508608039322832,17,1
2014-08,2014-09,information,5,0.016106096456387407,17,1
2014-09,2014-10,attention,1,0.009951233832394341,92,1
2014-09,2014-10,attention,2,0.01172814399497709,93,1
2014-09,2014-10,attention,3,0.012788759183008359,93,1
2014-09,2014-10,attention,4,0.014006282209004383,93,1
2014-09,2014-10,attention,5,0.014775660587328095,93,1
2014-09,2014-10,baseline,1,0.012203072944722532,369,1
2014-09,2014-10,baseline,2,0.011725634267237328,369,1
2014-09,2014-10,baseline,3,0.01340010062365648,370,1
2014-09,2014-10,baseline,4,0.01680420753123638,369,1
2014-09,2014-10,baseline,5,0.0181589046043702,370,1
2014-09,2014-10,information,1,-0.000914076782449591,1,1
2014-09,2014-10,information,2,-0.002467395135706707,1,1
2014-09,2014-10,information,3,0.014326021880159523,2,1
2014-09,2014-10,information,4,0.010501750291715295,1,1
2014-09,2014-10,information,5,0.003850720154966125,2,1
2014-10,2014-11,attention,1,0.014724483453584968,55,1
2014-10,2014-11,attention,2,0.012398493991163956,55,1
2014-10,2014-11,attention,3,0.011015648764432909,55,1
2014-10,2014-11,attention,4,0.007572733608337973,55,1
2014-10,2014-11,attention,5,0.011853803600872636,56,1
2014-10,2014-11,baseline,1,0.011005488276217995,370,1
2014-10,2014-11,baseline,2,0.012862526168078911,370,1
2014-10,2014-11,baseline,3,0.010559928941376058,370,1
2014-10,2014-11,baseline,4,0.012284242871431861,370,1
2014-10,2014-11,baseline,5,0.009915960846907759,370,1
2014-10,2014-11,information,1,0.021249393859574094,30,1
2014-10,2014-11,information,2,0.008359831858490726,30,1
2014-10,2014-11,information,3,0.01321649059545888,31,1
2014-10,2014-11,information,4,0.015593763817900348,30,1
2014-10,2014-11,information,5,0.015004530168346786,31,1
2014-11,2014-12,attention,1,-0.0023281565190366852,83,1
2014-11,2014-12,attention,2,-0.004372618935771409,84,1
2014-11,2014-12,attention,3,-0.0014800907614499045,84,1
2014-11,2014-12,attention,4,-0.0007119839739186289,84,1
2014-11,2014-12,attention,5,0.0031600972763462494,84,1
2014-11,2014-12,baseline,1,-0.011552362092304033,369,1
2014-11,2014-12,baseline,2,-0.014012858894154627,369,1
2014-11,2014-12,baseline,3,-0.011438157554492227,369,1
2014-11,2014-12,baseline,4,-0.010425885179750903,369,1
2014-11,2014-12,baseline,5,-0.010150852583598073,369,1
2014-11,2014-12,information,1,0.00590542357687146,2,1
2014-11,2014-12,information,2,0.025898830968311137,2,1
2014-11,2014-12,information,3,0.0012206803102513542,2,1
2014-11,2014-12,information,4,-0.015576096887696456,2,1
2014-11,2014-12,information,5,0.015648188906886646,3,1
2014-12,2015-01,attention,1,0.023625738671583678,118,1
2014-12,2015-01,attention,2,0.021113852479824047,118,1
2014-12,2015-01,attention,3,0.0284044568321848,118,1
2014-12,2015-01,attention,4,0.028901307156073187,118,1
2014-12,2015-01,attention,5,0.028041325040732642,118,1
2014-12,2015-01,baseline,1,-0.0027418764229529724,340,1
2014-12,2015-01,baseline,2,0.009592859072237102,341,1
2014-12,2015-01,baseline,3,0.015988316968812397,340,1
2014-12,2015-01,baseline,4,0.012286694766949772,341,1
2014-12,2015-01,baseline,5,0.011927447390903028,341,1
2014-12,2015-01,information,1,-0.042618741976893415,1,1
2014-12,2015-01,information,2,0.02339165359527351,2,1
2014-12,2015-01,information,3,0.003503854239663484,1,1
2014-12,2015-01,information,4,0.01192167182771603,2,1
2014-12,2015-01,information,5,-0.03656257881101399,2,1
2015-01,2015-02,attention,1,-0.013635161851240012,40,1
2015-01,2015-02,attention,2,-0.006532148094170376,40,1
2015-01,2015-02,attention,3,-0.0020667625184712297,40,1
2015-01,2015-02,attention,4,-0.0016251060447059873,40,1
2015-01,2015-02,attention,5,-0.002025558571615388,40,1
2015-01,2015-02,baseline,1,-0.01169658532763988,414,1
2015-01,2015-02,baseline,2,-0.006753273889626776,414,1
2015-01,2015-02,baseline,3,-0.004812131176466785,414,1
2015-01,2015-02,baseline,4,-0.002804220343735211,414,1
2015-01,2015-02,baseline,5,-0.0009458136285257873,415,1
2015-01,2015-02,information,1,-0.0010354218164100315,9,1
2015-01,2015-02,information,2,0.007452515115007108,10,1
2015-01,2015-02,information,3,-0.0026896015544187624,9,1
2015-01,2015-02,information,4,-0.000596855070459168,10,1
2015-01,2015-02,information,5,0.008393472220198882,10,1
2015-02,2015-03,attention,1,0.02535237774218769,18,1
2015-02,2015-03,attention,2,0.02211966327649204,19,1
2015-02,2015-03,attention,3,0.026746700262431818,18,1
2015-02,2015-03,attention,4,0.016405997763322393,19,1
2015-02,2015-03,attention,5,0.009126352590865694,19,1
2015-02,2015-03,baseline,1,0.022514922096903398,429,1
2015-02,2015-03,baseline,2,0.022948737469657372,430,1
2015-02,2015-03,baseline,3,0.02067478744283495,429,1
2015-02,2015-03,baseline,4,0.020818284443960625,430,1
2015-02,2015-03,baseline,5,0.023912079425351257,430,1
2015-02,2015-03,information,1,0.0198183167160361,10,1
2015-02,2015-03,information,2,0.012209709910275502,10,1
2015-02,2015-03,information,3,0.022120845539373567,10,1
2015-02,2015-03,information,4,0.020812897980220346,10,1
2015-02,2015-03,information,5,0.01733071430495152,11,1
2015-03,2015-04,attention,1,0.02704825085346445,109,1
2015-03,2015-04,attention,2,0.021901786299172728,109,1
2015-03,2015-04,attention,3,0.0252671866931411,110,1
2015-03,2015-04,attention,4,0.02822788438355995,109,1
2015-03,2015-04,attention,5,0.030204053405491208,110,1
2015-03,2015-04,baseline,1,0.026796768120019163,333,1
2015-03,2015-04,baseline,2,0.024784889653061023,334,1
2015-03,2015-04,baseline,3,0.023558041354187213,334,1
2015-03,2015-04,baseline,4,0.023466096182787437,334,1
2015-03,2015-04,baseline,5,0.025216175035479085,334,1
2015-03,2015-04,information,1,0.02994346109341085,20,1
2015-03,2015-04,information,2,0.021700154166994546,20,1
2015-03,2015-04,information,3,0.0312430857636219,20,1
2015-03,2015-04,information,4,0.027539609148192156,20,1
2015-03,2015-04,information,5,0.03116441357957946,21,1
2015-04,2015-05,attention,1,0.004948345001018794,98,1
2015-04,2015-05,attention,2,0.015648525863577397,99,1
2015-04,2015-05,attention,3,0.01101427232108596,98,1
2015-04,2015-05,attention,4,0.011296225971179987,99,1
2015-04,2015-05,attention,5,0.007460624419500542,99,1
2015-04,2015-05,baseline,1,0.0024966963817390246,318,1
2015-04,2015-05,baseline,2,0.013072968257205563,318,1
2015-04,2015-05,baseline,3,0.015354080042027382,319,1
2015-04,2015-05,baseline,4,0.009683580486202478,318,1
2015-04,2015-05,baseline,5,0.013095210592952412,319,1
2015-04,2015-05,information,1,0.0067687666121105045,47,1
2015-04,2015-05,information,2,0.008324846595321636,47,1
2015-04,2015-05,information,3,0.008519558581321971,47,1
2015-04,2015-05,information,4,0.014290302920370132,47,1
2015-04,2015-05,information,5,0.011629118626551197,47,1
2015-05,2015-06,attention,1,0.05091130293697173,40,1
2015-05,2015-06,attention,2,0.0662367018294509,41,1
2015-05,2015-06,attention,3,0.06077724682716934,40,1
2015-05,2015-06,attention,4,0.05681082883854576,41,1
2015-05,2015-06,attention,5,0.05799567766363147,41,1
2015-05,2015-06,baseline,1,0.05416987713514964,397,1
2015-05,2015-06,baseline,2,0.059696064214724426,398,1
2015-05,2015-06,baseline,3,0.060403470431934995,399,1
2015-05,2015-06,baseline,4,0.05752684447066681,398,1
2015-05,2015-06,baseline,5,0.05226047507577518,399,1
2015-05,2015-06,information,1,0.06336562172680471,17,1
2015-05,2015-06,information,2,0.06741709410490948,17,1
2015-05,2015-06,information,3,0.054037268022399054,17,1
2015-05,2015-06,information,4,0.045579503736870634,17,1
2015-05,2015-06,information,5,0.04935785081369299,17,1
2015-06,2015-07,attention,1,-0.07510920911128839,21,1
2015-06,2015-07,attention,2,-0.06357778358184905,22,1
2015-06,2015-07,attention,3,-0.06803698432331727,22,1
2015-06,2015-07,attention,4,-0.0484292107773618,22,1
2015-06,2015-07,attention,5,-0.04417590783469689,22,1
2015-06,2015-07,baseline,1,-0.07440116959562358,405,1
2015-06,2015-07,baseline,2,-0.07524202018808845,406,1
2015-06,2015-07,baseline,3,-0.07043022639382153,405,1
2015-06,2015-07,baseline,4,-0.06462230463859535,406,1
2015-06,2015-07,baseline,5,-0.041871829530803116,406,1
2015-06,2015-07,information,1,-0.06948667752338807,24,1
2015-06,2015-07,information,2,-0.0531385672946609,24,1
2015-06,2015-07,information,3,-0.05695651419812744,24,1
2015-06,2015-07,information,4,-0.03898948349102472,24,1
2015-06,2015-07,information,5,-0.021433283411889062,25,1
2015-07,2015-08,attention,1,-0.0406342542205878,12,1
2015-07,2015-08,attention,2,-0.008905196752172754,12,1
2015-07,2015-08,attention,3,-0.01573002699132255,12,1
2015-07,2015-08,attention,4,-0.00875458363132873,12,1
2015-07,2015-08,attention,5,-0.005466534792919919,12,1
2015-07,2015-08,baseline,1,-0.05442443979571526,392,1
2015-07,2015-08,baseline,2,-0.045077821985595706,392,1
2015-07,2015-08,baseline,3,-0.040138422962017625,392,1
2015-07,2015-08,baseline,4,-0.046235109149009516,392,1
2015-07,2015-08,baseline,5,-0.04943462356595681,392,1
2015-07,2015-08,information,1,-0.024945977664080056,33,1
2015-07,2015-08,information,2,-0.027504482120548776,33,1
2015-07,2015-08,information,3,-0.03912754328728639,33,1
2015-07,2015-08,information,4,-0.02950379874434585,33,1
2015-07,2015-08,information,5,-0.037452366526320835,33,1
2015-08,2015-09,attention,1,-0.06661420039903843,2,1
2015-08,2015-09,attention,2,-0.08440860191210438,3,1
2015-08,2015-09,attention,3,-0.09986439941270114,2,1
2015-08,2015-09,attention,4,-0.08887354351320897,3,1
2015-08,2015-09,attention,5,-0.06585329088470915,3,1
2015-08,2015-09,baseline,1,-0.07788718625061888,406,1
2015-08,2015-09,baseline,2,-0.07409127501641372,407,1
2015-08,2015-09,baseline,3,-0.07115094047567051,406,1
2015-08,2015-09,baseline,4,-0.06225689165719087,407,1
2015-08,2015-09,baseline,5,-0.06705192469515371,407,1
2015-08,2015-09,information,1,-0.07129443416100248,21,1
2015-08,2015-09,information,2,-0.06499568622121082,21,1
2015-08,2015-09,information,3,-0.031181554378447055,22,1
2015-08,2015-09,information,4,-0.03600171792463938,21,1
2015-08,2015-09,information,5,-0.026156070115296772,22,1
2015-09,2015-10,attention,1,0.04366347177848762,1,1
2015-09,2015-10,attention,2,0.05793991416309008,1,1
2015-09,2015-10,attention,3,0.05585585585585573,1,1
2015-09,2015-10,attention,4,0.039556962025316444,1,1
2015-09,2015-10,attention,5,0.042389210019267765,1,1
2015-09,2015-10,baseline,1,0.04564077358244861,426,1
2015-09,2015-10,baseline,2,0.04782731725355553,426,1
2015-09,2015-10,baseline,3,0.0484658472333928,427,1
2015-09,2015-10,baseline,4,0.05164448586138775,426,1
2015-09,2015-10,baseline,5,0.052353538864989876,427,1
2015-09,2015-10,information,1,0.02130465587631125,5,1
2015-09,2015-10,information,2,0.031217609955107584,5,1
2015-09,2015-10,information,3,0.02473104012251328,5,1
2015-09,2015-10,information,4,0.029935280764638562,5,1
2015-09,2015-10,information,5,0.03707659413948683,5,1
2015-10,2015-11,attention,1,-0.03632481834612413,5,1
2015-10,2015-11,attention,2,-0.05027423423061035,5,1
2015-10,2015-11,attention,3,-0.02702934060031694,5,1
2015-10,2015-11,attention,4,-0.01276073548153398,5,1
2015-10,2015-11,attention,5,-0.02883441209041444,5,1
2015-10,2015-11,baseline,1,-0.031022490485445756,435,1
2015-10,2015-11,baseline,2,-0.024855242031562832,436,1
2015-10,2015-11,baseline,3,-0.02433128723499723,436,1
2015-10,2015-11,baseline,4,-0.024387363081327867,436,1
2015-10,2015-11,baseline,5,-0.023309018552022737,436,1
2015-10,2015-11,information,1,0.027095848535261553,3,1
2015-10,2015-11,information,2,-0.028363161705066087,4,1
2015-10,2015-11,information,3,-0.0051187954050918956,3,1
2015-10,2015-11,information,4,-0.042914824747815855,4,1
2015-10,2015-11,information,5,-0.020766773294423724,4,1
2015-11,2015-12,attention,1,-0.020460356516258882,7,1
2015-11,2015-12,attention,2,0.004490090297627892,7,1
2015-11,2015-12,attention,3,-0.0017325370641453025,7,1
2015-11,2015-12,attention,4,-0.012034623743900361,7,1
2015-11,2015-12,attention,5,-0.00904271911546084,8,1
2015-11,2015-12,baseline,1,-0.004046408311644097,452,1
2015-11,2015-12,baseline,2,0.004251217571215765,452,1
2015-11,2015-12,baseline,3,0.009836335444641473,452,1
2015-11,2015-12,baseline,4,0.00644093407468584,452,1
2015-11,2015-12,baseline,5,0.0009721018229063967,452,1
2015-11,2015-12,information,1,-0.012041884816753945,1,1
2015-11,2015-12,information,2,0.00547045951859948,1,1
2015-11,2015-12,information,3,-0.022466960352422904,1,1
2015-11,2015-12,information,4,-0.07592407592407602,1,1
2015-11,2015-12,information,5,-0.002873563218390829,1,1
2015-12,2016-01,attention,1,-0.10002407700215617,3,1
2015-12,2016-01,attention,2,-0.09936088217338224,4,1
2015-12,2016-01,attention,3,-0.09960987834213206,4,1
2015-12,2016-01,attention,4,-0.08042277755450591,4,1
2015-12,2016-01,attention,5,-0.09900446253740253,4,1
2015-12,2016-01,baseline,1,-0.08789200978318444,471,1
2015-12,2016-01,baseline,2,-0.08932739225519996,472,1
2015-12,2016-01,baseline,3,-0.08853139801965887,472,1
2015-12,2016-01,baseline,4,-0.08972409252753048,472,1
2015-12,2016-01,baseline,5,-0.08646440033296715,471,1
2015-12,2016-01,information,3,-0.08776072412436053,1,1
2015-12,2016-01,information,5,0.0,1,1
2016-01,2016-02,attention,1,-0.01776500400239972,6,1
2016-01,2016-02,attention,2,-0.02682349430111294,7,1
2016-01,2016-02,attention,3,-0.039875214277759606,6,1
2016-01,2016-02,attention,4,-0.035832207255969646,7,1
2016-01,2016-02,attention,5,-0.031355353575246006,7,1
2016-01,2016-02,baseline,1,-0.021746288160433443,471,1
2016-01,2016-02,baseline,2,-0.014858417086026214,472,1
2016-01,2016-02,baseline,3,-0.012190184963392296,472,1
2016-01,2016-02,baseline,4,-0.009807880582320428,472,1
2016-01,2016-02,baseline,5,-0.011495698471504244,472,1
2016-01,2016-02,information,1,-0.05066132466095585,2,1
2016-01,2016-02,information,2,-0.004083228703368635,2,1
2016-01,2016-02,information,3,-0.004313802985447923,3,1
2016-01,2016-02,information,4,0.01595037977230812,2,1
2016-01,2016-02,information,5,-0.010988808946014358,3,1
2016-02,2016-03,attention,1,0.0010455129097243665,5,1
2016-02,2016-03,attention,2,0.013419777563101132,5,1
2016-02,2016-03,attention,3,0.009893967273903436,5,1
2016-02,2016-03,attention,4,0.030204820298897372,5,1
2016-02,2016-03,attention,5,0.03812395969040946,6,1
2016-02,2016-03,baseline,1,0.022490733043584076,472,1
2016-02,2016-03,baseline,2,0.02580048816306792,473,1
2016-02,2016-03,baseline,3,0.025532849672982385,473,1
2016-02,2016-03,baseline,4,0.024885816898841704,473,1
2016-02,2016-03,baseline,5,0.027393917884679767,473,1
2016-02,2016-03,information,1,0.02104513808118308,4,1
2016-02,2016-03,information,2,0.04325902480416248,5,1
2016-02,2016-03,information,3,0.05506573946042766,5,1
2016-02,2016-03,information,4,0.0013465029030390375,5,1
2016-02,2016-03,information,5,0.01652739652889008,5,1
2016-03,2016-04,attention,1,-0.0068709021313403396,4,1
2016-03,2016-04,attention,2,-0.027470705254172778,4,1
2016-03,2016-04,attention,3,-0.035984406996454776,5,1
2016-03,2016-04,attention,4,-0.00403887571967948,4,1
2016-03,2016-04,attention,5,-0.011886904570712486,5,1
2016-03,2016-04,baseline,1,-0.009595168814577372,485,1
2016-03,2016-04,baseline,2,-0.002339951522816604,485,1
2016-03,2016-04,baseline,3,-0.0026880115399133104,485,1
2016-03,2016-04,baseline,4,8.913589323807707e-05,485,1
2016-03,2016-04,baseline,5,-0.003278730862795771,486,1
2016-03,2016-04,information,1,-0.004895104895104918,1,1
2016-03,2016-04,information,2,-0.023809523809523836,1,1
2016-03,2016-04,information,3,-0.018419033000767526,1,1
2016-03,2016-04,information,4,-0.022939677145284554,1,1
2016-03,2016-04,information,5,-0.020926756352765308,1,1
2016-04,2016-05,attention,1,0.03425380721446625,6,1
2016-04,2016-05,attention,2,0.023984683227355235,7,1
2016-04,2016-05,attention,3,0.021406591400665514,6,1
2016-04,2016-05,attention,4,0.036554262266363366,7,1
2016-04,2016-05,attention,5,0.0332410883972344,7,1
2016-04,2016-05,baseline,1,0.03242046852647711,485,1
2016-04,2016-05,baseline,2,0.030900220129431305,485,1
2016-04,2016-05,baseline,3,0.03131586966334749,485,1
2016-04,2016-05,baseline,4,0.030078816856850404,485,1
2016-04,2016-05,baseline,5,0.029810936262186845,486,1
2016-04,2016-05,information,1,0.030216985633731652,2,1
2016-04,2016-05,information,2,0.05143801152975469,2,1
2016-04,2016-05,information,3,0.04758273383273378,3,1
2016-04,2016-05,information,4,0.048253866842285054,2,1
2016-04,2016-05,information,5,0.016399418210372236,3,1
2016-05,2016-06,attention,1,0.0009978559252873831,5,1
2016-05,2016-06,attention,2,0.010125355096462174,5,1
2016-05,2016-06,attention,3,0.01777371562049403,6,1
2016-05,2016-06,attention,4,0.003705196507553121,5,1
2016-05,2016-06,attention,5,0.0030817911884600813,6,1
2016-05,2016-06,baseline,1,0.015765741306366342,489,1
2016-05,2016-06,baseline,2,0.007799552901002126,489,1
2016-05,2016-06,baseline,3,0.004222496164024165,489,1
2016-05,2016-06,baseline,4,0.004183194713459543,489,1
2016-05,2016-06,baseline,5,0.006111307234351751,489,1
2016-05,2016-06,information,2,0.03571428571428581,1,1
2016-05,2016-06,information,4,-0.0008045052292839916,1,1
2016-05,2016-06,information,5,0.0,1,1
2016-06,2016-07,attention,1,-0.015163020806087255,7,1
2016-06,2016-07,attention,2,0.0023321791939653175,7,1
2016-06,2016-07,attention,3,-0.008984196839801784,7,1
2016-06,2016-07,attention,4,-0.0029397379361578236,7,1
2016-06,2016-07,attention,5,0.007388108305285093,8,1
2016-06,2016-07,baseline,1,-0.004649128353007643,496,1
2016-06,2016-07,baseline,2,-0.002438511025274927,496,1
2016-06,2016-07,baseline,3,-0.0015063321500504516,496,1
2016-06,2016-07,baseline,4,-0.00048749023241159413,496,1
2016-06,2016-07,baseline,5,-0.0013311705037874948,497,1
2016-06,2016-07,information,1,-0.012927054478301225,1,1
2016-06,2016-07,information,2,-0.0052631578947367474,1,1
2016-06,2016-07,information,3,-0.017010548523206825,2,1
2016-06,2016-07,information,4,0.0014903129657228842,1,1
2016-06,2016-07,information,5,-0.012614678899082576,2,1
2016-07,2016-08,attention,1,-0.02558822551676092,19,1
2016-07,2016-08,attention,2,-0.023286953556733835,20,1
2016-07,2016-08,attention,3,-0.017736485105300327,20,1
2016-07,2016-08,attention,4,-0.023691629853569346,20,1
2016-07,2016-08,attention,5,-0.02296530976699383,20,1
2016-07,2016-08,baseline,1,-0.01704437341282769,488,1
2016-07,2016-08,baseline,2,-0.01686197246105041,488,1
2016-07,2016-08,baseline,3,-0.015210937783066729,488,1
2016-07,2016-08,baseline,4,-0.014396146727427466,488,1
2016-07,2016-08,baseline,5,-0.014875814090013147,488,1
2016-07,2016-08,information,1,-0.013445731040572265,3,1
2016-07,2016-08,information,2,-0.024426133889655383,3,1
2016-07,2016-08,information,3,-0.0331591714439435,3,1
2016-07,2016-08,information,4,-0.009067402996168076,3,1
2016-07,2016-08,information,5,-0.017544397369268577,4,1
2016-08,2016-09,attention,1,-0.017329127619044905,17,1
2016-08,2016-09,attention,2,-0.004606745946576442,17,1
2016-08,2016-09,attention,3,-0.0027964368359008193,17,1
2016-08,2016-09,attention,4,-0.007089070609252333,17,1
2016-08,2016-09,attention,5,-0.009749290952908173,17,1
2016-08,2016-09,baseline,1,-0.008225461646221616,490,1
2016-08,2016-09,baseline,2,-0.007667500284619321,491,1
2016-08,2016-09,baseline,3,-0.007362625879097022,491,1
2016-08,2016-09,baseline,4,-0.005947211710057103,491,1
2016-08,2016-09,baseline,5,-0.006955392883574516,491,1
2016-08,2016-09,information,1,-0.030285395752069698,5,1
2016-08,2016-09,information,2,-0.02860672810719761,6,1
2016-08,2016-09,information,3,-0.0069256783340893024,5,1
2016-08,2016-09,information,4,0.0002023935469454193,6,1
2016-08,2016-09,information,5,-0.012114553971719752,6,1
2016-09,2016-10,attention,1,0.014077808442069904,23,1
2016-09,2016-10,attention,2,0.013317706051929095,23,1
2016-09,2016-10,attention,3,0.01993338279728823,24,1
2016-09,2016-10,attention,4,0.0185126903613199,23,1
2016-09,2016-10,attention,5,0.020307254699300826,24,1
2016-09,2016-10,baseline,1,0.021915792514148012,492,1
2016-09,2016-10,baseline,2,0.018773287552723505,492,1
2016-09,2016-10,baseline,3,0.018042336780042526,493,1
2016-09,2016-10,baseline,4,0.02313018612044024,492,1
2016-09,2016-10,baseline,5,0.02273925967716082,493,1
2016-09,2016-10,information,3,0.005291005291005346,1,1
2016-09,2016-10,information,5,0.02774108322324964,1,1
2016-10,2016-11,attention,1,0.02251659446922285,17,1
2016-10,2016-11,attention,2,0.012871053802155186,17,1
2016-10,2016-11,attention,3,0.006867475339748741,18,1
2016-10,2016-11,attention,4,0.016912997053738034,17,1
2016-10,2016-11,attention,5,0.006776027451096622,18,1
2016-10,2016-11,baseline,1,0.013980026324671815,490,1
2016-10,2016-11,baseline,2,0.011689416720261959,491,1
2016-10,2016-11,baseline,3,0.010923014704791949,490,1
2016-10,2016-11,baseline,4,0.01037251332963377,491,1
2016-10,2016-11,baseline,5,0.012023315799435942,491,1
2016-10,2016-11,information,1,0.008017336267118378,7,1
2016-10,2016-11,information,2,0.012390303799388451,7,1
2016-10,2016-11,information,3,0.010259134556100693,7,1
2016-10,2016-11,information,4,0.0044548936993609334,7,1
2016-10,2016-11,information,5,0.00464747860100255,8,1
2016-11,2016-12,attention,1,0.008780967790328595,53,1
2016-11,2016-12,attention,2,0.003343262332767276,53,1
2016-11,2016-12,attention,3,0.006643149149504877,53,1
2016-11,2016-12,attention,4,0.00457539778818666,53,1
2016-11,2016-12,attention,5,0.006802788790577412,53,1
2016-11,2016-12,baseline,1,0.005302299043445874,466,1
2016-11,2016-12,baseline,2,0.005454063866174249,467,1
2016-11,2016-12,baseline,3,0.0057448029421285855,466,1
2016-11,2016-12,baseline,4,0.004609016768241621,467,1
2016-11,2016-12,baseline,5,0.006309151841417694,467,1
2016-11,2016-12,information,1,-0.01447277739490005,1,1
2016-11,2016-12,information,2,0.008849557522123908,1,1
2016-11,2016-12,information,3,-0.0047562425683709275,1,1
2016-11,2016-12,information,4,0.006738544474393482,1,1
2016-11,2016-12,information,5,-0.01467739620987868,2,1
2016-12,2017-01,attention,1,0.011739767419461908,40,1
2016-12,2017-01,attention,2,0.015259869883809356,41,1
2016-12,2017-01,attention,3,0.007819182549756902,41,1
2016-12,2017-01,attention,4,0.013968835763704359,41,1
2016-12,2017-01,attention,5,0.016082799216996936,41,1
2016-12,2017-01,baseline,1,0.01007318253111167,483,1
2016-12,2017-01,baseline,2,0.01059029869331645,483,1
2016-12,2017-01,baseline,3,0.010748137292585915,484,1
2016-12,2017-01,baseline,4,0.009651663291703312,483,1
2016-12,2017-01,baseline,5,0.008682865718678861,484,1
2016-12,2017-01,information,2,0.011194029850746245,1,1
2016-12,2017-01,information,4,-0.002089864158829835,1,1
2016-12,2017-01,information,5,0.01213910761154846,1,1
2017-01,2017-02,attention,1,0.0038538124099644576,29,1
2017-01,2017-02,attention,2,-0.005885148071442784,29,1
2017-01,2017-02,attention,3,-0.005195412173665439,29,1
2017-01,2017-02,attention,4,-0.00937109333281652,29,1
2017-01,2017-02,attention,5,-0.00407968197510212,29,1
2017-01,2017-02,baseline,1,-0.0006082696484564867,488,1
2017-01,2017-02,baseline,2,-0.004197282451793755,488,1
2017-01,2017-02,baseline,3,-0.0034598350473694466,488,1
2017-01,2017-02,baseline,4,-0.003784038047723613,488,1
2017-01,2017-02,baseline,5,-0.004048963612185634,488,1
2017-01,2017-02,information,1,0.016734727319038467,7,1
2017-01,2017-02,information,2,0.0013873601318532389,7,1
2017-01,2017-02,information,3,0.00040822340908652777,7,1
2017-01,2017-02,information,4,0.0018703713666973051,7,1
2017-01,2017-02,information,5,-0.0014692651411200436,8,1
2017-02,2017-03,attention,1,0.005958744104136853,35,1
2017-02,2017-03,attention,2,-0.0008897472026354761,35,1
2017-02,2017-03,attention,3,0.005234764978577952,35,1
2017-02,2017-03,attention,4,0.0005834391029899657,35,1
2017-02,2017-03,attention,5,0.0006921478438778975,36,1
2017-02,2017-03,baseline,1,0.0034389957962438,482,1
2017-02,2017-03,baseline,2,0.0031731274075507414,482,1
2017-02,2017-03,baseline,3,0.0028950602932914914,482,1
2017-02,2017-03,baseline,4,0.00220024375183701,482,1
2017-02,2017-03,baseline,5,0.004790909026213324,482,1
2017-02,2017-03,information,1,0.0020784661481970225,5,1
2017-02,2017-03,information,2,-0.004683514496252572,5,1
2017-02,2017-03,information,3,0.015405904420164696,5,1
2017-02,2017-03,information,4,-0.006058828634575875,5,1
2017-02,2017-03,information,5,0.0011142580241136346,6,1
2017-03,2017-04,attention,1,0.02011856775226625,58,1
2017-03,2017-04,attention,2,0.026136428911595982,59,1
2017-03,2017-04,attention,3,0.01986235921129094,59,1
2017-03,2017-04,attention,4,0.022578204478018206,59,1
2017-03,2017-04,attention,5,0.013655814765847811,59,1
2017-03,2017-04,baseline,1,0.020563358912991256,457,1
2017-03,2017-04,baseline,2,0.023493907094124022,457,1
2017-03,2017-04,baseline,3,0.021866706177166795,458,1
2017-03,2017-04,baseline,4,0.02194046193759227,457,1
2017-03,2017-04,baseline,5,0.020934367983038965,458,1
2017-03,2017-04,information,1,0.031914763010328036,11,1
2017-03,2017-04,information,2,0.020585768413130683,12,1
2017-03,2017-04,information,3,0.018492504420272563,11,1
2017-03,2017-04,information,4,0.015911021443881974,12,1
2017-03,2017-04,information,5,0.009237952119337534,12,1
2017-04,2017-05,attention,1,0.0014933647664691118,51,1
2017-04,2017-05,attention,2,-0.001340212593944574,51,1
2017-04,2017-05,attention,3,0.0014337580815643703,51,1
2017-04,2017-05,attention,4,-0.00043489811717591006,51,1
2017-04,2017-05,attention,5,-0.00017406000504206445,52,1
2017-04,2017-05,baseline,1,0.000839530521793613,446,1
2017-04,2017-05,baseline,2,-0.0009825609176011192,446,1
2017-04,2017-05,baseline,3,-0.0004952925118632812,446,1
2017-04,2017-05,baseline,4,0.002171970491347922,446,1
2017-04,2017-05,baseline,5,0.004053104449691704,447,1
2017-04,2017-05,information,1,-0.00028510012952603073,33,1
2017-04,2017-05,information,2,-0.0023778383738922446,33,1
2017-04,2017-05,information,3,0.00022184689046207136,33,1
2017-04,2017-05,information,4,-0.000798930086102,33,1
2017-04,2017-05,information,5,0.005847997289797683,33,1
2017-05,2017-06,attention,1,-0.023801127140200787,35,1
2017-05,2017-06,attention,2,-0.023309556081731055,35,1
2017-05,2017-06,attention,3,-0.015362148250060268,35,1
2017-05,2017-06,attention,4,-0.016001435392809394,35,1
2017-05,2017-06,attention,5,-0.028077666218921143,36,1
2017-05,2017-06,baseline,1,-0.033777289466036316,475,1
2017-05,2017-06,baseline,2,-0.024126080447046828,475,1
2017-05,2017-06,baseline,3,-0.02709528962006775,475,1
2017-05,2017-06,baseline,4,-0.024958165482862834,475,1
2017-05,2017-06,baseline,5,-0.027681757409271972,475,1
2017-05,2017-06,information,1,-0.026293721524665383,14,1
2017-05,2017-06,information,2,-0.02345865478120841,15,1
2017-05,2017-06,information,3,-0.02653981311636493,15,1
2017-05,2017-06,information,4,-0.02562539428726275,15,1
2017-05,2017-06,information,5,-0.029911353944472942,15,1
2017-06,2017-07,attention,1,0.00926070889944104,53,1
2017-06,2017-07,attention,2,0.010056661980353874,53,1
2017-06,2017-07,attention,3,0.005373963001862652,54,1
2017-06,2017-07,attention,4,0.004151502516976323,53,1
2017-06,2017-07,attention,5,0.00845167411429734,54,1
2017-06,2017-07,baseline,1,0.010500912575626771,456,1
2017-06,2017-07,baseline,2,0.008910835441654944,456,1
2017-06,2017-07,baseline,3,0.00832752861529818,457,1
2017-06,2017-07,baseline,4,0.008796819582304733,456,1
2017-06,2017-07,baseline,5,0.007958537201629779,457,1
2017-06,2017-07,information,1,0.01575166354522436,15,1
2017-06,2017-07,information,2,0.010201018155740845,15,1
2017-06,2017-07,information,3,0.001936678771861565,16,1
2017-06,2017-07,information,4,0.008197436881483954,15,1
2017-06,2017-07,information,5,-0.004308039861065774,16,1
2017-07,2017-08,attention,1,-0.007370677051711645,120,1
2017-07,2017-08,attention,2,-0.002823251648698036,120,1
2017-07,2017-08,attention,3,-0.0022083918529003563,120,1
2017-07,2017-08,attention,4,-0.004110432424065571,120,1
2017-07,2017-08,attention,5,-0.002607963492336394,121,1
2017-07,2017-08,baseline,1,0.002746332180364485,378,1
2017-07,2017-08,baseline,2,0.002863919079141926,379,1
2017-07,2017-08,baseline,3,0.0032471343898774416,379,1
2017-07,2017-08,baseline,4,0.002287186937938358,379,1
2017-07,2017-08,baseline,5,0.001964766557086274,378,1
2017-07,2017-08,information,1,0.0009106572982655344,30,1
2017-07,2017-08,information,2,-0.0035048658310128304,31,1
2017-07,2017-08,information,3,0.0010393052488336411,31,1
2017-07,2017-08,information,4,0.0020057306913531534,31,1
2017-07,2017-08,information,5,-0.002442523498901946,31,1
2017-08,2017-09,attention,1,0.017033741742040618,116,1
2017-08,2017-09,attention,2,0.010987604656668298,116,1
2017-08,2017-09,attention,3,0.007725355505161394,116,1
2017-08,2017-09,attention,4,0.005991064400527547,116,1
2017-08,2017-09,attention,5,0.0059308629353094265,117,1
2017-08,2017-09,baseline,1,0.008588280382642421,390,1
2017-08,2017-09,baseline,2,0.00651439471255448,391,1
2017-08,2017-09,baseline,3,0.005399101532720053,391,1
2017-08,2017-09,baseline,4,0.004622444528566214,391,1
2017-08,2017-09,baseline,5,0.004451533596465676,390,1
2017-08,2017-09,information,1,0.007425158216055772,28,1
2017-08,2017-09,information,2,0.00660408202726394,28,1
2017-08,2017-09,information,3,0.004298334695139023,29,1
2017-08,2017-09,information,4,0.006744902969965347,28,1
2017-08,2017-09,information,5,0.010608091170305107,29,1
2017-09,2017-10,attention,1,0.013080625709139204,125,1
2017-09,2017-10,attention,2,0.015708472312798868,126,1
2017-09,2017-10,attention,3,0.012704807589234987,126,1
2017-09,2017-10,attention,4,0.010014160154850613,126,1
2017-09,2017-10,attention,5,0.010638780169004958,126,1
2017-09,2017-10,baseline,1,0.013413547859935204,419,1
2017-09,2017-10,baseline,2,0.011358396684539767,419,1
2017-09,2017-10,baseline,3,0.0112262358806651,419,1
2017-09,2017-10,baseline,4,0.010819697989722295,419,1
2017-09,2017-10,baseline,5,0.012348137308155883,420,1
2017-09,2017-10,information,1,0.008904719501335645,1,1
2017-09,2017-10,information,2,0.004042288557213891,2,1
2017-09,2017-10,information,3,0.007728300848709568,2,1
2017-09,2017-10,information,4,-0.002153866395762316,2,1
2017-09,2017-10,information,5,0.06482429002062517,2,1
2017-10,2017-11,attention,1,-0.005467617647645924,63,1
2017-10,2017-11,attention,2,-0.004878371950921374,64,1
2017-10,2017-11,attention,3,-0.0013538719305230089,64,1
2017-10,2017-11,attention,4,-0.0060279750976911465,64,1
2017-10,2017-11,attention,5,0.004087935501561021,64,1
2017-10,2017-11,baseline,1,-5.7374085318873714e-05,446,1
2017-10,2017-11,baseline,2,-0.0005015973087730827,446,1
2017-10,2017-11,baseline,3,-0.0007468686505723672,446,1
2017-10,2017-11,baseline,4,8.022736887349874e-05,446,1
2017-10,2017-11,baseline,5,-0.00016636610321501516,447,1
2017-10,2017-11,information,1,-0.007651400171868798,41,1
2017-10,2017-11,information,2,0.0009547359291482955,41,1
2017-10,2017-11,information,3,0.00521054237992446,41,1
2017-10,2017-11,information,4,-0.002056954704643001,41,1
2017-10,2017-11,information,5,0.006358535142767156,42,1
2017-11,2017-12,attention,1,0.01013197560127085,86,1
2017-11,2017-12,attention,2,0.011082006663860543,87,1
2017-11,2017-12,attention,3,0.0034549279521087863,87,1
2017-11,2017-12,attention,4,0.0069377707121773225,87,1
2017-11,2017-12,attention,5,0.006894838174641603,87,1
2017-11,2017-12,baseline,1,0.009308759566693766,474,1
2017-11,2017-12,baseline,2,0.00801266552823952,474,1
2017-11,2017-12,baseline,3,0.008331716543148406,475,1
2017-11,2017-12,baseline,4,0.007879683710615534,474,1
2017-11,2017-12,baseline,5,0.00946898609804285,475,1
2017-11,2017-12,information,2,0.04117647058823537,1,1
2017-11,2017-12,information,3,0.0034482758620690834,1,1
2017-11,2017-12,information,4,-0.00424528301886784,1,1
2017-11,2017-12,information,5,0.019978969505783484,1,1
2017-12,2018-01,attention,1,0.008219815373925295,60,1
2017-12,2018-01,attention,2,0.014494276100699017,60,1
2017-12,2018-01,attention,3,0.010017957650353234,60,1
2017-12,2018-01,attention,4,0.008909692151955953,60,1
2017-12,2018-01,attention,5,0.011216902567714458,60,1
2017-12,2018-01,baseline,1,0.009519751165834124,505,1
2017-12,2018-01,baseline,2,0.011511527429200322,506,1
2017-12,2018-01,baseline,3,0.010450506781754703,506,1
2017-12,2018-01,baseline,4,0.009619857451891837,506,1
2017-12,2018-01,baseline,5,0.009073204345208365,505,1
2017-12,2018-01,information,1,-0.01797603195739006,1,1
2017-12,2018-01,information,2,0.005154639175257714,1,1
2017-12,2018-01,information,3,-0.0010193679918450993,1,1
2017-12,2018-01,information,4,-0.003654636820465962,1,1
2017-12,2018-01,information,5,-0.0006552679392566874,2,1
2018-01,2018-02,attention,1,-0.04626008504419699,111,1
2018-01,2018-02,attention,2,-0.041705995307023354,111,1
2018-01,2018-02,attention,3,-0.036909983698516904,112,1
2018-01,2018-02,attention,4,-0.03735699708831117,111,1
2018-01,2018-02,attention,5,-0.02781755458000797,112,1
2018-01,2018-02,baseline,1,-0.048655842316390564,446,1
2018-01,2018-02,baseline,2,-0.045847269340989205,446,1
2018-01,2018-02,baseline,3,-0.04477500917644792,446,1
2018-01,2018-02,baseline,4,-0.0409584104771022,446,1
2018-01,2018-02,baseline,5,-0.03805413134896994,447,1
2018-01,2018-02,information,1,-0.038348732109448544,19,1
2018-01,2018-02,information,2,-0.03685927267014133,19,1
2018-01,2018-02,information,3,-0.022059886341168504,19,1
2018-01,2018-02,information,4,-0.03384895462107143,19,1
2018-01,2018-02,information,5,-0.02759438159968271,20,1
2018-02,2018-03,attention,1,0.013197213943538079,51,1
2018-02,2018-03,attention,2,0.014274494160479736,51,1
2018-02,2018-03,attention,3,0.016366762399737063,52,1
2018-02,2018-03,attention,4,0.01018557507838333,51,1
2018-02,2018-03,attention,5,0.014267856542697759,52,1
2018-02,2018-03,baseline,1,0.014750060309432121,500,1
2018-02,2018-03,baseline,2,0.01439530444283991,500,1
2018-02,2018-03,baseline,3,0.015132001471980093,501,1
2018-02,2018-03,baseline,4,0.013869936998256024,500,1
2018-02,2018-03,baseline,5,0.012657302843600149,501,1
2018-02,2018-03,information,1,0.019529056504167572,26,1
2018-02,2018-03,information,2,0.016756362773564012,26,1
2018-02,2018-03,information,3,0.01324309526691353,26,1
2018-02,2018-03,information,4,0.02376323001405017,26,1
2018-02,2018-03,information,5,0.015600608176196915,26,1
2018-03,2018-04,attention,1,0.004488386659293595,128,1
2018-03,2018-04,attention,2,0.0042172747028075795,129,1
2018-03,2018-04,attention,3,0.005591939060335872,129,1
2018-03,2018-04,attention,4,0.007705353287451792,129,1
2018-03,2018-04,attention,5,0.008781598610260347,129,1
2018-03,2018-04,baseline,1,0.003040082012602643,434,1
2018-03,2018-04,baseline,2,0.005794976421404326,435,1
2018-03,2018-04,baseline,3,0.001787354705796387,434,1
2018-03,2018-04,baseline,4,0.002112945895025715,435,1
2018-03,2018-04,baseline,5,0.005976041330336304,435,1
2018-03,2018-04,information,1,0.00802399087681965,19,1
2018-03,2018-04,information,2,-0.001504809989703665,20,1
2018-03,2018-04,information,3,0.004904230282573929,19,1
2018-03,2018-04,information,4,0.008492519668171033,20,1
2018-03,2018-04,information,5,0.004573113559785846,20,1
2018-04,2018-05,attention,1,-0.018454069174359933,70,1
2018-04,2018-05,attention,2,-0.010301635071783017,71,1
2018-04,2018-05,attention,3,-0.010341990231827681,70,1
2018-04,2018-05,attention,4,-0.005705253994914515,71,1
2018-04,2018-05,attention,5,-0.00241445822763586,71,1
2018-04,2018-05,baseline,1,-0.012580174720102217,471,1
2018-04,2018-05,baseline,2,-0.0054081818513033175,472,1
2018-04,2018-05,baseline,3,-0.0030062304910364827,471,1
2018-04,2018-05,baseline,4,-0.0024240186228990644,472,1
2018-04,2018-05,baseline,5,0.0008542511508348797,472,1
2018-04,2018-05,information,1,-0.008149137019598072,49,1
2018-04,2018-05,information,2,-0.010189542151037172,49,1
2018-04,2018-05,information,3,0.00310339854665765,49,1
2018-04,2018-05,information,4,-0.004341161444755728,49,1
2018-04,2018-05,information,5,0.004063762232812219,49,1
2018-05,2018-06,attention,1,-0.011105888290311117,92,1
2018-05,2018-06,attention,2,-0.007494356157718562,93,1
2018-05,2018-06,attention,3,-0.012450014388393797,92,1
2018-05,2018-06,attention,4,-0.012228308059661446,93,1
2018-05,2018-06,attention,5,-0.013263434789510711,93,1
2018-05,2018-06,baseline,1,-0.016423570953989244,490,1
2018-05,2018-06,baseline,2,-0.008827126040972104,490,1
2018-05,2018-06,baseline,3,-0.006948451846330827,490,1
2018-05,2018-06,baseline,4,-0.005794628542010775,490,1
2018-05,2018-06,baseline,5,-0.0075471710959185345,490,1
2018-05,2018-06,information,1,-0.008433674384218083,22,1
2018-05,2018-06,information,2,-0.01426596700159533,22,1
2018-05,2018-06,information,3,-0.010775284657821288,23,1
2018-05,2018-06,information,4,-0.022283022465865384,22,1
2018-05,2018-06,information,5,-0.00972509006346425,23,1
2018-06,2018-07,attention,1,-0.005602451725352671,48,1
2018-06,2018-07,attention,2,-0.019987492778231856,48,1
2018-06,2018-07,attention,3,-0.014505313063191966,48,1
2018-06,2018-07,attention,4,-0.015327914274382681,48,1
2018-06,2018-07,attention,5,-0.011525951303171035,48,1
2018-06,2018-07,baseline,1,-0.01045757078606407,542,1
2018-06,2018-07,baseline,2,-0.01634861326126493,542,1
2018-06,2018-07,baseline,3,-0.01537080044929206,542,1
2018-06,2018-07,baseline,4,-0.013089535260630045,542,1
2018-06,2018-07,baseline,5,-0.012228681193641105,542,1
2018-06,2018-07,information,1,-0.01081085837479441,24,1
2018-06,2018-07,information,2,-0.00775354607932593,24,1
2018-06,2018-07,information,3,-0.015132422654038172,24,1
2018-06,2018-07,information,4,-0.01518486294061279,24,1
2018-06,2018-07,information,5,-0.018648106568259656,24,1
2018-07,2018-08,attention,1,-0.014848104148918864,76,1
2018-07,2018-08,attention,2,-0.019482639592040774,77,1
2018-07,2018-08,attention,3,-0.014022751846050577,77,1
2018-07,2018-08,attention,4,-0.014024429646540413,77,1
2018-07,2018-08,attention,5,-0.012072091741619998,77,1
2018-07,2018-08,baseline,1,-0.019998763997220774,522,1
2018-07,2018-08,baseline,2,-0.015968296380263553,522,1
2018-07,2018-08,baseline,3,-0.014576811048496213,523,1
2018-07,2018-08,baseline,4,-0.015006669272430146,521,1
2018-07,2018-08,baseline,5,-0.01615707533136639,521,1
2018-07,2018-08,information,1,-0.015515981237512794,22,1
2018-07,2018-08,information,2,-0.0118860992934533,23,1
2018-07,2018-08,information,3,-0.012791850878801187,22,1
2018-07,2018-08,information,4,-0.015018236512904546,23,1
2018-07,2018-08,information,5,-0.019538006880165444,23,1
2018-08,2018-09,attention,1,0.00010545094514682832,53,1
2018-08,2018-09,attention,2,0.001215068474259143,53,1
2018-08,2018-09,attention,3,-0.001043616543468289,53,1
2018-08,2018-09,attention,4,-0.00034006660266371817,53,1
2018-08,2018-09,attention,5,0.00601074610830522,53,1
2018-08,2018-09,baseline,1,0.001242588698110389,555,1
2018-08,2018-09,baseline,2,-0.0011840354953342575,556,1
2018-08,2018-09,baseline,3,-0.0011159011407565048,555,1
2018-08,2018-09,baseline,4,-0.0012847833584244998,556,1
2018-08,2018-09,baseline,5,-0.0024448542448638295,556,1
2018-08,2018-09,information,1,0.003810769036647479,27,1
2018-08,2018-09,information,2,0.002607402371064987,27,1
2018-08,2018-09,information,3,-0.00411902446384662,27,1
2018-08,2018-09,information,4,-0.00044022924027162545,27,1
2018-08,2018-09,information,5,-0.0007865096635272319,28,1
2018-09,2018-10,attention,1,-0.038371105495032656,47,1
2018-09,2018-10,attention,2,-0.0271644627104331,48,1
2018-09,2018-10,attention,3,-0.031145384936740107,47,1
2018-09,2018-10,attention,4,-0.026531020011936624,48,1
2018-09,2018-10,attention,5,-0.03483283216017747,48,1
2018-09,2018-10,baseline,1,-0.035257373281114036,597,1
2018-09,2018-10,baseline,2,-0.03308574317419058,597,1
2018-09,2018-10,baseline,3,-0.03264138459479675,598,1
2018-09,2018-10,baseline,4,-0.03389262857290981,597,1
2018-09,2018-10,baseline,5,-0.03469300178256049,598,1
2018-09,2018-10,information,1,-0.042702976468754816,2,1
2018-09,2018-10,information,2,-0.01434115879453568,2,1
2018-09,2018-10,information,3,-0.017878623361968993,2,1
2018-09,2018-10,information,4,-0.013623978201634857,2,1
2018-09,2018-10,information,5,-0.021545587399245874,3,1
2018-10,2018-11,attention,1,0.002530003480984047,67,1
2018-10,2018-11,attention,2,0.004651056256446831,67,1
2018-10,2018-11,attention,3,0.00413625426645635,67,1
2018-10,2018-11,attention,4,0.005767091982275047,67,1
2018-10,2018-11,attention,5,-0.0006713727099920503,67,1
2018-10,2018-11,baseline,1,0.00639815893904735,546,1
2018-10,2018-11,baseline,2,0.008391683037080377,547,1
2018-10,2018-11,baseline,3,0.004682691151451068,546,1
2018-10,2018-11,baseline,4,0.005717748939635428,547,1
2018-10,2018-11,baseline,5,0.006569985380221508,547,1
2018-10,2018-11,information,1,0.005644166233243928,43,1
2018-10,2018-11,information,2,0.004398084505618213,44,1
2018-10,2018-11,information,3,0.0018042949638851973,43,1
2018-10,2018-11,information,4,0.00139868118013958,44,1
2018-10,2018-11,information,5,0.0008883196658624394,44,1
2018-11,2018-12,attention,1,0.02780032092533753,150,1
2018-11,2018-12,attention,2,0.02897216782720047,150,1
2018-11,2018-12,attention,3,0.03137445314422821,150,1
2018-11,2018-12,attention,4,0.03199355286772262,150,1
2018-11,2018-12,attention,5,0.0332692127938234,150,1
2018-11,2018-12,baseline,1,0.03369640687473053,518,1
2018-11,2018-12,baseline,2,0.032967718712332686,518,1
2018-11,2018-12,baseline,3,0.03126065352507064,519,1
2018-11,2018-12,baseline,4,0.03198858281019445,518,1
2018-11,2018-12,baseline,5,0.03221427072236047,519,1
2018-11,2018-12,information,2,0.02023608768971319,1,1
2018-11,2018-12,information,3,0.03007518796992481,1,1
2018-11,2018-12,information,4,0.005376344086021501,1,1
2018-11,2018-12,information,5,0.0019230769230766942,1,1
2018-12,2019-01,attention,1,0.007105797978874872,64,1
2018-12,2019-01,attention,2,-0.005229217137478402,65,1
2018-12,2019-01,attention,3,-0.002867005885523087,65,1
2018-12,2019-01,attention,4,-0.0054191328304969075,65,1
2018-12,2019-01,attention,5,-0.002263725307762851,65,1
2018-12,2019-01,baseline,1,0.0028998147078505877,609,1
2018-12,2019-01,baseline,2,-0.0032689202557371158,608,1
2018-12,2019-01,baseline,3,-0.004507195891784906,609,1
2018-12,2019-01,baseline,4,-0.003962940616695477,608,1
2018-12,2019-01,baseline,5,-0.0039323353099914036,610,1
2018-12,2019-01,information,3,0.0028901734104045396,1,1
2018-12,2019-01,information,5,0.015203132150302556,1,1
2019-01,2019-02,attention,1,0.029650498830741535,80,1
2019-01,2019-02,attention,2,0.028067951420558724,80,1
2019-01,2019-02,attention,3,0.023762877121174534,81,1
2019-01,2019-02,attention,4,0.025581988024017642,80,1
2019-01,2019-02,attention,5,0.029636583652441817,81,1
2019-01,2019-02,baseline,1,0.03126498705755381,578,1
2019-01,2019-02,baseline,2,0.02900715741762577,579,1
2019-01,2019-02,baseline,3,0.02768504981233762,579,1
2019-01,2019-02,baseline,4,0.025815466376941244,579,1
2019-01,2019-02,baseline,5,0.02781973626668263,579,1
2019-01,2019-02,information,1,0.031193425492762057,19,1
2019-01,2019-02,information,2,0.024348720264828195,19,1
2019-01,2019-02,information,3,0.02274418727037878,19,1
2019-01,2019-02,information,4,0.02176273842942036,19,1
2019-01,2019-02,information,5,0.014003641401570599,19,1
2019-02,2019-03,attention,1,0.006909576285766439,104,1
2019-02,2019-03,attention,2,0.00579072689555788,104,1
2019-02,2019-03,attention,3,0.005614940780093575,105,1
2019-02,2019-03,attention,4,0.009094334265038969,104,1
2019-02,2019-03,attention,5,0.006969085815273963,105,1
2019-02,2019-03,baseline,1,0.006983762799752325,566,1
2019-02,2019-03,baseline,2,0.005865721844473915,566,1
2019-02,2019-03,baseline,3,0.005733895273268483,566,1
2019-02,2019-03,baseline,4,0.0043769199245777424,566,1
2019-02,2019-03,baseline,5,0.007537109571298274,567,1
2019-02,2019-03,information,1,0.014417899762372597,9,1
2019-02,2019-03,information,2,-0.0028407193936130447,10,1
2019-02,2019-03,information,3,0.013861150683174006,10,1
2019-02,2019-03,information,4,0.004833635835432559,10,1
2019-02,2019-03,information,5,0.0007646933344148454,10,1
2019-03,2019-04,attention,1,0.035606213476899046,236,1
2019-03,2019-04,attention,2,0.035549747961789904,236,1
2019-03,2019-04,attention,3,0.03339953229835058,237,1
2019-03,2019-04,attention,4,0.037877099166459524,236,1
2019-03,2019-04,attention,5,0.03711040112058987,237,1
2019-03,2019-04,baseline,1,0.03651370620643623,430,1
2019-03,2019-04,baseline,2,0.037118186372659276,431,1
2019-03,2019-04,baseline,3,0.03427765410726121,430,1
2019-03,2019-04,baseline,4,0.03401458398696226,431,1
2019-03,2019-04,baseline,5,0.03961049306684437,431,1
2019-03,2019-04,information,1,0.04232124997009777,15,1
2019-03,2019-04,information,2,0.040113986241960754,15,1
2019-03,2019-04,information,3,0.028558931014375795,15,1
2019-03,2019-04,information,4,0.03097389329739059,15,1
2019-03,2019-04,information,5,0.03192347972665853,16,1
2019-04,2019-05,attention,1,-0.08080558908428902,134,1
2019-04,2019-05,attention,2,-0.07732442286414558,134,1
2019-04,2019-05,attention,3,-0.07573689569038705,135,1
2019-04,2019-05,attention,4,-0.07032916810594352,134,1
2019-04,2019-05,attention,5,-0.06632804647431233,135,1
2019-04,2019-05,baseline,1,-0.07610588169265467,470,1
2019-04,2019-05,baseline,2,-0.07770201317416439,470,1
2019-04,2019-05,baseline,3,-0.07714594738904043,470,1
2019-04,2019-05,baseline,4,-0.07595700894710242,470,1
2019-04,2019-05,baseline,5,-0.07603389660520776,470,1
2019-04,2019-05,information,1,-0.0680307295320475,80,1
2019-04,2019-05,information,2,-0.058260547864186205,81,1
2019-04,2019-05,information,3,-0.05879214655895293,81,1
2019-04,2019-05,information,4,-0.06346196306987749,81,1
2019-04,2019-05,information,5,-0.06529577691548227,81,1
2019-05,2019-06,attention,1,-0.004169367359188506,22,1
2019-05,2019-06,attention,2,-0.0235682940226729,23,1
2019-05,2019-06,attention,3,-0.015228902512539905,23,1
2019-05,2019-06,attention,4,-0.020813674346509426,23,1
2019-05,2019-06,attention,5,-0.02348696924363711,23,1
2019-05,2019-06,baseline,1,-0.016026663143616008,623,1
2019-05,2019-06,baseline,2,-0.013199855340657816,623,1
2019-05,2019-06,baseline,3,-0.013087375620380324,623,1
2019-05,2019-06,baseline,4,-0.012669556473756729,623,1
2019-05,2019-06,baseline,5,-0.015025779045233384,623,1
2019-05,2019-06,information,1,-0.012664039976690366,30,1
2019-05,2019-06,information,2,-0.006190880877829422,30,1
2019-05,2019-06,information,3,-0.01398769668746199,31,1
2019-05,2019-06,information,4,-0.003974334974408248,30,1
2019-05,2019-06,information,5,-0.00718464243633045,31,1
2019-06,2019-07,attention,1,0.02156834010869614,25,1
2019-06,2019-07,attention,2,0.01904106802167734,26,1
2019-06,2019-07,attention,3,0.023847927017521454,25,1
2019-06,2019-07,attention,4,0.02678219623532204,26,1
2019-06,2019-07,attention,5,0.024055177983582046,26,1
2019-06,2019-07,baseline,1,0.025975870464601047,639,1
2019-06,2019-07,baseline,2,0.026978258980803683,640,1
2019-06,2019-07,baseline,3,0.02831048472199389,640,1
2019-06,2019-07,baseline,4,0.029720284863927242,640,1
2019-06,2019-07,baseline,5,0.03381838140175884,640,1
2019-06,2019-07,information,1,0.022096669168604584,11,1
2019-06,2019-07,information,2,0.03264769480075575,11,1
2019-06,2019-07,information,3,0.027619184082361678,11,1
2019-06,2019-07,information,4,0.02092046756730577,11,1
2019-06,2019-07,information,5,0.03227161508170915,12,1
2019-07,2019-08,attention,1,-0.007838734782133348,53,1
2019-07,2019-08,attention,2,-0.002572310544137648,53,1
2019-07,2019-08,attention,3,0.004514635605555171,53,1
2019-07,2019-08,attention,4,-0.006991539572241797,53,1
2019-07,2019-08,attention,5,-0.001723073661096559,54,1
2019-07,2019-08,baseline,1,-0.004266572813196353,605,1
2019-07,2019-08,baseline,2,-0.002549927305941625,605,1
2019-07,2019-08,baseline,3,-0.004644486014977684,606,1
2019-07,2019-08,baseline,4,-0.004890313329602318,607,1
2019-07,2019-08,baseline,5,-0.0029712214579677297,607,1
2019-07,2019-08,information,1,-0.002047102870665297,18,1
2019-07,2019-08,information,2,-0.006469090882320172,18,1
2019-07,2019-08,information,3,-0.005192757725592677,18,1
2019-07,2019-08,information,4,-0.003326062965102683,18,1
2019-07,2019-08,information,5,-0.006369195537140844,18,1
2019-08,2019-09,attention,1,0.024411238369589718,59,1
2019-08,2019-09,attention,2,0.02324853825337151,59,1
2019-08,2019-09,attention,3,0.015680444885685506,59,1
2019-08,2019-09,attention,4,0.02312560570796896,59,1
2019-08,2019-09,attention,5,0.026044712965798578,60,1
2019-08,2019-09,baseline,1,0.02495373164216089,584,1
2019-08,2019-09,baseline,2,0.025642833077599687,584,1
2019-08,2019-09,baseline,3,0.024413728349043273,584,1
2019-08,2019-09,baseline,4,0.024666976462010694,584,1
2019-08,2019-09,baseline,5,0.02300792862523178,584,1
2019-08,2019-09,information,1,0.02124931253199893,35,1
2019-08,2019-09,information,2,0.026679962335777935,35,1
2019-08,2019-09,information,3,0.021804929676778256,36,1
2019-08,2019-09,information,4,0.022736557940089386,35,1
2019-08,2019-09,information,5,0.021207733707782995,36,1
2019-09,2019-10,attention,1,0.0029668479044870897,92,1
2019-09,2019-10,attention,2,-0.0005528480689663696,92,1
2019-09,2019-10,attention,3,0.00184812604302286,92,1
2019-09,2019-10,attention,4,-0.00020312757418256,92,1
2019-09,2019-10,attention,5,-0.0016946101803334056,93,1
2019-09,2019-10,baseline,1,0.004806619536235798,585,1
2019-09,2019-10,baseline,2,0.0028468550624620574,585,1
2019-09,2019-10,baseline,3,0.0018530377815490604,586,1
2019-09,2019-10,baseline,4,0.0018920771776839882,585,1
2019-09,2019-10,baseline,5,0.0007914823973772507,586,1
2019-09,2019-10,information,1,0.0005696208078098675,2,1
2019-09,2019-10,information,2,-0.007777867540446959,3,1
2019-09,2019-10,information,3,-0.016906116393372323,3,1
2019-09,2019-10,information,4,0.010701722894563614,3,1
2019-09,2019-10,information,5,-0.008983538754750922,3,1
2019-10,2019-11,attention,1,0.006050848818801036,49,1
2019-10,2019-11,attention,2,0.004373823040765185,50,1
2019-10,2019-11,attention,3,0.009067199175003376,50,1
2019-10,2019-11,attention,4,0.01286562523161909,50,1
2019-10,2019-11,attention,5,0.010677345810169991,50,1
2019-10,2019-11,baseline,1,0.007853245537694706,598,1
2019-10,2019-11,baseline,2,0.009868488341682354,598,1
2019-10,2019-11,baseline,3,0.00854058862708934,598,1
2019-10,2019-11,baseline,4,0.011321586975247428,598,1
2019-10,2019-11,baseline,5,0.012068371217852921,598,1
2019-10,2019-11,information,1,0.005768526123060884,33,1
2019-10,2019-11,information,2,0.010416422739717199,34,1
2019-10,2019-11,information,3,0.015316985263369576,34,1
2019-10,2019-11,information,4,0.0094222261736263,34,1
2019-10,2019-11,information,5,0.015597398650111076,34,1
2019-11,2019-12,attention,1,0.0026333856814542006,72,1
2019-11,2019-12,attention,2,0.0046040781835063604,72,1
2019-11,2019-12,attention,3,0.0010689979102836823,72,1
2019-11,2019-12,attention,4,0.0022892947891101694,72,1
2019-11,2019-12,attention,5,0.0038536657066180115,73,1
2019-11,2019-12,baseline,1,0.0020909516271528307,608,1
2019-11,2019-12,baseline,2,0.00198431807225722,609,1
2019-11,2019-12,baseline,3,0.0022826206560605275,610,1
2019-11,2019-12,baseline,4,0.0008995755313349933,609,1
2019-11,2019-12,baseline,5,-3.8458219432429736e-05,609,1
2019-11,2019-12,information,1,0.0,1,1
2019-11,2019-12,information,2,-0.002785515320334331,1,1
2019-11,2019-12,information,3,-0.0022231083470102275,2,1
2019-11,2019-12,information,4,-0.008726003490401424,1,1
2019-11,2019-12,information,5,-0.0005456853613829415,2,1
2019-12,2020-01,attention,1,0.02461609026968269,85,1
2019-12,2020-01,attention,2,0.015176191750289182,85,1
2019-12,2020-01,attention,3,0.013047509629038345,85,1
2019-12,2020-01,attention,4,0.017753629697000655,85,1
2019-12,2020-01,attention,5,0.023794256300395337,86,1
2019-12,2020-01,baseline,1,0.024410444591034666,597,1
2019-12,2020-01,baseline,2,0.017070092005317224,598,1
2019-12,2020-01,baseline,3,0.015847595891389177,598,1
2019-12,2020-01,baseline,4,0.016462980252551853,598,1
2019-12,2020-01,baseline,5,0.018143299677581628,598,1
2019-12,2020-01,information,3,0.027462121212121327,1,1
2019-12,2020-01,information,5,0.01243339253996445,1,1
2020-01,2020-02,attention,1,-0.0939307739379288,107,1
2020-01,2020-02,attention,2,-0.09077448622285095,107,1
2020-01,2020-02,attention,3,-0.08565944630944576,108,1
2020-01,2020-02,attention,4,-0.07281695196782405,107,1
2020-01,2020-02,attention,5,-0.012492137292423685,108,1
2020-01,2020-02,baseline,1,-0.09384658718393585,558,1
2020-01,2020-02,baseline,2,-0.09430791571920408,559,1
2020-01,2020-02,baseline,3,-0.09611855976410928,557,1
2020-01,2020-02,baseline,4,-0.09548895066441788,559,1
2020-01,2020-02,baseline,5,-0.08567011712163004,559,1
2020-01,2020-02,information,1,-0.09397231512414174,19,1
2020-01,2020-02,information,2,-0.09744322007763222,20,1
2020-01,2020-02,information,3,-0.08801737512576702,19,1
2020-01,2020-02,information,4,-0.0567806140446387,20,1
2020-01,2020-02,information,5,-0.021203334178847805,20,1
2020-02,2020-03,attention,1,0.042034623275061,194,1
2020-02,2020-03,attention,2,0.04560784763297544,194,1
2020-02,2020-03,attention,3,0.04406224026368881,194,1
2020-02,2020-03,attention,4,0.041389145815989,194,1
2020-02,2020-03,attention,5,0.029632864002801775,194,1
2020-02,2020-03,baseline,1,0.04238198952768668,473,1
2020-02,2020-03,baseline,2,0.044309656640272414,473,1
2020-02,2020-03,baseline,3,0.04413255675965135,473,1
2020-02,2020-03,baseline,4,0.042406390665332805,473,1
2020-02,2020-03,baseline,5,0.03857492958173387,474,1
2020-02,2020-03,information,1,0.050038635499419525,19,1
2020-02,2020-03,information,2,0.04775697040898336,20,1
2020-02,2020-03,information,3,0.04027870478225192,19,1
2020-02,2020-03,information,4,0.04175165105743452,20,1
2020-02,2020-03,information,5,0.009069044326753284,20,1
2020-03,2020-04,attention,1,-0.01537942992759258,122,1
2020-03,2020-04,attention,2,-0.014852001225660844,123,1
2020-03,2020-04,attention,3,-0.012909714720008356,122,1
2020-03,2020-04,attention,4,-0.008305008795350894,123,1
2020-03,2020-04,attention,5,-0.01118909584048491,123,1
2020-03,2020-04,baseline,1,-0.005862610402115781,551,1
2020-03,2020-04,baseline,2,-0.005298241439395551,551,1
2020-03,2020-04,baseline,3,-0.004338841383868271,551,1
2020-03,2020-04,baseline,4,-0.003958331194513098,551,1
2020-03,2020-04,baseline,5,-0.0010302545008794234,552,1
2020-03,2020-04,information,1,-0.00420348646746318,15,1
2020-03,2020-04,information,2,-0.009033131885209348,15,1
2020-03,2020-04,information,3,-0.020873310049837147,16,1
2020-03,2020-04,information,4,-0.00784918212443077,15,1
2020-03,2020-04,information,5,-0.005277469982299769,16,1
2020-04,2020-05,attention,1,0.01597237395008566,39,1
2020-04,2020-05,attention,2,0.013713374458676394,40,1
2020-04,2020-05,attention,3,0.016013111629840503,40,1
2020-04,2020-05,attention,4,0.0034809012413819646,40,1
2020-04,2020-05,attention,5,0.0021210219720095872,40,1
2020-04,2020-05,baseline,1,0.01569096771297273,573,1
2020-04,2020-05,baseline,2,0.015092668740711971,574,1
2020-04,2020-05,baseline,3,0.015661968614664443,573,1
2020-04,2020-05,baseline,4,0.017770025256144337,574,1
2020-04,2020-05,baseline,5,0.021552242016805133,574,1
2020-04,2020-05,information,1,0.012108512986369644,78,1
2020-04,2020-05,information,2,0.008636208297338646,78,1
2020-04,2020-05,information,3,0.008626384401297841,78,1
2020-04,2020-05,information,4,0.010707548865602939,78,1
2020-04,2020-05,information,5,0.014019876493376209,79,1
2020-05,2020-06,attention,1,0.0224414569967641,55,1
2020-05,2020-06,attention,2,0.018363884283493552,56,1
2020-05,2020-06,attention,3,0.019063912759301173,55,1
2020-05,2020-06,attention,4,0.016616515515196405,56,1
2020-05,2020-06,attention,5,0.020931032377290448,56,1
2020-05,2020-06,baseline,1,0.030796693599302857,612,1
2020-05,2020-06,baseline,2,0.026714945355025815,613,1
2020-05,2020-06,baseline,3,0.025158693234811482,612,1
2020-05,2020-06,baseline,4,0.026375029301599597,613,1
2020-05,2020-06,baseline,5,0.032352226694781154,613,1
2020-05,2020-06,information,1,0.01024899760291705,12,1
2020-05,2020-06,information,2,0.04402706462759121,13,1
2020-05,2020-06,information,3,0.01028890440596305,13,1
2020-05,2020-06,information,4,0.024250864044356092,13,1
2020-05,2020-06,information,5,0.03840369223823037,13,1
2020-06,2020-07,attention,1,0.012254652367326816,85,1
2020-06,2020-07,attention,2,0.004866829668416784,86,1
2020-06,2020-07,attention,3,0.004630826597419853,85,1
2020-06,2020-07,attention,4,0.004344127124480147,86,1
2020-06,2020-07,attention,5,0.005526419491776837,86,1
2020-06,2020-07,baseline,1,0.0037413635632228145,586,1
2020-06,2020-07,baseline,2,0.006522578992831553,586,1
2020-06,2020-07,baseline,3,0.0069310613986015525,587,1
2020-06,2020-07,baseline,4,0.00716451009037198,586,1
2020-06,2020-07,baseline,5,0.0030079494949493955,587,1
2020-06,2020-07,information,1,-0.002883011887688497,12,1
2020-06,2020-07,information,2,0.005488971634134763,12,1
2020-06,2020-07,information,3,0.017099609583667946,12,1
2020-06,2020-07,information,4,0.0015053729632932649,12,1
2020-06,2020-07,information,5,0.017454595861323467,13,1
2020-07,2020-08,attention,1,0.02471965843871831,168,1
2020-07,2020-08,attention,2,0.024109688606581404,169,1
2020-07,2020-08,attention,3,0.029912177738098653,168,1
2020-07,2020-08,attention,4,0.034450874250818476,169,1
2020-07,2020-08,attention,5,0.03046461232927881,169,1
2020-07,2020-08,baseline,1,0.03178126264490869,488,1
2020-07,2020-08,baseline,2,0.028367057913901778,487,1
2020-07,2020-08,baseline,3,0.027355051865651046,488,1
2020-07,2020-08,baseline,4,0.030266793258853345,489,1
2020-07,2020-08,baseline,5,0.03202221521429618,488,1
2020-07,2020-08,information,1,0.0209926630217018,31,1
2020-07,2020-08,information,2,0.03751288743686248,31,1
2020-07,2020-08,information,3,0.02893139826521945,32,1
2020-07,2020-08,information,4,0.029802465374573872,31,1
2020-07,2020-08,information,5,0.033952565677371226,32,1
2020-08,2020-09,attention,1,0.01415110207993138,113,1
2020-08,2020-09,attention,2,0.011061254790847344,113,1
2020-08,2020-09,attention,3,0.005851671946040677,113,1
2020-08,2020-09,attention,4,0.007142001572233883,113,1
2020-08,2020-09,attention,5,0.0044758573379569625,113,1
2020-08,2020-09,baseline,1,0.00644514307538984,538,1
2020-08,2020-09,baseline,2,0.00399888035143749,540,1
2020-08,2020-09,baseline,3,0.003967297768443582,538,1
2020-08,2020-09,baseline,4,0.004233124012064615,540,1
2020-08,2020-09,baseline,5,0.00858958273960325,537,1
2020-08,2020-09,information,1,0.006777922800889157,38,1
2020-08,2020-09,information,2,0.013958423489739991,38,1
2020-08,2020-09,information,3,0.005018683808743558,38,1
2020-08,2020-09,information,4,0.018534593598463274,38,1
2020-08,2020-09,information,5,0.013707928616874403,39,1
2020-09,2020-10,attention,1,0.05273718296387677,95,1
2020-09,2020-10,attention,2,0.03874726256360956,95,1
2020-09,2020-10,attention,3,0.03419522069944197,95,1
2020-09,2020-10,attention,4,0.026523986962701983,95,1
2020-09,2020-10,attention,5,0.04103836752168624,95,1
2020-09,2020-10,baseline,1,0.03180666217765195,593,1
2020-09,2020-10,baseline,2,0.027288967204633995,594,1
2020-09,2020-10,baseline,3,0.02422499504098665,594,1
2020-09,2020-10,baseline,4,0.02712333957349294,594,1
2020-09,2020-10,baseline,5,0.03145290890251352,594,1
2020-09,2020-10,information,1,0.0706113812785234,3,1
2020-09,2020-10,information,2,0.01316200587956462,3,1
2020-09,2020-10,information,3,0.041835032164316166,3,1
2020-09,2020-10,information,4,0.045953591703591735,3,1
2020-09,2020-10,information,5,0.026413138943450765,3,1
2020-10,2020-11,attention,1,0.02962679264132977,38,1
2020-10,2020-11,attention,2,0.014761878228978688,38,1
2020-10,2020-11,attention,3,0.02123732535862478,38,1
2020-10,2020-11,attention,4,0.01990410255519541,38,1
2020-10,2020-11,attention,5,0.010676101925632234,38,1
2020-10,2020-11,baseline,1,0.0011550694738913098,617,1
2020-10,2020-11,baseline,2,-0.004059242254361395,617,1
2020-10,2020-11,baseline,3,-0.0031371391154839255,617,1
2020-10,2020-11,baseline,4,0.0006055262113114909,617,1
2020-10,2020-11,baseline,5,0.005048259896360286,617,1
2020-10,2020-11,information,1,0.010808863033427511,38,1
2020-10,2020-11,information,2,0.01259517600657635,39,1
2020-10,2020-11,information,3,0.01732223303257782,39,1
2020-10,2020-11,information,4,0.02072826705005719,39,1
2020-10,2020-11,information,5,0.02447538663599201,39,1
2020-11,2020-12,attention,1,0.010066288068011006,91,1
2020-11,2020-12,attention,2,0.006640334345238252,91,1
2020-11,2020-12,attention,3,0.01451543077120526,91,1
2020-11,2020-12,attention,4,0.006669276670533534,91,1
2020-11,2020-12,attention,5,0.014457063867489269,91,1
2020-11,2020-12,baseline,1,0.012387049338471314,602,1
2020-11,2020-12,baseline,2,0.013069937131965763,601,1
2020-11,2020-12,baseline,3,0.013261575639283586,602,1
2020-11,2020-12,baseline,4,0.014125348696343696,602,1
2020-11,2020-12,baseline,5,0.015682380647408033,602,1
2020-11,2020-12,information,1,0.014340057151495287,7,1
2020-11,2020-12,information,2,0.0035956437559082344,8,1
2020-11,2020-12,information,3,0.012085201196863321,8,1
2020-11,2020-12,information,4,0.017088124221892764,8,1
2020-11,2020-12,information,5,0.029896936439276572,8,1
2020-12,2021-01,attention,1,0.020892069213976714,83,1
2020-12,2021-01,attention,2,0.01864184140332306,84,1
2020-12,2021-01,attention,3,0.011605039095536526,84,1
2020-12,2021-01,attention,4,0.010097699080283597,84,1
2020-12,2021-01,attention,5,0.022761467630989202,84,1
2020-12,2021-01,baseline,1,0.01742770470952171,622,1
2020-12,2021-01,baseline,2,0.01302147494819406,622,1
2020-12,2021-01,baseline,3,0.012752695502994767,622,1
2020-12,2021-01,baseline,4,0.012843929499735516,622,1
2020-12,2021-01,baseline,5,0.013490815695975513,621,1
2020-12,2021-01,information,5,0.01722391084093222,1,1
2021-01,2021-02,attention,1,0.004110320126583564,93,1
2021-01,2021-02,attention,2,0.010402960033723305,93,1
2021-01,2021-02,attention,3,0.0032270126650908687,93,1
2021-01,2021-02,attention,4,0.006854981195051068,93,1
2021-01,2021-02,attention,5,0.011862732674216727,93,1
2021-01,2021-02,baseline,1,-0.003110960692584257,593,1
2021-01,2021-02,baseline,2,6.932075239829304e-05,595,1
2021-01,2021-02,baseline,3,0.0010366169615445536,594,1
2021-01,2021-02,baseline,4,0.003597199236247756,595,1
2021-01,2021-02,baseline,5,0.008148566105280525,595,1
2021-01,2021-02,information,1,-0.007058392711464841,22,1
2021-01,2021-02,information,2,0.00643423127188755,22,1
2021-01,2021-02,information,3,0.011706054233384656,22,1
2021-01,2021-02,information,4,0.017925355411294388,22,1
2021-01,2021-02,information,5,0.02584822271235706,22,1
2021-02,2021-03,attention,1,0.029911271525186287,51,1
2021-02,2021-03,attention,2,0.023335638673309147,51,1
2021-02,2021-03,attention,3,0.014946664436896281,51,1
2021-02,2021-03,attention,4,0.023046008302997675,51,1
2021-02,2021-03,attention,5,0.027665831271171094,52,1
2021-02,2021-03,baseline,1,0.024141063413111643,653,1
2021-02,2021-03,baseline,2,0.02097240789493316,653,1
2021-02,2021-03,baseline,3,0.01936599049343825,653,1
2021-02,2021-03,baseline,4,0.021400014588364314,653,1
2021-02,2021-03,baseline,5,0.023173188880144385,653,1
2021-02,2021-03,information,1,0.006007342566018919,9,1
2021-02,2021-03,information,2,0.036913052596458794,9,1
2021-02,2021-03,information,3,0.01448058856921445,9,1
2021-02,2021-03,information,4,0.03584288138207868,9,1
2021-02,2021-03,information,5,0.017724440260482956,10,1
2021-03,2021-04,attention,1,-0.0030522424296949534,87,1
2021-03,2021-04,attention,2,-8.000410527890315e-05,87,1
2021-03,2021-04,attention,3,-0.004719456638018356,87,1
2021-03,2021-04,attention,4,-0.00364748338148094,87,1
2021-03,2021-04,attention,5,0.00203382238333572,87,1
2021-03,2021-04,baseline,1,0.0027392642658991082,614,1
2021-03,2021-04,baseline,2,0.0035144417558589896,615,1
2021-03,2021-04,baseline,3,0.002179357123439937,615,1
2021-03,2021-04,baseline,4,0.0022630994533718797,615,1
2021-03,2021-04,baseline,5,0.005221459469843367,616,1
2021-03,2021-04,information,1,-0.0046262740474851015,15,1
2021-03,2021-04,information,2,0.002397499085019879,15,1
2021-03,2021-04,information,3,0.014333353835577418,15,1
2021-03,2021-04,information,4,0.005962013423133968,15,1
2021-03,2021-04,information,5,0.0033322077126448357,16,1
2021-04,2021-05,attention,1,0.01205581288807361,57,1
2021-04,2021-05,attention,2,0.007924878684563968,57,1
2021-04,2021-05,attention,3,0.01767729119587622,58,1
2021-04,2021-05,attention,4,0.0009690253540917652,57,1
2021-04,2021-05,attention,5,0.0024451629622926525,58,1
2021-04,2021-05,baseline,1,0.0038651144614185846,615,1
2021-04,2021-05,baseline,2,0.003265012572769261,615,1
2021-04,2021-05,baseline,3,0.0025379683797436465,616,1
2021-04,2021-05,baseline,4,0.004202214234545523,615,1
2021-04,2021-05,baseline,5,0.004938212783931494,614,1
2021-04,2021-05,information,1,0.014602929514932299,54,1
2021-04,2021-05,information,2,-0.005919184163706572,54,1
2021-04,2021-05,information,3,0.005655034679942889,54,1
2021-04,2021-05,information,4,0.006233870614130491,54,1
2021-04,2021-05,information,5,0.00552248560386965,54,1
2021-05,2021-06,attention,1,0.0076100231225900115,89,1
2021-05,2021-06,attention,2,0.0043499732588168,89,1
2021-05,2021-06,attention,3,0.004380025057608568,89,1
2021-05,2021-06,attention,4,0.004401882198101573,89,1
2021-05,2021-06,attention,5,0.009249450691003141,90,1
2021-05,2021-06,baseline,1,0.010273837695482181,622,1
2021-05,2021-06,baseline,2,0.00790399407634501,622,1
2021-05,2021-06,baseline,3,0.008179892180722303,622,1
2021-05,2021-06,baseline,4,0.005791503883768521,621,1
2021-05,2021-06,baseline,5,0.008255916660969267,622,1
2021-05,2021-06,information,1,0.009512314951358146,13,1
2021-05,2021-06,information,2,0.014070594212743797,13,1
2021-05,2021-06,information,3,0.0010195692989516136,13,1
2021-05,2021-06,information,4,0.019689963415390848,13,1
2021-05,2021-06,information,5,0.010131349734748338,14,1
2021-06,2021-07,attention,1,-0.03197342295483761,117,1
2021-06,2021-07,attention,2,-0.018171894013376606,117,1
2021-06,2021-07,attention,3,-0.01687317891971557,117,1
2021-06,2021-07,attention,4,-0.012841388574167636,117,1
2021-06,2021-07,attention,5,-0.016997353471592726,117,1
2021-06,2021-07,baseline,1,-0.017710322362465093,600,1
2021-06,2021-07,baseline,2,-0.012714252452926456,601,1
2021-06,2021-07,baseline,3,-0.008498489835243423,601,1
2021-06,2021-07,baseline,4,-0.009159174907860489,601,1
2021-06,2021-07,baseline,5,-0.0132367422262408,601,1
2021-06,2021-07,information,1,-0.027404542246568114,15,1
2021-06,2021-07,information,2,-0.0171460033166164,15,1
2021-06,2021-07,information,3,-0.01041061472414042,16,1
2021-06,2021-07,information,4,-0.01091205572320045,15,1
2021-06,2021-07,information,5,-0.03467754610489659,16,1
2021-07,2021-08,attention,1,0.019497374738118894,136,1
2021-07,2021-08,attention,2,0.019478061605333195,136,1
2021-07,2021-08,attention,3,0.02365407635383312,137,1
2021-07,2021-08,attention,4,0.016973286191804344,136,1
2021-07,2021-08,attention,5,0.021437799448048443,137,1
2021-07,2021-08,baseline,1,0.02033396100060712,576,1
2021-07,2021-08,baseline,2,0.01976172572197216,580,1
2021-07,2021-08,baseline,3,0.0190063037242099,580,1
2021-07,2021-08,baseline,4,0.01964219590267792,580,1
2021-07,2021-08,baseline,5,0.01709712058431711,579,1
2021-07,2021-08,information,1,0.02412682806211832,26,1
2021-07,2021-08,information,2,0.017031224792897166,26,1
2021-07,2021-08,information,3,0.025802152880513064,27,1
2021-07,2021-08,information,4,0.03416920079035427,26,1
2021-07,2021-08,information,5,0.030837236028968866,27,1
2021-08,2021-09,attention,1,-0.012207165101000977,147,1
2021-08,2021-09,attention,2,-0.0016052842329815113,148,1
2021-08,2021-09,attention,3,-0.0022236898550974764,147,1
2021-08,2021-09,attention,4,-0.0011735636460066385,148,1
2021-08,2021-09,attention,5,-0.008938244928220025,148,1
2021-08,2021-09,baseline,1,-0.010390633086213127,557,1
2021-08,2021-09,baseline,2,-2.2919161391857444e-05,558,1
2021-08,2021-09,baseline,3,0.0034104653152156055,557,1
2021-08,2021-09,baseline,4,-0.0005994566563912765,558,1
2021-08,2021-09,baseline,5,-0.008069371170433458,557,1
2021-08,2021-09,information,1,-0.013895283189330622,49,1
2021-08,2021-09,information,2,0.006121822609000729,50,1
2021-08,2021-09,information,3,0.0023346074088513593,50,1
2021-08,2021-09,information,4,0.00029172026824931586,50,1
2021-08,2021-09,information,5,-0.005858728349807307,50,1
2021-09,2021-10,attention,1,0.022840472280655392,152,1
2021-09,2021-10,attention,2,0.01749388792913341,153,1
2021-09,2021-10,attention,3,0.01680035542559319,152,1
2021-09,2021-10,attention,4,0.023290849362848337,153,1
2021-09,2021-10,attention,5,0.015465448437687126,153,1
2021-09,2021-10,baseline,1,0.009390028816584892,611,1
2021-09,2021-10,baseline,2,0.01337553400834763,612,1
2021-09,2021-10,baseline,3,0.0181628161841432,612,1
2021-09,2021-10,baseline,4,0.01808049947071045,612,1
2021-09,2021-10,baseline,5,0.010163517210207387,611,1
2021-09,2021-10,information,1,-0.00702525506186924,3,1
2021-09,2021-10,information,2,0.01793068374135115,4,1
2021-09,2021-10,information,3,0.03094485005060717,3,1
2021-09,2021-10,information,4,0.032485931561346215,4,1
2021-09,2021-10,information,5,0.03590412097541468,4,1
2021-10,2021-11,attention,1,0.01829804133645822,44,1
2021-10,2021-11,attention,2,0.008298148175055366,45,1
2021-10,2021-11,attention,3,0.016483216543331295,45,1
2021-10,2021-11,attention,4,0.015270320260321976,45,1
2021-10,2021-11,attention,5,0.01709748451168153,45,1
2021-10,2021-11,baseline,1,0.010162065280734637,681,1
2021-10,2021-11,baseline,2,0.011262845632760771,682,1
2021-10,2021-11,baseline,3,0.012434725776546243,682,1
2021-10,2021-11,baseline,4,0.01204308144081769,682,1
2021-10,2021-11,baseline,5,0.014156815576463692,682,1
2021-10,2021-11,information,1,0.0173682294006337,45,1
2021-10,2021-11,information,2,0.012268377684188408,46,1
2021-10,2021-11,information,3,0.013521677614388898,45,1
2021-10,2021-11,information,4,0.02094551289870902,46,1
2021-10,2021-11,information,5,0.022300580559511302,46,1
2021-11,2021-12,attention,1,0.01051287276006649,118,1
2021-11,2021-12,attention,2,0.009070218699396372,118,1
2021-11,2021-12,attention,3,0.011078326718955788,119,1
2021-11,2021-12,attention,4,0.00638395757843625,118,1
2021-11,2021-12,attention,5,0.0005266805569860751,119,1
2021-11,2021-12,baseline,1,0.008408677527996851,646,1
2021-11,2021-12,baseline,2,0.013105101126727891,646,1
2021-11,2021-12,baseline,3,0.011854957935728433,646,1
2021-11,2021-12,baseline,4,0.010831976915915082,646,1
2021-11,2021-12,baseline,5,0.009496530812729862,646,1
2021-11,2021-12,information,1,-0.008839462785597977,12,1
2021-11,2021-12,information,2,0.003910314909061796,12,1
2021-11,2021-12,information,3,0.01893945364079745,12,1
2021-11,2021-12,information,4,0.00877845652952052,12,1
2021-11,2021-12,information,5,0.00698963087125549,13,1
2021-12,2022-01,attention,1,0.0240194942693636,150,1
2021-12,2022-01,attention,2,0.024064409003772175,151,1
2021-12,2022-01,attention,3,0.02457760831851558,150,1
2021-12,2022-01,attention,4,0.019163265002108645,151,1
2021-12,2022-01,attention,5,0.01976111548027459,151,1
2021-12,2022-01,baseline,1,0.010064549713906896,637,1
2021-12,2022-01,baseline,2,0.008706279788655806,637,1
2021-12,2022-01,baseline,3,0.010917414031823554,637,1
2021-12,2022-01,baseline,4,0.011547388934407593,637,1
2021-12,2022-01,baseline,5,0.00620626464526402,638,1
2021-12,2022-01,information,5,0.027257240204429323,1,1
2022-01,2022-02,attention,1,0.011240056283451044,117,1
2022-01,2022-02,attention,2,0.007455092332106529,118,1
2022-01,2022-02,attention,3,0.012512606183747183,118,1
2022-01,2022-02,attention,4,0.013620785028379122,118,1
2022-01,2022-02,attention,5,0.015269832658506587,118,1
2022-01,2022-02,baseline,1,0.011736254760092869,661,1
2022-01,2022-02,baseline,2,0.014359596580020981,661,1
2022-01,2022-02,baseline,3,0.016702027919329742,661,1
2022-01,2022-02,baseline,4,0.016246341565665418,661,1
2022-01,2022-02,baseline,5,0.013365795104958089,662,1
2022-01,2022-02,information,1,0.009073407925163328,15,1
2022-01,2022-02,information,2,0.0203686086347627,15,1
2022-01,2022-02,information,3,0.014707995359297536,15,1
2022-01,2022-02,information,4,0.003979481175488113,15,1
2022-01,2022-02,information,5,0.021173762311380746,16,1
2022-02,2022-03,attention,1,0.016580664765451607,69,1
2022-02,2022-03,attention,2,0.007027667793747204,69,1
2022-02,2022-03,attention,3,0.014053895464371647,69,1
2022-02,2022-03,attention,4,0.005236872395083875,69,1
2022-02,2022-03,attention,5,0.009484438608626078,70,1
2022-02,2022-03,baseline,1,0.010953156920061215,721,1
2022-02,2022-03,baseline,2,0.008283082712204565,721,1
2022-02,2022-03,baseline,3,0.007407798306395613,721,1
2022-02,2022-03,baseline,4,0.008099007643202667,721,1
2022-02,2022-03,baseline,5,0.005178107104187394,721,1
2022-02,2022-03,information,1,0.0034416095984038694,9,1
2022-02,2022-03,information,2,0.0005666502182165245,10,1
2022-02,2022-03,information,3,0.001797678261691539,9,1
2022-02,2022-03,information,4,0.010156492870835209,10,1
2022-02,2022-03,information,5,-0.01803265815247248,10,1
2022-03,2022-04,attention,1,-0.011232969291507827,94,1
2022-03,2022-04,attention,2,-0.008972522454588348,95,1
2022-03,2022-04,attention,3,-0.004076154462246336,95,1
2022-03,2022-04,attention,4,-0.004058142206998149,95,1
2022-03,2022-04,attention,5,-0.0032357801895910743,95,1
2022-03,2022-04,baseline,1,-0.0014512332864758616,701,1
2022-03,2022-04,baseline,2,0.0006581132242266095,701,1
2022-03,2022-04,baseline,3,0.00017114341917566844,702,1
2022-03,2022-04,baseline,4,-0.0015135412492429292,701,1
2022-03,2022-04,baseline,5,-0.002235059697832846,702,1
2022-03,2022-04,information,1,-0.0026685732061503633,12,1
2022-03,2022-04,information,2,0.019003445041035672,12,1
2022-03,2022-04,information,3,-0.0027763295536188484,12,1
2022-03,2022-04,information,4,0.0008747635095701645,12,1
2022-03,2022-04,information,5,-0.007538627024494325,12,1
2022-04,2022-05,attention,1,0.022772550418399894,78,1
2022-04,2022-05,attention,2,0.018775396787642874,79,1
2022-04,2022-05,attention,3,0.02696485067508122,78,1
2022-04,2022-05,attention,4,0.009736025164448084,79,1
2022-04,2022-05,attention,5,0.01995467363477419,79,1
2022-04,2022-05,baseline,1,0.013756869962132346,667,1
2022-04,2022-05,baseline,2,0.015984841424569105,667,1
2022-04,2022-05,baseline,3,0.01627504487953644,668,1
2022-04,2022-05,baseline,4,0.015805007853120938,667,1
2022-04,2022-05,baseline,5,0.020160138404839243,667,1
2022-04,2022-05,information,1,0.015581911690196036,75,1
2022-04,2022-05,information,2,0.013552856610356932,75,1
2022-04,2022-05,information,3,0.017337733579991445,75,1
2022-04,2022-05,information,4,0.017596496766658764,75,1
2022-04,2022-05,information,5,0.023655390549717357,75,1
2022-05,2022-06,attention,1,0.0060052579917627595,58,1
2022-05,2022-06,attention,2,0.010280937690545371,58,1
2022-05,2022-06,attention,3,0.005726675010789694,59,1
2022-05,2022-06,attention,4,0.007908838072810153,58,1
2022-05,2022-06,attention,5,0.01458112285243132,59,1
2022-05,2022-06,baseline,1,0.0017677691019971455,754,1
2022-05,2022-06,baseline,2,0.0046838350712526365,755,1
2022-05,2022-06,baseline,3,0.0049314562901045115,754,1
2022-05,2022-06,baseline,4,0.008852131027265212,754,1
2022-05,2022-06,baseline,5,0.012062620117158685,752,1
2022-05,2022-06,information,1,0.0018990285901695333,14,1
2022-05,2022-06,information,2,-0.001604805042746912,14,1
2022-05,2022-06,information,3,0.004916663615748099,14,1
2022-05,2022-06,information,4,0.004123343340221408,14,1
2022-05,2022-06,information,5,0.012373936355927569,15,1
2022-06,2022-07,attention,1,-0.005308949068908291,103,1
2022-06,2022-07,attention,2,-0.006525533348303746,103,1
2022-06,2022-07,attention,3,-0.0035495983753226308,103,1
2022-06,2022-07,attention,4,-0.0016327615875180244,103,1
2022-06,2022-07,attention,5,-0.013147483407499163,103,1
2022-06,2022-07,baseline,1,-0.0028074173919617794,710,1
2022-06,2022-07,baseline,2,0.000642952983862815,725,1
2022-06,2022-07,baseline,3,-0.0008331878833459923,728,1
2022-06,2022-07,baseline,4,0.0005952383816910149,726,1
2022-06,2022-07,baseline,5,-0.0021096522858067893,721,1
2022-06,2022-07,information,1,-0.022657190442062894,11,1
2022-06,2022-07,information,2,-0.005318681917879168,11,1
2022-06,2022-07,information,3,-0.007391146242805528,11,1
2022-06,2022-07,information,4,0.002972826092853381,11,1
2022-06,2022-07,information,5,-0.02330475068285492,11,1
2022-07,2022-08,attention,1,0.0038484727387682314,93,1
2022-07,2022-08,attention,2,0.0030017312630703356,94,1
2022-07,2022-08,attention,3,0.008782200654575351,93,1
2022-07,2022-08,attention,4,0.006145923868769455,94,1
2022-07,2022-08,attention,5,0.014427617364283682,94,1
2022-07,2022-08,baseline,1,0.006595289888102795,730,1
2022-07,2022-08,baseline,2,0.0027047628665014664,732,1
2022-07,2022-08,baseline,3,0.0048567699625154965,731,1
2022-07,2022-08,baseline,4,0.004621760634045185,732,1
2022-07,2022-08,baseline,5,0.008132688426586128,732,1
2022-07,2022-08,information,1,0.005712838294791821,19,1
2022-07,2022-08,information,2,-0.0018199248634201636,20,1
2022-07,2022-08,information,3,0.003374094435931665,19,1
2022-07,2022-08,information,4,0.0029306478978665396,20,1
2022-07,2022-08,information,5,0.010330641173052874,20,1
2022-08,2022-09,attention,1,-0.0074283546030748104,101,1
2022-08,2022-09,attention,2,-0.0026939555446136507,101,1
2022-08,2022-09,attention,3,-0.009362437868331047,102,1
2022-08,2022-09,attention,4,-0.006119169274753842,101,1
2022-08,2022-09,attention,5,-0.0025857477300264987,102,1
2022-08,2022-09,baseline,1,-0.006583160383290994,710,1
2022-08,2022-09,baseline,2,-0.005270260580761444,711,1
2022-08,2022-09,baseline,3,-0.003390171351902346,711,1
2022-08,2022-09,baseline,4,-0.0020360210097371085,711,1
2022-08,2022-09,baseline,5,-0.0011747629881310121,711,1
2022-08,2022-09,information,1,-0.008728560705226327,41,1
2022-08,2022-09,information,2,-0.007708759329079921,42,1
2022-08,2022-09,information,3,-0.003038550853006887,42,1
2022-08,2022-09,information,4,0.0021919029870789736,42,1
2022-08,2022-09,information,5,0.004297868691684285,42,1
2022-09,2022-10,attention,1,-0.022064337174389673,58,1
2022-09,2022-10,attention,2,-0.016077261154341667,59,1
2022-09,2022-10,attention,3,-0.007460013263524657,59,1
2022-09,2022-10,attention,4,-0.007556176507122494,59,1
2022-09,2022-10,attention,5,-0.013079602630572952,59,1
2022-09,2022-10,baseline,1,-0.019382935576242995,802,1
2022-09,2022-10,baseline,2,-0.017929997218192047,802,1
2022-09,2022-10,baseline,3,-0.017281102947114893,802,1
2022-09,2022-10,baseline,4,-0.016411822316751437,802,1
2022-09,2022-10,baseline,5,-0.017734297557185273,802,1
2022-09,2022-10,information,1,0.03846153846153855,1,1
2022-09,2022-10,information,2,-0.0030448636525298722,2,1
2022-09,2022-10,information,3,-0.020749879051765896,2,1
2022-09,2022-10,information,4,-0.036565399818710154,2,1
2022-09,2022-10,information,5,0.019395204859387283,2,1
2022-10,2022-11,attention,1,0.01397457385564126,58,1
2022-10,2022-11,attention,2,0.021596160143114867,58,1
2022-10,2022-11,attention,3,0.014588586387682286,58,1
2022-10,2022-11,attention,4,0.016582999016249038,58,1
2022-10,2022-11,attention,5,0.013343554534425957,58,1
2022-10,2022-11,baseline,1,0.02722050392248413,759,1
2022-10,2022-11,baseline,2,0.02793399287113098,760,1
2022-10,2022-11,baseline,3,0.027645632970324536,759,1
2022-10,2022-11,baseline,4,0.02574751469162886,760,1
2022-10,2022-11,baseline,5,0.02703549465078766,760,1
2022-10,2022-11,information,1,0.022075317836579875,51,1
2022-10,2022-11,information,2,0.02110447736271699,51,1
2022-10,2022-11,information,3,0.020991625227037274,52,1
2022-10,2022-11,information,4,0.02087167372591259,51,1
2022-10,2022-11,information,5,0.019091643785873937,52,1
2022-11,2022-12,attention,1,0.00776079506864089,132,1
2022-11,2022-12,attention,2,0.006619582577705044,133,1
2022-11,2022-12,attention,3,0.006992625455792792,132,1
2022-11,2022-12,attention,4,0.006704404469135496,133,1
2022-11,2022-12,attention,5,0.010997826782974153,133,1
2022-11,2022-12,baseline,1,0.008542298849659593,741,1
2022-11,2022-12,baseline,2,0.009600009040360718,742,1
2022-11,2022-12,baseline,3,0.007881263637513526,741,1
2022-11,2022-12,baseline,4,0.00826430922812212,742,1
2022-11,2022-12,baseline,5,0.008267067619285386,742,1
2022-11,2022-12,information,1,-0.03524273622425278,2,1
2022-11,2022-12,information,2,0.03771590083330978,2,1
2022-11,2022-12,information,3,-0.004242082921115886,2,1
2022-11,2022-12,information,4,0.008801141340171681,2,1
2022-11,2022-12,information,5,0.011233570473643187,3,1
2022-12,2023-01,attention,1,0.015884591498750267,110,1
2022-12,2023-01,attention,2,0.02023636010901668,110,1
2022-12,2023-01,attention,3,0.022152257755590796,110,1
2022-12,2023-01,attention,4,0.018476676982119335,110,1
2022-12,2023-01,attention,5,0.01814696864607645,110,1
2022-12,2023-01,baseline,1,0.02428107505589386,774,1
2022-12,2023-01,baseline,2,0.02275706345797986,775,1
2022-12,2023-01,baseline,3,0.022231127301489503,774,1
2022-12,2023-01,baseline,4,0.022130014931795727,775,1
2022-12,2023-01,baseline,5,0.022790694433048275,775,1
2022-12,2023-01,information,2,0.017492711370262315,1,1
2022-12,2023-01,information,4,0.0156462585034014,1,1
2022-12,2023-01,information,5,0.03279125566515595,1,1
2023-01,2023-02,attention,1,0.013618331910091331,60,1
2023-01,2023-02,attention,2,0.018512888141230737,61,1
2023-01,2023-02,attention,3,0.01762053001377791,61,1
2023-01,2023-02,attention,4,0.021518380676619545,61,1
2023-01,2023-02,attention,5,0.022409951673877413,61,1
2023-01,2023-02,baseline,1,0.017499026425977955,814,1
2023-01,2023-02,baseline,2,0.01562627933679323,814,1
2023-01,2023-02,baseline,3,0.016173462073505895,815,1
2023-01,2023-02,baseline,4,0.01605119223278515,814,1
2023-01,2023-02,baseline,5,0.017844499548314796,815,1
2023-01,2023-02,information,1,0.02236576323961944,16,1
2023-01,2023-02,information,2,0.021055284052972814,16,1
2023-01,2023-02,information,3,0.01204527001476511,16,1
2023-01,2023-02,information,4,0.014943608864302085,16,1
2023-01,2023-02,information,5,0.022187935505625634,17,1
2023-02,2023-03,attention,1,0.013816035505895479,130,1
2023-02,2023-03,attention,2,0.013480864416788406,130,1
2023-02,2023-03,attention,3,0.013826808476727842,131,1
2023-02,2023-03,attention,4,0.013416166741471077,130,1
2023-02,2023-03,attention,5,0.015463892573029618,131,1
2023-02,2023-03,baseline,1,0.009066794345098175,758,1
2023-02,2023-03,baseline,2,0.007457298860819305,758,1
2023-02,2023-03,baseline,3,0.007738852121058905,759,1
2023-02,2023-03,baseline,4,0.0068629912066351,758,1
2023-02,2023-03,baseline,5,0.009203394994416407,759,1
2023-02,2023-03,information,1,0.011159058966329693,5,1
2023-02,2023-03,information,2,0.017344604457583235,6,1
2023-02,2023-03,information,3,-0.0018487089925347533,5,1
2023-02,2023-03,information,4,0.013569225549296812,6,1
2023-02,2023-03,information,5,0.015252386734772971,6,1
2023-03,2023-04,attention,1,0.039754303841267616,165,1
2023-03,2023-04,attention,2,0.02444717717756264,165,1
2023-03,2023-04,attention,3,0.014505986229970888,166,1
2023-03,2023-04,attention,4,0.013893971647492119,165,1
2023-03,2023-04,attention,5,0.014171359038192563,166,1
2023-03,2023-04,baseline,1,0.010297357458904163,725,1
2023-03,2023-04,baseline,2,0.006894861762940877,725,1
2023-03,2023-04,baseline,3,0.006238090886899729,725,1
2023-03,2023-04,baseline,4,0.006428641268252147,725,1
2023-03,2023-04,baseline,5,0.005477496610763666,725,1
2023-03,2023-04,information,1,-0.0033808914602879714,11,1
2023-03,2023-04,information,2,0.02612754492951289,11,1
2023-03,2023-04,information,3,0.013544607004362774,11,1
2023-03,2023-04,information,4,0.002566621080355355,11,1
2023-03,2023-04,information,5,0.018003123809157542,11,1
2023-04,2023-05,attention,1,0.01285752436771782,136,1
2023-04,2023-05,attention,2,0.0034280989162625707,137,1
2023-04,2023-05,attention,3,0.005639201893308338,136,1
2023-04,2023-05,attention,4,0.007449973681674903,137,1
2023-04,2023-05,attention,5,0.0037806807807882954,137,1
2023-04,2023-05,baseline,1,0.0013842689406391186,698,1
2023-04,2023-05,baseline,2,0.002638643252767957,698,1
2023-04,2023-05,baseline,3,0.0053686624295444735,698,1
2023-04,2023-05,baseline,4,0.008036893739795627,699,1
2023-04,2023-05,baseline,5,0.009799838157991118,699,1
2023-04,2023-05,information,1,0.0041102963332946925,73,1
2023-04,2023-05,information,2,0.007836012468732343,74,1
2023-04,2023-05,information,3,0.009627544133386273,74,1
2023-04,2023-05,information,4,0.01425248928827776,74,1
2023-04,2023-05,information,5,0.01567881848715027,74,1
2023-05,2023-06,attention,1,0.01693781147373468,115,1
2023-05,2023-06,attention,2,0.005621614983298807,115,1
2023-05,2023-06,attention,3,0.000363802286983109,116,1
2023-05,2023-06,attention,4,-8.085271721852839e-05,115,1
2023-05,2023-06,attention,5,0.004810762889094198,116,1
2023-05,2023-06,baseline,1,0.007258553192994273,755,1
2023-05,2023-06,baseline,2,0.0032408793720322873,757,1
2023-05,2023-06,baseline,3,0.001705741451240352,755,1
2023-05,2023-06,baseline,4,0.0013845412355273053,757,1
2023-05,2023-06,baseline,5,0.0024896457950824933,757,1
2023-05,2023-06,information,1,0.006222174403017146,31,1
2023-05,2023-06,information,2,0.004125314914270043,32,1
2023-05,2023-06,information,3,0.002825700409592599,31,1
2023-05,2023-06,information,4,-0.004624959341373518,32,1
2023-05,2023-06,information,5,-0.0012977762721226478,32,1
2023-06,2023-07,attention,1,-0.0030400149888847464,121,1
2023-06,2023-07,attention,2,-0.0004051141815983881,122,1
2023-06,2023-07,attention,3,0.0012967386864442497,122,1
2023-06,2023-07,attention,4,-0.0009300573124284489,122,1
2023-06,2023-07,attention,5,-0.006571281421053606,122,1
2023-06,2023-07,baseline,1,0.0012520625221542853,766,1
2023-06,2023-07,baseline,2,0.00683298072287716,770,1
2023-06,2023-07,baseline,3,0.007349127182720423,769,1
2023-06,2023-07,baseline,4,0.0077812975216114055,770,1
2023-06,2023-07,baseline,5,0.003755008683284648,769,1
2023-06,2023-07,information,1,0.003425508330753565,21,1
2023-06,2023-07,information,2,-0.0038249581801750865,22,1
2023-06,2023-07,information,3,0.008680294515607005,22,1
2023-06,2023-07,information,4,0.0072077326187556445,22,1
2023-06,2023-07,information,5,-0.019573865617009946,22,1
2023-07,2023-08,attention,1,-0.010877858527513943,141,1
2023-07,2023-08,attention,2,-0.002933122156487553,142,1
2023-07,2023-08,attention,3,-0.0008844241294328036,141,1
2023-07,2023-08,attention,4,-0.0037480583096036932,142,1
2023-07,2023-08,attention,5,-0.005286278868502965,142,1
2023-07,2023-08,baseline,1,-0.004853401672988067,753,1
2023-07,2023-08,baseline,2,-0.0034792466210098226,752,1
2023-07,2023-08,baseline,3,-0.0007846354254203528,755,1
2023-07,2023-08,baseline,4,-0.000843722580041469,757,1
2023-07,2023-08,baseline,5,-0.00259588791699025,753,1
2023-07,2023-08,information,1,0.0018018757509108067,19,1
2023-07,2023-08,information,2,0.004588269064749323,20,1
2023-07,2023-08,information,3,-0.0023835940838257573,20,1
2023-07,2023-08,information,4,0.0020871541936264447,20,1
2023-07,2023-08,information,5,-0.004677601927839947,20,1
2023-08,2023-09,attention,1,-0.01898077111943904,110,1
2023-08,2023-09,attention,2,-0.0031822726161567167,110,1
2023-08,2023-09,attention,3,-0.00237618149905557,110,1
2023-08,2023-09,attention,4,0.0007114731207869742,110,1
2023-08,2023-09,attention,5,-0.003688137906259965,111,1
2023-08,2023-09,baseline,1,0.0005958046394820688,754,1
2023-08,2023-09,baseline,2,0.002726211965212824,754,1
2023-08,2023-09,baseline,3,0.003217621216296857,754,1
2023-08,2023-09,baseline,4,0.0017667802144778237,754,1
2023-08,2023-09,baseline,5,0.00023386887019631418,755,1
2023-08,2023-09,information,1,-0.0013028355404593555,60,1
2023-08,2023-09,information,2,0.00343564507149286,60,1
2023-08,2023-09,information,3,0.0042950767539398195,61,1
2023-08,2023-09,information,4,-0.0002031738410423996,60,1
2023-08,2023-09,information,5,0.0071016897015735835,61,1
2023-09,2023-10,attention,1,0.014331096028785404,108,1
2023-09,2023-10,attention,2,0.0025634135045580595,109,1
2023-09,2023-10,attention,3,0.007203742917970172,109,1
2023-09,2023-10,attention,4,-0.0019018360633771473,109,1
2023-09,2023-10,attention,5,-0.006414990487086074,109,1
2023-09,2023-10,baseline,1,-0.0034970814500145317,818,1
2023-09,2023-10,baseline,2,-0.005396779211468162,818,1
2023-09,2023-10,baseline,3,-0.005322497737114531,818,1
2023-09,2023-10,baseline,4,-0.007080946314365021,818,1
2023-09,2023-10,baseline,5,-0.0080366624558335,819,1
2023-09,2023-10,information,1,0.005301099328270009,5,1
2023-09,2023-10,information,2,0.011248448988404557,5,1
2023-09,2023-10,information,3,-0.0031378665058204858,5,1
2023-09,2023-10,information,4,0.0010100291125031858,5,1
2023-09,2023-10,information,5,-0.005383595786824773,6,1
2023-10,2023-11,attention,1,-0.006373439604539839,100,1
2023-10,2023-11,attention,2,-0.0001658360568126227,100,1
2023-10,2023-11,attention,3,0.0011149515712042687,101,1
2023-10,2023-11,attention,4,0.006494905770997059,100,1
2023-10,2023-11,attention,5,-0.00098918443747635,101,1
2023-10,2023-11,baseline,1,-0.001182951902529303,756,1
2023-10,2023-11,baseline,2,0.003200589077245517,757,1
2023-10,2023-11,baseline,3,0.0030090566167864665,756,1
2023-10,2023-11,baseline,4,0.004557590736946546,757,1
2023-10,2023-11,baseline,5,0.004402016744366119,757,1
2023-10,2023-11,information,1,0.0005652931170791499,81,1
2023-10,2023-11,information,2,0.00011155530275368064,81,1
2023-10,2023-11,information,3,0.0027512924049282023,82,1
2023-10,2023-11,information,4,-0.0007031979643638491,81,1
2023-10,2023-11,information,5,0.0012485207110661336,82,1
2023-11,2023-12,attention,1,0.014649536769061843,148,1
2023-11,2023-12,attention,2,0.003660995238543934,149,1
2023-11,2023-12,attention,3,0.002111747051856074,149,1
2023-11,2023-12,attention,4,0.003184417633527806,149,1
2023-11,2023-12,attention,5,0.0028485495878602337,149,1
2023-11,2023-12,baseline,1,0.012302632169394423,792,1
2023-11,2023-12,baseline,2,0.00594431089310212,792,1
2023-11,2023-12,baseline,3,0.004085201252542259,792,1
2023-11,2023-12,baseline,4,0.003997367182459155,792,1
2023-11,2023-12,baseline,5,0.004910123232794814,793,1
2023-11,2023-12,information,1,-0.006767596881708193,2,1
2023-11,2023-12,information,2,0.0001170728192936843,2,1
2023-11,2023-12,information,3,0.0055587906313128155,3,1
2023-11,2023-12,information,4,-0.005051486156413154,2,1
2023-11,2023-12,information,5,0.010825945440557335,3,1
2023-12,2024-01,attention,1,0.007398898968650836,132,1
2023-12,2024-01,attention,2,-0.0006830040899964107,132,1
2023-12,2024-01,attention,3,0.0014232335522746285,132,1
2023-12,2024-01,attention,4,0.0014549414576402362,132,1
2023-12,2024-01,attention,5,0.0038367092544793514,132,1
2023-12,2024-01,baseline,1,-0.003544474023155929,815,1
2023-12,2024-01,baseline,2,-0.002024523914244853,816,1
2023-12,2024-01,baseline,3,0.001180912771178841,815,1
2023-12,2024-01,baseline,4,0.005707807363621062,816,1
2023-12,2024-01,baseline,5,0.007004491848369445,816,1
2023-12,2024-01,information,2,0.02238805970149249,1,1
2023-12,2024-01,information,3,-0.03160149973219062,1,1
2023-12,2024-01,information,4,0.040760869565217295,1,1
2023-12,2024-01,information,5,-0.016879795396419373,1,1
2024-01,2024-02,attention,1,-0.023982093973245952,131,1
2024-01,2024-02,attention,2,-0.015031725484205595,131,1
2024-01,2024-02,attention,3,-0.016721270121868314,132,1
2024-01,2024-02,attention,4,-0.013795487545460531,131,1
2024-01,2024-02,attention,5,-0.027028026048973898,132,1
2024-01,2024-02,baseline,1,-0.012102592092939055,773,1
2024-01,2024-02,baseline,2,-0.012106349627079002,773,1
2024-01,2024-02,baseline,3,-0.013571519604262243,773,1
2024-01,2024-02,baseline,4,-0.01358941703786168,773,1
2024-01,2024-02,baseline,5,-0.018442196767329194,774,1
2024-01,2024-02,information,1,-0.014681311632349927,45,1
2024-01,2024-02,information,2,-0.011470044113080865,45,1
2024-01,2024-02,information,3,-0.0036371476360266782,46,1
2024-01,2024-02,information,4,-0.0087901202885583,45,1
2024-01,2024-02,information,5,-0.011123399758510233,46,1
2024-02,2024-03,attention,1,0.0037805191271143936,315,1
2024-02,2024-03,attention,2,0.006049237211255983,315,1
2024-02,2024-03,attention,3,0.010248427848238961,316,1
2024-02,2024-03,attention,4,0.006899571882982708,315,1
2024-02,2024-03,attention,5,0.010928089897284804,316,1
2024-02,2024-03,baseline,1,0.009738721825456908,620,1
2024-02,2024-03,baseline,2,0.012011201451235111,621,1
2024-02,2024-03,baseline,3,0.012299194339917479,621,1
2024-02,2024-03,baseline,4,0.015416332714863491,621,1
2024-02,2024-03,baseline,5,0.01895286757978487,621,1
2024-02,2024-03,information,1,0.01316168448985603,16,1
2024-02,2024-03,information,2,0.00896029840994371,17,1
2024-02,2024-03,information,3,0.011853852064523038,16,1
2024-02,2024-03,information,4,0.012321285699488049,17,1
2024-02,2024-03,information,5,0.019242561232263082,17,1
2024-03,2024-04,attention,1,0.01949898752850538,180,1
2024-03,2024-04,attention,2,0.023227964985715503,180,1
2024-03,2024-04,attention,3,0.02466812820890477,181,1
2024-03,2024-04,attention,4,0.02153645180982388,180,1
2024-03,2024-04,attention,5,0.01947460475368407,181,1
2024-03,2024-04,baseline,1,0.021403514744473908,763,1
2024-03,2024-04,baseline,2,0.022310942733282185,763,1
2024-03,2024-04,baseline,3,0.020418843203118056,764,1
2024-03,2024-04,baseline,4,0.024060425631277357,763,1
2024-03,2024-04,baseline,5,0.026933782311090133,764,1
2024-03,2024-04,information,1,0.018192762558627593,14,1
2024-03,2024-04,information,2,0.01735015362961814,14,1
2024-03,2024-04,information,3,0.014374781599336781,14,1
2024-03,2024-04,information,4,0.019691172835949455,14,1
2024-03,2024-04,information,5,0.026669103194371824,14,1
2024-04,2024-05,attention,1,0.0330261279442388,128,1
2024-04,2024-05,attention,2,0.032831519335223616,129,1
2024-04,2024-05,attention,3,0.028582107126591694,129,1
2024-04,2024-05,attention,4,0.023400798664155006,129,1
2024-04,2024-05,attention,5,0.03574971255020854,129,1
2024-04,2024-05,baseline,1,0.02155783276861684,698,1
2024-04,2024-05,baseline,2,0.017286732861715164,699,1
2024-04,2024-05,baseline,3,0.019488649154292843,700,1
2024-04,2024-05,baseline,4,0.01941026124806525,698,1
2024-04,2024-05,baseline,5,0.020049471819878147,700,1
2024-04,2024-05,information,1,0.02572960446431782,134,1
2024-04,2024-05,information,2,0.01970357967942936,135,1
2024-04,2024-05,information,3,0.024031013488828443,135,1
2024-04,2024-05,information,4,0.020974300274957343,135,1
2024-04,2024-05,information,5,0.030648045681534664,135,1
2024-05,2024-06,attention,1,-0.01936088900572991,141,1
2024-05,2024-06,attention,2,-0.02005211396719391,141,1
2024-05,2024-06,attention,3,-0.01555685229994052,142,1
2024-05,2024-06,attention,4,-0.017962043411924655,141,1
2024-05,2024-06,attention,5,-0.01930930028800809,142,1
2024-05,2024-06,baseline,1,-0.017096548958997922,790,1
2024-05,2024-06,baseline,2,-0.016843020143782212,790,1
2024-05,2024-06,baseline,3,-0.015952268355483842,790,1
2024-05,2024-06,baseline,4,-0.01762240050660964,790,1
2024-05,2024-06,baseline,5,-0.022201274631270352,791,1
2024-05,2024-06,information,1,-0.01956665762824783,23,1
2024-05,2024-06,information,2,-0.018437057551240005,24,1
2024-05,2024-06,information,3,-0.02960344794627286,23,1
2024-05,2024-06,information,4,-0.014183571305246348,24,1
2024-05,2024-06,information,5,-0.019428946719835933,24,1
2024-06,2024-07,attention,1,-0.0003995370305428161,85,1
2024-06,2024-07,attention,2,0.006939748213700829,85,1
2024-06,2024-07,attention,3,-0.004502591496769797,85,1
2024-06,2024-07,attention,4,-0.0016431651403854798,85,1
2024-06,2024-07,attention,5,-0.0005081382449310491,85,1
2024-06,2024-07,baseline,1,0.01015248427339671,850,1
2024-06,2024-07,baseline,2,0.009549264318848064,852,1
2024-06,2024-07,baseline,3,0.009826388879908889,852,1
2024-06,2024-07,baseline,4,0.009314011578959436,851,1
2024-06,2024-07,baseline,5,0.008792980319675502,852,1
2024-06,2024-07,information,1,-0.0038343691305526167,28,1
2024-06,2024-07,information,2,0.01155960199235775,28,1
2024-06,2024-07,information,3,0.005676874659027256,28,1
2024-06,2024-07,information,4,0.00768909488308382,28,1
2024-06,2024-07,information,5,4.765553406300376e-05,28,1
2024-07,2024-08,attention,1,0.0036824778833316725,84,1
2024-07,2024-08,attention,2,-0.0015321626154945799,85,1
2024-07,2024-08,attention,3,0.0019086830726658464,84,1
2024-07,2024-08,attention,4,0.004393523762396496,85,1
2024-07,2024-08,attention,5,0.0006240240088939864,85,1
2024-07,2024-08,baseline,1,0.00376175290222155,849,1
2024-07,2024-08,baseline,2,-0.0009253752868000637,852,1
2024-07,2024-08,baseline,3,-0.0007085620026665703,851,1
2024-07,2024-08,baseline,4,-0.00033631584297188507,852,1
2024-07,2024-08,baseline,5,0.001393893106153379,850,1
2024-07,2024-08,information,1,0.002794931994528926,36,1
2024-07,2024-08,information,2,-0.0038020374059449125,36,1
2024-07,2024-08,information,3,-0.004228910537007595,36,1
2024-07,2024-08,information,4,0.0011135307155274105,36,1
2024-07,2024-08,information,5,-0.0014811473041950617,36,1
2024-08,2024-09,attention,1,-0.021130438428002163,96,1
2024-08,2024-09,attention,2,-0.018266269243515876,97,1
2024-08,2024-09,attention,3,-0.016775313779397158,96,1
2024-08,2024-09,attention,4,-0.01673191865639376,97,1
2024-08,2024-09,attention,5,-0.016279653023430648,97,1
2024-08,2024-09,baseline,1,-0.0189725950178979,832,1
2024-08,2024-09,baseline,2,-0.01902679244355686,833,1
2024-08,2024-09,baseline,3,-0.01707159346416983,833,1
2024-08,2024-09,baseline,4,-0.016102327999856822,833,1
2024-08,2024-09,baseline,5,-0.014779502025498941,833,1
2024-08,2024-09,information,1,-0.011796414913983812,46,1
2024-08,2024-09,information,2,-0.011499729296433706,47,1
2024-08,2024-09,information,3,-0.009430734293607414,46,1
2024-08,2024-09,information,4,-0.0021606668341482295,47,1
2024-08,2024-09,information,5,-0.0008013393758676918,47,1
2024-09,2024-10,attention,1,0.11625379128645486,195,1
2024-09,2024-10,attention,2,0.1028359562212157,196,1
2024-09,2024-10,attention,3,0.11583837633252815,196,1
2024-09,2024-10,attention,4,0.12295292696605595,196,1
2024-09,2024-10,attention,5,0.1399661562133712,196,1
2024-09,2024-10,baseline,1,0.07334264956821392,767,1
2024-09,2024-10,baseline,2,0.06331975683004935,767,1
2024-09,2024-10,baseline,3,0.0658184808491084,767,1
2024-09,2024-10,baseline,4,0.07556230716306697,767,1
2024-09,2024-10,baseline,5,0.08748961708367343,767,1
2024-09,2024-10,information,1,0.06906261054789398,15,1
2024-09,2024-10,information,2,0.0815983487559565,16,1
2024-09,2024-10,information,3,0.0938727727069615,16,1
2024-09,2024-10,information,4,0.06440776850088019,16,1
2024-09,2024-10,information,5,0.08927311367876506,16,1
2024-10,2024-11,attention,1,-0.04338444096208537,328,1
2024-10,2024-11,attention,2,-0.029128018487522115,329,1
2024-10,2024-11,attention,3,-0.028528362165595393,328,1
2024-10,2024-11,attention,4,-0.0412136350055881,329,1
2024-10,2024-11,attention,5,-0.04500666211894948,329,1
2024-10,2024-11,baseline,1,-0.030412178201348755,594,1
2024-10,2024-11,baseline,2,-0.025478952903615088,594,1
2024-10,2024-11,baseline,3,-0.018283159705886436,594,1
2024-10,2024-11,baseline,4,-0.026817958670056864,594,1
2024-10,2024-11,baseline,5,-0.03570529415522652,594,1
2024-10,2024-11,information,1,-0.01948173730497376,57,1
2024-10,2024-11,information,2,-0.021521049589393135,58,1
2024-10,2024-11,information,3,-0.018707680915162606,57,1
2024-10,2024-11,information,4,-0.01971138739677836,58,1
2024-10,2024-11,information,5,-0.03734032108453936,58,1
2024-11,2024-12,attention,1,0.02302741275912215,250,1
2024-11,2024-12,attention,2,0.0211351675180986,251,1
2024-11,2024-12,attention,3,0.01924939456477732,250,1
2024-11,2024-12,attention,4,0.01763322082274446,251,1
2024-11,2024-12,attention,5,0.022525929873126096,251,1
2024-11,2024-12,baseline,1,0.027080452988756727,715,1
2024-11,2024-12,baseline,2,0.022357860690876998,716,1
2024-11,2024-12,baseline,3,0.01796705252134299,716,1
2024-11,2024-12,baseline,4,0.02034564848746214,716,1
2024-11,2024-12,baseline,5,0.02197968314192208,716,1
2024-11,2024-12,information,1,0.031080383818142605,15,1
2024-11,2024-12,information,2,0.015208720215827724,15,1
2024-11,2024-12,information,3,0.01361342307956736,15,1
2024-11,2024-12,information,4,0.03050131751133282,15,1
2024-11,2024-12,information,5,0.024508125016277717,15,1
2024-12,2025-01,attention,1,0.0053235097877662035,135,1
2024-12,2025-01,attention,2,-0.01512089439432194,136,1
2024-12,2025-01,attention,3,-0.017197256760001865,135,1
2024-12,2025-01,attention,4,-0.01947254758640893,136,1
2024-12,2025-01,attention,5,-0.0220976575085925,136,1
2024-12,2025-01,baseline,1,-0.00951518713449515,843,1
2024-12,2025-01,baseline,2,-0.02166385717555102,844,1
2024-12,2025-01,baseline,3,-0.021625857463415166,843,1
2024-12,2025-01,baseline,4,-0.022680712589816885,844,1
2024-12,2025-01,baseline,5,-0.019909483982732293,844,1
2024-12,2025-01,information,1,-0.020409419556609937,4,1
2024-12,2025-01,information,2,-0.015153029918561245,5,1
2024-12,2025-01,information,3,-0.0209290854531948,4,1
2024-12,2025-01,information,4,-0.03330505880006847,5,1
2024-12,2025-01,information,5,-0.0008832180802113232,5,1
2025-01,2025-02,attention,1,-0.009853684940911794,45,1
2025-01,2025-02,attention,2,0.011145381470076916,45,1
2025-01,2025-02,attention,3,0.0011842319660680205,45,1
2025-01,2025-02,attention,4,-0.0012855607267222742,45,1
2025-01,2025-02,attention,5,0.004991593746655995,46,1
2025-01,2025-02,baseline,1,0.011547555208251396,920,1
2025-01,2025-02,baseline,2,0.006797895813742505,920,1
2025-01,2025-02,baseline,3,0.005440992866366345,920,1
2025-01,2025-02,baseline,4,0.010298298226292923,920,1
2025-01,2025-02,baseline,5,0.018119044717632996,921,1
2025-01,2025-02,information,1,0.009053928631076487,19,1
2025-01,2025-02,information,2,0.011019306756906261,20,1
2025-01,2025-02,information,3,0.02397808948243496,19,1
2025-01,2025-02,information,4,0.00239949714091387,20,1
2025-01,2025-02,information,5,0.04379199437550939,20,1
2025-02,2025-03,attention,1,0.00415504686365663,138,1
2025-02,2025-03,attention,2,0.0038952553732012644,138,1
2025-02,2025-03,attention,3,0.006736150574743204,138,1
2025-02,2025-03,attention,4,0.00770052280394547,138,1
2025-02,2025-03,attention,5,0.000431079690855109,139,1
2025-02,2025-03,baseline,1,0.000688831400519278,839,1
2025-02,2025-03,baseline,2,0.006609419067478046,839,1
2025-02,2025-03,baseline,3,0.0058063101760213245,839,1
2025-02,2025-03,baseline,4,0.005920768338583202,838,1
2025-02,2025-03,baseline,5,0.0033685063707519546,839,1
2025-02,2025-03,information,1,-0.020849096995683405,9,1
2025-02,2025-03,information,2,-0.00498544459121301,9,1
2025-02,2025-03,information,3,0.007594845901384422,9,1
2025-02,2025-03,information,4,0.00963613785491905,9,1
2025-02,2025-03,information,5,0.0033024375249929663,9,1
2025-03,2025-04,attention,1,0.009938670631090106,162,1
2025-03,2025-04,attention,2,0.012202507008684124,162,1
2025-03,2025-04,attention,3,0.01484515373392757,162,1
2025-03,2025-04,attention,4,0.01987533826831415,162,1
2025-03,2025-04,attention,5,0.013758199190113046,162,1
2025-03,2025-04,baseline,1,0.0029863421079653965,813,1
2025-03,2025-04,baseline,2,0.009884237372992186,814,1
2025-03,2025-04,baseline,3,0.012247689347668374,813,1
2025-03,2025-04,baseline,4,0.01389062200966397,814,1
2025-03,2025-04,baseline,5,0.014788302202272369,814,1
2025-03,2025-04,information,1,0.01704269837111175,11,1
2025-03,2025-04,information,2,0.015588510131252953,11,1
2025-03,2025-04,information,3,0.018085022587027894,12,1
2025-03,2025-04,information,4,0.007128617000981804,11,1
2025-03,2025-04,information,5,0.006245345954363796,12,1
2025-04,2025-05,attention,1,0.0226896605058541,112,1
2025-04,2025-05,attention,2,0.01883741761302954,113,1
2025-04,2025-05,attention,3,0.01694949621472551,113,1
2025-04,2025-05,attention,4,0.009978884137737632,113,1
2025-04,2025-05,attention,5,0.018223131529180682,113,1
2025-04,2025-05,baseline,1,0.03199607558892282,802,1
2025-04,2025-05,baseline,2,0.02845297696613149,803,1
2025-04,2025-05,baseline,3,0.02719416185764822,803,1
2025-04,2025-05,baseline,4,0.02560777382035324,803,1
2025-04,2025-05,baseline,5,0.03077285330691073,803,1
2025-04,2025-05,information,1,0.02511697897288129,71,1
2025-04,2025-05,information,2,0.02177663807546597,71,1
2025-04,2025-05,information,3,0.018026760773375672,71,1
2025-04,2025-05,information,4,0.025812267291459867,71,1
2025-04,2025-05,information,5,0.034725279470127414,71,1
2025-05,2025-06,attention,1,0.02096561857339785,109,1
2025-05,2025-06,attention,2,0.010092754265995594,110,1
2025-05,2025-06,attention,3,0.00915266803645896,109,1
2025-05,2025-06,attention,4,0.013616599523312416,110,1
2025-05,2025-06,attention,5,0.014706618403446062,110,1
2025-05,2025-06,baseline,1,0.01279511723484456,849,1
2025-05,2025-06,baseline,2,0.008103079266833069,850,1
2025-05,2025-06,baseline,3,0.005236072605114676,849,1
2025-05,2025-06,baseline,4,0.005563436317857266,850,1
2025-05,2025-06,baseline,5,0.006921869411208849,849,1
2025-05,2025-06,information,1,0.025716142256222946,14,1
2025-05,2025-06,information,2,0.026263670022567662,14,1
2025-05,2025-06,information,3,0.017721246264828835,15,1
2025-05,2025-06,information,4,0.0034932372559210606,14,1
2025-05,2025-06,information,5,0.006472563703806237,15,1
2025-06,2025-07,attention,1,0.00491573460485896,130,1
2025-06,2025-07,attention,2,0.006043955653939674,130,1
2025-06,2025-07,attention,3,0.006574936191631605,130,1
2025-06,2025-07,attention,4,0.002261321906825274,130,1
2025-06,2025-07,attention,5,0.005489604889277306,131,1
2025-06,2025-07,baseline,1,0.003112046813224813,833,1
2025-06,2025-07,baseline,2,0.0016509653832251171,834,1
2025-06,2025-07,baseline,3,0.004177774851173659,834,1
2025-06,2025-07,baseline,4,0.004665075800156432,834,1
2025-06,2025-07,baseline,5,0.004064084949075388,835,1
2025-06,2025-07,information,1,-0.00159184383935655,14,1
2025-06,2025-07,information,2,0.008015736059332907,14,1
2025-06,2025-07,information,3,0.006936388426156714,15,1
2025-06,2025-07,information,4,-0.0016321136563878552,14,1
2025-06,2025-07,information,5,0.013126723847627097,15,1
2025-07,2025-08,attention,1,0.000298325288907726,181,1
2025-07,2025-08,attention,2,-0.0004002521703911824,182,1
2025-07,2025-08,attention,3,0.0040794691479020375,182,1
2025-07,2025-08,attention,4,0.008078023744406443,182,1
2025-07,2025-08,attention,5,0.006926966307015039,182,1
2025-07,2025-08,baseline,1,0.00021924424244987122,780,1
2025-07,2025-08,baseline,2,0.006171553994711835,781,1
2025-07,2025-08,baseline,3,0.006109263740908762,780,1
2025-07,2025-08,baseline,4,0.005896972737433827,781,1
2025-07,2025-08,baseline,5,0.007659402703515927,777,1
2025-07,2025-08,information,1,0.0015211208537141484,17,1
2025-07,2025-08,information,2,-9.337325934557887e-05,17,1
2025-07,2025-08,information,3,0.00327370265604059,17,1
2025-07,2025-08,information,4,0.0043255821281340204,17,1
2025-07,2025-08,information,5,0.0038307734590194856,17,1
2025-08,2025-09,attention,1,0.007423868892472588,165,1
2025-08,2025-09,attention,2,0.009940788913013868,165,1
2025-08,2025-09,attention,3,0.009473249369676444,165,1
2025-08,2025-09,attention,4,0.010997146870440472,165,1
2025-08,2025-09,attention,5,0.013292678723328594,165,1
2025-08,2025-09,baseline,1,0.010026747566704365,764,1
2025-08,2025-09,baseline,2,0.007981619870603111,764,1
2025-08,2025-09,baseline,3,0.009086696804623963,765,1
2025-08,2025-09,baseline,4,0.00878030824039343,764,1
2025-08,2025-09,baseline,5,0.011504018531501296,765,1
2025-08,2025-09,information,1,0.008494053802560408,50,1
2025-08,2025-09,information,2,0.009641709024781914,50,1
2025-08,2025-09,information,3,0.004322188117575161,50,1
2025-08,2025-09,information,4,0.009569491935072092,50,1
2025-08,2025-09,information,5,0.025828712196320467,51,1
2025-09,2025-10,attention,1,0.006447625718531679,155,1
2025-09,2025-10,attention,2,0.005041723571159058,155,1
2025-09,2025-10,attention,3,0.011692072680604085,155,1
2025-09,2025-10,attention,4,0.012298982246796694,155,1
2025-09,2025-10,attention,5,0.022145445537968222,155,1
2025-09,2025-10,baseline,1,0.004398628477476127,812,1
2025-09,2025-10,baseline,2,0.006271402768416801,813,1
2025-09,2025-10,baseline,3,0.007633657175617392,812,1
2025-09,2025-10,baseline,4,0.009649915501902025,813,1
2025-09,2025-10,baseline,5,0.008342341320351984,813,1
2025-09,2025-10,information,1,0.011889372766020884,13,1
2025-09,2025-10,information,2,0.007227027761546447,13,1
2025-09,2025-10,information,3,0.001994160106952636,14,1
2025-09,2025-10,information,4,0.01566264391035984,13,1
2025-09,2025-10,information,5,0.0208315588718958,14,1
2025-10,2025-11,attention,1,0.014234637499246675,78,1
2025-10,2025-11,attention,2,0.0160532778005185,79,1
2025-10,2025-11,attention,3,0.006453538745405039,78,1
2025-10,2025-11,attention,4,0.0029523198617078905,79,1
2025-10,2025-11,attention,5,0.008958617975026993,79,1
2025-10,2025-11,baseline,1,0.006142986080701179,843,1
2025-10,2025-11,baseline,2,0.007175225514208241,845,1
2025-10,2025-11,baseline,3,0.008612222669831296,845,1
2025-10,2025-11,baseline,4,0.006505050365943016,845,1
2025-10,2025-11,baseline,5,0.00925123363436348,845,1
2025-10,2025-11,information,1,0.0016719718234199223,58,1
2025-10,2025-11,information,2,0.00881702852770523,58,1
2025-10,2025-11,information,3,0.005742369218595035,58,1
2025-10,2025-11,information,4,0.007526644317798024,58,1
2025-10,2025-11,information,5,0.007597293216790554,58,1
2025-11,2025-12,attention,1,0.0026636046350531485,111,1
2025-11,2025-12,attention,2,0.009222908732441323,111,1
2025-11,2025-12,attention,3,0.0045866270275700055,112,1
2025-11,2025-12,attention,4,-0.0004769436859827255,111,1
2025-11,2025-12,attention,5,0.0017010385501688122,112,1
2025-11,2025-12,baseline,1,0.006516163527104045,865,1
2025-11,2025-12,baseline,2,0.008870724548024143,865,1
2025-11,2025-12,baseline,3,0.008118053726204498,865,1
2025-11,2025-12,baseline,4,0.006420229306680754,865,1
2025-11,2025-12,baseline,5,0.0037099060081103906,866,1
2025-11,2025-12,information,1,0.014813787034655568,5,1
2025-11,2025-12,information,2,-0.00540079723531266,5,1
2025-11,2025-12,information,3,0.009983551723374636,6,1
2025-11,2025-12,information,4,0.005650554428712762,5,1
2025-11,2025-12,information,5,0.002828584486496329,6,1
2025-12,2026-01,attention,1,0.017394667698411928,129,1
2025-12,2026-01,attention,2,0.01919542358589037,129,1
2025-12,2026-01,attention,3,0.017740419323285534,130,1
2025-12,2026-01,attention,4,0.014243085976230458,129,1
2025-12,2026-01,attention,5,0.014605164222100803,130,1
2025-12,2026-01,baseline,1,0.017019173334430093,853,1
2025-12,2026-01,baseline,2,0.01689818670912656,854,1
2025-12,2026-01,baseline,3,0.015053047782446172,854,1
2025-12,2026-01,baseline,4,0.01735367211520764,854,1
2025-12,2026-01,baseline,5,0.017877155325747053,854,1
2025-12,2026-01,information,1,0.013108614232209659,1,1
2025-12,2026-01,information,2,0.027027027027026973,1,1
2025-12,2026-01,information,3,-0.009433962264150941,1,1
2025-12,2026-01,information,4,0.0066265060240964235,1,1
2025-12,2026-01,information,5,-0.011232827511897248,2,1
2026-01,2026-02,attention,1,-0.025752129308902295,260,1
2026-01,2026-02,attention,2,-0.02628284045430998,260,1
2026-01,2026-02,attention,3,-0.03035273764751975,261,1
2026-01,2026-02,attention,4,-0.030073897181289208,260,1
2026-01,2026-02,attention,5,-0.028463037609865238,261,1
2026-01,2026-02,baseline,1,-0.01970410792934735,700,1
2026-01,2026-02,baseline,2,-0.023903937197207705,701,1
2026-01,2026-02,baseline,3,-0.02176553326335022,700,1
2026-01,2026-02,baseline,4,-0.02124554603463189,701,1
2026-01,2026-02,baseline,5,-0.025193755507858993,700,1
2026-01,2026-02,information,1,-0.027534955893949498,24,1
2026-01,2026-02,information,2,-0.027747414100164406,25,1
2026-01,2026-02,information,3,-0.02949614478053802,24,1
2026-01,2026-02,information,4,-0.02710375834475534,25,1
2026-01,2026-02,information,5,-0.028994175330903937,25,1
2026-02,2026-03,attention,1,-0.0073519560763239235,103,1
2026-02,2026-03,attention,2,-0.015538625122898393,103,1
2026-02,2026-03,attention,3,-0.013084582938372023,104,1
2026-02,2026-03,attention,4,-0.01320859702044278,103,1
2026-02,2026-03,attention,5,-0.018478552129859938,104,1
2026-02,2026-03,baseline,1,-0.011912874367619746,871,1
2026-02,2026-03,baseline,2,-0.01603794890269022,871,1
2026-02,2026-03,baseline,3,-0.01835191622637488,871,1
2026-02,2026-03,baseline,4,-0.018300565520163844,871,1
2026-02,2026-03,baseline,5,-0.019330492353708952,871,1
2026-02,2026-03,information,1,0.0023337108313269627,10,1
2026-02,2026-03,information,2,-0.021357611061460037,11,1
2026-02,2026-03,information,3,-0.013767908245863913,10,1
2026-02,2026-03,information,4,-0.008284819551809253,11,1
2026-02,2026-03,information,5,-0.016322903291044254,11,1
2026-03,2026-04,attention,1,0.015813451663895372,161,1
2026-03,2026-04,attention,2,0.013081333729131459,161,1
2026-03,2026-04,attention,3,0.011231157968933134,161,1
2026-03,2026-04,attention,4,0.010717082106506168,161,1
2026-03,2026-04,attention,5,0.010208884423973887,161,1
2026-03,2026-04,baseline,1,0.019238441969860347,805,1
2026-03,2026-04,baseline,2,0.018435694302149388,805,1
2026-03,2026-04,baseline,3,0.018429764326575154,805,1
2026-03,2026-04,baseline,4,0.017087471882920674,805,1
2026-03,2026-04,baseline,5,0.017101043267247037,806,1
2026-03,2026-04,information,1,0.02367599503637879,21,1
2026-03,2026-04,information,2,0.012394744838846944,22,1
2026-03,2026-04,information,3,0.0109564895338213,22,1
2026-03,2026-04,information,4,0.023172826373961893,22,1
2026-03,2026-04,information,5,0.010641183156588603,22,1
2026-04,2026-05,attention,1,0.008664933261899046,100,1
2026-04,2026-05,attention,2,0.01184170078990833,101,1
2026-04,2026-05,attention,3,0.01624563243699246,101,1
2026-04,2026-05,attention,4,0.018003392450768003,101,1
2026-04,2026-05,attention,5,0.01766694813000017,101,1
2026-04,2026-05,baseline,1,0.011480167720730365,776,1
2026-04,2026-05,baseline,2,0.01039890815848232,779,1
2026-04,2026-05,baseline,3,0.011653764951782256,779,1
2026-04,2026-05,baseline,4,0.015213509796256101,779,1
2026-04,2026-05,baseline,5,0.023706966348033435,779,1
2026-04,2026-05,information,1,0.01049384572149862,111,1
2026-04,2026-05,information,2,0.007979339550744084,111,1
2026-04,2026-05,information,3,0.011706329042167478,111,1
2026-04,2026-05,information,4,0.014701870386641488,111,1
2026-04,2026-05,information,5,0.02699288467285657,112,1
2026-05,2026-06,attention,1,-0.005398058940234829,183,1
2026-05,2026-06,attention,2,0.005568934236224097,183,1
2026-05,2026-06,attention,3,0.002484993417665697,184,1
2026-05,2026-06,attention,4,0.009017873377673407,183,1
2026-05,2026-06,attention,5,-0.007046523232842854,184,1
2026-05,2026-06,baseline,1,0.007294468128956626,752,1
2026-05,2026-06,baseline,2,0.012379905599013558,752,1
2026-05,2026-06,baseline,3,0.016545812851811444,753,1
2026-05,2026-06,baseline,4,0.017224750194537113,752,1
2026-05,2026-06,baseline,5,0.006801679959482412,753,1
2026-05,2026-06,information,1,0.006775574645893292,39,1
2026-05,2026-06,information,2,0.01066607422614601,39,1
2026-05,2026-06,information,3,0.012268537253294479,40,1
2026-05,2026-06,information,4,-0.0028717715423992683,39,1
2026-05,2026-06,information,5,0.012523869487387734,40,1
2026-06,2026-07,attention,1,0.019228463197937726,158,1
2026-06,2026-07,attention,2,0.014477425579676144,158,1
2026-06,2026-07,attention,3,0.027971185071489584,158,1
2026-06,2026-07,attention,4,0.024270007799770205,158,1
2026-06,2026-07,attention,5,0.019713915052125622,158,1
2026-06,2026-07,baseline,1,0.01783612804236623,772,1
2026-06,2026-07,baseline,2,0.022067953581507663,777,1
2026-06,2026-07,baseline,3,0.02412784583797751,777,1
2026-06,2026-07,baseline,4,0.022433061436878562,777,1
2026-06,2026-07,baseline,5,0.01618127597293671,778,1
2026-06,2026-07,information,1,0.011625840968340611,49,1
2026-06,2026-07,information,2,0.022514327793407275,49,1
2026-06,2026-07,information,3,0.024916202111104395,49,1
2026-06,2026-07,information,4,0.021356696025142282,49,1
2026-06,2026-07,information,5,0.006645335428850401,49,1
2010-01,2010-02,baseline,1,-0.016112185137623376,287,5
2010-01,2010-02,baseline,2,-0.009639922937923501,287,5
2010-01,2010-02,baseline,3,-0.014447870130447932,288,5
2010-01,2010-02,baseline,4,-0.014107693272312195,287,5
2010-01,2010-02,baseline,5,-0.008390202080341781,288,5
2010-02,2010-03,baseline,1,-0.013716627557624397,287,5
2010-02,2010-03,baseline,2,-0.002280641947823994,289,5
2010-02,2010-03,baseline,3,-0.0029041851746126903,287,5
2010-02,2010-03,baseline,4,-0.0019713066354751026,289,5
2010-02,2010-03,baseline,5,-0.0007284608138908317,289,5
2010-03,2010-04,baseline,1,0.021824340407519013,287,5
2010-03,2010-04,baseline,2,0.024525491365580295,288,5
2010-03,2010-04,baseline,3,0.021283300205475777,288,5
2010-03,2010-04,baseline,4,0.022660860939207193,288,5
2010-03,2010-04,baseline,5,0.02511243089969493,288,5
2010-04,2010-05,baseline,1,-0.041138459800950114,287,5
2010-04,2010-05,baseline,2,-0.03989460065543911,287,5
2010-04,2010-05,baseline,3,-0.034973274078151206,288,5
2010-04,2010-05,baseline,4,-0.04262081279350186,287,5
2010-04,2010-05,baseline,5,-0.05164355659053929,288,5
2010-05,2010-06,baseline,1,-0.0027213829331676435,282,5
2010-05,2010-06,baseline,2,-0.008961585995347729,282,5
2010-05,2010-06,baseline,3,-0.01115628091512982,282,5
2010-05,2010-06,baseline,4,-0.007884031243998049,282,5
2010-05,2010-06,baseline,5,-0.01409927002944305,283,5
2010-06,2010-07,baseline,1,0.027366193477106334,283,5
2010-06,2010-07,baseline,2,0.01943348844470918,283,5
2010-06,2010-07,baseline,3,0.014697968682536769,283,5
2010-06,2010-07,baseline,4,0.016576700500369253,283,5
2010-06,2010-07,baseline,5,0.013896414184967263,284,5
2010-07,2010-08,baseline,1,0.0344749857816178,283,5
2010-07,2010-08,baseline,2,0.036369751888654656,284,5
2010-07,2010-08,baseline,3,0.03819450494227363,283,5
2010-07,2010-08,baseline,4,0.03579011883131383,284,5
2010-07,2010-08,baseline,5,0.035953524907687724,284,5
2010-08,2010-09,baseline,1,0.023370911315763663,285,5
2010-08,2010-09,baseline,2,0.027864822050021627,285,5
2010-08,2010-09,baseline,3,0.02772532246470964,286,5
2010-08,2010-09,baseline,4,0.02919461635296387,285,5
2010-08,2010-09,baseline,5,0.024626426361290737,286,5
2010-09,2010-10,baseline,1,-4.038578721271133e-05,288,5
2010-09,2010-10,baseline,2,0.01121185665682172,288,5
2010-09,2010-10,baseline,3,0.02334114506767758,289,5
2010-09,2010-10,baseline,4,0.03984114458877072,288,5
2010-09,2010-10,baseline,5,0.0524780430513826,289,5
2010-10,2010-11,baseline,1,0.04767095966898952,288,5
2010-10,2010-11,baseline,2,0.04797120733591333,289,5
2010-10,2010-11,baseline,3,0.04771893065405704,288,5
2010-10,2010-11,baseline,4,0.05645286879270117,289,5
2010-10,2010-11,baseline,5,0.05270269770271259,289,5
2010-11,2010-12,baseline,1,-5.911516590715398e-05,296,5
2010-11,2010-12,baseline,2,0.0007036360982805173,296,5
2010-11,2010-12,baseline,3,0.008522235782756215,297,5
2010-11,2010-12,baseline,4,0.0023973051930642536,296,5
2010-11,2010-12,baseline,5,0.0066718981832975316,297,5
2010-12,2011-01,baseline,1,-0.016026806188417897,303,5
2010-12,2011-01,baseline,2,-0.012858611106352823,303,5
2010-12,2011-01,baseline,3,-0.011996720332143645,303,5
2010-12,2011-01,baseline,4,-0.011278998431187116,303,5
2010-12,2011-01,baseline,5,-0.011338632216262776,303,5
2011-01,2011-02,attention,1,0.013582881052127719,6,5
2011-01,2011-02,attention,2,0.048714044974894545,6,5
2011-01,2011-02,attention,3,0.0655228297292318,7,5
2011-01,2011-02,attention,4,0.02945608982400431,6,5
2011-01,2011-02,attention,5,0.016254410874080732,7,5
2011-01,2011-02,baseline,1,0.06026655338680711,297,5
2011-01,2011-02,baseline,2,0.052862691015458554,298,5
2011-01,2011-02,baseline,3,0.05564762945436806,297,5
2011-01,2011-02,baseline,4,0.05820589670306518,298,5
2011-01,2011-02,baseline,5,0.05290509344579271,298,5
2011-01,2011-02,information,1,0.03652624793605628,5,5
2011-01,2011-02,information,2,0.03871224472930126,5,5
2011-01,2011-02,information,3,0.05313331449058641,6,5
2011-01,2011-02,information,4,0.04744284266647854,5,5
2011-01,2011-02,information,5,0.031735170132387615,6,5
2011-02,2011-03,attention,1,0.015359409711624932,22,5
2011-02,2011-03,attention,2,0.02267643589030923,23,5
2011-02,2011-03,attention,3,0.015211818061888845,22,5
2011-02,2011-03,attention,4,0.012121013899866953,23,5
2011-02,2011-03,attention,5,0.0032240265869313083,23,5
2011-02,2011-03,baseline,1,0.009796360975177092,287,5
2011-02,2011-03,baseline,2,0.016751248430532068,289,5
2011-02,2011-03,baseline,3,0.015128353313706286,288,5
2011-02,2011-03,baseline,4,0.018921160069972857,289,5
2011-02,2011-03,baseline,5,0.010279525506758801,289,5
2011-02,2011-03,information,1,-0.026540671969131235,2,5
2011-02,2011-03,information,2,0.017114890499221363,3,5
2011-02,2011-03,information,3,0.0407503195279025,3,5
2011-02,2011-03,information,4,-0.02874442263817593,3,5
2011-02,2011-03,information,5,-0.022283572232046394,3,5
2011-03,2011-04,attention,1,0.03730021633262354,39,5
2011-03,2011-04,attention,2,0.025168445359361635,39,5
2011-03,2011-04,attention,3,0.012535623922272752,39,5
2011-03,2011-04,attention,4,0.04965486388962381,39,5
2011-03,2011-04,attention,5,0.04000213707649351,40,5
2011-03,2011-04,baseline,1,0.028868033878613763,269,5
2011-03,2011-04,baseline,2,0.023607776558173203,270,5
2011-03,2011-04,baseline,3,0.01934184708737193,270,5
2011-03,2011-04,baseline,4,0.01935666589447879,270,5
2011-03,2011-04,baseline,5,0.021391990528805045,270,5
2011-03,2011-04,information,1,0.07003433183970872,10,5
2011-03,2011-04,information,2,0.01706821934631163,10,5
2011-03,2011-04,information,3,-0.00353540918448384,10,5
2011-03,2011-04,information,4,0.04860303148889872,10,5
2011-03,2011-04,information,5,0.041168187082774435,10,5
2011-04,2011-05,attention,1,0.04839712927049106,19,5
2011-04,2011-05,attention,2,0.02416853943584419,19,5
2011-04,2011-05,attention,3,0.013059797523686972,20,5
2011-04,2011-05,attention,4,0.011788418849271556,19,5
2011-04,2011-05,attention,5,-0.0038270915514000635,20,5
2011-04,2011-05,baseline,1,0.015107893421006026,288,5
2011-04,2011-05,baseline,2,0.0058018240967314064,288,5
2011-04,2011-05,baseline,3,0.007774906988741582,288,5
2011-04,2011-05,baseline,4,0.013328627880343702,288,5
2011-04,2011-05,baseline,5,0.013953973390838854,288,5
2011-04,2011-05,information,1,0.040187079066912684,19,5
2011-04,2011-05,information,2,0.016698879917742607,19,5
2011-04,2011-05,information,3,0.029313800256912763,19,5
2011-04,2011-05,information,4,-0.003908111549668554,19,5
2011-04,2011-05,information,5,0.04566216774340872,19,5
2011-05,2011-06,attention,1,0.049039907543162294,7,5
2011-05,2011-06,attention,2,0.016506916007565136,7,5
2011-05,2011-06,attention,3,0.04164874174562767,7,5
2011-05,2011-06,attention,4,-0.0024699991718418906,7,5
2011-05,2011-06,attention,5,0.004847432782889112,7,5
2011-05,2011-06,baseline,1,0.044008218684791774,316,5
2011-05,2011-06,baseline,2,0.03234052057300976,316,5
2011-05,2011-06,baseline,3,0.022806872492004308,317,5
2011-05,2011-06,baseline,4,0.01993977510707005,316,5
2011-05,2011-06,baseline,5,0.018448238775920858,317,5
2011-05,2011-06,information,1,0.015092444185513273,6,5
2011-05,2011-06,information,2,0.036478276815801465,7,5
2011-05,2011-06,information,3,0.023052912077610992,6,5
2011-05,2011-06,information,4,0.008936614133122791,7,5
2011-05,2011-06,information,5,-0.006004261505071241,7,5
2011-06,2011-07,attention,1,0.003712871287128605,1,5
2011-06,2011-07,attention,2,0.04025256511444364,1,5
2011-06,2011-07,attention,3,-0.01856763925729432,1,5
2011-06,2011-07,attention,4,0.04022878932316498,1,5
2011-06,2011-07,attention,5,0.011103064881866687,2,5
2011-06,2011-07,baseline,1,0.04000089047517207,332,5
2011-06,2011-07,baseline,2,0.0374912614961345,332,5
2011-06,2011-07,baseline,3,0.04133365824477205,332,5
2011-06,2011-07,baseline,4,0.035610430991694864,332,5
2011-06,2011-07,baseline,5,0.03882332993089952,333,5
2011-06,2011-07,information,1,0.06734296546810788,3,5
2011-06,2011-07,information,2,0.031900743568010016,3,5
2011-06,2011-07,information,3,0.017348699123387806,3,5
2011-06,2011-07,information,4,-0.00131344872381652,3,5
2011-06,2011-07,information,5,0.013707381817943565,4,5
2011-07,2011-08,attention,1,-0.023369806940087966,10,5
2011-07,2011-08,attention,2,0.002523704737236343,10,5
2011-07,2011-08,attention,3,-0.005645812977219949,11,5
2011-07,2011-08,attention,4,-0.026704467582921054,10,5
2011-07,2011-08,attention,5,-0.05121597336247186,11,5
2011-07,2011-08,baseline,1,-0.01775509452257881,322,5
2011-07,2011-08,baseline,2,-0.010590968846666356,323,5
2011-07,2011-08,baseline,3,-0.014136998737621491,322,5
2011-07,2011-08,baseline,4,-0.0159254384754808,323,5
2011-07,2011-08,baseline,5,-0.016067808900041523,323,5
2011-07,2011-08,information,1,-0.010809025364285593,9,5
2011-07,2011-08,information,2,-0.03725262161302227,10,5
2011-07,2011-08,information,3,0.013367583994958243,10,5
2011-07,2011-08,information,4,-0.03014513757160192,10,5
2011-07,2011-08,information,5,-0.01284324314879407,10,5
2011-08,2011-09,attention,1,-0.02767097885388496,22,5
2011-08,2011-09,attention,2,-0.02434513659544863,23,5
2011-08,2011-09,attention,3,-0.032600294937371384,22,5
2011-08,2011-09,attention,4,-0.03424672273298033,23,5
2011-08,2011-09,attention,5,-0.020927698944946668,23,5
2011-08,2011-09,baseline,1,-0.02378897502535336,312,5
2011-08,2011-09,baseline,2,-0.022816546130031146,312,5
2011-08,2011-09,baseline,3,-0.023023121216158158,312,5
2011-08,2011-09,baseline,4,-0.023293537701390858,312,5
2011-08,2011-09,baseline,5,-0.02400518971387778,311,5
2011-08,2011-09,information,1,-0.031701374387256294,15,5
2011-08,2011-09,information,2,-0.020348960339062496,15,5
2011-08,2011-09,information,3,-0.019170784082776025,16,5
2011-08,2011-09,information,4,-0.02772734028526945,15,5
2011-08,2011-09,information,5,-0.021939187217733053,16,5
2011-09,2011-10,attention,1,0.06979025136624158,15,5
2011-09,2011-10,attention,2,0.07154262790771686,16,5
2011-09,2011-10,attention,3,0.051654432653635424,15,5
2011-09,2011-10,attention,4,0.05016539981814021,16,5
2011-09,2011-10,attention,5,0.02887124955928954,16,5
2011-09,2011-10,baseline,1,0.04728936294861113,340,5
2011-09,2011-10,baseline,2,0.03930994047099148,340,5
2011-09,2011-10,baseline,3,0.03419750155566132,340,5
2011-09,2011-10,baseline,4,0.029417164701289265,340,5
2011-09,2011-10,baseline,5,0.03629697383590062,340,5
2011-09,2011-10,information,3,0.03935742971887546,1,5
2011-09,2011-10,information,5,0.012101210121012063,1,5
2011-10,2011-11,attention,1,-0.0025676436589562057,13,5
2011-10,2011-11,attention,2,0.016243647259443664,13,5
2011-10,2011-11,attention,3,0.020568129739442713,14,5
2011-10,2011-11,attention,4,0.02242979290243681,13,5
2011-10,2011-11,attention,5,0.015462964354836286,14,5
2011-10,2011-11,baseline,1,0.029627193478669704,333,5
2011-10,2011-11,baseline,2,0.030356803220864467,333,5
2011-10,2011-11,baseline,3,0.030671845782658306,333,5
2011-10,2011-11,baseline,4,0.0331650894882531,333,5
2011-10,2011-11,baseline,5,0.031032396503378218,333,5
2011-10,2011-11,information,1,0.04271745301463448,13,5
2011-10,2011-11,information,2,0.038112552353420016,14,5
2011-10,2011-11,information,3,0.01842986410999672,13,5
2011-10,2011-11,information,4,0.012494295768089612,14,5
2011-10,2011-11,information,5,0.0487962829797257,14,5
2011-11,2011-12,attention,1,-0.030030253944568815,43,5
2011-11,2011-12,attention,2,-0.03351465039717543,44,5
2011-11,2011-12,attention,3,-0.03070898240023153,43,5
2011-11,2011-12,attention,4,-0.02251208695917094,44,5
2011-11,2011-12,attention,5,-0.03264367723309647,44,5
2011-11,2011-12,baseline,1,-0.0231401577281398,321,5
2011-11,2011-12,baseline,2,-0.026586915867561567,321,5
2011-11,2011-12,baseline,3,-0.024502204171973744,321,5
2011-11,2011-12,baseline,4,-0.024460062384289133,321,5
2011-11,2011-12,baseline,5,-0.02597241714006532,322,5
2011-11,2011-12,information,1,-0.03511235955056169,1,5
2011-11,2011-12,information,2,-0.07180156657963443,1,5
2011-11,2011-12,information,3,-0.04406170752324606,2,5
2011-11,2011-12,information,4,-0.177618069815195,1,5
2011-11,2011-12,information,5,0.012388803149060212,2,5
2011-12,2012-01,attention,1,0.007847341677635178,20,5
2011-12,2012-01,attention,2,0.007101438690966677,20,5
2011-12,2012-01,attention,3,0.005751327034388336,21,5
2011-12,2012-01,attention,4,0.03039485941043668,20,5
2011-12,2012-01,attention,5,0.014133473678556467,21,5
2011-12,2012-01,baseline,1,0.010581707358555539,352,5
2011-12,2012-01,baseline,2,0.02144196157287483,352,5
2011-12,2012-01,baseline,3,0.02306302354015432,353,5
2011-12,2012-01,baseline,4,0.025733770523348454,352,5
2011-12,2012-01,baseline,5,0.025227071688504108,353,5
2012-01,2012-02,attention,1,0.03917277687885863,13,5
2012-01,2012-02,attention,2,0.021004102750257665,14,5
2012-01,2012-02,attention,3,0.01859514510583835,13,5
2012-01,2012-02,attention,4,0.005374167676071137,14,5
2012-01,2012-02,attention,5,-0.003054634175754586,14,5
2012-01,2012-02,baseline,1,0.03745972800085396,360,5
2012-01,2012-02,baseline,2,0.025813885352039753,360,5
2012-01,2012-02,baseline,3,0.01932115313288488,360,5
2012-01,2012-02,baseline,4,0.01754574527794574,360,5
2012-01,2012-02,baseline,5,0.0170610637689365,361,5
2012-01,2012-02,information,1,0.03607308942588605,6,5
2012-01,2012-02,information,2,0.009749238429055285,6,5
2012-01,2012-02,information,3,0.017105097035129524,6,5
2012-01,2012-02,information,4,0.025111035696957402,6,5
2012-01,2012-02,information,5,0.024591303123039903,6,5
2012-02,2012-03,attention,1,0.02238046128124122,42,5
2012-02,2012-03,attention,2,0.014824657665253082,43,5
2012-02,2012-03,attention,3,0.01532965823401341,43,5
2012-02,2012-03,attention,4,0.007180828147066424,43,5
2012-02,2012-03,attention,5,0.003486785553543033,43,5
2012-02,2012-03,baseline,1,0.021012792997111684,337,5
2012-02,2012-03,baseline,2,0.01762114157283833,337,5
2012-02,2012-03,baseline,3,0.013875112917909145,337,5
2012-02,2012-03,baseline,4,0.006316241744245437,337,5
2012-02,2012-03,baseline,5,0.013223347514140534,336,5
2012-02,2012-03,information,1,0.015538280240077706,5,5
2012-02,2012-03,information,2,0.007173399722409694,6,5
2012-02,2012-03,information,3,-0.00207558483703163,5,5
2012-02,2012-03,information,4,0.04695259714279385,6,5
2012-02,2012-03,information,5,0.031590655723993076,6,5
2012-03,2012-04,attention,1,0.0334283440623933,63,5
2012-03,2012-04,attention,2,0.04596702549992771,64,5
2012-03,2012-04,attention,3,0.036503277436935856,63,5
2012-03,2012-04,attention,4,0.034268084920228176,64,5
2012-03,2012-04,attention,5,0.04342230864442359,64,5
2012-03,2012-04,baseline,1,0.05009570308839717,312,5
2012-03,2012-04,baseline,2,0.054991295344471926,313,5
2012-03,2012-04,baseline,3,0.04715267372220207,312,5
2012-03,2012-04,baseline,4,0.04002581585689105,313,5
2012-03,2012-04,baseline,5,0.04304580886867457,312,5
2012-03,2012-04,information,1,0.04836307314518076,16,5
2012-03,2012-04,information,2,0.044514744634545494,16,5
2012-03,2012-04,information,3,0.0387472969533556,17,5
2012-03,2012-04,information,4,0.04701623546229436,16,5
2012-03,2012-04,information,5,0.029851381804056464,17,5
2012-04,2012-05,attention,1,0.0009951153651906752,25,5
2012-04,2012-05,attention,2,0.009216560835792054,25,5
2012-04,2012-05,attention,3,0.0038134487546885687,25,5
2012-04,2012-05,attention,4,0.012516364897785999,25,5
2012-04,2012-05,attention,5,0.0193489615548299,26,5
2012-04,2012-05,baseline,1,0.03550859460572663,335,5
2012-04,2012-05,baseline,2,0.03730656835604761,335,5
2012-04,2012-05,baseline,3,0.038667158503049144,335,5
2012-04,2012-05,baseline,4,0.04023183100135104,335,5
2012-04,2012-05,baseline,5,0.04581092490102826,336,5
2012-04,2012-05,information,1,0.022450155672167987,35,5
2012-04,2012-05,information,2,0.02502894642485647,35,5
2012-04,2012-05,information,3,0.02279901235530235,35,5
2012-04,2012-05,information,4,0.039970495886183066,35,5
2012-04,2012-05,information,5,0.037596024008470556,35,5
2012-05,2012-06,attention,1,-0.04240646688730274,18,5
2012-05,2012-06,attention,2,-0.023298627408630757,19,5
2012-05,2012-06,attention,3,-0.04002872457807559,19,5
2012-05,2012-06,attention,4,-0.032125123148718515,19,5
2012-05,2012-06,attention,5,-0.03686816631202837,19,5
2012-05,2012-06,baseline,1,-0.04803262671959403,371,5
2012-05,2012-06,baseline,2,-0.04496863436136556,372,5
2012-05,2012-06,baseline,3,-0.04497579428607008,371,5
2012-05,2012-06,baseline,4,-0.043739394481184586,372,5
2012-05,2012-06,baseline,5,-0.04116201298511999,372,5
2012-05,2012-06,information,1,-0.03621505714673329,10,5
2012-05,2012-06,information,2,-0.035401228461154004,11,5
2012-05,2012-06,information,3,-0.05212602832181624,11,5
2012-05,2012-06,information,4,-0.045795566492911055,11,5
2012-05,2012-06,information,5,-0.0425754201254644,11,5
2012-06,2012-07,attention,1,0.006926304949958891,7,5
2012-06,2012-07,attention,2,-0.02174434289576729,7,5
2012-06,2012-07,attention,3,-0.009133576535493784,7,5
2012-06,2012-07,attention,4,0.047211267536506,7,5
2012-06,2012-07,attention,5,-0.0037157915426688504,8,5
2012-06,2012-07,baseline,1,0.008322866004468164,393,5
2012-06,2012-07,baseline,2,0.008079361116427616,393,5
2012-06,2012-07,baseline,3,0.004056366909398287,393,5
2012-06,2012-07,baseline,4,0.006523485402991523,393,5
2012-06,2012-07,baseline,5,0.0005208399196006215,394,5
2012-06,2012-07,information,1,0.02242778743511073,8,5
2012-06,2012-07,information,2,0.0017583355508919568,8,5
2012-06,2012-07,information,3,0.04788512788462139,8,5
2012-06,2012-07,information,4,-0.022716355392764412,8,5
2012-06,2012-07,information,5,0.0174700274637229,9,5
2012-07,2012-08,attention,1,0.07936978892996474,10,5
2012-07,2012-08,attention,2,0.08822385311296538,11,5
2012-07,2012-08,attention,3,0.048795003300205586,10,5
2012-07,2012-08,attention,4,0.053014743360764796,11,5
2012-07,2012-08,attention,5,0.07870580126593031,11,5
2012-07,2012-08,baseline,1,0.08060099741970755,376,5
2012-07,2012-08,baseline,2,0.06827450897493913,376,5
2012-07,2012-08,baseline,3,0.062358224538816204,376,5
2012-07,2012-08,baseline,4,0.06020668175630754,376,5
2012-07,2012-08,baseline,5,0.06454289755712081,376,5
2012-07,2012-08,information,1,0.0666106329740253,27,5
2012-07,2012-08,information,2,0.05894944005348667,28,5
2012-07,2012-08,information,3,0.04558540378568107,27,5
2012-07,2012-08,information,4,0.07350579992677932,28,5
2012-07,2012-08,information,5,0.06641876168899365,28,5
2012-08,2012-09,attention,1,0.07024454594841198,32,5
2012-08,2012-09,attention,2,0.059233461452771224,32,5
2012-08,2012-09,attention,3,0.05530606289957633,32,5
2012-08,2012-09,attention,4,0.06352479189766475,32,5
2012-08,2012-09,attention,5,0.055860755899216144,33,5
2012-08,2012-09,baseline,1,0.07353987914882243,371,5
2012-08,2012-09,baseline,2,0.07181742235704448,371,5
2012-08,2012-09,baseline,3,0.06470996473296257,371,5
2012-08,2012-09,baseline,4,0.05884413013121318,371,5
2012-08,2012-09,baseline,5,0.05856209581960205,372,5
2012-08,2012-09,information,1,0.05293281222399351,20,5
2012-08,2012-09,information,2,0.05450114595839215,20,5
2012-08,2012-09,information,3,0.0497916058422452,20,5
2012-08,2012-09,information,4,0.058949662158793395,20,5
2012-08,2012-09,information,5,0.05114539815432167,21,5
2012-09,2012-10,attention,1,0.014239289909361784,56,5
2012-09,2012-10,attention,2,0.0230934864973872,56,5
2012-09,2012-10,attention,3,0.018826891947132385,56,5
2012-09,2012-10,attention,4,0.01506836766583009,56,5
2012-09,2012-10,attention,5,0.004083173348674937,57,5
2012-09,2012-10,baseline,1,0.023029489381403874,371,5
2012-09,2012-10,baseline,2,0.0215959778561698,371,5
2012-09,2012-10,baseline,3,0.02278092726073447,371,5
2012-09,2012-10,baseline,4,0.017948447585947776,371,5
2012-09,2012-10,baseline,5,0.016859522194519923,372,5
2012-09,2012-10,information,1,0.048603929679420954,1,5
2012-09,2012-10,information,2,0.04864864864864882,1,5
2012-09,2012-10,information,3,0.019628099173553792,1,5
2012-09,2012-10,information,4,0.037606837606837695,1,5
2012-09,2012-10,information,5,-0.02450980392156865,1,5
2012-10,2012-11,attention,1,-0.004125490751282706,45,5
2012-10,2012-11,attention,2,0.014384878288618985,45,5
2012-10,2012-11,attention,3,0.020138075035324166,45,5
2012-10,2012-11,attention,4,0.003980441971122696,45,5
2012-10,2012-11,attention,5,0.005613693069377473,45,5
2012-10,2012-11,baseline,1,0.013155980000655118,367,5
2012-10,2012-11,baseline,2,0.015247010911834913,368,5
2012-10,2012-11,baseline,3,0.012995581001449234,368,5
2012-10,2012-11,baseline,4,0.014066681916687394,368,5
2012-10,2012-11,baseline,5,0.012957951848374871,368,5
2012-10,2012-11,information,1,0.004257233431281938,18,5
2012-10,2012-11,information,2,0.017124495832954605,18,5
2012-10,2012-11,information,3,-0.0016420081554848445,18,5
2012-10,2012-11,information,4,0.020564320658962607,18,5
2012-10,2012-11,information,5,0.007780232087203166,19,5
2012-11,2012-12,attention,1,0.05705761499126039,42,5
2012-11,2012-12,attention,2,0.042590495487351575,42,5
2012-11,2012-12,attention,3,0.03400950272064033,42,5
2012-11,2012-12,attention,4,0.04805059746450317,42,5
2012-11,2012-12,attention,5,0.03359696635670485,42,5
2012-11,2012-12,baseline,1,0.04997714650962777,393,5
2012-11,2012-12,baseline,2,0.04793858071923944,394,5
2012-11,2012-12,baseline,3,0.049717591065078955,394,5
2012-11,2012-12,baseline,4,0.04524421889624959,394,5
2012-11,2012-12,baseline,5,0.046927208649308015,394,5
2012-11,2012-12,information,2,0.05678233438485791,1,5
2012-11,2012-12,information,4,0.047210300429184615,1,5
2012-11,2012-12,information,5,0.060693641618496885,1,5
2012-12,2013-01,attention,1,0.03136495085810941,89,5
2012-12,2013-01,attention,2,0.02393066722833577,89,5
2012-12,2013-01,attention,3,0.025010026491910784,89,5
2012-12,2013-01,attention,4,0.012849355542315819,89,5
2012-12,2013-01,attention,5,0.022041570192822546,90,5
2012-12,2013-01,baseline,1,0.028816540028632154,350,5
2012-12,2013-01,baseline,2,0.02933237961968331,350,5
2012-12,2013-01,baseline,3,0.029667874695458864,350,5
2012-12,2013-01,baseline,4,0.031085138907388392,350,5
2012-12,2013-01,baseline,5,0.035779857144146145,350,5
2012-12,2013-01,information,3,0.05346744309158291,1,5
2012-12,2013-01,information,5,0.0015243902439023849,1,5
2013-01,2013-02,attention,1,0.017826096613867227,138,5
2013-01,2013-02,attention,2,0.014685123011823054,139,5
2013-01,2013-02,attention,3,0.01590074632797835,139,5
2013-01,2013-02,attention,4,0.02751002916427567,139,5
2013-01,2013-02,attention,5,0.01992941343667399,139,5
2013-01,2013-02,baseline,1,0.011012186819828369,292,5
2013-01,2013-02,baseline,2,0.017662996931352034,292,5
2013-01,2013-02,baseline,3,0.017437394366209433,292,5
2013-01,2013-02,baseline,4,0.018614238152278917,292,5
2013-01,2013-02,baseline,5,0.019564765856493204,292,5
2013-01,2013-02,information,1,0.015203978911186477,10,5
2013-01,2013-02,information,2,0.03000141309936909,11,5
2013-01,2013-02,information,3,0.004133557198851246,10,5
2013-01,2013-02,information,4,0.01248220594213984,11,5
2013-01,2013-02,information,5,0.018295301858522583,11,5
2013-02,2013-03,attention,1,0.012270616592337072,89,5
2013-02,2013-03,attention,2,0.007117923820199569,90,5
2013-02,2013-03,attention,3,0.013219471854088359,89,5
2013-02,2013-03,attention,4,0.0036591809334473677,90,5
2013-02,2013-03,attention,5,0.005348948060857515,90,5
2013-02,2013-03,baseline,1,0.005097188835965879,344,5
2013-02,2013-03,baseline,2,0.006905505276411147,344,5
2013-02,2013-03,baseline,3,0.006629664132819146,344,5
2013-02,2013-03,baseline,4,0.008572239090096911,344,5
2013-02,2013-03,baseline,5,0.011918676153397811,345,5
2013-02,2013-03,information,1,0.031146818596335103,10,5
2013-02,2013-03,information,2,-0.00903524461023914,11,5
2013-02,2013-03,information,3,0.018578607783456436,11,5
2013-02,2013-03,information,4,0.014127137326278955,11,5
2013-02,2013-03,information,5,0.008914246508300094,11,5
2013-03,2013-04,attention,1,-0.017168390085537125,75,5
2013-03,2013-04,attention,2,-0.009568211259592877,75,5
2013-03,2013-04,attention,3,-0.0066378889989006755,76,5
2013-03,2013-04,attention,4,-0.010603173214043835,75,5
2013-03,2013-04,attention,5,-0.018391387190473583,76,5
2013-03,2013-04,baseline,1,-0.0014631657297965624,351,5
2013-03,2013-04,baseline,2,-0.0028806663748986035,351,5
2013-03,2013-04,baseline,3,0.0015242128481308024,351,5
2013-03,2013-04,baseline,4,-0.0018182776602297041,351,5
2013-03,2013-04,baseline,5,-0.006114184383458529,351,5
2013-03,2013-04,information,1,0.004629089206597464,24,5
2013-03,2013-04,information,2,0.005326220203394304,24,5
2013-03,2013-04,information,3,-0.007395321887772334,24,5
2013-03,2013-04,information,4,0.008587912442841211,24,5
2013-03,2013-04,information,5,-0.009265943095922156,25,5
2013-04,2013-05,attention,1,0.043043310045266264,30,5
2013-04,2013-05,attention,2,0.06857078547796289,31,5
2013-04,2013-05,attention,3,0.03888485614804502,31,5
2013-04,2013-05,attention,4,0.06423666722255239,31,5
2013-04,2013-05,attention,5,0.06614904370590174,31,5
2013-04,2013-05,baseline,1,0.055630195310017325,374,5
2013-04,2013-05,baseline,2,0.05334959278512371,375,5
2013-04,2013-05,baseline,3,0.05419404080084831,375,5
2013-04,2013-05,baseline,4,0.05049509029613762,375,5
2013-04,2013-05,baseline,5,0.05182885935109842,375,5
2013-04,2013-05,information,1,0.07672702631086069,49,5
2013-04,2013-05,information,2,0.0773849330031622,49,5
2013-04,2013-05,information,3,0.04775095534147506,49,5
2013-04,2013-05,information,4,0.05784391071547189,49,5
2013-04,2013-05,information,5,0.05439911287434024,50,5
2013-05,2013-06,attention,1,-0.04639246450395529,108,5
2013-05,2013-06,attention,2,-0.051973969825107186,109,5
2013-05,2013-06,attention,3,-0.05706542184810478,109,5
2013-05,2013-06,attention,4,-0.059403639481406395,109,5
2013-05,2013-06,attention,5,-0.054900503554291255,109,5
2013-05,2013-06,baseline,1,-0.051231093049124744,334,5
2013-05,2013-06,baseline,2,-0.05335867212029627,334,5
2013-05,2013-06,baseline,3,-0.05156074611020923,334,5
2013-05,2013-06,baseline,4,-0.050058827475401295,334,5
2013-05,2013-06,baseline,5,-0.05497929461650051,335,5
2013-05,2013-06,information,1,-0.05437017005511635,18,5
2013-05,2013-06,information,2,-0.06298248645536167,18,5
2013-05,2013-06,information,3,-0.03957879821123295,19,5
2013-05,2013-06,information,4,-0.056962046566322595,18,5
2013-05,2013-06,information,5,-0.05229829752259509,19,5
2013-06,2013-07,attention,1,0.05385946068053711,60,5
2013-06,2013-07,attention,2,0.04287702048485743,60,5
2013-06,2013-07,attention,3,0.03021389477721209,61,5
2013-06,2013-07,attention,4,0.032722620151169085,60,5
2013-06,2013-07,attention,5,0.025067814152854716,61,5
2013-06,2013-07,baseline,1,0.05119676155272771,382,5
2013-06,2013-07,baseline,2,0.042386232308194896,382,5
2013-06,2013-07,baseline,3,0.03948185618896493,383,5
2013-06,2013-07,baseline,4,0.03502192922958091,382,5
2013-06,2013-07,baseline,5,0.029104381386184954,383,5
2013-06,2013-07,information,1,0.0724156060367963,19,5
2013-06,2013-07,information,2,0.054712867700702716,19,5
2013-06,2013-07,information,3,0.02620920094662168,20,5
2013-06,2013-07,information,4,0.02077269078770734,19,5
2013-06,2013-07,information,5,0.01627901363494181,20,5
2013-07,2013-08,attention,1,0.04144482878198492,82,5
2013-07,2013-08,attention,2,0.04012363459489231,82,5
2013-07,2013-08,attention,3,0.046391017553803954,83,5
2013-07,2013-08,attention,4,0.04850362145500792,82,5
2013-07,2013-08,attention,5,0.0500368123064677,83,5
2013-07,2013-08,baseline,1,0.05468189135053277,362,5
2013-07,2013-08,baseline,2,0.04623823644295297,363,5
2013-07,2013-08,baseline,3,0.051166695828677285,362,5
2013-07,2013-08,baseline,4,0.05131442556999474,363,5
2013-07,2013-08,baseline,5,0.04841420439658691,363,5
2013-07,2013-08,information,1,0.0687161742920404,22,5
2013-07,2013-08,information,2,0.06975318123530651,22,5
2013-07,2013-08,information,3,0.04196284356130231,22,5
2013-07,2013-08,information,4,0.03888841870343472,22,5
2013-07,2013-08,information,5,0.03868106450649382,23,5
2013-08,2013-09,attention,1,0.023364769678105756,110,5
2013-08,2013-09,attention,2,0.016913233943636467,110,5
2013-08,2013-09,attention,3,0.018065149523486746,110,5
2013-08,2013-09,attention,4,0.015877630357328077,110,5
2013-08,2013-09,attention,5,0.019627006147877026,110,5
2013-08,2013-09,baseline,1,0.042981912819539926,334,5
2013-08,2013-09,baseline,2,0.03584623224385885,335,5
2013-08,2013-09,baseline,3,0.03923380969942615,334,5
2013-08,2013-09,baseline,4,0.029982459018069983,335,5
2013-08,2013-09,baseline,5,0.04208722418027071,335,5
2013-08,2013-09,information,1,0.058633615086867444,26,5
2013-08,2013-09,information,2,0.004940318719142638,26,5
2013-08,2013-09,information,3,0.04223097715705842,26,5
2013-08,2013-09,information,4,0.024347342166182187,26,5
2013-08,2013-09,information,5,0.01830682834025584,26,5
2013-09,2013-10,attention,1,0.07243169018664602,100,5
2013-09,2013-10,attention,2,0.04988168617205683,101,5
2013-09,2013-10,attention,3,0.04611969933346044,100,5
2013-09,2013-10,attention,4,0.05652213880826163,101,5
2013-09,2013-10,attention,5,0.05617418354198295,101,5
2013-09,2013-10,baseline,1,0.05685414424585526,367,5
2013-09,2013-10,baseline,2,0.04914275828038525,367,5
2013-09,2013-10,baseline,3,0.043333041920786304,367,5
2013-09,2013-10,baseline,4,0.0414970284220909,367,5
2013-09,2013-10,baseline,5,0.05163389910537851,368,5
2013-09,2013-10,information,1,0.10097070979524836,2,5
2013-09,2013-10,information,2,0.013958926955377815,2,5
2013-09,2013-10,information,3,0.05446992173668852,2,5
2013-09,2013-10,information,4,0.006105495103505443,2,5
2013-09,2013-10,information,5,0.08272781117504886,3,5
2013-10,2013-11,attention,1,-0.023228613824864904,70,5
2013-10,2013-11,attention,2,-0.008860849911704964,70,5
2013-10,2013-11,attention,3,-0.0005371568462427494,70,5
2013-10,2013-11,attention,4,-0.006699429560665149,70,5
2013-10,2013-11,attention,5,-0.0004496385191183112,71,5
2013-10,2013-11,baseline,1,0.000291314557163599,363,5
2013-10,2013-11,baseline,2,-0.004695472271780915,364,5
2013-10,2013-11,baseline,3,-0.0046780923859612925,363,5
2013-10,2013-11,baseline,4,-0.0011973968015149897,364,5
2013-10,2013-11,baseline,5,-0.0028858562503917247,364,5
2013-10,2013-11,information,1,-0.00886118099827871,38,5
2013-10,2013-11,information,2,-0.003249451376079521,38,5
2013-10,2013-11,information,3,0.0014761633974047126,38,5
2013-10,2013-11,information,4,-0.012403795311431353,38,5
2013-10,2013-11,information,5,-0.016921957910314527,39,5
2013-11,2013-12,attention,1,-0.06906155675083665,52,5
2013-11,2013-12,attention,2,-0.028544279875616863,53,5
2013-11,2013-12,attention,3,-0.001936305645473801,53,5
2013-11,2013-12,attention,4,0.009922195256149551,53,5
2013-11,2013-12,attention,5,-0.03474256611140511,53,5
2013-11,2013-12,baseline,1,-0.05251376721482776,417,5
2013-11,2013-12,baseline,2,-0.030048708753532025,418,5
2013-11,2013-12,baseline,3,-0.01571643668184731,417,5
2013-11,2013-12,baseline,4,-0.015601042317719438,418,5
2013-11,2013-12,baseline,5,-0.019169527986209755,418,5
2013-11,2013-12,information,2,-0.20565723793677204,1,5
2013-11,2013-12,information,4,0.002617801047120283,1,5
2013-11,2013-12,information,5,0.040476190476190554,1,5
2013-12,2014-01,attention,1,-0.00030649189894390883,66,5
2013-12,2014-01,attention,2,-0.006494456106446838,66,5
2013-12,2014-01,attention,3,-0.026197238989626694,66,5
2013-12,2014-01,attention,4,-0.029196135142247337,66,5
2013-12,2014-01,attention,5,-0.025993584835010596,67,5
2013-12,2014-01,baseline,1,0.014965770161487806,405,5
2013-12,2014-01,baseline,2,-0.004782079832532646,406,5
2013-12,2014-01,baseline,3,-0.020670337390800146,405,5
2013-12,2014-01,baseline,4,-0.029901017868883,406,5
2013-12,2014-01,baseline,5,-0.026357868439070377,406,5
2013-12,2014-01,information,5,0.03237755522019481,1,5
2014-01,2014-02,attention,1,0.05261429032108368,34,5
2014-01,2014-02,attention,2,0.022513223895254425,34,5
2014-01,2014-02,attention,3,0.0456016817891044,35,5
2014-01,2014-02,attention,4,0.04092569439191441,34,5
2014-01,2014-02,attention,5,0.029072382960677472,35,5
2014-01,2014-02,baseline,1,0.04714215878437076,429,5
2014-01,2014-02,baseline,2,0.051590475344731636,429,5
2014-01,2014-02,baseline,3,0.04293578507462154,429,5
2014-01,2014-02,baseline,4,0.04682590501110845,429,5
2014-01,2014-02,baseline,5,0.055399869296433944,429,5
2014-01,2014-02,information,1,0.0428427494552243,8,5
2014-01,2014-02,information,2,0.07090121190420959,8,5
2014-01,2014-02,information,3,0.03944945500769398,8,5
2014-01,2014-02,information,4,0.05381547809018923,8,5
2014-01,2014-02,information,5,0.03409141899773366,8,5
2014-02,2014-03,attention,1,0.01371769652908956,70,5
2014-02,2014-03,attention,2,0.010546152569672947,70,5
2014-02,2014-03,attention,3,0.03303990203295948,70,5
2014-02,2014-03,attention,4,-0.0010735914950961616,70,5
2014-02,2014-03,attention,5,0.00983983514950985,70,5
2014-02,2014-03,baseline,1,0.018850717474466927,388,5
2014-02,2014-03,baseline,2,0.016400089414841064,388,5
2014-02,2014-03,baseline,3,0.014268893289663544,389,5
2014-02,2014-03,baseline,4,0.018969730666013693,388,5
2014-02,2014-03,baseline,5,0.019606923570690687,389,5
2014-02,2014-03,information,1,0.017988589826607893,9,5
2014-02,2014-03,information,2,0.024669637430027036,9,5
2014-02,2014-03,information,3,0.012631453150153115,9,5
2014-02,2014-03,information,4,0.026815339667748985,9,5
2014-02,2014-03,information,5,0.01996559560963116,10,5
2014-03,2014-04,attention,1,0.03260666000469369,69,5
2014-03,2014-04,attention,2,0.02336174445430852,69,5
2014-03,2014-04,attention,3,0.036665620897981574,69,5
2014-03,2014-04,attention,4,0.039190820773250874,69,5
2014-03,2014-04,attention,5,0.03155629203740197,70,5
2014-03,2014-04,baseline,1,0.03920596775097408,390,5
2014-03,2014-04,baseline,2,0.036956413073197254,390,5
2014-03,2014-04,baseline,3,0.03430472893532582,390,5
2014-03,2014-04,baseline,4,0.0360876707656417,390,5
2014-03,2014-04,baseline,5,0.036784951688462,390,5
2014-03,2014-04,information,1,0.022238130165280697,11,5
2014-03,2014-04,information,2,0.018588370234343586,11,5
2014-03,2014-04,information,3,0.024320430506475164,11,5
2014-03,2014-04,information,4,0.03569167778742719,11,5
2014-03,2014-04,information,5,0.035057242198805676,11,5
2014-04,2014-05,attention,1,-0.019075115706668876,38,5
2014-04,2014-05,attention,2,-0.00029814635339473427,39,5
2014-04,2014-05,attention,3,-0.005537299042462841,38,5
2014-04,2014-05,attention,4,0.005520839387141432,39,5
2014-04,2014-05,attention,5,-0.006587767019390846,39,5
2014-04,2014-05,baseline,1,-0.009248304999183698,404,5
2014-04,2014-05,baseline,2,-0.007416058775650512,405,5
2014-04,2014-05,baseline,3,-0.003072294149040801,404,5
2014-04,2014-05,baseline,4,-0.0027559156795785257,405,5
2014-04,2014-05,baseline,5,-0.0062617193695394145,405,5
2014-04,2014-05,information,1,-0.00731417110003037,23,5
2014-04,2014-05,information,2,0.002519720205384543,23,5
2014-04,2014-05,information,3,0.006032678323076514,23,5
2014-04,2014-05,information,4,0.01104187126476201,23,5
2014-04,2014-05,information,5,0.010597189068786957,23,5
2014-05,2014-06,attention,1,-0.017833461364092175,28,5
2014-05,2014-06,attention,2,-0.004644007443254871,28,5
2014-05,2014-06,attention,3,-0.025521396402978788,29,5
2014-05,2014-06,attention,4,-0.011877965117748428,28,5
2014-05,2014-06,attention,5,-0.023067105050429283,29,5
2014-05,2014-06,baseline,1,0.0031656292322805634,424,5
2014-05,2014-06,baseline,2,-0.0022158749915136946,425,5
2014-05,2014-06,baseline,3,-0.0030172145626549862,425,5
2014-05,2014-06,baseline,4,-0.0027368927221485344,425,5
2014-05,2014-06,baseline,5,-0.00503275219509877,425,5
2014-05,2014-06,information,1,-0.0402551958909642,5,5
2014-05,2014-06,information,2,-0.014706448812676909,5,5
2014-05,2014-06,information,3,0.006897499977075183,5,5
2014-05,2014-06,information,4,0.0005010376831257934,5,5
2014-05,2014-06,information,5,-0.024699704308049287,5,5
2014-06,2014-07,attention,1,0.023337870836078533,40,5
2014-06,2014-07,attention,2,0.017818649997824308,40,5
2014-06,2014-07,attention,3,0.006068276763450628,40,5
2014-06,2014-07,attention,4,0.02289361818704188,40,5
2014-06,2014-07,attention,5,0.006614701044922597,40,5
2014-06,2014-07,baseline,1,0.020469878132977307,415,5
2014-06,2014-07,baseline,2,0.02107151947448006,415,5
2014-06,2014-07,baseline,3,0.020808409364794025,415,5
2014-06,2014-07,baseline,4,0.01866815871194168,415,5
2014-06,2014-07,baseline,5,0.02286170731017692,415,5
2014-06,2014-07,information,1,0.03573688679144153,5,5
2014-06,2014-07,information,2,0.012246871126839773,6,5
2014-06,2014-07,information,3,0.03101017547498547,6,5
2014-06,2014-07,information,4,0.014309732832442856,6,5
2014-06,2014-07,information,5,-0.009638949483186757,6,5
2014-07,2014-08,attention,1,0.0020646140358982386,74,5
2014-07,2014-08,attention,2,0.0013815851437940286,75,5
2014-07,2014-08,attention,3,0.007315331826117591,74,5
2014-07,2014-08,attention,4,0.0015644528122882794,75,5
2014-07,2014-08,attention,5,0.005496284022824455,75,5
2014-07,2014-08,baseline,1,0.006380624795090772,376,5
2014-07,2014-08,baseline,2,0.012233608952254078,376,5
2014-07,2014-08,baseline,3,0.009059843666971136,377,5
2014-07,2014-08,baseline,4,0.0049756702306544345,376,5
2014-07,2014-08,baseline,5,0.008313454925722287,377,5
2014-07,2014-08,information,1,0.029763841167053794,11,5
2014-07,2014-08,information,2,0.01426340929017937,11,5
2014-07,2014-08,information,3,0.005318030669207935,11,5
2014-07,2014-08,information,4,-0.009404846253959674,11,5
2014-07,2014-08,information,5,0.034324053727177777,11,5
2014-08,2014-09,attention,1,0.04939164502062116,69,5
2014-08,2014-09,attention,2,0.058313233428377236,69,5
2014-08,2014-09,attention,3,0.057037901580742706,70,5
2014-08,2014-09,attention,4,0.0491311508235879,69,5
2014-08,2014-09,attention,5,0.042649973080241085,70,5
2014-08,2014-09,baseline,1,0.06361623238970504,374,5
2014-08,2014-09,baseline,2,0.05939740039043797,375,5
2014-08,2014-09,baseline,3,0.05652700394268564,374,5
2014-08,2014-09,baseline,4,0.05691313327931808,375,5
2014-08,2014-09,baseline,5,0.06044659346492583,375,5
2014-08,2014-09,information,1,0.06776431277213822,16,5
2014-08,2014-09,information,2,0.052026281130061525,17,5
2014-08,2014-09,information,3,0.05948609925317102,17,5
2014-08,2014-09,information,4,0.06979668600082889,17,5
2014-08,2014-09,information,5,0.0730213937514862,17,5
2014-09,2014-10,attention,1,0.010480838527771524,92,5
2014-09,2014-10,attention,2,0.008293067282031386,93,5
2014-09,2014-10,attention,3,0.002714473183164201,93,5
2014-09,2014-10,attention,4,0.013083759832478947,93,5
2014-09,2014-10,attention,5,0.01468482095891851,93,5
2014-09,2014-10,baseline,1,0.00981434647103024,369,5
2014-09,2014-10,baseline,2,0.009437423871357023,369,5
2014-09,2014-10,baseline,3,0.01267214778724827,370,5
2014-09,2014-10,baseline,4,0.013873372672141901,369,5
2014-09,2014-10,baseline,5,0.016150541792518767,370,5
2014-09,2014-10,information,1,-0.0457038391224861,1,5
2014-09,2014-10,information,2,-0.01586182587240037,1,5
2014-09,2014-10,information,3,-0.017307110720169328,2,5
2014-09,2014-10,information,4,0.022170361726954413,1,5
2014-09,2014-10,information,5,0.020806906822465887,2,5
2014-10,2014-11,attention,1,-0.0004899368968495743,55,5
2014-10,2014-11,attention,2,-0.009393282695007058,55,5
2014-10,2014-11,attention,3,0.010878188357643044,55,5
2014-10,2014-11,attention,4,-0.005245746163103898,55,5
2014-10,2014-11,attention,5,-0.001034173692780273,56,5
2014-10,2014-11,baseline,1,0.0023236627506098566,370,5
2014-10,2014-11,baseline,2,0.010033709013952107,370,5
2014-10,2014-11,baseline,3,0.0058165211098789105,370,5
2014-10,2014-11,baseline,4,0.0051962620735216914,370,5
2014-10,2014-11,baseline,5,0.003264411160383473,370,5
2014-10,2014-11,information,1,0.01218601396396903,30,5
2014-10,2014-11,information,2,-0.0026419567353445452,30,5
2014-10,2014-11,information,3,0.02260476873343374,31,5
2014-10,2014-11,information,4,0.011112024157517575,30,5
2014-10,2014-11,information,5,0.009100189470225742,31,5
2014-11,2014-12,attention,1,0.010777650031412222,83,5
2014-11,2014-12,attention,2,0.016602292485394222,84,5
2014-11,2014-12,attention,3,0.016574184354260148,84,5
2014-11,2014-12,attention,4,0.04091442328662297,84,5
2014-11,2014-12,attention,5,0.06860165682539573,84,5
2014-11,2014-12,baseline,1,-0.00774564140423548,369,5
2014-11,2014-12,baseline,2,-0.011864311157450527,369,5
2014-11,2014-12,baseline,3,-0.009154054434280468,369,5
2014-11,2014-12,baseline,4,0.00020431476405088046,369,5
2014-11,2014-12,baseline,5,0.012514457664390754,369,5
2014-11,2014-12,information,1,-0.01396234872254587,2,5
2014-11,2014-12,information,2,0.03395890008087632,2,5
2014-11,2014-12,information,3,-0.01280254181852164,2,5
2014-11,2014-12,information,4,-0.04088259689093654,2,5
2014-11,2014-12,information,5,0.006993866294532802,3,5
2014-12,2015-01,attention,1,0.004727362000345046,118,5
2014-12,2015-01,attention,2,0.0018929614568576007,118,5
2014-12,2015-01,attention,3,0.010502872207041367,118,5
2014-12,2015-01,attention,4,0.012242503718329549,118,5
2014-12,2015-01,attention,5,0.0060861428960651675,118,5
2014-12,2015-01,baseline,1,0.014959694487574235,340,5
2014-12,2015-01,baseline,2,0.018791500006780305,341,5
2014-12,2015-01,baseline,3,0.02372380325631827,340,5
2014-12,2015-01,baseline,4,0.021592582512735402,341,5
2014-12,2015-01,baseline,5,0.025790049790109053,341,5
2014-12,2015-01,information,1,-0.055969191270859975,1,5
2014-12,2015-01,information,2,0.001928275344564856,2,5
2014-12,2015-01,information,3,-0.005606166783461819,1,5
2014-12,2015-01,information,4,-0.004913565633400008,2,5
2014-12,2015-01,information,5,-0.045583144186899516,2,5
2015-01,2015-02,attention,1,-0.041196522605450446,40,5
2015-01,2015-02,attention,2,-0.03025493505421232,40,5
2015-01,2015-02,attention,3,-0.019559646217108508,40,5
2015-01,2015-02,attention,4,-0.01618828309416195,40,5
2015-01,2015-02,attention,5,-0.02366721205100749,40,5
2015-01,2015-02,baseline,1,-0.019491883182791048,414,5
2015-01,2015-02,baseline,2,-0.013004616165105669,414,5
2015-01,2015-02,baseline,3,-0.01785079459728638,414,5
2015-01,2015-02,baseline,4,-0.008748124767020223,414,5
2015-01,2015-02,baseline,5,-0.006895712932435592,415,5
2015-01,2015-02,information,1,-0.022885244766029586,9,5
2015-01,2015-02,information,2,0.016129732299737763,10,5
2015-01,2015-02,information,3,-0.009167407931495583,9,5
2015-01,2015-02,information,4,-0.00857589366705378,10,5
2015-01,2015-02,information,5,-0.015083967859016967,10,5
2015-02,2015-03,attention,1,0.016822533113463385,18,5
2015-02,2015-03,attention,2,0.024161420224548327,19,5
2015-02,2015-03,attention,3,0.028375332263860624,18,5
2015-02,2015-03,attention,4,-0.004295677960508525,19,5
2015-02,2015-03,attention,5,0.011819590070800771,19,5
2015-02,2015-03,baseline,1,0.02293127119841512,429,5
2015-02,2015-03,baseline,2,0.035009767671714064,430,5
2015-02,2015-03,baseline,3,0.03367248870634146,429,5
2015-02,2015-03,baseline,4,0.026620091457227466,430,5
2015-02,2015-03,baseline,5,0.028925783192447794,430,5
2015-02,2015-03,information,1,0.0055452185608565905,10,5
2015-02,2015-03,information,2,0.0006844645342629074,10,5
2015-02,2015-03,information,3,0.02755382739500197,10,5
2015-02,2015-03,information,4,0.0114279973087839,10,5
2015-02,2015-03,information,5,0.02666230408711293,11,5
2015-03,2015-04,attention,1,0.0707627857917195,109,5
2015-03,2015-04,attention,2,0.06922746461335307,109,5
2015-03,2015-04,attention,3,0.08815646543338247,110,5
2015-03,2015-04,attention,4,0.09553159476358593,109,5
2015-03,2015-04,attention,5,0.096739984765059,110,5
2015-03,2015-04,baseline,1,0.081232565038656,333,5
2015-03,2015-04,baseline,2,0.07938121516949999,334,5
2015-03,2015-04,baseline,3,0.07547287499678694,334,5
2015-03,2015-04,baseline,4,0.0809001947888184,334,5
2015-03,2015-04,baseline,5,0.09670659268426515,334,5
2015-03,2015-04,information,1,0.0685006661764118,20,5
2015-03,2015-04,information,2,0.07954954397491716,20,5
2015-03,2015-04,information,3,0.11631321820479265,20,5
2015-03,2015-04,information,4,0.0919624463063742,20,5
2015-03,2015-04,information,5,0.09998330533010179,21,5
2015-04,2015-05,attention,1,-0.022425545022927863,98,5
2015-04,2015-05,attention,2,-0.03391094882119045,99,5
2015-04,2015-05,attention,3,-0.028109573574273954,98,5
2015-04,2015-05,attention,4,-0.03653761948087165,99,5
2015-04,2015-05,attention,5,-0.032034982013757166,99,5
2015-04,2015-05,baseline,1,-0.007763984234943636,318,5
2015-04,2015-05,baseline,2,-0.005834094484547357,318,5
2015-04,2015-05,baseline,3,-0.012862060003733819,319,5
2015-04,2015-05,baseline,4,-0.015281416972854423,318,5
2015-04,2015-05,baseline,5,0.0035837590505036635,319,5
2015-04,2015-05,information,1,0.011263563344558053,47,5
2015-04,2015-05,information,2,-0.02108467379413215,47,5
2015-04,2015-05,information,3,-0.022492935253991337,47,5
2015-04,2015-05,information,4,-0.024261439983358044,47,5
2015-04,2015-05,information,5,0.015118162089827074,47,5
2015-05,2015-06,attention,1,0.11583094061382533,40,5
2015-05,2015-06,attention,2,0.16183954917198806,41,5
2015-05,2015-06,attention,3,0.13857989240834753,40,5
2015-05,2015-06,attention,4,0.12118301557580417,41,5
2015-05,2015-06,attention,5,0.1204186720405507,41,5
2015-05,2015-06,baseline,1,0.11533167686992746,397,5
2015-05,2015-06,baseline,2,0.1366347557249057,398,5
2015-05,2015-06,baseline,3,0.1372732568017008,399,5
2015-05,2015-06,baseline,4,0.12841291475059152,398,5
2015-05,2015-06,baseline,5,0.12533103304052923,399,5
2015-05,2015-06,information,1,0.11730487033933891,17,5
2015-05,2015-06,information,2,0.16069506102843487,17,5
2015-05,2015-06,information,3,0.10317224060162902,17,5
2015-05,2015-06,information,4,0.07148495618230817,17,5
2015-05,2015-06,information,5,0.08547883593554996,17,5
2015-06,2015-07,attention,1,-0.32840068910896886,21,5
2015-06,2015-07,attention,2,-0.297919851814685,22,5
2015-06,2015-07,attention,3,-0.29284621422000706,22,5
2015-06,2015-07,attention,4,-0.2546703456993194,22,5
2015-06,2015-07,attention,5,-0.10327663402412077,22,5
2015-06,2015-07,baseline,1,-0.32735817957271657,405,5
2015-06,2015-07,baseline,2,-0.32487658990884827,406,5
2015-06,2015-07,baseline,3,-0.3048489212893008,405,5
2015-06,2015-07,baseline,4,-0.2721895991527196,406,5
2015-06,2015-07,baseline,5,-0.2067611504056396,406,5
2015-06,2015-07,information,1,-0.3185713493988799,24,5
2015-06,2015-07,information,2,-0.3091260152788399,24,5
2015-06,2015-07,information,3,-0.2847757804029,24,5
2015-06,2015-07,information,4,-0.20518212476882755,24,5
2015-06,2015-07,information,5,-0.16031404223940002,25,5
2015-07,2015-08,attention,1,0.032690609836157146,12,5
2015-07,2015-08,attention,2,0.07478631069035513,12,5
2015-07,2015-08,attention,3,0.09680147336866268,12,5
2015-07,2015-08,attention,4,0.040277011064459294,12,5
2015-07,2015-08,attention,5,0.02400691613167204,12,5
2015-07,2015-08,baseline,1,0.04324647709966774,392,5
2015-07,2015-08,baseline,2,0.055227100273191006,392,5
2015-07,2015-08,baseline,3,0.06484286075221132,392,5
2015-07,2015-08,baseline,4,0.058645659739896265,392,5
2015-07,2015-08,baseline,5,0.04709235069056087,392,5
2015-07,2015-08,information,1,0.04017433542606255,33,5
2015-07,2015-08,information,2,0.04776384401076831,33,5
2015-07,2015-08,information,3,0.03966698456766834,33,5
2015-07,2015-08,information,4,0.07068907295213867,33,5
2015-07,2015-08,information,5,0.04764580534703808,33,5
2015-08,2015-09,attention,1,-0.061256593204681964,2,5
2015-08,2015-09,attention,2,-0.08897323840146783,3,5
2015-08,2015-09,attention,3,0.005221826359023352,2,5
2015-08,2015-09,attention,4,-0.02150087583438487,3,5
2015-08,2015-09,attention,5,0.006795342054398912,3,5
2015-08,2015-09,baseline,1,-0.00599000663329396,406,5
2015-08,2015-09,baseline,2,0.002137674433016768,407,5
2015-08,2015-09,baseline,3,0.01749929225065092,406,5
2015-08,2015-09,baseline,4,0.02246243625641144,407,5
2015-08,2015-09,baseline,5,0.004250389278915908,407,5
2015-08,2015-09,information,1,-0.06829133057586777,21,5
2015-08,2015-09,information,2,-0.007726160190869326,21,5
2015-08,2015-09,information,3,0.011619649800431155,22,5
2015-08,2015-09,information,4,0.013578251387580212,21,5
2015-08,2015-09,information,5,0.010553933224866712,22,5
2015-09,2015-10,attention,1,0.20873269435569752,1,5
2015-09,2015-10,attention,2,0.13680257510729632,1,5
2015-09,2015-10,attention,3,0.1927927927927926,1,5
2015-09,2015-10,attention,4,0.12895569620253178,1,5
2015-09,2015-10,attention,5,0.12909441233140662,1,5
2015-09,2015-10,baseline,1,0.12444690344671486,426,5
2015-09,2015-10,baseline,2,0.11881779000468291,426,5
2015-09,2015-10,baseline,3,0.12255886217721107,427,5
2015-09,2015-10,baseline,4,0.1368987265167012,426,5
2015-09,2015-10,baseline,5,0.14297564413927577,427,5
2015-09,2015-10,information,1,0.08897248015221719,5,5
2015-09,2015-10,information,2,0.08652739037356608,5,5
2015-09,2015-10,information,3,0.05368453665263746,5,5
2015-09,2015-10,information,4,0.06841896496309427,5,5
2015-09,2015-10,information,5,0.05572661203125384,5,5
2015-10,2015-11,attention,1,0.0371527359513882,5,5
2015-10,2015-11,attention,2,0.004695875080791212,5,5
2015-10,2015-11,attention,3,0.07133794538318608,5,5
2015-10,2015-11,attention,4,0.07595969507824529,5,5
2015-10,2015-11,attention,5,0.06744220716915353,5,5
2015-10,2015-11,baseline,1,0.052200748400089675,435,5
2015-10,2015-11,baseline,2,0.06487154837869998,436,5
2015-10,2015-11,baseline,3,0.06440204431400871,436,5
2015-10,2015-11,baseline,4,0.06432205153389461,436,5
2015-10,2015-11,baseline,5,0.06283113288299319,435,5
2015-10,2015-11,information,1,0.1738455209466371,3,5
2015-10,2015-11,information,2,0.04764598701156181,4,5
2015-10,2015-11,information,3,0.08953871035747607,3,5
2015-10,2015-11,information,4,0.03945756203181405,4,5
2015-10,2015-11,information,5,0.059391610836922126,4,5
2015-11,2015-12,attention,1,0.004494680470688699,7,5
2015-11,2015-12,attention,2,0.010852207293225684,7,5
2015-11,2015-12,attention,3,0.03695647023052075,7,5
2015-11,2015-12,attention,4,0.016955283714985732,7,5
2015-11,2015-12,attention,5,0.0014645274392270924,8,5
2015-11,2015-12,baseline,1,0.029105226837656473,452,5
2015-11,2015-12,baseline,2,0.03800633531859361,452,5
2015-11,2015-12,baseline,3,0.04017910020200112,452,5
2015-11,2015-12,baseline,4,0.03680577711132238,452,5
2015-11,2015-12,baseline,5,0.03548157531257624,452,5
2015-11,2015-12,information,1,0.05549738219895284,1,5
2015-11,2015-12,information,2,0.024070021881837933,1,5
2015-11,2015-12,information,3,-0.00528634361233471,1,5
2015-11,2015-12,information,4,0.03009490509490509,1,5
2015-11,2015-12,information,5,0.051724137931034475,1,5
2015-12,2016-01,attention,1,-0.21557378305877303,3,5
2015-12,2016-01,attention,2,-0.1972987201732141,4,5
2015-12,2016-01,attention,3,-0.1609446464446869,4,5
2015-12,2016-01,attention,4,-0.14618492498324168,4,5
2015-12,2016-01,attention,5,-0.0883478979823199,4,5
2015-12,2016-01,baseline,1,-0.1593557492430123,471,5
2015-12,2016-01,baseline,2,-0.15428222042361078,472,5
2015-12,2016-01,baseline,3,-0.14607593121738638,472,5
2015-12,2016-01,baseline,4,-0.150783981311292,472,5
2015-12,2016-01,baseline,5,-0.15480883702944404,471,5
2015-12,2016-01,information,3,-0.09720582447855175,1,5
2015-12,2016-01,information,5,0.0,1,5
2016-01,2016-02,attention,1,0.06277499817232972,6,5
2016-01,2016-02,attention,2,0.010385119494016057,7,5
2016-01,2016-02,attention,3,0.008019752287825255,6,5
2016-01,2016-02,attention,4,-0.01783220237050907,7,5
2016-01,2016-02,attention,5,-0.019479016541210332,7,5
2016-01,2016-02,baseline,1,0.0487955455734803,471,5
2016-01,2016-02,baseline,2,0.05177205150260548,472,5
2016-01,2016-02,baseline,3,0.05178859552263714,472,5
2016-01,2016-02,baseline,4,0.04333332707185935,472,5
2016-01,2016-02,baseline,5,0.03237295505720191,472,5
2016-01,2016-02,information,1,0.008735520426466414,2,5
2016-01,2016-02,information,2,0.015609372007405642,2,5
2016-01,2016-02,information,3,0.01797606771748565,3,5
2016-01,2016-02,information,4,0.05041315888465969,2,5
2016-01,2016-02,information,5,0.05333829426598865,3,5
2016-02,2016-03,attention,1,0.04392701238843113,5,5
2016-02,2016-03,attention,2,0.08846224550252824,5,5
2016-02,2016-03,attention,3,0.027088479537167708,5,5
2016-02,2016-03,attention,4,0.06282173302436536,5,5
2016-02,2016-03,attention,5,0.06577103253581555,6,5
2016-02,2016-03,baseline,1,0.0632322793427282,472,5
2016-02,2016-03,baseline,2,0.07193003573104934,473,5
2016-02,2016-03,baseline,3,0.08334310994670563,473,5
2016-02,2016-03,baseline,4,0.07895146578616323,473,5
2016-02,2016-03,baseline,5,0.08316825146132939,473,5
2016-02,2016-03,information,1,0.03294546997631059,4,5
2016-02,2016-03,information,2,0.06512006780419421,5,5
2016-02,2016-03,information,3,0.09082858559244986,5,5
2016-02,2016-03,information,4,0.03340280964424693,5,5
2016-02,2016-03,information,5,0.014740978688703277,5,5
2016-03,2016-04,attention,1,-0.026190788264565446,4,5
2016-03,2016-04,attention,2,-0.0429323702244305,4,5
2016-03,2016-04,attention,3,-0.02900994057639563,5,5
2016-03,2016-04,attention,4,-0.010925691353120326,4,5
2016-03,2016-04,attention,5,-0.03388238558272529,5,5
2016-03,2016-04,baseline,1,-0.003993741497073123,485,5
2016-03,2016-04,baseline,2,0.007189583484315348,485,5
2016-03,2016-04,baseline,3,0.00980492942491936,485,5
2016-03,2016-04,baseline,4,0.013102955858145492,485,5
2016-03,2016-04,baseline,5,0.008662697542290996,486,5
2016-03,2016-04,information,1,-0.02027972027972036,1,5
2016-03,2016-04,information,2,-0.01261904761904753,1,5
2016-03,2016-04,information,3,0.009209516500383819,1,5
2016-03,2016-04,information,4,0.03398470688190325,1,5
2016-03,2016-04,information,5,-0.05680119581464882,1,5
2016-04,2016-05,attention,1,-0.0789900931203607,6,5
2016-04,2016-05,attention,2,-0.05179224514116868,7,5
2016-04,2016-05,attention,3,-0.10678966952277454,6,5
2016-04,2016-05,attention,4,-0.049118625469046044,7,5
2016-04,2016-05,attention,5,-0.05057860026718212,7,5
2016-04,2016-05,baseline,1,-0.05549056776860359,485,5
2016-04,2016-05,baseline,2,-0.05476675669025659,485,5
2016-04,2016-05,baseline,3,-0.0449703775955296,485,5
2016-04,2016-05,baseline,4,-0.04289078817331231,485,5
2016-04,2016-05,baseline,5,-0.045393459149179076,486,5
2016-04,2016-05,information,1,-0.06833898189038379,2,5
2016-04,2016-05,information,2,-0.12071460649442295,2,5
2016-04,2016-05,information,3,-0.009165924165924136,3,5
2016-04,2016-05,information,4,0.08726343760819472,2,5
2016-04,2016-05,information,5,-0.025808437734232765,3,5
2016-05,2016-06,attention,1,0.003876145163970013,5,5
2016-05,2016-06,attention,2,0.014207725626808543,5,5
2016-05,2016-06,attention,3,0.045955986884574716,6,5
2016-05,2016-06,attention,4,0.026468888107564204,5,5
2016-05,2016-06,attention,5,0.010217528359333946,6,5
2016-05,2016-06,baseline,1,0.0446139521016681,489,5
2016-05,2016-06,baseline,2,0.02678715745027979,489,5
2016-05,2016-06,baseline,3,0.024361063115986688,489,5
2016-05,2016-06,baseline,4,0.02008948690868075,489,5
2016-05,2016-06,baseline,5,0.027031936180835332,489,5
2016-05,2016-06,information,2,0.12593984962406002,1,5
2016-05,2016-06,information,4,0.09814963797264697,1,5
2016-05,2016-06,information,5,0.0,1,5
2016-06,2016-07,attention,1,0.02789144154899151,7,5
2016-06,2016-07,attention,2,0.0742039031630594,7,5
2016-06,2016-07,attention,3,0.024612761074682323,7,5
2016-06,2016-07,attention,4,0.037813172356687984,7,5
2016-06,2016-07,attention,5,0.03694187947319502,8,5
2016-06,2016-07,baseline,1,0.028244577998807998,496,5
2016-06,2016-07,baseline,2,0.03051477217360331,496,5
2016-06,2016-07,baseline,3,0.031767885364024785,496,5
2016-06,2016-07,baseline,4,0.03381055307734858,496,5
2016-06,2016-07,baseline,5,0.03430388726700261,497,5
2016-06,2016-07,information,1,-0.017543859649122973,1,5
2016-06,2016-07,information,2,-0.0065789473684209065,1,5
2016-06,2016-07,information,3,0.00542827004219415,2,5
2016-06,2016-07,information,4,0.08867362146050684,1,5
2016-06,2016-07,information,5,0.004441644328664451,2,5
2016-07,2016-08,attention,1,0.002000420248609218,19,5
2016-07,2016-08,attention,2,0.00401697035965351,20,5
2016-07,2016-08,attention,3,-0.0031241005979045556,20,5
2016-07,2016-08,attention,4,-0.000286127587817453,20,5
2016-07,2016-08,attention,5,-0.0013565303744441314,20,5
2016-07,2016-08,baseline,1,-0.001334705901858302,488,5
2016-07,2016-08,baseline,2,-0.001245410081139245,488,5
2016-07,2016-08,baseline,3,-0.0003887843178346497,488,5
2016-07,2016-08,baseline,4,-0.0009210305944531111,488,5
2016-07,2016-08,baseline,5,0.004748719024149756,488,5
2016-07,2016-08,information,1,-0.002266646321004336,3,5
2016-07,2016-08,information,2,0.0017664422701125042,3,5
2016-07,2016-08,information,3,0.004810929453084441,3,5
2016-07,2016-08,information,4,-0.02064703287824221,3,5
2016-07,2016-08,information,5,0.020655906492590803,4,5
2016-08,2016-09,attention,1,0.0006292789047458186,17,5
2016-08,2016-09,attention,2,0.022788636256832837,17,5
2016-08,2016-09,attention,3,0.025148867735525847,17,5
2016-08,2016-09,attention,4,0.017283838818141307,17,5
2016-08,2016-09,attention,5,-0.006451571616480767,17,5
2016-08,2016-09,baseline,1,0.0051087239191506826,490,5
2016-08,2016-09,baseline,2,0.00943474441336174,491,5
2016-08,2016-09,baseline,3,0.01262696074653634,491,5
2016-08,2016-09,baseline,4,0.010283971757071632,491,5
2016-08,2016-09,baseline,5,0.014901452277187647,491,5
2016-08,2016-09,information,1,0.005599111342276109,5,5
2016-08,2016-09,information,2,-0.00405799823021898,6,5
2016-08,2016-09,information,3,0.004232723592423016,5,5
2016-08,2016-09,information,4,0.02762034596658597,6,5
2016-08,2016-09,information,5,0.006428057549931458,6,5
2016-09,2016-10,attention,1,0.02102224763103813,23,5
2016-09,2016-10,attention,2,0.03075730048924789,23,5
2016-09,2016-10,attention,3,0.02563634793687808,24,5
2016-09,2016-10,attention,4,0.032435306868088244,23,5
2016-09,2016-10,attention,5,0.03778049979081881,24,5
2016-09,2016-10,baseline,1,0.03489906894955446,492,5
2016-09,2016-10,baseline,2,0.028289926522340515,492,5
2016-09,2016-10,baseline,3,0.025551215417467306,493,5
2016-09,2016-10,baseline,4,0.03008813776776551,492,5
2016-09,2016-10,baseline,5,0.03223496221420898,493,5
2016-09,2016-10,information,3,0.05687830687830697,1,5
2016-09,2016-10,information,5,-0.014531043593130732,1,5
2016-10,2016-11,attention,1,0.022439146842022566,17,5
2016-10,2016-11,attention,2,0.023311714529809482,17,5
2016-10,2016-11,attention,3,0.021807288553212473,18,5
2016-10,2016-11,attention,4,0.011645231463090685,17,5
2016-10,2016-11,attention,5,0.00640292170899831,18,5
2016-10,2016-11,baseline,1,0.013308118735933445,490,5
2016-10,2016-11,baseline,2,0.015436998463236777,491,5
2016-10,2016-11,baseline,3,0.010315629997789058,490,5
2016-10,2016-11,baseline,4,0.008791104945810885,491,5
2016-10,2016-11,baseline,5,0.014631486674831135,491,5
2016-10,2016-11,information,1,0.032990859238886304,7,5
2016-10,2016-11,information,2,0.015880742979932156,7,5
2016-10,2016-11,information,3,0.009037366883700906,7,5
2016-10,2016-11,information,4,0.029714569173458303,7,5
2016-10,2016-11,information,5,0.008217578218558133,8,5
2016-11,2016-12,attention,1,-0.01432024845550244,53,5
2016-11,2016-12,attention,2,-0.009902617687115053,53,5
2016-11,2016-12,attention,3,-0.005155048003799084,53,5
2016-11,2016-12,attention,4,-0.011609660995961352,53,5
2016-11,2016-12,attention,5,-0.006835839223072434,53,5
2016-11,2016-12,baseline,1,-0.0026800719427771164,466,5
2016-11,2016-12,baseline,2,-0.0037880723187181256,467,5
2016-11,2016-12,baseline,3,-0.003735887123798293,466,5
2016-11,2016-12,baseline,4,-0.007547691657635283,467,5
2016-11,2016-12,baseline,5,-0.0005339105737912794,467,5
2016-11,2016-12,information,1,-0.007580978635423841,1,5
2016-11,2016-12,information,2,-0.01327433628318575,1,5
2016-11,2016-12,information,3,0.02378121284185486,1,5
2016-11,2016-12,information,4,-0.02425876010781669,1,5
2016-11,2016-12,information,5,-0.03092591078728185,2,5
2016-12,2017-01,attention,1,0.03375050707094816,40,5
2016-12,2017-01,attention,2,0.029547484331985587,41,5
2016-12,2017-01,attention,3,0.027570922532783856,41,5
2016-12,2017-01,attention,4,0.021232430927902023,41,5
2016-12,2017-01,attention,5,0.040991716608202694,41,5
2016-12,2017-01,baseline,1,0.02151218435307527,483,5
2016-12,2017-01,baseline,2,0.02529391843522318,483,5
2016-12,2017-01,baseline,3,0.024007155063487353,484,5
2016-12,2017-01,baseline,4,0.022169480879205748,483,5
2016-12,2017-01,baseline,5,0.020327169252717787,484,5
2016-12,2017-01,information,2,0.052985074626865636,1,5
2016-12,2017-01,information,4,-0.025600835945663536,1,5
2016-12,2017-01,information,5,0.017060367454068137,1,5
2017-01,2017-02,attention,1,0.04481872733721975,29,5
2017-01,2017-02,attention,2,0.02725588876378341,29,5
2017-01,2017-02,attention,3,0.013092596653460803,29,5
2017-01,2017-02,attention,4,0.0029982349808907287,29,5
2017-01,2017-02,attention,5,0.01785586129336585,29,5
2017-01,2017-02,baseline,1,0.040507604354921886,488,5
2017-01,2017-02,baseline,2,0.02214979137013346,488,5
2017-01,2017-02,baseline,3,0.02086680033121759,488,5
2017-01,2017-02,baseline,4,0.021802724516286332,488,5
2017-01,2017-02,baseline,5,0.023142338251980865,488,5
2017-01,2017-02,information,1,0.03853617877085136,7,5
2017-01,2017-02,information,2,0.017153915973058376,7,5
2017-01,2017-02,information,3,0.02687321787918246,7,5
2017-01,2017-02,information,4,0.018828105536578606,7,5
2017-01,2017-02,information,5,0.02972984694711156,8,5
2017-02,2017-03,attention,1,-0.013869556955255843,35,5
2017-02,2017-03,attention,2,-0.006401461411356471,35,5
2017-02,2017-03,attention,3,0.0026400302141141767,35,5
2017-02,2017-03,attention,4,-0.0021067339405771088,35,5
2017-02,2017-03,attention,5,0.011448227633969339,36,5
2017-02,2017-03,baseline,1,0.0063610119646010065,482,5
2017-02,2017-03,baseline,2,0.013888102015826792,482,5
2017-02,2017-03,baseline,3,0.015089716011805223,482,5
2017-02,2017-03,baseline,4,0.011977544145474509,482,5
2017-02,2017-03,baseline,5,0.018225289461402307,482,5
2017-02,2017-03,information,1,0.04036441353497282,5,5
2017-02,2017-03,information,2,-0.0009321588636644895,5,5
2017-02,2017-03,information,3,0.040745361616838706,5,5
2017-02,2017-03,information,4,0.011363557595199358,5,5
2017-02,2017-03,information,5,0.027622241981475264,6,5
2017-03,2017-04,attention,1,0.04962831628503728,58,5
2017-03,2017-04,attention,2,0.036148673204814456,59,5
2017-03,2017-04,attention,3,0.02875423872629548,59,5
2017-03,2017-04,attention,4,0.02976406683155138,59,5
2017-03,2017-04,attention,5,0.009643399144519556,59,5
2017-03,2017-04,baseline,1,0.021045304312961727,457,5
2017-03,2017-04,baseline,2,0.027865387451153363,457,5
2017-03,2017-04,baseline,3,0.02663631182914427,458,5
2017-03,2017-04,baseline,4,0.028597701275118625,457,5
2017-03,2017-04,baseline,5,0.02274046673699351,458,5
2017-03,2017-04,information,1,0.05192781096271071,11,5
2017-03,2017-04,information,2,0.00455182611512898,12,5
2017-03,2017-04,information,3,0.04893164663504585,11,5
2017-03,2017-04,information,4,0.02257777416658563,12,5
2017-03,2017-04,information,5,-0.002463339991416985,12,5
2017-04,2017-05,attention,1,-0.06726007459428088,51,5
2017-04,2017-05,attention,2,-0.04565700465987093,51,5
2017-04,2017-05,attention,3,-0.04323466702413781,51,5
2017-04,2017-05,attention,4,-0.03992940096349193,51,5
2017-04,2017-05,attention,5,-0.05282268861006335,52,5
2017-04,2017-05,baseline,1,-0.0439213800263316,446,5
2017-04,2017-05,baseline,2,-0.032893201498589646,446,5
2017-04,2017-05,baseline,3,-0.03338425114457817,446,5
2017-04,2017-05,baseline,4,-0.03213631948034333,446,5
2017-04,2017-05,baseline,5,-0.0329194424381417,447,5
2017-04,2017-05,information,1,-0.03726270851537628,33,5
2017-04,2017-05,information,2,-0.031888878005587255,33,5
2017-04,2017-05,information,3,-0.024935792555348796,33,5
2017-04,2017-05,information,4,-0.030712344782412894,33,5
2017-04,2017-05,information,5,-0.03856892339221142,33,5
2017-05,2017-06,attention,1,0.022925409804989517,35,5
2017-05,2017-06,attention,2,0.01234220508997951,35,5
2017-05,2017-06,attention,3,0.024298600608774628,35,5
2017-05,2017-06,attention,4,0.021325412589864846,35,5
2017-05,2017-06,attention,5,0.019060681258126353,36,5
2017-05,2017-06,baseline,1,0.017591678491975914,475,5
2017-05,2017-06,baseline,2,0.021638138906630366,475,5
2017-05,2017-06,baseline,3,0.023886881636734476,475,5
2017-05,2017-06,baseline,4,0.021812201170904308,475,5
2017-05,2017-06,baseline,5,0.020832350630784795,475,5
2017-05,2017-06,information,1,0.03801437180191252,14,5
2017-05,2017-06,information,2,0.015883016643933264,15,5
2017-05,2017-06,information,3,0.03002108245248831,15,5
2017-05,2017-06,information,4,0.02426874381553045,15,5
2017-05,2017-06,information,5,0.017083120223517833,15,5
2017-06,2017-07,attention,1,0.020009012374589148,53,5
2017-06,2017-07,attention,2,0.022542942944406282,53,5
2017-06,2017-07,attention,3,0.01457781049674356,54,5
2017-06,2017-07,attention,4,0.015495180718601034,53,5
2017-06,2017-07,attention,5,0.021204884315153986,54,5
2017-06,2017-07,baseline,1,0.019497905959538205,456,5
2017-06,2017-07,baseline,2,0.022162981324287522,456,5
2017-06,2017-07,baseline,3,0.020655258321353086,457,5
2017-06,2017-07,baseline,4,0.021287037295688423,456,5
2017-06,2017-07,baseline,5,0.016465105579482192,457,5
2017-06,2017-07,information,1,0.01877345583050373,15,5
2017-06,2017-07,information,2,0.022739334037260982,15,5
2017-06,2017-07,information,3,0.017291037507364125,16,5
2017-06,2017-07,information,4,0.013289693501044024,15,5
2017-06,2017-07,information,5,-0.004526428952357102,16,5
2017-07,2017-08,attention,1,-0.009308962701320705,120,5
2017-07,2017-08,attention,2,0.0013220450379498047,120,5
2017-07,2017-08,attention,3,-0.0037727045351447293,120,5
2017-07,2017-08,attention,4,0.0003039527794676459,120,5
2017-07,2017-08,attention,5,0.006734262516650367,121,5
2017-07,2017-08,baseline,1,0.001896148334653611,378,5
2017-07,2017-08,baseline,2,0.003094423246197398,379,5
2017-07,2017-08,baseline,3,0.0019930305968541328,379,5
2017-07,2017-08,baseline,4,0.0018457410369712832,379,5
2017-07,2017-08,baseline,5,-0.00028270032289037165,378,5
2017-07,2017-08,information,1,-0.010177129183672574,30,5
2017-07,2017-08,information,2,-0.007230501343238069,31,5
2017-07,2017-08,information,3,-0.003456209043312567,31,5
2017-07,2017-08,information,4,0.015401556772397578,31,5
2017-07,2017-08,information,5,-0.0013420788907368651,31,5
2017-08,2017-09,attention,1,0.019195196981542276,116,5
2017-08,2017-09,attention,2,0.008283080290286852,116,5
2017-08,2017-09,attention,3,0.013146363892650115,116,5
2017-08,2017-09,attention,4,0.007865089806920657,116,5
2017-08,2017-09,attention,5,0.011067639720263955,117,5
2017-08,2017-09,baseline,1,0.018151686499459883,390,5
2017-08,2017-09,baseline,2,0.016869260264823212,391,5
2017-08,2017-09,baseline,3,0.011935537801093469,391,5
2017-08,2017-09,baseline,4,0.01410575486859612,391,5
2017-08,2017-09,baseline,5,0.012685703104696681,390,5
2017-08,2017-09,information,1,0.008153494106413636,28,5
2017-08,2017-09,information,2,0.007260616382879412,28,5
2017-08,2017-09,information,3,0.025251471258818214,29,5
2017-08,2017-09,information,4,0.009811424944305721,28,5
2017-08,2017-09,information,5,0.018885034704992774,29,5
2017-09,2017-10,attention,1,0.0019904695907394716,125,5
2017-09,2017-10,attention,2,0.017228540124819457,126,5
2017-09,2017-10,attention,3,0.022117062609893174,126,5
2017-09,2017-10,attention,4,0.01797691624510223,126,5
2017-09,2017-10,attention,5,0.010940474746182328,126,5
2017-09,2017-10,baseline,1,0.01580925452552452,419,5
2017-09,2017-10,baseline,2,0.022867413914642264,419,5
2017-09,2017-10,baseline,3,0.02539505320503132,419,5
2017-09,2017-10,baseline,4,0.02508460656600688,419,5
2017-09,2017-10,baseline,5,0.02386215936154599,420,5
2017-09,2017-10,information,1,-0.017809439002671512,1,5
2017-09,2017-10,information,2,-0.007462686567164145,2,5
2017-09,2017-10,information,3,-0.014194864959870934,2,5
2017-09,2017-10,information,4,-0.005537429200735189,2,5
2017-09,2017-10,information,5,0.10834126606377914,2,5
2017-10,2017-11,attention,1,-0.01907458394205011,63,5
2017-10,2017-11,attention,2,0.0013170278839568141,64,5
2017-10,2017-11,attention,3,-0.0007693121122984807,64,5
2017-10,2017-11,attention,4,-0.00020986675540221253,64,5
2017-10,2017-11,attention,5,0.012916567879615719,64,5
2017-10,2017-11,baseline,1,-0.00784353492878323,446,5
2017-10,2017-11,baseline,2,-0.004938060974201229,446,5
2017-10,2017-11,baseline,3,-0.007220014625001059,446,5
2017-10,2017-11,baseline,4,-0.007020505497293048,446,5
2017-10,2017-11,baseline,5,-0.006343269231007614,447,5
2017-10,2017-11,information,1,-0.007929704845321633,41,5
2017-10,2017-11,information,2,-0.0013165073090154224,41,5
2017-10,2017-11,information,3,0.005596136710671208,41,5
2017-10,2017-11,information,4,0.003376187634373664,41,5
2017-10,2017-11,information,5,0.011330488557917554,42,5
2017-11,2017-12,attention,1,-0.009658121269229925,86,5
2017-11,2017-12,attention,2,-0.012627557927091242,87,5
2017-11,2017-12,attention,3,-0.019009908537042836,87,5
2017-11,2017-12,attention,4,-0.014318313652072557,87,5
2017-11,2017-12,attention,5,-0.025921209130505107,87,5
2017-11,2017-12,baseline,1,-0.01952357963598266,474,5
2017-11,2017-12,baseline,2,-0.022565268262559824,474,5
2017-11,2017-12,baseline,3,-0.021439198537652214,475,5
2017-11,2017-12,baseline,4,-0.023167182824512283,474,5
2017-11,2017-12,baseline,5,-0.02446893304271167,475,5
2017-11,2017-12,information,2,0.018300653594771177,1,5
2017-11,2017-12,information,3,0.018965517241379404,1,5
2017-11,2017-12,information,4,-0.0608490566037736,1,5
2017-11,2017-12,information,5,0.007360672975814886,1,5
2017-12,2018-01,attention,1,0.0033060248607062266,60,5
2017-12,2018-01,attention,2,0.02338640571687859,60,5
2017-12,2018-01,attention,3,0.027958502261749604,60,5
2017-12,2018-01,attention,4,0.01811466948352596,60,5
2017-12,2018-01,attention,5,0.021601763630113437,60,5
2017-12,2018-01,baseline,1,0.02252138609211677,505,5
2017-12,2018-01,baseline,2,0.029603244759202764,506,5
2017-12,2018-01,baseline,3,0.027148572915977682,506,5
2017-12,2018-01,baseline,4,0.02456460254306392,506,5
2017-12,2018-01,baseline,5,0.02274334529683908,505,5
2017-12,2018-01,information,1,-0.02130492676431417,1,5
2017-12,2018-01,information,2,0.005154639175257714,1,5
2017-12,2018-01,information,3,-0.06574923547400613,1,5
2017-12,2018-01,information,4,-0.03883051621745093,1,5
2017-12,2018-01,information,5,0.050363383504183346,2,5
2018-01,2018-02,attention,1,-0.10096139166013839,111,5
2018-01,2018-02,attention,2,-0.09589234465777774,111,5
2018-01,2018-02,attention,3,-0.08518741789745499,112,5
2018-01,2018-02,attention,4,-0.09009377671621431,111,5
2018-01,2018-02,attention,5,-0.0764433304368524,112,5
2018-01,2018-02,baseline,1,-0.11112428573608446,446,5
2018-01,2018-02,baseline,2,-0.10674872843937301,446,5
2018-01,2018-02,baseline,3,-0.09982359309293798,446,5
2018-01,2018-02,baseline,4,-0.09608463432166493,446,5
2018-01,2018-02,baseline,5,-0.0918823942772841,447,5
2018-01,2018-02,information,1,-0.0932473195497951,19,5
2018-01,2018-02,information,2,-0.0963376415446138,19,5
2018-01,2018-02,information,3,-0.0611423477340084,19,5
2018-01,2018-02,information,4,-0.08329147071164511,19,5
2018-01,2018-02,information,5,-0.05396848903404812,20,5
2018-02,2018-03,attention,1,0.014898753303948156,51,5
2018-02,2018-03,attention,2,0.005003349442039824,51,5
2018-02,2018-03,attention,3,0.021713704675176845,52,5
2018-02,2018-03,attention,4,0.013959863045895742,51,5
2018-02,2018-03,attention,5,0.0229611958566624,52,5
2018-02,2018-03,baseline,1,0.0232917204468298,500,5
2018-02,2018-03,baseline,2,0.02098112796619361,500,5
2018-02,2018-03,baseline,3,0.020208772104897493,501,5
2018-02,2018-03,baseline,4,0.01993581240077767,500,5
2018-02,2018-03,baseline,5,0.01810755765002936,501,5
2018-02,2018-03,information,1,0.001858543878330181,26,5
2018-02,2018-03,information,2,0.01681835616853461,26,5
2018-02,2018-03,information,3,0.011566742879035714,26,5
2018-02,2018-03,information,4,0.044172099780165314,26,5
2018-02,2018-03,information,5,0.015976961414382852,26,5
2018-03,2018-04,attention,1,-0.02193416767699451,128,5
2018-03,2018-04,attention,2,-0.012329527844073705,129,5
2018-03,2018-04,attention,3,-0.009725877718369146,129,5
2018-03,2018-04,attention,4,-0.0006496919753212545,129,5
2018-03,2018-04,attention,5,-0.0011567884169420488,129,5
2018-03,2018-04,baseline,1,-0.012442218131045941,434,5
2018-03,2018-04,baseline,2,-0.004121943597801428,435,5
2018-03,2018-04,baseline,3,-0.006377738170937611,434,5
2018-03,2018-04,baseline,4,-0.0007750789574264176,435,5
2018-03,2018-04,baseline,5,-0.0016323620785032554,435,5
2018-03,2018-04,information,1,-0.006007339441560739,19,5
2018-03,2018-04,information,2,-0.027118534324291715,20,5
2018-03,2018-04,information,3,0.0046954485836947155,19,5
2018-03,2018-04,information,4,-0.013369345909403635,20,5
2018-03,2018-04,information,5,-0.0015848227965354123,20,5
2018-04,2018-05,attention,1,0.012278570432261536,70,5
2018-04,2018-05,attention,2,0.026565825953190896,71,5
2018-04,2018-05,attention,3,0.02274294400699857,70,5
2018-04,2018-05,attention,4,0.02917360818284583,71,5
2018-04,2018-05,attention,5,0.03221867649707406,71,5
2018-04,2018-05,baseline,1,0.02673980435249708,471,5
2018-04,2018-05,baseline,2,0.03327501204298588,472,5
2018-04,2018-05,baseline,3,0.02954793112500087,471,5
2018-04,2018-05,baseline,4,0.03157953148387615,472,5
2018-04,2018-05,baseline,5,0.03927048764708308,472,5
2018-04,2018-05,information,1,0.03590299152858939,49,5
2018-04,2018-05,information,2,0.02701662578814471,49,5
2018-04,2018-05,information,3,0.04826162644116763,49,5
2018-04,2018-05,information,4,0.03340229684720857,49,5
2018-04,2018-05,information,5,0.030588774541010954,49,5
2018-05,2018-06,attention,1,-0.01293825875550253,92,5
2018-05,2018-06,attention,2,-0.0070434215243950875,93,5
2018-05,2018-06,attention,3,-0.011166110881009514,92,5
2018-05,2018-06,attention,4,-0.009031781015950773,93,5
2018-05,2018-06,attention,5,-0.008016927587005587,93,5
2018-05,2018-06,baseline,1,-0.007832360481574655,490,5
2018-05,2018-06,baseline,2,-0.00256886168843151,490,5
2018-05,2018-06,baseline,3,0.00040266550632807926,490,5
2018-05,2018-06,baseline,4,0.0035202096318155103,490,5
2018-05,2018-06,baseline,5,0.00017900643989126008,490,5
2018-05,2018-06,information,1,-0.003533890820509498,22,5
2018-05,2018-06,information,2,-0.011482964637734289,22,5
2018-05,2018-06,information,3,0.0025120927923509067,23,5
2018-05,2018-06,information,4,-0.011862576873670684,22,5
2018-05,2018-06,information,5,-0.00919428899428882,23,5
2018-06,2018-07,attention,1,-0.04906836144943375,48,5
2018-06,2018-07,attention,2,-0.04169509874025253,48,5
2018-06,2018-07,attention,3,-0.02799596573533267,48,5
2018-06,2018-07,attention,4,-0.02772787603132934,48,5
2018-06,2018-07,attention,5,-0.035423167833566395,48,5
2018-06,2018-07,baseline,1,-0.039660395345848386,542,5
2018-06,2018-07,baseline,2,-0.04092279041863905,542,5
2018-06,2018-07,baseline,3,-0.038519724453400815,542,5
2018-06,2018-07,baseline,4,-0.035613925854732824,542,5
2018-06,2018-07,baseline,5,-0.03690307999945425,542,5
2018-06,2018-07,information,1,-0.03341950442515114,24,5
2018-06,2018-07,information,2,-0.04440101936013002,24,5
2018-06,2018-07,information,3,-0.03424606643515711,24,5
2018-06,2018-07,information,4,-0.0428155277090807,24,5
2018-06,2018-07,information,5,-0.05513995794849704,24,5
2018-07,2018-08,attention,1,-0.03946208777536011,76,5
2018-07,2018-08,attention,2,-0.02811574514572333,77,5
2018-07,2018-08,attention,3,-0.023625503979339373,77,5
2018-07,2018-08,attention,4,-0.026752740017608738,77,5
2018-07,2018-08,attention,5,-0.030949914578468046,77,5
2018-07,2018-08,baseline,1,-0.060364761435523114,522,5
2018-07,2018-08,baseline,2,-0.04814720426594081,522,5
2018-07,2018-08,baseline,3,-0.04170950547510757,523,5
2018-07,2018-08,baseline,4,-0.043916653624530545,521,5
2018-07,2018-08,baseline,5,-0.052461726810101326,521,5
2018-07,2018-08,information,1,-0.04306707070879985,22,5
2018-07,2018-08,information,2,-0.029443006013753135,23,5
2018-07,2018-08,information,3,-0.03832449870336203,22,5
2018-07,2018-08,information,4,-0.03912403851974442,23,5
2018-07,2018-08,information,5,-0.042910250634434,23,5
2018-08,2018-09,attention,1,-0.0076422348813027135,53,5
2018-08,2018-09,attention,2,0.0009583209407723394,53,5
2018-08,2018-09,attention,3,-0.007583796900358681,53,5
2018-08,2018-09,attention,4,-0.006897075454726614,53,5
2018-08,2018-09,attention,5,0.0037824754280068587,53,5
2018-08,2018-09,baseline,1,0.007965948244951615,555,5
2018-08,2018-09,baseline,2,-0.0008356704975862733,556,5
2018-08,2018-09,baseline,3,-0.00460979322005321,555,5
2018-08,2018-09,baseline,4,-0.007543326209059866,556,5
2018-08,2018-09,baseline,5,-0.005647802518297521,556,5
2018-08,2018-09,information,1,0.004442073344607362,27,5
2018-08,2018-09,information,2,0.013128314921990007,27,5
2018-08,2018-09,information,3,-0.004764969671092782,27,5
2018-08,2018-09,information,4,-0.010181380223232615,27,5
2018-08,2018-09,information,5,-0.007782284222178221,28,5
2018-09,2018-10,attention,1,-0.12623391693941494,47,5
2018-09,2018-10,attention,2,-0.09938364058942384,48,5
2018-09,2018-10,attention,3,-0.09976928173196045,47,5
2018-09,2018-10,attention,4,-0.10059077829941394,48,5
2018-09,2018-10,attention,5,-0.11215538325454022,48,5
2018-09,2018-10,baseline,1,-0.10276749623637509,597,5
2018-09,2018-10,baseline,2,-0.10726577531999823,597,5
2018-09,2018-10,baseline,3,-0.1082698792152726,598,5
2018-09,2018-10,baseline,4,-0.1145771334035292,597,5
2018-09,2018-10,baseline,5,-0.11048621279393724,598,5
2018-09,2018-10,information,1,-0.12581813931743802,2,5
2018-09,2018-10,information,2,-0.04010435955570396,2,5
2018-09,2018-10,information,3,-0.07047924717103649,2,5
2018-09,2018-10,information,4,-0.0708446866485013,2,5
2018-09,2018-10,information,5,-0.08687216833558294,3,5
2018-10,2018-11,attention,1,0.02723221384540603,67,5
2018-10,2018-11,attention,2,0.02324779385073257,67,5
2018-10,2018-11,attention,3,0.021395817403428587,67,5
2018-10,2018-11,attention,4,0.03263034047891389,67,5
2018-10,2018-11,attention,5,0.030766652539034465,67,5
2018-10,2018-11,baseline,1,0.045062892943694116,546,5
2018-10,2018-11,baseline,2,0.04357638848950151,547,5
2018-10,2018-11,baseline,3,0.037011781387754523,546,5
2018-10,2018-11,baseline,4,0.04188222518003898,547,5
2018-10,2018-11,baseline,5,0.04085779869951677,547,5
2018-10,2018-11,information,1,0.032933736537528145,43,5
2018-10,2018-11,information,2,0.03806653105160982,44,5
2018-10,2018-11,information,3,0.023155968871250224,43,5
2018-10,2018-11,information,4,0.031412273167890976,44,5
2018-10,2018-11,information,5,0.02844192851587892,44,5
2018-11,2018-12,attention,1,0.0016135618237526435,150,5
2018-11,2018-12,attention,2,0.012948475506350924,150,5
2018-11,2018-12,attention,3,0.022749026507756114,150,5
2018-11,2018-12,attention,4,0.012227684738932366,150,5
2018-11,2018-12,attention,5,0.017220241623772992,150,5
2018-11,2018-12,baseline,1,0.015879467956184425,518,5
2018-11,2018-12,baseline,2,0.01910704782305356,518,5
2018-11,2018-12,baseline,3,0.014116880338739358,519,5
2018-11,2018-12,baseline,4,0.01864535153958736,518,5
2018-11,2018-12,baseline,5,0.014704433652708356,519,5
2018-11,2018-12,information,2,-0.12647554806070838,1,5
2018-11,2018-12,information,3,0.02706766917293235,1,5
2018-11,2018-12,information,4,0.027956989247311714,1,5
2018-11,2018-12,information,5,-0.023076923076923217,1,5
2018-12,2019-01,attention,1,0.04502317806606696,64,5
2018-12,2019-01,attention,2,0.04080146064415819,65,5
2018-12,2019-01,attention,3,0.04213468464725096,65,5
2018-12,2019-01,attention,4,0.028116646249203847,65,5
2018-12,2019-01,attention,5,0.02443768601971874,65,5
2018-12,2019-01,baseline,1,0.04073054164534576,609,5
2018-12,2019-01,baseline,2,0.03510856334506715,608,5
2018-12,2019-01,baseline,3,0.039736016245836406,609,5
2018-12,2019-01,baseline,4,0.03923832985269573,608,5
2018-12,2019-01,baseline,5,0.03696665806983764,610,5
2018-12,2019-01,information,3,0.06069364161849711,1,5
2018-12,2019-01,information,5,0.02505042287418857,1,5
2019-01,2019-02,attention,1,0.11132195971001801,80,5
2019-01,2019-02,attention,2,0.0898130759499996,80,5
2019-01,2019-02,attention,3,0.0865001059398808,81,5
2019-01,2019-02,attention,4,0.08757139812067619,80,5
2019-01,2019-02,attention,5,0.0919360106779093,81,5
2019-01,2019-02,baseline,1,0.11932140721687191,578,5
2019-01,2019-02,baseline,2,0.09903363740414577,579,5
2019-01,2019-02,baseline,3,0.09179351747838307,579,5
2019-01,2019-02,baseline,4,0.08826717212288468,579,5
2019-01,2019-02,baseline,5,0.09158113707612699,579,5
2019-01,2019-02,information,1,0.11864172344684469,19,5
2019-01,2019-02,information,2,0.07487076233246076,19,5
2019-01,2019-02,information,3,0.06127354184411347,19,5
2019-01,2019-02,information,4,0.057522133320866746,19,5
2019-01,2019-02,information,5,0.05361334887890407,19,5
2019-02,2019-03,attention,1,0.09627014581690649,104,5
2019-02,2019-03,attention,2,0.0932398040116645,104,5
2019-02,2019-03,attention,3,0.09398043919151255,105,5
2019-02,2019-03,attention,4,0.09426708792223873,104,5
2019-02,2019-03,attention,5,0.09713280633230552,105,5
2019-02,2019-03,baseline,1,0.10766921424625152,566,5
2019-02,2019-03,baseline,2,0.0855998690304481,566,5
2019-02,2019-03,baseline,3,0.08265966416726096,566,5
2019-02,2019-03,baseline,4,0.0910803640784614,566,5
2019-02,2019-03,baseline,5,0.10587406936381212,567,5
2019-02,2019-03,information,1,0.0731473582537608,9,5
2019-02,2019-03,information,2,0.09457370660199198,10,5
2019-02,2019-03,information,3,0.11983321358794692,10,5
2019-02,2019-03,information,4,0.0608421030710085,10,5
2019-02,2019-03,information,5,0.0811888185482614,10,5
2019-03,2019-04,attention,1,0.053548956833749384,236,5
2019-03,2019-04,attention,2,0.06491506628334165,236,5
2019-03,2019-04,attention,3,0.060511263660032476,237,5
2019-03,2019-04,attention,4,0.06308168830930491,236,5
2019-03,2019-04,attention,5,0.057229116228334743,237,5
2019-03,2019-04,baseline,1,0.05101509563561657,430,5
2019-03,2019-04,baseline,2,0.05945222816661632,431,5
2019-03,2019-04,baseline,3,0.056765984110985844,430,5
2019-03,2019-04,baseline,4,0.05239522630932438,431,5
2019-03,2019-04,baseline,5,0.051884925827679035,431,5
2019-03,2019-04,information,1,0.05454050573084863,15,5
2019-03,2019-04,information,2,0.07481728358775887,15,5
2019-03,2019-04,information,3,0.038041767475826015,15,5
2019-03,2019-04,information,4,0.03222429511037345,15,5
2019-03,2019-04,information,5,0.021066179814074326,16,5
2019-04,2019-05,attention,1,-0.044593231828689024,134,5
2019-04,2019-05,attention,2,-0.045402184650370735,134,5
2019-04,2019-05,attention,3,-0.04558772010722544,135,5
2019-04,2019-05,attention,4,-0.04583762023186166,134,5
2019-04,2019-05,attention,5,-0.03154156677657489,135,5
2019-04,2019-05,baseline,1,-0.03893613578481251,470,5
2019-04,2019-05,baseline,2,-0.035819295952367526,470,5
2019-04,2019-05,baseline,3,-0.03420376446887155,470,5
2019-04,2019-05,baseline,4,-0.032630788740602205,470,5
2019-04,2019-05,baseline,5,-0.03066655910225252,470,5
2019-04,2019-05,information,1,-0.04460654656138439,80,5
2019-04,2019-05,information,2,-0.03995674986325653,81,5
2019-04,2019-05,information,3,-0.030890478626541155,81,5
2019-04,2019-05,information,4,-0.03653424664063856,81,5
2019-04,2019-05,information,5,-0.03310864999691797,81,5
2019-05,2019-06,attention,1,-0.02266350666174061,22,5
2019-05,2019-06,attention,2,-0.04613855027313184,23,5
2019-05,2019-06,attention,3,-0.04142746950924442,23,5
2019-05,2019-06,attention,4,-0.045018855053118464,23,5
2019-05,2019-06,attention,5,-0.04870772647746037,23,5
2019-05,2019-06,baseline,1,-0.044702291609899636,623,5
2019-05,2019-06,baseline,2,-0.037582882086382524,623,5
2019-05,2019-06,baseline,3,-0.03886187526021001,623,5
2019-05,2019-06,baseline,4,-0.03549379896546332,623,5
2019-05,2019-06,baseline,5,-0.03649257395484977,623,5
2019-05,2019-06,information,1,-0.043229834317724584,30,5
2019-05,2019-06,information,2,-0.02875666714495369,30,5
2019-05,2019-06,information,3,-0.02006870318065514,31,5
2019-05,2019-06,information,4,-0.011920152248604928,30,5
2019-05,2019-06,information,5,-0.020380070440184368,31,5
2019-06,2019-07,attention,1,0.006698035514624969,25,5
2019-06,2019-07,attention,2,-0.018302221230441854,26,5
2019-06,2019-07,attention,3,0.007568018853183162,25,5
2019-06,2019-07,attention,4,0.030791787269155955,26,5
2019-06,2019-07,attention,5,0.012913380675846844,26,5
2019-06,2019-07,baseline,1,0.007880422949358437,639,5
2019-06,2019-07,baseline,2,0.02172252837108186,640,5
2019-06,2019-07,baseline,3,0.022486427792216854,640,5
2019-06,2019-07,baseline,4,0.023474313801147558,640,5
2019-06,2019-07,baseline,5,0.01941466781528851,640,5
2019-06,2019-07,information,1,0.02051981735220785,11,5
2019-06,2019-07,information,2,0.07442005945883694,11,5
2019-06,2019-07,information,3,0.017938657674730876,11,5
2019-06,2019-07,information,4,0.0174411319274148,11,5
2019-06,2019-07,information,5,0.02723330539289895,12,5
2019-07,2019-08,attention,1,-0.07494967102268438,53,5
2019-07,2019-08,attention,2,-0.06414195654826041,53,5
2019-07,2019-08,attention,3,-0.05371586568479158,53,5
2019-07,2019-08,attention,4,-0.06687627522762787,53,5
2019-07,2019-08,attention,5,-0.06210444721707105,54,5
2019-07,2019-08,baseline,1,-0.056811166602358076,605,5
2019-07,2019-08,baseline,2,-0.06195547324240747,605,5
2019-07,2019-08,baseline,3,-0.0652831653023999,606,5
2019-07,2019-08,baseline,4,-0.06573707966018612,607,5
2019-07,2019-08,baseline,5,-0.06003887830987168,607,5
2019-07,2019-08,information,1,-0.045048198060131946,18,5
2019-07,2019-08,information,2,-0.032895155066272774,18,5
2019-07,2019-08,information,3,-0.054172932460012306,18,5
2019-07,2019-08,information,4,-0.050346001337458215,18,5
2019-07,2019-08,information,5,-0.05850295122107266,18,5
2019-08,2019-09,attention,1,0.05842726431214115,59,5
2019-08,2019-09,attention,2,0.043547292487363776,59,5
2019-08,2019-09,attention,3,0.041021855926576624,59,5
2019-08,2019-09,attention,4,0.05939359626340527,59,5
2019-08,2019-09,attention,5,0.04514508361061571,60,5
2019-08,2019-09,baseline,1,0.0586856816396564,584,5
2019-08,2019-09,baseline,2,0.06148291798623774,584,5
2019-08,2019-09,baseline,3,0.05133178271503593,584,5
2019-08,2019-09,baseline,4,0.053361661468995014,584,5
2019-08,2019-09,baseline,5,0.050609990471648235,584,5
2019-08,2019-09,information,1,0.023873220720840516,35,5
2019-08,2019-09,information,2,0.04826081959432712,35,5
2019-08,2019-09,information,3,0.038586184182678646,36,5
2019-08,2019-09,information,4,0.029689475227710378,35,5
2019-08,2019-09,information,5,0.04130435691200987,36,5
2019-09,2019-10,attention,1,0.04795619391149783,92,5
2019-09,2019-10,attention,2,0.03851835700084816,92,5
2019-09,2019-10,attention,3,0.03810612365700246,92,5
2019-09,2019-10,attention,4,0.04119520337506715,92,5
2019-09,2019-10,attention,5,0.04303781858911148,93,5
2019-09,2019-10,baseline,1,0.044731676530942205,585,5
2019-09,2019-10,baseline,2,0.03924720399928884,585,5
2019-09,2019-10,baseline,3,0.04226909740681349,586,5
2019-09,2019-10,baseline,4,0.04215207792102222,585,5
2019-09,2019-10,baseline,5,0.04542528501420987,586,5
2019-09,2019-10,information,1,0.022894374775437987,2,5
2019-09,2019-10,information,2,0.021605112339674142,3,5
2019-09,2019-10,information,3,0.03314290831709917,3,5
2019-09,2019-10,information,4,0.027247837219426512,3,5
2019-09,2019-10,information,5,0.04806893272241789,3,5
2019-10,2019-11,attention,1,0.010500462401504398,49,5
2019-10,2019-11,attention,2,0.003397512234218394,50,5
2019-10,2019-11,attention,3,0.0174868495189668,50,5
2019-10,2019-11,attention,4,0.040666214632360316,50,5
2019-10,2019-11,attention,5,0.020717832772981,50,5
2019-10,2019-11,baseline,1,0.0028128715060812257,598,5
2019-10,2019-11,baseline,2,0.006666888940298692,598,5
2019-10,2019-11,baseline,3,0.010154349809718211,598,5
2019-10,2019-11,baseline,4,0.011691164231135347,598,5
2019-10,2019-11,baseline,5,0.018565962338537353,597,5
2019-10,2019-11,information,1,0.011333400717773431,33,5
2019-10,2019-11,information,2,0.033126419555562094,34,5
2019-10,2019-11,information,3,0.03263759621413357,34,5
2019-10,2019-11,information,4,0.029514252132501237,34,5
2019-10,2019-11,information,5,0.028102814061032825,34,5
2019-11,2019-12,attention,1,0.04271164209737994,72,5
2019-11,2019-12,attention,2,0.022463988660644345,72,5
2019-11,2019-12,attention,3,0.019235291785435267,72,5
2019-11,2019-12,attention,4,0.020567723541164835,72,5
2019-11,2019-12,attention,5,0.020343420399940807,73,5
2019-11,2019-12,baseline,1,0.03140130653827217,608,5
2019-11,2019-12,baseline,2,0.02650426446781535,609,5
2019-11,2019-12,baseline,3,0.02537226242155123,610,5
2019-11,2019-12,baseline,4,0.02343185128881755,609,5
2019-11,2019-12,baseline,5,0.021644936575088477,609,5
2019-11,2019-12,information,1,0.0810951308265464,1,5
2019-11,2019-12,information,2,0.02367688022284109,1,5
2019-11,2019-12,information,3,0.04651499100659395,2,5
2019-11,2019-12,information,4,-0.015706806282722585,1,5
2019-11,2019-12,information,5,0.01720231271279571,2,5
2019-12,2020-01,attention,1,0.043530217157882044,85,5
2019-12,2020-01,attention,2,0.0209245782675013,85,5
2019-12,2020-01,attention,3,0.0134926356450566,85,5
2019-12,2020-01,attention,4,0.034593377065820205,85,5
2019-12,2020-01,attention,5,0.025496425932261774,86,5
2019-12,2020-01,baseline,1,0.04030414352526106,597,5
2019-12,2020-01,baseline,2,0.029779278212685063,598,5
2019-12,2020-01,baseline,3,0.026746291947577737,598,5
2019-12,2020-01,baseline,4,0.025865186028363414,598,5
2019-12,2020-01,baseline,5,0.035663592771021074,597,5
2019-12,2020-01,information,3,0.019886363636363757,1,5
2019-12,2020-01,information,5,0.008880994671403242,1,5
2020-01,2020-02,attention,1,-0.026075292351029403,107,5
2020-01,2020-02,attention,2,-0.01990840020140602,107,5
2020-01,2020-02,attention,3,-0.013405196852441618,108,5
2020-01,2020-02,attention,4,0.01874895398118454,107,5
2020-01,2020-02,attention,5,0.08815434548744863,108,5
2020-01,2020-02,baseline,1,-0.038009176848415316,558,5
2020-01,2020-02,baseline,2,-0.04712201310948607,559,5
2020-01,2020-02,baseline,3,-0.05462886634928645,557,5
2020-01,2020-02,baseline,4,-0.051607442698347245,559,5
2020-01,2020-02,baseline,5,-0.026193104327709802,558,5
2020-01,2020-02,information,1,-0.014914241819201774,19,5
2020-01,2020-02,information,2,-0.021127021394868373,20,5
2020-01,2020-02,information,3,-0.006331467217279565,19,5
2020-01,2020-02,information,4,0.0698742707775519,20,5
2020-01,2020-02,information,5,0.15834664398863846,20,5
2020-02,2020-03,attention,1,0.07136857011504287,194,5
2020-02,2020-03,attention,2,0.09113033885649521,194,5
2020-02,2020-03,attention,3,0.08979448630921787,194,5
2020-02,2020-03,attention,4,0.07251726507043361,194,5
2020-02,2020-03,attention,5,0.06880725304164835,194,5
2020-02,2020-03,baseline,1,0.07644001074883434,473,5
2020-02,2020-03,baseline,2,0.08707824283953053,473,5
2020-02,2020-03,baseline,3,0.0904275000814584,473,5
2020-02,2020-03,baseline,4,0.09242586076875842,473,5
2020-02,2020-03,baseline,5,0.0863420691922424,474,5
2020-02,2020-03,information,1,0.08002938433740966,19,5
2020-02,2020-03,information,2,0.09023667636757697,20,5
2020-02,2020-03,information,3,0.09245583868368143,19,5
2020-02,2020-03,information,4,0.06648139426819992,20,5
2020-02,2020-03,information,5,0.03392245640185769,20,5
2020-03,2020-04,attention,1,0.03462132305953451,122,5
2020-03,2020-04,attention,2,0.03188654455046201,123,5
2020-03,2020-04,attention,3,0.027460253644862632,122,5
2020-03,2020-04,attention,4,0.03698282276973251,123,5
2020-03,2020-04,attention,5,0.036174855432452566,123,5
2020-03,2020-04,baseline,1,0.05552192547251279,551,5
2020-03,2020-04,baseline,2,0.04182497797336349,551,5
2020-03,2020-04,baseline,3,0.04245103057500826,551,5
2020-03,2020-04,baseline,4,0.04786774234658196,551,5
2020-03,2020-04,baseline,5,0.06551953307483424,552,5
2020-03,2020-04,information,1,0.023253547896513786,15,5
2020-03,2020-04,information,2,0.021393634487367228,15,5
2020-03,2020-04,information,3,-0.0005139872049033448,16,5
2020-03,2020-04,information,4,0.023223286739753223,15,5
2020-03,2020-04,information,5,0.03239588808983334,16,5
2020-04,2020-05,attention,1,0.018274829448574385,39,5
2020-04,2020-05,attention,2,0.021286305971074542,40,5
2020-04,2020-05,attention,3,0.016597280145883776,40,5
2020-04,2020-05,attention,4,0.004933290398782658,40,5
2020-04,2020-05,attention,5,0.012104592858808452,40,5
2020-04,2020-05,baseline,1,0.014774541914969401,573,5
2020-04,2020-05,baseline,2,0.02171931656115882,574,5
2020-04,2020-05,baseline,3,0.022576170548300776,573,5
2020-04,2020-05,baseline,4,0.026088903236361333,574,5
2020-04,2020-05,baseline,5,0.03622324528406911,574,5
2020-04,2020-05,information,1,0.022643808256095996,78,5
2020-04,2020-05,information,2,0.01805132968546453,78,5
2020-04,2020-05,information,3,0.010932164395530235,78,5
2020-04,2020-05,information,4,0.019595614607593754,78,5
2020-04,2020-05,information,5,0.026157222384033983,79,5
2020-05,2020-06,attention,1,0.012395902924226432,55,5
2020-05,2020-06,attention,2,0.018411820529376288,56,5
2020-05,2020-06,attention,3,0.016840126943529366,55,5
2020-05,2020-06,attention,4,0.03689550457780589,56,5
2020-05,2020-06,attention,5,0.02766161014134785,56,5
2020-05,2020-06,baseline,1,0.041011858817052556,611,5
2020-05,2020-06,baseline,2,0.037895453966932495,613,5
2020-05,2020-06,baseline,3,0.031563421311440736,612,5
2020-05,2020-06,baseline,4,0.037601798963491154,613,5
2020-05,2020-06,baseline,5,0.041328654941303646,613,5
2020-05,2020-06,information,1,-0.0004788535424375684,12,5
2020-05,2020-06,information,2,0.08797570919002974,13,5
2020-05,2020-06,information,3,0.022402540490807085,13,5
2020-05,2020-06,information,4,0.018050261535299275,13,5
2020-05,2020-06,information,5,0.04691699952143743,13,5
2020-06,2020-07,attention,1,0.08036247414308402,85,5
2020-06,2020-07,attention,2,0.0856160657201791,86,5
2020-06,2020-07,attention,3,0.08586933664563506,85,5
2020-06,2020-07,attention,4,0.08147438443797486,86,5
2020-06,2020-07,attention,5,0.08561164779998019,86,5
2020-06,2020-07,baseline,1,0.07222829915454032,585,5
2020-06,2020-07,baseline,2,0.08771794358993994,586,5
2020-06,2020-07,baseline,3,0.08879426163808174,587,5
2020-06,2020-07,baseline,4,0.09275961158761464,586,5
2020-06,2020-07,baseline,5,0.08254103803665544,587,5
2020-06,2020-07,information,1,0.057363038208985674,12,5
2020-06,2020-07,information,2,0.07209223749187066,12,5
2020-06,2020-07,information,3,0.1232416883252846,12,5
2020-06,2020-07,information,4,0.1101284953694504,12,5
2020-06,2020-07,information,5,0.0719624246012475,13,5
2020-07,2020-08,attention,1,0.007086225213851837,168,5
2020-07,2020-08,attention,2,0.0147179266895261,169,5
2020-07,2020-08,attention,3,0.03179496923074593,168,5
2020-07,2020-08,attention,4,0.03067279293349794,169,5
2020-07,2020-08,attention,5,0.03866071364455438,169,5
2020-07,2020-08,baseline,1,0.014211000603900572,487,5
2020-07,2020-08,baseline,2,0.013625320988850614,487,5
2020-07,2020-08,baseline,3,0.02140719873829194,488,5
2020-07,2020-08,baseline,4,0.023659954139297144,489,5
2020-07,2020-08,baseline,5,0.025213044168417163,488,5
2020-07,2020-08,information,1,-0.013492927939627116,31,5
2020-07,2020-08,information,2,0.043531274415730285,31,5
2020-07,2020-08,information,3,0.03735101498624609,32,5
2020-07,2020-08,information,4,0.036802861438722655,31,5
2020-07,2020-08,information,5,0.03563993914495324,32,5
2020-08,2020-09,attention,1,0.04224907671720241,113,5
2020-08,2020-09,attention,2,0.031991005468506015,113,5
2020-08,2020-09,attention,3,0.003222857140049036,113,5
2020-08,2020-09,attention,4,0.0006343120284089839,113,5
2020-08,2020-09,attention,5,-0.008012662570660993,113,5
2020-08,2020-09,baseline,1,0.0006244706285374528,538,5
2020-08,2020-09,baseline,2,-0.010082077683740552,540,5
2020-08,2020-09,baseline,3,-0.004736593907766294,538,5
2020-08,2020-09,baseline,4,-0.007547130946382774,540,5
2020-08,2020-09,baseline,5,-0.01582803593530647,537,5
2020-08,2020-09,information,1,0.0028496760477607717,38,5
2020-08,2020-09,information,2,0.0075286917362025136,38,5
2020-08,2020-09,information,3,-0.004965177947363955,38,5
2020-08,2020-09,information,4,0.01900805623554892,38,5
2020-08,2020-09,information,5,-0.018668475417553183,39,5
2020-09,2020-10,attention,1,0.12489508266828367,95,5
2020-09,2020-10,attention,2,0.09110291973850852,95,5
2020-09,2020-10,attention,3,0.07670367995929449,95,5
2020-09,2020-10,attention,4,0.0527097309258569,95,5
2020-09,2020-10,attention,5,0.06801543070334079,95,5
2020-09,2020-10,baseline,1,0.05473314764830225,593,5
2020-09,2020-10,baseline,2,0.038852535101255734,594,5
2020-09,2020-10,baseline,3,0.038361724068001576,594,5
2020-09,2020-10,baseline,4,0.0434602421390824,594,5
2020-09,2020-10,baseline,5,0.054358187668288184,594,5
2020-09,2020-10,information,1,0.031149188484431045,3,5
2020-09,2020-10,information,2,0.1123976257293507,3,5
2020-09,2020-10,information,3,0.0590193732863565,3,5
2020-09,2020-10,information,4,0.06541254541254544,3,5
2020-09,2020-10,information,5,0.05511119600259721,3,5
2020-10,2020-11,attention,1,0.013140445672011754,38,5
2020-10,2020-11,attention,2,0.014557199640990545,38,5
2020-10,2020-11,attention,3,0.029917074749227657,38,5
2020-10,2020-11,attention,4,0.03999893629994188,38,5
2020-10,2020-11,attention,5,0.026924593493832315,38,5
2020-10,2020-11,baseline,1,0.023082078560396877,617,5
2020-10,2020-11,baseline,2,0.023999759744882283,617,5
2020-10,2020-11,baseline,3,0.026005363024454848,617,5
2020-10,2020-11,baseline,4,0.027694741433691286,617,5
2020-10,2020-11,baseline,5,0.0351570021695168,617,5
2020-10,2020-11,information,1,0.013976095948582401,38,5
2020-10,2020-11,information,2,0.041302854613009275,39,5
2020-10,2020-11,information,3,0.037649720940209436,39,5
2020-10,2020-11,information,4,0.05166233899036879,39,5
2020-10,2020-11,information,5,0.03128520423452851,39,5
2020-11,2020-12,attention,1,0.00330116963944079,91,5
2020-11,2020-12,attention,2,-0.0011485494181509173,91,5
2020-11,2020-12,attention,3,0.009905726772542901,91,5
2020-11,2020-12,attention,4,-0.009079806500217067,91,5
2020-11,2020-12,attention,5,-0.0014624646840514135,91,5
2020-11,2020-12,baseline,1,0.006962935643858037,602,5
2020-11,2020-12,baseline,2,0.01072841131119111,601,5
2020-11,2020-12,baseline,3,0.013318948140488014,602,5
2020-11,2020-12,baseline,4,0.01655468718043308,602,5
2020-11,2020-12,baseline,5,0.013694206053194052,602,5
2020-11,2020-12,information,1,-0.040183831255009905,7,5
2020-11,2020-12,information,2,-0.025950864320851835,8,5
2020-11,2020-12,information,3,-0.007292394932439897,8,5
2020-11,2020-12,information,4,0.014450052045021256,8,5
2020-11,2020-12,information,5,0.0047908691012770455,8,5
2020-12,2021-01,attention,1,-0.03097631666026317,83,5
2020-12,2021-01,attention,2,-0.03175668159019889,84,5
2020-12,2021-01,attention,3,-0.014087098993613859,84,5
2020-12,2021-01,attention,4,-0.020793681606084996,84,5
2020-12,2021-01,attention,5,0.01090486768235325,84,5
2020-12,2021-01,baseline,1,-0.03215187471613738,622,5
2020-12,2021-01,baseline,2,-0.0256685838158785,622,5
2020-12,2021-01,baseline,3,-0.018828044243528002,622,5
2020-12,2021-01,baseline,4,-0.017595633753535084,622,5
2020-12,2021-01,baseline,5,-0.021991932412328115,621,5
2020-12,2021-01,information,5,0.1063829787234043,1,5
2021-01,2021-02,attention,1,-0.06279040018145135,93,5
2021-01,2021-02,attention,2,-0.030807473819816588,93,5
2021-01,2021-02,attention,3,-0.027193013522352708,93,5
2021-01,2021-02,attention,4,-0.031613599835555846,93,5
2021-01,2021-02,attention,5,-0.03545056999783101,93,5
2021-01,2021-02,baseline,1,-0.05461467908139954,593,5
2021-01,2021-02,baseline,2,-0.042367351329721845,595,5
2021-01,2021-02,baseline,3,-0.034657135319428496,594,5
2021-01,2021-02,baseline,4,-0.034862280058687474,595,5
2021-01,2021-02,baseline,5,-0.031101589542920353,595,5
2021-01,2021-02,information,1,-0.03301365359189576,22,5
2021-01,2021-02,information,2,-0.02863333296740387,22,5
2021-01,2021-02,information,3,-0.01943937003015058,22,5
2021-01,2021-02,information,4,-0.006529685466238575,22,5
2021-01,2021-02,information,5,0.025811228442546973,22,5
2021-02,2021-03,attention,1,0.01770527249431039,51,5
2021-02,2021-03,attention,2,0.03379376984094328,51,5
2021-02,2021-03,attention,3,0.01887748167859541,51,5
2021-02,2021-03,attention,4,0.033643255125508476,51,5
2021-02,2021-03,attention,5,0.03148033762829771,52,5
2021-02,2021-03,baseline,1,0.02943989364089903,652,5
2021-02,2021-03,baseline,2,0.029573877688632413,653,5
2021-02,2021-03,baseline,3,0.028800153728090996,653,5
2021-02,2021-03,baseline,4,0.030658241526593296,653,5
2021-02,2021-03,baseline,5,0.025599948275745788,653,5
2021-02,2021-03,information,1,0.009249010738458137,9,5
2021-02,2021-03,information,2,0.025515296248346156,9,5
2021-02,2021-03,information,3,0.03100376183156803,9,5
2021-02,2021-03,information,4,-0.0045306966709027785,9,5
2021-02,2021-03,information,5,-0.010422670794027112,10,5
2021-03,2021-04,attention,1,-0.01576311669933517,87,5
2021-03,2021-04,attention,2,0.008741233255102952,87,5
2021-03,2021-04,attention,3,0.0064746909248141575,87,5
2021-03,2021-04,attention,4,-0.010957073285569368,87,5
2021-03,2021-04,attention,5,0.007592258668522355,87,5
2021-03,2021-04,baseline,1,0.019441963746697946,614,5
2021-03,2021-04,baseline,2,0.012547626045239738,615,5
2021-03,2021-04,baseline,3,0.012803214413882366,615,5
2021-03,2021-04,baseline,4,0.014197487183664677,615,5
2021-03,2021-04,baseline,5,0.019868307332961604,616,5
2021-03,2021-04,information,1,0.012728278481706205,15,5
2021-03,2021-04,information,2,-0.0007601060071697068,15,5
2021-03,2021-04,information,3,0.018098344278815535,15,5
2021-03,2021-04,information,4,0.004610188291559081,15,5
2021-03,2021-04,information,5,0.012837123001232784,16,5
2021-04,2021-05,attention,1,0.0756169412854552,57,5
2021-04,2021-05,attention,2,0.03249255744613053,57,5
2021-04,2021-05,attention,3,0.03983970516076625,58,5
2021-04,2021-05,attention,4,0.015292582469455994,57,5
2021-04,2021-05,attention,5,0.009441021663711635,58,5
2021-04,2021-05,baseline,1,0.03551122846112157,615,5
2021-04,2021-05,baseline,2,0.016941037150233644,615,5
2021-04,2021-05,baseline,3,0.014247077705453904,616,5
2021-04,2021-05,baseline,4,0.01533135101573363,614,5
2021-04,2021-05,baseline,5,0.013340543540523064,614,5
2021-04,2021-05,information,1,0.053590699549578555,54,5
2021-04,2021-05,information,2,0.009121035939278524,54,5
2021-04,2021-05,information,3,0.02942164052507726,54,5
2021-04,2021-05,information,4,0.027095138061750894,54,5
2021-04,2021-05,information,5,-0.0018888419002376573,54,5
2021-05,2021-06,attention,1,-0.010818760181167602,89,5
2021-05,2021-06,attention,2,0.005767153480515838,89,5
2021-05,2021-06,attention,3,0.0007640460016392113,89,5
2021-05,2021-06,attention,4,0.014124340804310591,89,5
2021-05,2021-06,attention,5,0.0060001589484095655,90,5
2021-05,2021-06,baseline,1,0.005256090039167752,622,5
2021-05,2021-06,baseline,2,0.011726946655259368,622,5
2021-05,2021-06,baseline,3,0.0094959695150666,622,5
2021-05,2021-06,baseline,4,0.009952941622973306,621,5
2021-05,2021-06,baseline,5,0.008241569700390278,622,5
2021-05,2021-06,information,1,0.04290399192571118,13,5
2021-05,2021-06,information,2,-0.004719355991730328,13,5
2021-05,2021-06,information,3,-0.013368745701214149,13,5
2021-05,2021-06,information,4,0.016013210152971986,13,5
2021-05,2021-06,information,5,0.020875060234482563,14,5
2021-06,2021-07,attention,1,0.001373091188848709,117,5
2021-06,2021-07,attention,2,0.0016831171202512508,117,5
2021-06,2021-07,attention,3,-0.005344338283115309,117,5
2021-06,2021-07,attention,4,0.0028197184829090584,117,5
2021-06,2021-07,attention,5,0.01895567328608203,117,5
2021-06,2021-07,baseline,1,0.006348666040998206,600,5
2021-06,2021-07,baseline,2,0.006529663315805695,601,5
2021-06,2021-07,baseline,3,-0.002042034207804693,601,5
2021-06,2021-07,baseline,4,-0.0001456841193659352,601,5
2021-06,2021-07,baseline,5,0.0003779216250126611,601,5
2021-06,2021-07,information,1,0.0036178784177414674,15,5
2021-06,2021-07,information,2,-0.0023167875660211096,15,5
2021-06,2021-07,information,3,-0.019123203884345907,16,5
2021-06,2021-07,information,4,0.0046821484308117315,15,5
2021-06,2021-07,information,5,-0.019128425457777536,16,5
2021-07,2021-08,attention,1,0.018664105456582737,136,5
2021-07,2021-08,attention,2,0.016328487472363703,136,5
2021-07,2021-08,attention,3,0.019618310933080408,137,5
2021-07,2021-08,attention,4,0.012247757138325883,136,5
2021-07,2021-08,attention,5,0.037903364854563096,137,5
2021-07,2021-08,baseline,1,0.019469299119118075,576,5
2021-07,2021-08,baseline,2,0.022058127014277173,580,5
2021-07,2021-08,baseline,3,0.024114481937296945,580,5
2021-07,2021-08,baseline,4,0.022090022690804224,580,5
2021-07,2021-08,baseline,5,0.027285984522839455,579,5
2021-07,2021-08,information,1,0.024577027801337463,26,5
2021-07,2021-08,information,2,0.01916627211375582,26,5
2021-07,2021-08,information,3,0.03150402434810109,27,5
2021-07,2021-08,information,4,0.035416864435784,26,5
2021-07,2021-08,information,5,0.03803465355124745,27,5
2021-08,2021-09,attention,1,0.014687843529541781,147,5
2021-08,2021-09,attention,2,0.04250271209098673,148,5
2021-08,2021-09,attention,3,0.029397008237721102,147,5
2021-08,2021-09,attention,4,0.0403349290552033,148,5
2021-08,2021-09,attention,5,0.032624693164031326,148,5
2021-08,2021-09,baseline,1,0.023729504863325167,557,5
2021-08,2021-09,baseline,2,0.03664742814512671,558,5
2021-08,2021-09,baseline,3,0.03980557890671394,557,5
2021-08,2021-09,baseline,4,0.037866727396194795,558,5
2021-08,2021-09,baseline,5,0.025967133499429963,557,5
2021-08,2021-09,information,1,0.011167998766492236,49,5
2021-08,2021-09,information,2,0.041551284017432695,50,5
2021-08,2021-09,information,3,0.05285830800995172,50,5
2021-08,2021-09,information,4,0.03448799929218825,50,5
2021-08,2021-09,information,5,0.047869468464286274,50,5
2021-09,2021-10,attention,1,-0.0021615725871070943,152,5
2021-09,2021-10,attention,2,-0.012537413000947214,153,5
2021-09,2021-10,attention,3,-0.021423475927979652,152,5
2021-09,2021-10,attention,4,-0.006476197378541017,153,5
2021-09,2021-10,attention,5,-0.02504702641844255,153,5
2021-09,2021-10,baseline,1,0.006066720750947461,611,5
2021-09,2021-10,baseline,2,0.009054169295890256,612,5
2021-09,2021-10,baseline,3,0.014153512997593098,612,5
2021-09,2021-10,baseline,4,0.012805185451900323,612,5
2021-09,2021-10,baseline,5,-0.005001152381793592,611,5
2021-09,2021-10,information,1,-0.026695974713921156,3,5
2021-09,2021-10,information,2,0.04516571866674107,4,5
2021-09,2021-10,information,3,-0.0021778955603678485,3,5
2021-09,2021-10,information,4,-0.017971786118008787,4,5
2021-09,2021-10,information,5,-0.024259466616060404,4,5
2021-10,2021-11,attention,1,0.04771759908907662,44,5
2021-10,2021-11,attention,2,0.014683226377062505,45,5
2021-10,2021-11,attention,3,0.024176062186574473,45,5
2021-10,2021-11,attention,4,0.022625438596724088,45,5
2021-10,2021-11,attention,5,0.009164143132543025,45,5
2021-10,2021-11,baseline,1,0.003437768039318886,681,5
2021-10,2021-11,baseline,2,0.017423713878771417,682,5
2021-10,2021-11,baseline,3,0.015799845855641165,682,5
2021-10,2021-11,baseline,4,0.013028829962805364,682,5
2021-10,2021-11,baseline,5,0.015273411928059965,682,5
2021-10,2021-11,information,1,0.025079158395026734,45,5
2021-10,2021-11,information,2,0.02791902623245417,46,5
2021-10,2021-11,information,3,0.016897921972608435,45,5
2021-10,2021-11,information,4,0.03343611296653333,46,5
2021-10,2021-11,information,5,0.04107864120270354,46,5
2021-11,2021-12,attention,1,-0.029047577129646614,118,5
2021-11,2021-12,attention,2,-0.02133376493946541,118,5
2021-11,2021-12,attention,3,-0.02340973745268746,119,5
2021-11,2021-12,attention,4,-0.027835611175407816,118,5
2021-11,2021-12,attention,5,-0.055114567356301,119,5
2021-11,2021-12,baseline,1,-0.019306585199259034,646,5
2021-11,2021-12,baseline,2,-0.0010442036599855962,646,5
2021-11,2021-12,baseline,3,-0.00542978949920524,646,5
2021-11,2021-12,baseline,4,-0.011443742240168777,646,5
2021-11,2021-12,baseline,5,-0.029264860325165398,646,5
2021-11,2021-12,information,1,-0.04002713045442793,12,5
2021-11,2021-12,information,2,0.013820370234214693,12,5
2021-11,2021-12,information,3,-0.010929735867576581,12,5
2021-11,2021-12,information,4,-0.0062288918227979455,12,5
2021-11,2021-12,information,5,-0.0372603716090884,13,5
2021-12,2022-01,attention,1,0.008846501780149459,150,5
2021-12,2022-01,attention,2,0.02188499053315375,151,5
2021-12,2022-01,attention,3,0.019998067452188753,150,5
2021-12,2022-01,attention,4,0.01735703880324213,151,5
2021-12,2022-01,attention,5,0.0038310639675417295,151,5
2021-12,2022-01,baseline,1,-0.01369031713401416,637,5
2021-12,2022-01,baseline,2,-0.005823566807235336,637,5
2021-12,2022-01,baseline,3,0.0017755405125015216,637,5
2021-12,2022-01,baseline,4,0.00031349933214003543,637,5
2021-12,2022-01,baseline,5,-0.008648816725349248,638,5
2021-12,2022-01,information,5,0.08347529812606469,1,5
2022-01,2022-02,attention,1,0.04343247033436276,117,5
2022-01,2022-02,attention,2,0.02959026413478715,118,5
2022-01,2022-02,attention,3,0.04815730025771757,118,5
2022-01,2022-02,attention,4,0.03470230365440416,118,5
2022-01,2022-02,attention,5,0.029511493539693578,118,5
2022-01,2022-02,baseline,1,0.020431542300231424,661,5
2022-01,2022-02,baseline,2,0.017998202321791383,661,5
2022-01,2022-02,baseline,3,0.025365015993777426,661,5
2022-01,2022-02,baseline,4,0.022137697194657722,661,5
2022-01,2022-02,baseline,5,0.01284964067215774,662,5
2022-01,2022-02,information,1,0.037264894040727414,15,5
2022-01,2022-02,information,2,0.046638870825072114,15,5
2022-01,2022-02,information,3,0.01841801907797209,15,5
2022-01,2022-02,information,4,0.015401394169374109,15,5
2022-01,2022-02,information,5,-0.0011291395494619355,16,5
2022-02,2022-03,attention,1,-0.013559706606489332,69,5
2022-02,2022-03,attention,2,-0.004770224131388437,69,5
2022-02,2022-03,attention,3,-0.006386210382746119,69,5
2022-02,2022-03,attention,4,-0.004645822960375376,69,5
2022-02,2022-03,attention,5,-0.009629257554714596,70,5
2022-02,2022-03,baseline,1,-0.009495398989904086,721,5
2022-02,2022-03,baseline,2,-0.017887997961028957,721,5
2022-02,2022-03,baseline,3,-0.018340655057038528,721,5
2022-02,2022-03,baseline,4,-0.01560519780497526,721,5
2022-02,2022-03,baseline,5,-0.02710958153639773,721,5
2022-02,2022-03,information,1,0.00163730124587332,9,5
2022-02,2022-03,information,2,-0.026140083791737788,10,5
2022-02,2022-03,information,3,-0.04086653076765629,9,5
2022-02,2022-03,information,4,0.00745174986517586,10,5
2022-02,2022-03,information,5,-0.05028261725606779,10,5
2022-03,2022-04,attention,1,-0.04318025841336563,94,5
2022-03,2022-04,attention,2,-0.048564745867133954,95,5
2022-03,2022-04,attention,3,-0.013418717170072748,95,5
2022-03,2022-04,attention,4,-0.027444970848481926,95,5
2022-03,2022-04,attention,5,-0.05277777549216967,95,5
2022-03,2022-04,baseline,1,-0.05014829639950745,701,5
2022-03,2022-04,baseline,2,-0.04458785431676311,701,5
2022-03,2022-04,baseline,3,-0.043536229901171404,702,5
2022-03,2022-04,baseline,4,-0.05367023862036792,701,5
2022-03,2022-04,baseline,5,-0.06664294089369824,702,5
2022-03,2022-04,information,1,-0.032445987194094715,12,5
2022-03,2022-04,information,2,0.0035349794437250968,12,5
2022-03,2022-04,information,3,-0.057623533689627325,12,5
2022-03,2022-04,information,4,-0.02096334185727125,12,5
2022-03,2022-04,information,5,0.0007144080697092936,12,5
2022-04,2022-05,attention,1,0.04650270576027067,78,5
2022-04,2022-05,attention,2,0.021070799644777587,79,5
2022-04,2022-05,attention,3,0.05407128179558082,78,5
2022-04,2022-05,attention,4,0.021043630694549648,79,5
2022-04,2022-05,attention,5,0.026530972587395212,79,5
2022-04,2022-05,baseline,1,0.04048266056851583,667,5
2022-04,2022-05,baseline,2,0.04428632695787235,667,5
2022-04,2022-05,baseline,3,0.04421988076156006,668,5
2022-04,2022-05,baseline,4,0.043297998519179225,667,5
2022-04,2022-05,baseline,5,0.05008253571957578,667,5
2022-04,2022-05,information,1,0.03287410993085493,75,5
2022-04,2022-05,information,2,0.03302450307459751,75,5
2022-04,2022-05,information,3,0.02734083044484276,75,5
2022-04,2022-05,information,4,0.03707064221771299,75,5
2022-04,2022-05,information,5,0.041815894649236164,75,5
2022-05,2022-06,attention,1,0.02143471750504756,58,5
2022-05,2022-06,attention,2,0.021246721432690244,58,5
2022-05,2022-06,attention,3,0.029711160868639723,59,5
2022-05,2022-06,attention,4,0.02504169892696836,58,5
2022-05,2022-06,attention,5,0.044741237076971405,59,5
2022-05,2022-06,baseline,1,0.013996735554218702,754,5
2022-05,2022-06,baseline,2,0.02750787605672469,755,5
2022-05,2022-06,baseline,3,0.028083534764928392,754,5
2022-05,2022-06,baseline,4,0.03360505060363919,754,5
2022-05,2022-06,baseline,5,0.036093746279485424,752,5
2022-05,2022-06,information,1,0.021305363077326684,14,5
2022-05,2022-06,information,2,0.013759266255137934,14,5
2022-05,2022-06,information,3,0.022572128285353148,14,5
2022-05,2022-06,information,4,0.01131021515278069,14,5
2022-05,2022-06,information,5,0.06811666550331558,15,5
2022-06,2022-07,attention,1,0.002539440424859039,103,5
2022-06,2022-07,attention,2,-0.0023125803325230597,103,5
2022-06,2022-07,attention,3,-0.011647868409536367,103,5
2022-06,2022-07,attention,4,-0.015599934898279032,103,5
2022-06,2022-07,attention,5,-0.01681636821187722,103,5
2022-06,2022-07,baseline,1,-0.006879279469269297,707,5
2022-06,2022-07,baseline,2,0.001327004539282015,725,5
2022-06,2022-07,baseline,3,-0.004609554578597145,728,5
2022-06,2022-07,baseline,4,-0.003906130551711493,726,5
2022-06,2022-07,baseline,5,-0.0034060740659951497,721,5
2022-06,2022-07,information,1,-0.021356319789611663,11,5
2022-06,2022-07,information,2,-0.008946876240246936,11,5
2022-06,2022-07,information,3,-0.009242825072907261,11,5
2022-06,2022-07,information,4,-0.003594502173892587,11,5
2022-06,2022-07,information,5,-0.027297131741627147,11,5
2022-07,2022-08,attention,1,-0.02216781296094415,93,5
2022-07,2022-08,attention,2,-0.021527022777814337,94,5
2022-07,2022-08,attention,3,-0.0051505285552397835,93,5
2022-07,2022-08,attention,4,-0.00353400253213579,94,5
2022-07,2022-08,attention,5,-0.0010503932006995817,94,5
2022-07,2022-08,baseline,1,-0.02891893997603818,730,5
2022-07,2022-08,baseline,2,-0.013657549066767721,732,5
2022-07,2022-08,baseline,3,-0.010281784623704559,731,5
2022-07,2022-08,baseline,4,-0.0061488862532637495,732,5
2022-07,2022-08,baseline,5,-0.005357349892103135,732,5
2022-07,2022-08,information,1,-0.0055963603866753895,19,5
2022-07,2022-08,information,2,-0.0050437011202165314,20,5
2022-07,2022-08,information,3,-0.002881890390371105,19,5
2022-07,2022-08,information,4,-0.0010997610548416248,20,5
2022-07,2022-08,information,5,-0.015322279222605623,20,5
2022-08,2022-09,attention,1,0.03787625562350744,101,5
2022-08,2022-09,attention,2,0.03555722315788463,101,5
2022-08,2022-09,attention,3,0.03202309600958135,102,5
2022-08,2022-09,attention,4,0.029885229363721937,101,5
2022-08,2022-09,attention,5,0.050855266786210704,102,5
2022-08,2022-09,baseline,1,0.040372779492253125,710,5
2022-08,2022-09,baseline,2,0.025555342139016602,711,5
2022-08,2022-09,baseline,3,0.02319622333408006,711,5
2022-08,2022-09,baseline,4,0.02876834947706481,711,5
2022-08,2022-09,baseline,5,0.03604597881571745,711,5
2022-08,2022-09,information,1,0.012312292684399036,41,5
2022-08,2022-09,information,2,0.013301423451043813,42,5
2022-08,2022-09,information,3,0.015981802956352015,42,5
2022-08,2022-09,information,4,0.02338829739443952,42,5
2022-08,2022-09,information,5,0.029172865542894413,42,5
2022-09,2022-10,attention,1,0.025805768848967695,58,5
2022-09,2022-10,attention,2,0.03918128699664473,59,5
2022-09,2022-10,attention,3,0.04164984783209316,59,5
2022-09,2022-10,attention,4,0.05246338998880279,59,5
2022-09,2022-10,attention,5,0.07080639415341354,59,5
2022-09,2022-10,baseline,1,0.041218899974793714,802,5
2022-09,2022-10,baseline,2,0.04656638895579487,802,5
2022-09,2022-10,baseline,3,0.04873115172738628,802,5
2022-09,2022-10,baseline,4,0.05433529239171347,802,5
2022-09,2022-10,baseline,5,0.058722035212742954,802,5
2022-09,2022-10,information,1,0.0641025641025641,1,5
2022-09,2022-10,information,2,0.022370130577108682,2,5
2022-09,2022-10,information,3,0.05392194807289141,2,5
2022-09,2022-10,information,4,0.02064421726115384,2,5
2022-09,2022-10,information,5,0.08739012352889641,2,5
2022-10,2022-11,attention,1,0.03322624687122686,58,5
2022-10,2022-11,attention,2,0.05376875043279165,58,5
2022-10,2022-11,attention,3,0.03598469090687563,58,5
2022-10,2022-11,attention,4,0.03689263335047925,58,5
2022-10,2022-11,attention,5,0.04585781487321857,58,5
2022-10,2022-11,baseline,1,0.07782658131841207,759,5
2022-10,2022-11,baseline,2,0.07717955774595246,760,5
2022-10,2022-11,baseline,3,0.07112220496068292,759,5
2022-10,2022-11,baseline,4,0.06885728268341776,760,5
2022-10,2022-11,baseline,5,0.07270089494529627,760,5
2022-10,2022-11,information,1,0.046374669401515634,51,5
2022-10,2022-11,information,2,0.034677078685279715,51,5
2022-10,2022-11,information,3,0.04127195848733964,52,5
2022-10,2022-11,information,4,0.04940525542170807,51,5
2022-10,2022-11,information,5,0.055606551442713106,52,5
2022-11,2022-12,attention,1,0.024065023430525957,132,5
2022-11,2022-12,attention,2,0.03025623964992093,133,5
2022-11,2022-12,attention,3,0.026685520456501917,132,5
2022-11,2022-12,attention,4,0.01579244790725229,133,5
2022-11,2022-12,attention,5,0.008519204807803857,133,5
2022-11,2022-12,baseline,1,0.018327556072776727,741,5
2022-11,2022-12,baseline,2,0.02156542598755173,742,5
2022-11,2022-12,baseline,3,0.02077138877452178,741,5
2022-11,2022-12,baseline,4,0.021114927992447678,742,5
2022-11,2022-12,baseline,5,0.01557224703898357,742,5
2022-11,2022-12,information,1,0.02363279540149177,2,5
2022-11,2022-12,information,2,0.07089465190679778,2,5
2022-11,2022-12,information,3,0.000988420246597177,2,5
2022-11,2022-12,information,4,0.05388317516501584,2,5
2022-11,2022-12,information,5,0.10001481502168563,3,5
2022-12,2023-01,attention,1,0.017085425089159362,110,5
2022-12,2023-01,attention,2,0.03469987548583016,110,5
2022-12,2023-01,attention,3,0.03095717126359743,110,5
2022-12,2023-01,attention,4,0.030518764964431993,110,5
2022-12,2023-01,attention,5,0.022384819071045683,110,5
2022-12,2023-01,baseline,1,0.03599409002488472,774,5
2022-12,2023-01,baseline,2,0.040197111915805224,775,5
2022-12,2023-01,baseline,3,0.03921738044953977,774,5
2022-12,2023-01,baseline,4,0.0394085051647097,775,5
2022-12,2023-01,baseline,5,0.040379474986370956,775,5
2022-12,2023-01,information,2,0.03790087463556868,1,5
2022-12,2023-01,information,4,0.038775510204081876,1,5
2022-12,2023-01,information,5,0.0702479338842974,1,5
2023-01,2023-02,attention,1,0.014237725284988829,60,5
2023-01,2023-02,attention,2,0.029325706744530212,61,5
2023-01,2023-02,attention,3,0.03237729957948628,61,5
2023-01,2023-02,attention,4,0.028208660781741793,61,5
2023-01,2023-02,attention,5,0.027301430939560698,61,5
2023-01,2023-02,baseline,1,0.02142764386623197,814,5
2023-01,2023-02,baseline,2,0.027343551584851224,814,5
2023-01,2023-02,baseline,3,0.024862996148384046,815,5
2023-01,2023-02,baseline,4,0.02741944628605459,814,5
2023-01,2023-02,baseline,5,0.029059522414114566,815,5
2023-01,2023-02,information,1,0.020801708069134478,16,5
2023-01,2023-02,information,2,0.0338418607364065,16,5
2023-01,2023-02,information,3,0.015282391125399433,16,5
2023-01,2023-02,information,4,0.04824512680891862,16,5
2023-01,2023-02,information,5,0.028854845438313115,17,5
2023-02,2023-03,attention,1,-0.017906782889553628,130,5
2023-02,2023-03,attention,2,-0.0065878458797203245,130,5
2023-02,2023-03,attention,3,-0.01292670134533472,131,5
2023-02,2023-03,attention,4,-0.017134060988581192,130,5
2023-02,2023-03,attention,5,-0.013866063206387483,131,5
2023-02,2023-03,baseline,1,-0.016614896238487938,758,5
2023-02,2023-03,baseline,2,-0.016632595244314503,758,5
2023-02,2023-03,baseline,3,-0.010954184957105638,759,5
2023-02,2023-03,baseline,4,-0.01320045653896497,758,5
2023-02,2023-03,baseline,5,-0.012772271755135504,759,5
2023-02,2023-03,information,1,-0.046437359796181445,5,5
2023-02,2023-03,information,2,0.0008397075166957646,6,5
2023-02,2023-03,information,3,-0.036267338659318284,5,5
2023-02,2023-03,information,4,-0.003149262779683304,6,5
2023-02,2023-03,information,5,-0.01014779720828679,6,5
2023-03,2023-04,attention,1,0.012138361390081663,165,5
2023-03,2023-04,attention,2,0.018850338522900308,165,5
2023-03,2023-04,attention,3,0.014392025951693707,166,5
2023-03,2023-04,attention,4,0.012615526021536176,165,5
2023-03,2023-04,attention,5,0.01148426407442078,166,5
2023-03,2023-04,baseline,1,-0.002022147521919197,725,5
2023-03,2023-04,baseline,2,-0.0002915887021914587,725,5
2023-03,2023-04,baseline,3,-0.009131718430557142,725,5
2023-03,2023-04,baseline,4,-0.008097722198089196,725,5
2023-03,2023-04,baseline,5,-0.01012722930768325,725,5
2023-03,2023-04,information,1,0.024333665379674053,11,5
2023-03,2023-04,information,2,0.048251096239381175,11,5
2023-03,2023-04,information,3,0.02772904704448612,11,5
2023-03,2023-04,information,4,0.007454866215817904,11,5
2023-03,2023-04,information,5,0.004235853607310724,11,5
2023-04,2023-05,attention,1,-0.018259990278909514,136,5
2023-04,2023-05,attention,2,-0.016558603808309893,137,5
2023-04,2023-05,attention,3,-0.007312479692685412,136,5
2023-04,2023-05,attention,4,-0.015013914562097197,137,5
2023-04,2023-05,attention,5,-0.014815973999815102,137,5
2023-04,2023-05,baseline,1,-0.01178925641492793,698,5
2023-04,2023-05,baseline,2,-0.009227217370032332,698,5
2023-04,2023-05,baseline,3,-0.0011595310469171807,698,5
2023-04,2023-05,baseline,4,0.0008476555795449963,699,5
2023-04,2023-05,baseline,5,-0.006054308215766539,699,5
2023-04,2023-05,information,1,0.006778250858347405,73,5
2023-04,2023-05,information,2,-0.008473183547780858,74,5
2023-04,2023-05,information,3,-0.010772873381101007,74,5
2023-04,2023-05,information,4,0.0001737381076899004,74,5
2023-04,2023-05,information,5,-0.005819123950694943,74,5
2023-05,2023-06,attention,1,0.027368013028262226,115,5
2023-05,2023-06,attention,2,0.00851325520366933,115,5
2023-05,2023-06,attention,3,0.0016712878247098332,116,5
2023-05,2023-06,attention,4,0.002240213012245805,115,5
2023-05,2023-06,attention,5,0.0002575317120334059,116,5
2023-05,2023-06,baseline,1,0.009655004548431044,755,5
2023-05,2023-06,baseline,2,-0.005162934050260769,757,5
2023-05,2023-06,baseline,3,-0.006415732023404828,755,5
2023-05,2023-06,baseline,4,-0.003845918067767948,757,5
2023-05,2023-06,baseline,5,-0.0059347575111957235,757,5
2023-05,2023-06,information,1,0.021053767457720723,31,5
2023-05,2023-06,information,2,0.0054472109310605525,32,5
2023-05,2023-06,information,3,0.0029839844013026025,31,5
2023-05,2023-06,information,4,0.0037376150834884415,32,5
2023-05,2023-06,information,5,0.015297768799974392,32,5
2023-06,2023-07,attention,1,-0.0008055099350348635,121,5
2023-06,2023-07,attention,2,0.007147872114517038,122,5
2023-06,2023-07,attention,3,-0.002722542238934665,122,5
2023-06,2023-07,attention,4,-0.009732987847935784,122,5
2023-06,2023-07,attention,5,-0.008705392950160101,122,5
2023-06,2023-07,baseline,1,-0.013003459676347338,761,5
2023-06,2023-07,baseline,2,-0.00024490341436121297,770,5
2023-06,2023-07,baseline,3,0.0009022535684831466,769,5
2023-06,2023-07,baseline,4,0.0037818050429604113,770,5
2023-06,2023-07,baseline,5,0.0017395783201334895,769,5
2023-06,2023-07,information,1,-0.002047521853411626,21,5
2023-06,2023-07,information,2,-0.00206044296505863,22,5
2023-06,2023-07,information,3,0.008350899445020482,22,5
2023-06,2023-07,information,4,0.004938228925797811,22,5
2023-06,2023-07,information,5,-0.025984404853226194,22,5
2023-07,2023-08,attention,1,-0.011595656008573913,141,5
2023-07,2023-08,attention,2,-0.014472647748781285,142,5
2023-07,2023-08,attention,3,-0.006498296062501541,141,5
2023-07,2023-08,attention,4,0.004231663967987513,142,5
2023-07,2023-08,attention,5,-0.008214647283849937,142,5
2023-07,2023-08,baseline,1,-0.0071414813382728905,753,5
2023-07,2023-08,baseline,2,-0.009784866976094144,752,5
2023-07,2023-08,baseline,3,-0.010764603032132072,755,5
2023-07,2023-08,baseline,4,-0.012145088595034274,757,5
2023-07,2023-08,baseline,5,-0.012269290041338206,753,5
2023-07,2023-08,information,1,0.005567224363166549,19,5
2023-07,2023-08,information,2,-0.009945668067972318,20,5
2023-07,2023-08,information,3,-0.007070151413538861,20,5
2023-07,2023-08,information,4,-0.01972250875317782,20,5
2023-07,2023-08,information,5,-0.002471654073416729,20,5
2023-08,2023-09,attention,1,-0.04277762623760563,110,5
2023-08,2023-09,attention,2,-0.011129487855013862,110,5
2023-08,2023-09,attention,3,-0.006564083905588733,110,5
2023-08,2023-09,attention,4,0.0014513728550380094,110,5
2023-08,2023-09,attention,5,-0.002285113006952921,111,5
2023-08,2023-09,baseline,1,-0.007214054421973873,754,5
2023-08,2023-09,baseline,2,0.0004983805163269493,754,5
2023-08,2023-09,baseline,3,0.004963942825443539,754,5
2023-08,2023-09,baseline,4,0.0010516422080572535,754,5
2023-08,2023-09,baseline,5,0.003071231767169032,755,5
2023-08,2023-09,information,1,-0.007326075840830801,60,5
2023-08,2023-09,information,2,0.0028745068646074514,60,5
2023-08,2023-09,information,3,-0.00028631499463179833,61,5
2023-08,2023-09,information,4,0.005133481341475391,60,5
2023-08,2023-09,information,5,0.004769164118610208,61,5
2023-09,2023-10,attention,1,0.04229736286041483,108,5
2023-09,2023-10,attention,2,0.019070539734713284,109,5
2023-09,2023-10,attention,3,0.020938608866217394,109,5
2023-09,2023-10,attention,4,0.0071123887247037595,109,5
2023-09,2023-10,attention,5,-0.005522717520594265,109,5
2023-09,2023-10,baseline,1,0.002127711652619636,818,5
2023-09,2023-10,baseline,2,-0.008027221186692059,818,5
2023-09,2023-10,baseline,3,-0.008420235958809606,818,5
2023-09,2023-10,baseline,4,-0.011350313836623969,818,5
2023-09,2023-10,baseline,5,-0.012905463232792097,819,5
2023-09,2023-10,information,1,0.02454272992334825,5,5
2023-09,2023-10,information,2,-0.0003986419719531842,5,5
2023-09,2023-10,information,3,-0.01575866486956179,5,5
2023-09,2023-10,information,4,-0.0036552453471984103,5,5
2023-09,2023-10,information,5,-0.010834554992552778,6,5
2023-10,2023-11,attention,1,0.04175847430728497,100,5
2023-10,2023-11,attention,2,0.04301853481513648,100,5
2023-10,2023-11,attention,3,0.037537519888723045,101,5
2023-10,2023-11,attention,4,0.045830946473441846,100,5
2023-10,2023-11,attention,5,0.023588126246167893,101,5
2023-10,2023-11,baseline,1,0.0435504447782186,756,5
2023-10,2023-11,baseline,2,0.031977977896389176,757,5
2023-10,2023-11,baseline,3,0.02666017637299032,756,5
2023-10,2023-11,baseline,4,0.024696354620269877,757,5
2023-10,2023-11,baseline,5,0.024607724984052684,757,5
2023-10,2023-11,information,1,0.03404198610635384,81,5
2023-10,2023-11,information,2,0.015289287859372913,81,5
2023-10,2023-11,information,3,0.014512633962824201,82,5
2023-10,2023-11,information,4,0.014362526532861459,81,5
2023-10,2023-11,information,5,0.00908957750419114,82,5
2023-11,2023-12,attention,1,0.009210887922327824,148,5
2023-11,2023-12,attention,2,-0.019046030442149475,149,5
2023-11,2023-12,attention,3,-0.01759705351788206,149,5
2023-11,2023-12,attention,4,-0.014724155698273329,149,5
2023-11,2023-12,attention,5,-0.021985267759157507,149,5
2023-11,2023-12,baseline,1,-0.0015851940282564283,792,5
2023-11,2023-12,baseline,2,-0.009410981443698658,792,5
2023-11,2023-12,baseline,3,-0.010727972898975972,792,5
2023-11,2023-12,baseline,4,-0.008318670147330854,792,5
2023-11,2023-12,baseline,5,-0.009896232696129319,793,5
2023-11,2023-12,information,1,-0.04337330729376826,2,5
2023-11,2023-12,information,2,-0.01238720484141137,2,5
2023-11,2023-12,information,3,-0.023593443506819873,3,5
2023-11,2023-12,information,4,0.01159454990648473,2,5
2023-11,2023-12,information,5,-0.03985663825567557,3,5
2023-12,2024-01,attention,1,-0.038773380431187165,132,5
2023-12,2024-01,attention,2,-0.0397666463379669,132,5
2023-12,2024-01,attention,3,-0.040238251418123386,132,5
2023-12,2024-01,attention,4,-0.03842604973243544,132,5
2023-12,2024-01,attention,5,-0.0382964578522642,132,5
2023-12,2024-01,baseline,1,-0.05310363535468001,815,5
2023-12,2024-01,baseline,2,-0.04544788615004231,816,5
2023-12,2024-01,baseline,3,-0.03889633662462098,815,5
2023-12,2024-01,baseline,4,-0.03273842826403365,816,5
2023-12,2024-01,baseline,5,-0.03707616989208785,816,5
2023-12,2024-01,information,2,-0.01679104477611948,1,5
2023-12,2024-01,information,3,-0.07284413497589715,1,5
2023-12,2024-01,information,4,0.05525362318840599,1,5
2023-12,2024-01,information,5,-0.028644501278772272,1,5
2024-01,2024-02,attention,1,-0.1371891649770849,131,5
2024-01,2024-02,attention,2,-0.07544723446394823,131,5
2024-01,2024-02,attention,3,-0.06735316550995371,132,5
2024-01,2024-02,attention,4,-0.049064794644590126,131,5
2024-01,2024-02,attention,5,-0.15732427022275264,132,5
2024-01,2024-02,baseline,1,-0.11218998077112964,773,5
2024-01,2024-02,baseline,2,-0.08642017209255304,773,5
2024-01,2024-02,baseline,3,-0.08895493724935147,773,5
2024-01,2024-02,baseline,4,-0.1204871916166256,773,5
2024-01,2024-02,baseline,5,-0.2025070116281637,774,5
2024-01,2024-02,information,1,-0.038373852761725384,45,5
2024-01,2024-02,information,2,-0.004050039715569377,45,5
2024-01,2024-02,information,3,0.002723254203201971,46,5
2024-01,2024-02,information,4,-0.043894845857199855,45,5
2024-01,2024-02,information,5,-0.12535194896392116,46,5
2024-02,2024-03,attention,1,-0.009121825538809842,315,5
2024-02,2024-03,attention,2,-0.010227076768554385,315,5
2024-02,2024-03,attention,3,-0.0036799467089304785,316,5
2024-02,2024-03,attention,4,-0.008419435343687257,315,5
2024-02,2024-03,attention,5,-0.007625647435449684,316,5
2024-02,2024-03,baseline,1,0.0021056149985765756,620,5
2024-02,2024-03,baseline,2,0.0007973285220614819,621,5
2024-02,2024-03,baseline,3,0.004763570393706674,621,5
2024-02,2024-03,baseline,4,0.0002407344449221682,621,5
2024-02,2024-03,baseline,5,0.007229776806306844,621,5
2024-02,2024-03,information,1,-0.007335899143292156,16,5
2024-02,2024-03,information,2,0.03060442351223977,17,5
2024-02,2024-03,information,3,-0.009815431611554973,16,5
2024-02,2024-03,information,4,-0.01423196495512837,17,5
2024-02,2024-03,information,5,-0.009136942942774104,17,5
2024-03,2024-04,attention,1,-0.033643123412011505,180,5
2024-03,2024-04,attention,2,-0.00028152419745246086,180,5
2024-03,2024-04,attention,3,0.02348028378945386,181,5
2024-03,2024-04,attention,4,0.007824367250666467,180,5
2024-03,2024-04,attention,5,0.00457952578787389,181,5
2024-03,2024-04,baseline,1,-0.018289108633035154,763,5
2024-03,2024-04,baseline,2,0.007644872716932268,763,5
2024-03,2024-04,baseline,3,0.009715594158856743,764,5
2024-03,2024-04,baseline,4,0.013120406435258348,763,5
2024-03,2024-04,baseline,5,0.006084627817862248,764,5
2024-03,2024-04,information,1,0.0017943381520178572,14,5
2024-03,2024-04,information,2,0.021857272402045103,14,5
2024-03,2024-04,information,3,0.0175890004855566,14,5
2024-03,2024-04,information,4,0.040706234078915375,14,5
2024-03,2024-04,information,5,0.03789709282043612,14,5
2024-04,2024-05,attention,1,0.03949498633307223,128,5
2024-04,2024-05,attention,2,0.04654719004393609,129,5
2024-04,2024-05,attention,3,0.03949018860171966,129,5
2024-04,2024-05,attention,4,0.033124771314961256,129,5
2024-04,2024-05,attention,5,0.045798159323315116,129,5
2024-04,2024-05,baseline,1,0.015018824340626916,698,5
2024-04,2024-05,baseline,2,0.01076059960694161,699,5
2024-04,2024-05,baseline,3,0.01496632396817562,700,5
2024-04,2024-05,baseline,4,0.015299122539872935,698,5
2024-04,2024-05,baseline,5,0.00929404392052038,700,5
2024-04,2024-05,information,1,0.03668852457490339,134,5
2024-04,2024-05,information,2,0.02253990402022199,135,5
2024-04,2024-05,information,3,0.02923878524615904,135,5
2024-04,2024-05,information,4,0.024476820376151932,135,5
2024-04,2024-05,information,5,0.027286606325878964,135,5
2024-05,2024-06,attention,1,-0.07382576690994236,141,5
2024-05,2024-06,attention,2,-0.061242100826381374,141,5
2024-05,2024-06,attention,3,-0.049140426324150506,142,5
2024-05,2024-06,attention,4,-0.05321275216578791,141,5
2024-05,2024-06,attention,5,-0.05783550598122519,142,5
2024-05,2024-06,baseline,1,-0.0663543953935055,790,5
2024-05,2024-06,baseline,2,-0.05393940676447109,790,5
2024-05,2024-06,baseline,3,-0.047177833384564966,790,5
2024-05,2024-06,baseline,4,-0.05730235654071531,790,5
2024-05,2024-06,baseline,5,-0.07269467600636087,791,5
2024-05,2024-06,information,1,-0.07304005688559301,23,5
2024-05,2024-06,information,2,-0.06406608404715963,24,5
2024-05,2024-06,information,3,-0.06534753771727672,23,5
2024-05,2024-06,information,4,-0.05923104201782017,24,5
2024-05,2024-06,information,5,-0.06639447913137861,24,5
2024-06,2024-07,attention,1,-0.0544829020301956,85,5
2024-06,2024-07,attention,2,-0.03895532333459338,85,5
2024-06,2024-07,attention,3,-0.03746062924189868,85,5
2024-06,2024-07,attention,4,-0.031326174099824626,85,5
2024-06,2024-07,attention,5,-0.019256749142301417,85,5
2024-06,2024-07,baseline,1,-0.0214828351049806,847,5
2024-06,2024-07,baseline,2,-0.014079770239930995,852,5
2024-06,2024-07,baseline,3,-0.012706806495128509,852,5
2024-06,2024-07,baseline,4,-0.009869796809314643,851,5
2024-06,2024-07,baseline,5,-0.01124357494026682,852,5
2024-06,2024-07,information,1,-0.05370008342142661,28,5
2024-06,2024-07,information,2,-0.012458654447886661,28,5
2024-06,2024-07,information,3,-0.0161382485453553,28,5
2024-06,2024-07,information,4,-0.016940223181227766,28,5
2024-06,2024-07,information,5,-0.019877061940211205,28,5
2024-07,2024-08,attention,1,-0.05412303025653645,84,5
2024-07,2024-08,attention,2,-0.031529189816319025,85,5
2024-07,2024-08,attention,3,-0.011242533368836356,84,5
2024-07,2024-08,attention,4,-0.020895978028639184,85,5
2024-07,2024-08,attention,5,-0.025474646598373014,85,5
2024-07,2024-08,baseline,1,-0.02352797317419534,849,5
2024-07,2024-08,baseline,2,-0.01797934080747917,852,5
2024-07,2024-08,baseline,3,-0.01407416010467819,851,5
2024-07,2024-08,baseline,4,-0.01480714223450857,852,5
2024-07,2024-08,baseline,5,-0.015357589523073778,850,5
2024-07,2024-08,information,1,-0.015304725965205511,36,5
2024-07,2024-08,information,2,-0.029470272002931595,36,5
2024-07,2024-08,information,3,-0.024404232302700626,36,5
2024-07,2024-08,information,4,-0.024670203473790293,36,5
2024-07,2024-08,information,5,-0.013771920502670516,36,5
2024-08,2024-09,attention,1,-0.03294425087154781,96,5
2024-08,2024-09,attention,2,-0.021651258593239776,97,5
2024-08,2024-09,attention,3,-0.025693311104950656,96,5
2024-08,2024-09,attention,4,-0.017342659360457206,97,5
2024-08,2024-09,attention,5,-0.030733931899493108,97,5
2024-08,2024-09,baseline,1,-0.021823546432279513,832,5
2024-08,2024-09,baseline,2,-0.02216292477024658,833,5
2024-08,2024-09,baseline,3,-0.02323761804840373,833,5
2024-08,2024-09,baseline,4,-0.023101920053873796,833,5
2024-08,2024-09,baseline,5,-0.024483986245562597,833,5
2024-08,2024-09,information,1,-0.031571672646117405,46,5
2024-08,2024-09,information,2,-0.01845313435432785,47,5
2024-08,2024-09,information,3,-0.013997066841205035,46,5
2024-08,2024-09,information,4,-0.008418848586371925,47,5
2024-08,2024-09,information,5,-0.010671319074574508,47,5
2024-09,2024-10,attention,1,-0.006316814591419498,195,5
2024-09,2024-10,attention,2,-0.023044316437459873,196,5
2024-09,2024-10,attention,3,-0.021580884927037258,196,5
2024-09,2024-10,attention,4,-0.024001923980400387,196,5
2024-09,2024-10,attention,5,-0.01887299688317759,196,5
2024-09,2024-10,baseline,1,-0.016374210049554406,767,5
2024-09,2024-10,baseline,2,-0.02514296914837606,767,5
2024-09,2024-10,baseline,3,-0.03321843875312738,767,5
2024-09,2024-10,baseline,4,-0.03122727542165238,767,5
2024-09,2024-10,baseline,5,-0.02544633515666196,767,5
2024-09,2024-10,information,1,0.027818007812996978,15,5
2024-09,2024-10,information,2,-0.013405213395658401,16,5
2024-09,2024-10,information,3,-0.005399630433149394,16,5
2024-09,2024-10,information,4,-0.017835682029114862,16,5
2024-09,2024-10,information,5,-0.03419140462817065,16,5
2024-10,2024-11,attention,1,0.05819063145971778,328,5
2024-10,2024-11,attention,2,0.05173882720046983,329,5
2024-10,2024-11,attention,3,0.04879245233298936,328,5
2024-10,2024-11,attention,4,0.04475770659894067,329,5
2024-10,2024-11,attention,5,0.04206485731119492,329,5
2024-10,2024-11,baseline,1,0.06500230593927263,594,5
2024-10,2024-11,baseline,2,0.05388581932884801,594,5
2024-10,2024-11,baseline,3,0.05405469672957573,594,5
2024-10,2024-11,baseline,4,0.04829208253340467,594,5
2024-10,2024-11,baseline,5,0.042065371424533725,594,5
2024-10,2024-11,information,1,0.05363461833624466,57,5
2024-10,2024-11,information,2,0.04874647988301416,58,5
2024-10,2024-11,information,3,0.051939295858818665,57,5
2024-10,2024-11,information,4,0.037005949513792366,58,5
2024-10,2024-11,information,5,0.03448329488776252,58,5
2024-11,2024-12,attention,1,0.04015793072064396,250,5
2024-11,2024-12,attention,2,0.023819673041197892,251,5
2024-11,2024-12,attention,3,0.03054914177699231,250,5
2024-11,2024-12,attention,4,0.02668091101750425,251,5
2024-11,2024-12,attention,5,0.028584529425062212,251,5
2024-11,2024-12,baseline,1,0.04566553661717252,715,5
2024-11,2024-12,baseline,2,0.03219969868341963,716,5
2024-11,2024-12,baseline,3,0.031968834566687775,716,5
2024-11,2024-12,baseline,4,0.03164810964235614,716,5
2024-11,2024-12,baseline,5,0.03568088875482254,716,5
2024-11,2024-12,information,1,0.056033352501285424,15,5
2024-11,2024-12,information,2,0.028653240351185594,15,5
2024-11,2024-12,information,3,0.026669661576927028,15,5
2024-11,2024-12,information,4,0.056106096012574116,15,5
2024-11,2024-12,information,5,0.0024637282199414007,15,5
2024-12,2025-01,attention,1,-0.03214138905120918,135,5
2024-12,2025-01,attention,2,-0.03387242727081756,136,5
2024-12,2025-01,attention,3,-0.029519790067401703,135,5
2024-12,2025-01,attention,4,-0.04252852516072372,136,5
2024-12,2025-01,attention,5,-0.03772474978140461,136,5
2024-12,2025-01,baseline,1,-0.03742966378402375,843,5
2024-12,2025-01,baseline,2,-0.039554190848851166,844,5
2024-12,2025-01,baseline,3,-0.037131817487647524,843,5
2024-12,2025-01,baseline,4,-0.039169812892867834,844,5
2024-12,2025-01,baseline,5,-0.04233669950595412,844,5
2024-12,2025-01,information,1,-0.0839634573235733,4,5
2024-12,2025-01,information,2,-0.004670308093773756,5,5
2024-12,2025-01,information,3,-0.03737678150865581,4,5
2024-12,2025-01,information,4,-0.0466207708833523,5,5
2024-12,2025-01,information,5,-0.033915275626956155,5,5
2025-01,2025-02,attention,1,0.07391929837850145,45,5
2025-01,2025-02,attention,2,0.07118813350851959,45,5
2025-01,2025-02,attention,3,0.0572895059503035,45,5
2025-01,2025-02,attention,4,0.03723870792404276,45,5
2025-01,2025-02,attention,5,0.08613842474421601,46,5
2025-01,2025-02,baseline,1,0.07721412612356528,920,5
2025-01,2025-02,baseline,2,0.05281713270997769,920,5
2025-01,2025-02,baseline,3,0.047218530171158575,920,5
2025-01,2025-02,baseline,4,0.05587605979453193,920,5
2025-01,2025-02,baseline,5,0.07638295515503761,921,5
2025-01,2025-02,information,1,0.0863217384433695,19,5
2025-01,2025-02,information,2,0.045707141726466144,20,5
2025-01,2025-02,information,3,0.07599030553058199,19,5
2025-01,2025-02,information,4,0.06503232835098213,20,5
2025-01,2025-02,information,5,0.08343357210088202,20,5
2025-02,2025-03,attention,1,0.069210390215391,138,5
2025-02,2025-03,attention,2,0.04204263798912859,138,5
2025-02,2025-03,attention,3,0.034867662370621104,138,5
2025-02,2025-03,attention,4,0.051632614024501235,138,5
2025-02,2025-03,attention,5,0.05840279426596926,139,5
2025-02,2025-03,baseline,1,0.03871538410638916,838,5
2025-02,2025-03,baseline,2,0.027493486353170154,838,5
2025-02,2025-03,baseline,3,0.026589308859600577,839,5
2025-02,2025-03,baseline,4,0.024850636745798578,838,5
2025-02,2025-03,baseline,5,0.03312410695742112,839,5
2025-02,2025-03,information,1,0.024497044192471697,9,5
2025-02,2025-03,information,2,0.005379145720317046,9,5
2025-02,2025-03,information,3,0.025298620949428054,9,5
2025-02,2025-03,information,4,0.013671775800717533,9,5
2025-02,2025-03,information,5,0.033196575850826755,9,5
2025-03,2025-04,attention,1,-0.13634523047559252,162,5
2025-03,2025-04,attention,2,-0.12040344280384134,162,5
2025-03,2025-04,attention,3,-0.10450516432615235,162,5
2025-03,2025-04,attention,4,-0.0827208001228863,162,5
2025-03,2025-04,attention,5,-0.1059244997080785,162,5
2025-03,2025-04,baseline,1,-0.14088963492536327,813,5
2025-03,2025-04,baseline,2,-0.11848773277628277,814,5
2025-03,2025-04,baseline,3,-0.10122879368597759,813,5
2025-03,2025-04,baseline,4,-0.08241895249190562,814,5
2025-03,2025-04,baseline,5,-0.09488832483917833,814,5
2025-03,2025-04,information,1,-0.09867030292949734,11,5
2025-03,2025-04,information,2,-0.061197772641189904,11,5
2025-03,2025-04,information,3,-0.05376584422664454,12,5
2025-03,2025-04,information,4,-0.05762749382523082,11,5
2025-03,2025-04,information,5,-0.09796557546063898,12,5
2025-04,2025-05,attention,1,0.031207570475859266,112,5
2025-04,2025-05,attention,2,0.034679751821933495,113,5
2025-04,2025-05,attention,3,0.03688144399106886,113,5
2025-04,2025-05,attention,4,0.025312592778864284,113,5
2025-04,2025-05,attention,5,0.029046809161316533,113,5
2025-04,2025-05,baseline,1,0.05708920130174254,802,5
2025-04,2025-05,baseline,2,0.051526002862577906,803,5
2025-04,2025-05,baseline,3,0.04831459660009245,803,5
2025-04,2025-05,baseline,4,0.046907033330098775,803,5
2025-04,2025-05,baseline,5,0.05292757403290144,803,5
2025-04,2025-05,information,1,0.0428059822457691,71,5
2025-04,2025-05,information,2,0.031658811646512165,71,5
2025-04,2025-05,information,3,0.039791382221896696,71,5
2025-04,2025-05,information,4,0.04758197230796473,71,5
2025-04,2025-05,information,5,0.06267359799593215,71,5
2025-05,2025-06,attention,1,0.043558809506280764,109,5
2025-05,2025-06,attention,2,0.032984322635183076,110,5
2025-05,2025-06,attention,3,0.031012969237533633,109,5
2025-05,2025-06,attention,4,0.036595510430944646,110,5
2025-05,2025-06,attention,5,0.05433650480764024,110,5
2025-05,2025-06,baseline,1,0.0392232139194881,849,5
2025-05,2025-06,baseline,2,0.03329399285833962,850,5
2025-05,2025-06,baseline,3,0.029204331294806565,849,5
2025-05,2025-06,baseline,4,0.03598540574020203,850,5
2025-05,2025-06,baseline,5,0.040952001593571985,849,5
2025-05,2025-06,information,1,0.02827102219383545,14,5
2025-05,2025-06,information,2,0.06845373741799259,14,5
2025-05,2025-06,information,3,0.03370948047405978,15,5
2025-05,2025-06,information,4,0.017756948283183423,14,5
2025-05,2025-06,information,5,0.023092547105710997,15,5
2025-06,2025-07,attention,1,-0.010018312547544024,130,5
2025-06,2025-07,attention,2,0.001109172824024489,130,5
2025-06,2025-07,attention,3,0.020436980646506134,130,5
2025-06,2025-07,attention,4,0.0023051292972161453,130,5
2025-06,2025-07,attention,5,0.009677951291698378,131,5
2025-06,2025-07,baseline,1,0.0022449028983875683,830,5
2025-06,2025-07,baseline,2,0.0006365401315965081,834,5
2025-06,2025-07,baseline,3,0.0080180355851897,834,5
2025-06,2025-07,baseline,4,0.006321244846055848,834,5
2025-06,2025-07,baseline,5,0.002180957737397973,835,5
2025-06,2025-07,information,1,-0.007610350330725181,14,5
2025-06,2025-07,information,2,-0.0019221640715837587,14,5
2025-06,2025-07,information,3,0.01592032343463301,15,5
2025-06,2025-07,information,4,0.007732301553285771,14,5
2025-06,2025-07,information,5,0.021767219782499025,15,5
2025-07,2025-08,attention,1,0.025865631225221498,181,5
2025-07,2025-08,attention,2,0.025577484554773378,182,5
2025-07,2025-08,attention,3,0.026261981665565103,182,5
2025-07,2025-08,attention,4,0.02679746828629946,182,5
2025-07,2025-08,attention,5,0.043730819737073254,182,5
2025-07,2025-08,baseline,1,0.03945816832614529,780,5
2025-07,2025-08,baseline,2,0.03942340136125077,781,5
2025-07,2025-08,baseline,3,0.03394006420668254,780,5
2025-07,2025-08,baseline,4,0.030152257780863567,781,5
2025-07,2025-08,baseline,5,0.03798358949548393,777,5
2025-07,2025-08,information,1,0.005351702457862448,17,5
2025-07,2025-08,information,2,0.03639147810998864,17,5
2025-07,2025-08,information,3,0.021989185203250015,17,5
2025-07,2025-08,information,4,0.016873333372371513,17,5
2025-07,2025-08,information,5,0.011684127328850125,17,5
2025-08,2025-09,attention,1,-0.03321411569160661,165,5
2025-08,2025-09,attention,2,-0.014369955239315283,165,5
2025-08,2025-09,attention,3,-0.01620245742656451,165,5
2025-08,2025-09,attention,4,-0.006172269435470096,165,5
2025-08,2025-09,attention,5,-0.007415742921801331,165,5
2025-08,2025-09,baseline,1,-0.023143173278491982,764,5
2025-08,2025-09,baseline,2,-0.011489569129630029,764,5
2025-08,2025-09,baseline,3,-0.003553040249143571,765,5
2025-08,2025-09,baseline,4,-0.006815206567155578,763,5
2025-08,2025-09,baseline,5,-0.006330461055370874,765,5
2025-08,2025-09,information,1,-0.03415650288019487,50,5
2025-08,2025-09,information,2,-0.004337765061035213,50,5
2025-08,2025-09,information,3,-0.00846025609156669,50,5
2025-08,2025-09,information,4,-0.005127532263106078,50,5
2025-08,2025-09,information,5,-0.009246048092965382,51,5
2025-09,2025-10,attention,1,-0.011030040622383209,155,5
2025-09,2025-10,attention,2,-0.006297451907554215,155,5
2025-09,2025-10,attention,3,-0.0002897092498107409,155,5
2025-09,2025-10,attention,4,-0.004300543365436333,155,5
2025-09,2025-10,attention,5,-0.01333453994891374,155,5
2025-09,2025-10,baseline,1,0.0030225901502331813,811,5
2025-09,2025-10,baseline,2,0.012630456639017705,813,5
2025-09,2025-10,baseline,3,0.012805225281884906,812,5
2025-09,2025-10,baseline,4,0.010212702945668872,813,5
2025-09,2025-10,baseline,5,-0.008165192130835245,813,5
2025-09,2025-10,information,1,-0.02733851640066123,13,5
2025-09,2025-10,information,2,0.02122569428971973,13,5
2025-09,2025-10,information,3,0.005043468848428038,14,5
2025-09,2025-10,information,4,0.042147287282316134,13,5
2025-09,2025-10,information,5,-0.008875184671251504,14,5
2025-10,2025-11,attention,1,0.025119730819965252,78,5
2025-10,2025-11,attention,2,0.034633038592467934,79,5
2025-10,2025-11,attention,3,0.03490368815051828,78,5
2025-10,2025-11,attention,4,0.009288600214838062,79,5
2025-10,2025-11,attention,5,0.03211693820811172,79,5
2025-10,2025-11,baseline,1,-1.6266002224903916e-06,843,5
2025-10,2025-11,baseline,2,0.007733344211542976,845,5
2025-10,2025-11,baseline,3,0.01264851413535707,845,5
2025-10,2025-11,baseline,4,0.013561077841325167,845,5
2025-10,2025-11,baseline,5,0.015731551338550802,845,5
2025-10,2025-11,information,1,0.02034626817520206,58,5
2025-10,2025-11,information,2,0.018916415300516912,58,5
2025-10,2025-11,information,3,0.010447794193239988,58,5
2025-10,2025-11,information,4,0.018112153455987937,58,5
2025-10,2025-11,information,5,0.010694842798296647,58,5
2025-11,2025-12,attention,1,0.0021225592279512694,111,5
2025-11,2025-12,attention,2,0.006631378374496521,111,5
2025-11,2025-12,attention,3,-0.0001859891944798137,112,5
2025-11,2025-12,attention,4,-0.005388183719740057,111,5
2025-11,2025-12,attention,5,-0.0016078320362510948,112,5
2025-11,2025-12,baseline,1,-0.0019227756330344062,865,5
2025-11,2025-12,baseline,2,0.002241399817206593,865,5
2025-11,2025-12,baseline,3,0.004010127295144003,865,5
2025-11,2025-12,baseline,4,0.003113919386136372,865,5
2025-11,2025-12,baseline,5,-0.00273782058464658,866,5
2025-11,2025-12,information,1,0.042727145201217495,5,5
2025-11,2025-12,information,2,0.005030409020230442,5,5
2025-11,2025-12,information,3,-0.002154836907226898,6,5
2025-11,2025-12,information,4,-0.0010776333650816428,5,5
2025-11,2025-12,information,5,-0.037792862220906054,6,5
2025-12,2026-01,attention,1,0.09791237253361558,129,5
2025-12,2026-01,attention,2,0.07562715947583797,129,5
2025-12,2026-01,attention,3,0.07485428394786955,130,5
2025-12,2026-01,attention,4,0.06026183012845209,129,5
2025-12,2026-01,attention,5,0.0744772879788117,130,5
2025-12,2026-01,baseline,1,0.06734559279877247,853,5
2025-12,2026-01,baseline,2,0.05326852245551662,854,5
2025-12,2026-01,baseline,3,0.04595060755233904,854,5
2025-12,2026-01,baseline,4,0.050551664307641256,854,5
2025-12,2026-01,baseline,5,0.06079471644177422,854,5
2025-12,2026-01,information,1,0.03183520599250955,1,5
2025-12,2026-01,information,2,0.042867014544871074,1,5
2025-12,2026-01,information,3,0.010613207547169878,1,5
2025-12,2026-01,information,4,0.06385542168674707,1,5
2025-12,2026-01,information,5,-0.01593337523570082,2,5
2026-01,2026-02,attention,1,-0.003774335910408311,260,5
2026-01,2026-02,attention,2,-0.0034167230058021088,260,5
2026-01,2026-02,attention,3,-0.014149654534624878,261,5
2026-01,2026-02,attention,4,-0.006643601727096501,260,5
2026-01,2026-02,attention,5,-0.012677471097822432,261,5
2026-01,2026-02,baseline,1,0.004282493329788832,700,5
2026-01,2026-02,baseline,2,0.0001917658052815574,701,5
2026-01,2026-02,baseline,3,-0.000965543493820647,700,5
2026-01,2026-02,baseline,4,0.0009090255466823014,701,5
2026-01,2026-02,baseline,5,-0.008078171377578398,700,5
2026-01,2026-02,information,1,-0.02400008896510489,24,5
2026-01,2026-02,information,2,0.0013550957219913373,25,5
2026-01,2026-02,information,3,-0.008218834284366844,24,5
2026-01,2026-02,information,4,0.002282009592909429,25,5
2026-01,2026-02,information,5,-0.018823956405150045,25,5
2026-02,2026-03,attention,1,-0.0295368351177342,103,5
2026-02,2026-03,attention,2,-0.019561550617802362,103,5
2026-02,2026-03,attention,3,-0.024715314658551812,104,5
2026-02,2026-03,attention,4,-0.015114054896599248,103,5
2026-02,2026-03,attention,5,-0.02260591096188145,104,5
2026-02,2026-03,baseline,1,-0.03375440388123513,871,5
2026-02,2026-03,baseline,2,-0.028657512684325776,871,5
2026-02,2026-03,baseline,3,-0.02824585885944288,871,5
2026-02,2026-03,baseline,4,-0.02418767733701364,871,5
2026-02,2026-03,baseline,5,-0.026327893605820562,871,5
2026-02,2026-03,information,1,-0.022822919907353578,10,5
2026-02,2026-03,information,2,-0.04998572558215696,11,5
2026-02,2026-03,information,3,-0.019065537104971997,10,5
2026-02,2026-03,information,4,-0.045393462119593726,11,5
2026-02,2026-03,information,5,-0.020674747772468038,11,5
2026-03,2026-04,attention,1,0.01708944306711564,161,5
2026-03,2026-04,attention,2,0.026847141138524794,161,5
2026-03,2026-04,attention,3,0.021640172740014733,161,5
2026-03,2026-04,attention,4,0.022388115994163967,161,5
2026-03,2026-04,attention,5,0.018988240462497016,161,5
2026-03,2026-04,baseline,1,0.04133133041242346,805,5
2026-03,2026-04,baseline,2,0.037379284678999494,805,5
2026-03,2026-04,baseline,3,0.03066287993600807,805,5
2026-03,2026-04,baseline,4,0.03146325768508919,805,5
2026-03,2026-04,baseline,5,0.03492990735355338,806,5
2026-03,2026-04,information,1,0.05462907618614028,21,5
2026-03,2026-04,information,2,0.019037201379158018,22,5
2026-03,2026-04,information,3,0.022498700390048584,22,5
2026-03,2026-04,information,4,0.024453707820748537,22,5
2026-03,2026-04,information,5,0.02340978018937312,22,5
2026-04,2026-05,attention,1,0.015354271849318018,100,5
2026-04,2026-05,attention,2,0.027589474881829678,101,5
2026-04,2026-05,attention,3,0.04762227084396225,101,5
2026-04,2026-05,attention,4,0.05367118138721782,101,5
2026-04,2026-05,attention,5,0.0716928939571214,101,5
2026-04,2026-05,baseline,1,0.02698221698112167,776,5
2026-04,2026-05,baseline,2,0.02508127093868663,779,5
2026-04,2026-05,baseline,3,0.029659987235536384,779,5
2026-04,2026-05,baseline,4,0.03314773882863648,779,5
2026-04,2026-05,baseline,5,0.06440557827286508,779,5
2026-04,2026-05,information,1,0.02735918864885415,111,5
2026-04,2026-05,information,2,0.017480259914191325,111,5
2026-04,2026-05,information,3,0.024714949860319184,111,5
2026-04,2026-05,information,4,0.03420668204842828,111,5
2026-04,2026-05,information,5,0.06404889689558727,112,5
2026-05,2026-06,attention,1,-0.020115104141800184,183,5
2026-05,2026-06,attention,2,-0.011783212993629995,183,5
2026-05,2026-06,attention,3,-0.004186644826584201,184,5
2026-05,2026-06,attention,4,0.0005202018127252963,183,5
2026-05,2026-06,attention,5,0.006788522844416009,184,5
2026-05,2026-06,baseline,1,-0.013701673156059661,752,5
2026-05,2026-06,baseline,2,-0.012352593066049494,752,5
2026-05,2026-06,baseline,3,-0.007454253631747004,753,5
2026-05,2026-06,baseline,4,-0.009102891950536325,752,5
2026-05,2026-06,baseline,5,-0.010448515559150945,753,5
2026-05,2026-06,information,1,-0.01669876288054791,39,5
2026-05,2026-06,information,2,-0.01817950557247138,39,5
2026-05,2026-06,information,3,-0.018977962244542367,40,5
2026-05,2026-06,information,4,-0.014869098150099113,39,5
2026-05,2026-06,information,5,0.0202926917440374,40,5
2026-06,2026-07,attention,1,-0.059496587203886946,158,5
2026-06,2026-07,attention,2,-0.03727480198323281,158,5
2026-06,2026-07,attention,3,-0.011310618003203219,158,5
2026-06,2026-07,attention,4,-0.006482971608935782,158,5
2026-06,2026-07,attention,5,-0.03862431517439585,158,5
2026-06,2026-07,baseline,1,-0.03779667027878795,769,5
2026-06,2026-07,baseline,2,-0.011804546944068616,777,5
2026-06,2026-07,baseline,3,0.0035895599309484594,777,5
2026-06,2026-07,baseline,4,0.004013613305435658,777,5
2026-06,2026-07,baseline,5,-0.01711837677892468,778,5
2026-06,2026-07,information,1,-0.03397870875272097,49,5
2026-06,2026-07,information,2,0.002162340805175112,49,5
2026-06,2026-07,information,3,0.001275741717973529,49,5
2026-06,2026-07,information,4,0.016907878138960962,49,5
2026-06,2026-07,information,5,-0.06634192226104178,49,5
2010-01,2010-02,baseline,1,0.006580905088789621,287,10
2010-01,2010-02,baseline,2,0.013843401122735301,287,10
2010-01,2010-02,baseline,3,0.007886562209398443,288,10
2010-01,2010-02,baseline,4,0.00948426259408093,287,10
2010-01,2010-02,baseline,5,0.015489888362553945,288,10
2010-02,2010-03,baseline,1,-0.03272718019957591,286,10
2010-02,2010-03,baseline,2,-0.020872915966689953,289,10
2010-02,2010-03,baseline,3,-0.021787263049132883,287,10
2010-02,2010-03,baseline,4,-0.020971698714585964,289,10
2010-02,2010-03,baseline,5,-0.019592768281669695,289,10
2010-03,2010-04,baseline,1,0.02090968108513099,287,10
2010-03,2010-04,baseline,2,0.032119325008413815,288,10
2010-03,2010-04,baseline,3,0.04087167860243624,288,10
2010-03,2010-04,baseline,4,0.03654057115567615,288,10
2010-03,2010-04,baseline,5,0.040368802086767956,288,10
2010-04,2010-05,baseline,1,-0.1241645960909754,287,10
2010-04,2010-05,baseline,2,-0.12815411609639435,287,10
2010-04,2010-05,baseline,3,-0.1165646560877852,288,10
2010-04,2010-05,baseline,4,-0.1176712885294423,287,10
2010-04,2010-05,baseline,5,-0.12540450992651786,288,10
2010-05,2010-06,baseline,1,0.026682014235379907,282,10
2010-05,2010-06,baseline,2,0.013449851203291115,282,10
2010-05,2010-06,baseline,3,0.017382313214593516,282,10
2010-05,2010-06,baseline,4,0.014559144095070965,282,10
2010-05,2010-06,baseline,5,0.010960291037801674,283,10
2010-06,2010-07,baseline,1,0.06323910451895581,283,10
2010-06,2010-07,baseline,2,0.053705918076229646,283,10
2010-06,2010-07,baseline,3,0.052897502706915074,283,10
2010-06,2010-07,baseline,4,0.051640602173294706,283,10
2010-06,2010-07,baseline,5,0.053459393011427214,284,10
2010-07,2010-08,baseline,1,0.03092983928375758,283,10
2010-07,2010-08,baseline,2,0.029002054934118105,284,10
2010-07,2010-08,baseline,3,0.031019901831811404,283,10
2010-07,2010-08,baseline,4,0.034804420724867405,284,10
2010-07,2010-08,baseline,5,0.03019462702687994,284,10
2010-08,2010-09,baseline,1,0.04267660116096513,285,10
2010-08,2010-09,baseline,2,0.04383767962952361,285,10
2010-08,2010-09,baseline,3,0.048636075123981305,286,10
2010-08,2010-09,baseline,4,0.05017506086995001,285,10
2010-08,2010-09,baseline,5,0.05558081519957397,286,10
2010-09,2010-10,baseline,1,0.0208326327374045,288,10
2010-09,2010-10,baseline,2,0.035519514412615034,288,10
2010-09,2010-10,baseline,3,0.05124357222339547,289,10
2010-09,2010-10,baseline,4,0.0841531655816653,288,10
2010-09,2010-10,baseline,5,0.09108040449345446,289,10
2010-10,2010-11,baseline,1,-0.01361299076452493,288,10
2010-10,2010-11,baseline,2,0.0017988374371614186,289,10
2010-10,2010-11,baseline,3,-3.2288408069834786e-05,288,10
2010-10,2010-11,baseline,4,0.01029506816195653,289,10
2010-10,2010-11,baseline,5,-0.003202232321559006,289,10
2010-11,2010-12,baseline,1,0.03638380894985362,296,10
2010-11,2010-12,baseline,2,0.030191112246759924,296,10
2010-11,2010-12,baseline,3,0.03401570341290216,297,10
2010-11,2010-12,baseline,4,0.03221958690373737,296,10
2010-11,2010-12,baseline,5,0.03791387784368961,297,10
2010-12,2011-01,baseline,1,-0.08449935982340306,303,10
2010-12,2011-01,baseline,2,-0.0753441568949293,303,10
2010-12,2011-01,baseline,3,-0.06488810326096836,303,10
2010-12,2011-01,baseline,4,-0.06307587476324253,303,10
2010-12,2011-01,baseline,5,-0.06730812150867024,303,10
2011-01,2011-02,attention,1,0.045831519753770034,6,10
2011-01,2011-02,attention,2,0.07333410667807111,6,10
2011-01,2011-02,attention,3,0.09443915285391127,7,10
2011-01,2011-02,attention,4,0.06996275741363704,6,10
2011-01,2011-02,attention,5,0.05489075088115315,7,10
2011-01,2011-02,baseline,1,0.10075098820997887,297,10
2011-01,2011-02,baseline,2,0.0921916960092288,298,10
2011-01,2011-02,baseline,3,0.08882342161554048,297,10
2011-01,2011-02,baseline,4,0.09373953006362455,298,10
2011-01,2011-02,baseline,5,0.08800512289504103,297,10
2011-01,2011-02,information,1,0.037982069836836205,5,10
2011-01,2011-02,information,2,0.05132485055079994,5,10
2011-01,2011-02,information,3,0.08050983146619584,6,10
2011-01,2011-02,information,4,0.07621365837408911,5,10
2011-01,2011-02,information,5,0.1096125713469596,6,10
2011-02,2011-03,attention,1,0.04004140111038746,22,10
2011-02,2011-03,attention,2,0.024417992621962103,23,10
2011-02,2011-03,attention,3,0.02812572161330225,22,10
2011-02,2011-03,attention,4,0.02162870882535998,23,10
2011-02,2011-03,attention,5,0.014205842930306843,23,10
2011-02,2011-03,baseline,1,0.017450960679082052,287,10
2011-02,2011-03,baseline,2,0.02301111836375737,289,10
2011-02,2011-03,baseline,3,0.019908990935397504,288,10
2011-02,2011-03,baseline,4,0.026411154472127094,289,10
2011-02,2011-03,baseline,5,0.023275120053647656,289,10
2011-02,2011-03,information,1,-0.006524780885962866,2,10
2011-02,2011-03,information,2,0.022540207850477095,3,10
2011-02,2011-03,information,3,0.026481662497553942,3,10
2011-02,2011-03,information,4,-0.023125397131990466,3,10
2011-02,2011-03,information,5,-0.0053990230242090265,3,10
2011-03,2011-04,attention,1,0.06250739592827266,39,10
2011-03,2011-04,attention,2,0.03265492365243329,39,10
2011-03,2011-04,attention,3,0.04184986670213094,39,10
2011-03,2011-04,attention,4,0.0770259995880262,39,10
2011-03,2011-04,attention,5,0.06553538895692619,40,10
2011-03,2011-04,baseline,1,0.04101940805645596,269,10
2011-03,2011-04,baseline,2,0.04268818679275846,270,10
2011-03,2011-04,baseline,3,0.030885461018336377,270,10
2011-03,2011-04,baseline,4,0.031486909908518435,270,10
2011-03,2011-04,baseline,5,0.03402106338397162,270,10
2011-03,2011-04,information,1,0.1249949690431202,10,10
2011-03,2011-04,information,2,0.022645469004541275,10,10
2011-03,2011-04,information,3,0.0073095673510331525,10,10
2011-03,2011-04,information,4,0.07495655164223616,10,10
2011-03,2011-04,information,5,0.05201459688693529,10,10
2011-04,2011-05,attention,1,0.09012155715584061,19,10
2011-04,2011-05,attention,2,0.04140157008904671,19,10
2011-04,2011-05,attention,3,0.005395663542591822,20,10
2011-04,2011-05,attention,4,0.04594411758119539,19,10
2011-04,2011-05,attention,5,0.006984840427336209,20,10
2011-04,2011-05,baseline,1,0.02082735920762131,288,10
2011-04,2011-05,baseline,2,0.010731153858690737,288,10
2011-04,2011-05,baseline,3,0.009159453861501113,288,10
2011-04,2011-05,baseline,4,0.0140047211716516,288,10
2011-04,2011-05,baseline,5,0.01485464999519153,288,10
2011-04,2011-05,information,1,0.10805422687040352,19,10
2011-04,2011-05,information,2,0.020011264596772955,19,10
2011-04,2011-05,information,3,0.0371514560254868,19,10
2011-04,2011-05,information,4,-0.006571110700376637,19,10
2011-04,2011-05,information,5,0.062035454053170735,19,10
2011-05,2011-06,attention,1,0.0014215092106002153,7,10
2011-05,2011-06,attention,2,-0.029913209547140447,7,10
2011-05,2011-06,attention,3,0.0049086294352098814,7,10
2011-05,2011-06,attention,4,-0.036357343955473374,7,10
2011-05,2011-06,attention,5,-0.01678367351008969,7,10
2011-05,2011-06,baseline,1,0.024200353868228688,316,10
2011-05,2011-06,baseline,2,0.01725757680961438,316,10
2011-05,2011-06,baseline,3,0.009473831492328775,317,10
2011-05,2011-06,baseline,4,0.003106349409420987,316,10
2011-05,2011-06,baseline,5,0.003950353422458245,317,10
2011-05,2011-06,information,1,-0.012839908080261234,6,10
2011-05,2011-06,information,2,0.01479427436157629,7,10
2011-05,2011-06,information,3,-0.0018216854225348023,6,10
2011-05,2011-06,information,4,-0.006471965567772361,7,10
2011-05,2011-06,information,5,-0.011430378769667428,7,10
2011-06,2011-07,attention,1,-0.013613861386138626,1,10
2011-06,2011-07,attention,2,0.08918705603788468,1,10
2011-06,2011-07,attention,3,0.01591511936339529,1,10
2011-06,2011-07,attention,4,0.022878932316491962,1,10
2011-06,2011-07,attention,5,0.008268597761685259,2,10
2011-06,2011-07,baseline,1,0.06409229992855209,332,10
2011-06,2011-07,baseline,2,0.06082019622549619,332,10
2011-06,2011-07,baseline,3,0.06616003014547436,332,10
2011-06,2011-07,baseline,4,0.055994156920838103,332,10
2011-06,2011-07,baseline,5,0.05468877274182554,333,10
2011-06,2011-07,information,1,0.166868073234587,3,10
2011-06,2011-07,information,2,0.04974902056348781,3,10
2011-06,2011-07,information,3,0.040396715545659455,3,10
2011-06,2011-07,information,4,0.021445127915341294,3,10
2011-06,2011-07,information,5,0.02464761701877713,4,10
2011-07,2011-08,attention,1,-0.03444181940239558,10,10
2011-07,2011-08,attention,2,0.015183173669182726,10,10
2011-07,2011-08,attention,3,0.0063283892418490965,11,10
2011-07,2011-08,attention,4,-0.039662660964990534,10,10
2011-07,2011-08,attention,5,-0.07297201132904985,11,10
2011-07,2011-08,baseline,1,-0.032133714461349897,322,10
2011-07,2011-08,baseline,2,-0.02240560797634248,323,10
2011-07,2011-08,baseline,3,-0.026465907442964728,322,10
2011-07,2011-08,baseline,4,-0.033961658255505234,323,10
2011-07,2011-08,baseline,5,-0.02446965170440341,323,10
2011-07,2011-08,information,1,-0.046676386966919434,9,10
2011-07,2011-08,information,2,-0.03367983868033932,10,10
2011-07,2011-08,information,3,0.028373898159844292,10,10
2011-07,2011-08,information,4,-0.053795757590076224,10,10
2011-07,2011-08,information,5,-0.006406533295923588,10,10
2011-08,2011-09,attention,1,-0.05968656632680667,22,10
2011-08,2011-09,attention,2,-0.04655778129165977,23,10
2011-08,2011-09,attention,3,-0.0567209262605098,22,10
2011-08,2011-09,attention,4,-0.0413530730249531,23,10
2011-08,2011-09,attention,5,-0.040711306643157134,23,10
2011-08,2011-09,baseline,1,-0.03901603582874199,312,10
2011-08,2011-09,baseline,2,-0.04005367767464308,312,10
2011-08,2011-09,baseline,3,-0.03947798287133962,312,10
2011-08,2011-09,baseline,4,-0.03840673714680712,312,10
2011-08,2011-09,baseline,5,-0.040599300144827155,311,10
2011-08,2011-09,information,1,-0.03766892738842576,15,10
2011-08,2011-09,information,2,-0.030537621575238604,15,10
2011-08,2011-09,information,3,-0.0359637844023015,16,10
2011-08,2011-09,information,4,-0.04013523371411946,15,10
2011-08,2011-09,information,5,-0.0382433101777475,16,10
2011-09,2011-10,attention,1,-0.02607190306236752,15,10
2011-09,2011-10,attention,2,-0.016920779103066802,16,10
2011-09,2011-10,attention,3,-0.031943034244366876,15,10
2011-09,2011-10,attention,4,-0.029758673452575025,16,10
2011-09,2011-10,attention,5,-0.049817889336812665,16,10
2011-09,2011-10,baseline,1,-0.04196444705606955,340,10
2011-09,2011-10,baseline,2,-0.04067286237875647,340,10
2011-09,2011-10,baseline,3,-0.04124838348122417,340,10
2011-09,2011-10,baseline,4,-0.04265419345873231,340,10
2011-09,2011-10,baseline,5,-0.039170064839513075,340,10
2011-09,2011-10,information,3,-0.11405622489959844,1,10
2011-09,2011-10,information,5,-0.06490649064906495,1,10
2011-10,2011-11,attention,1,-0.005123001654354266,13,10
2011-10,2011-11,attention,2,0.05257654609757359,13,10
2011-10,2011-11,attention,3,0.036109994893737715,14,10
2011-10,2011-11,attention,4,0.055626242289594376,13,10
2011-10,2011-11,attention,5,0.030378046893178873,14,10
2011-10,2011-11,baseline,1,0.04460946486483411,333,10
2011-10,2011-11,baseline,2,0.04606525876299153,333,10
2011-10,2011-11,baseline,3,0.04646583168568489,333,10
2011-10,2011-11,baseline,4,0.051710825503673126,333,10
2011-10,2011-11,baseline,5,0.0503566717617762,333,10
2011-10,2011-11,information,1,0.051734539817944354,13,10
2011-10,2011-11,information,2,0.0687372634257626,14,10
2011-10,2011-11,information,3,0.049404243971878474,13,10
2011-10,2011-11,information,4,0.04054848902485369,14,10
2011-10,2011-11,information,5,0.06487210290735543,14,10
2011-11,2011-12,attention,1,-0.09268258872038639,43,10
2011-11,2011-12,attention,2,-0.11580302765405506,44,10
2011-11,2011-12,attention,3,-0.09972307368555805,43,10
2011-11,2011-12,attention,4,-0.09089050232729323,44,10
2011-11,2011-12,attention,5,-0.09977642953763625,44,10
2011-11,2011-12,baseline,1,-0.09732702383597633,321,10
2011-11,2011-12,baseline,2,-0.10575027480797629,321,10
2011-11,2011-12,baseline,3,-0.09965630081453807,321,10
2011-11,2011-12,baseline,4,-0.09557357382070218,321,10
2011-11,2011-12,baseline,5,-0.09446894121211415,322,10
2011-11,2011-12,information,1,-0.1025280898876404,1,10
2011-11,2011-12,information,2,-0.164490861618799,1,10
2011-11,2011-12,information,3,-0.08183125321134371,2,10
2011-11,2011-12,information,4,-0.2628336755646816,1,10
2011-11,2011-12,information,5,-0.048539701394187396,2,10
2011-12,2012-01,attention,1,-0.024474951404668256,20,10
2011-12,2012-01,attention,2,-0.022513611119202796,20,10
2011-12,2012-01,attention,3,-0.015291432059064877,21,10
2011-12,2012-01,attention,4,0.013599534687491432,20,10
2011-12,2012-01,attention,5,-0.012415628421104658,21,10
2011-12,2012-01,baseline,1,-0.00811059843635996,352,10
2011-12,2012-01,baseline,2,0.004496857048809515,352,10
2011-12,2012-01,baseline,3,0.006693830301267838,353,10
2011-12,2012-01,baseline,4,0.016254962368125406,352,10
2011-12,2012-01,baseline,5,0.01444592426122661,353,10
2012-01,2012-02,attention,1,0.10064039415397841,13,10
2012-01,2012-02,attention,2,0.08405013534951311,14,10
2012-01,2012-02,attention,3,0.06000581603660631,13,10
2012-01,2012-02,attention,4,0.05383936539901873,14,10
2012-01,2012-02,attention,5,0.029106097626820118,14,10
2012-01,2012-02,baseline,1,0.10097940421496064,360,10
2012-01,2012-02,baseline,2,0.08263517607634716,360,10
2012-01,2012-02,baseline,3,0.07382387309069786,360,10
2012-01,2012-02,baseline,4,0.06790678993245507,360,10
2012-01,2012-02,baseline,5,0.07125235273548405,361,10
2012-01,2012-02,information,1,0.13762272472529638,6,10
2012-01,2012-02,information,2,0.06986186723493311,6,10
2012-01,2012-02,information,3,0.09656328675647226,6,10
2012-01,2012-02,information,4,0.04634859336384304,6,10
2012-01,2012-02,information,5,0.05448327811685335,6,10
2012-02,2012-03,attention,1,-0.0092418867123147,42,10
2012-02,2012-03,attention,2,0.0026014894360515198,43,10
2012-02,2012-03,attention,3,0.011129799858044112,43,10
2012-02,2012-03,attention,4,-0.0049536212130877125,43,10
2012-02,2012-03,attention,5,0.0005750891551140226,43,10
2012-02,2012-03,baseline,1,0.006273446726890946,337,10
2012-02,2012-03,baseline,2,0.01794362146159367,337,10
2012-02,2012-03,baseline,3,0.0127529210497494,337,10
2012-02,2012-03,baseline,4,0.009700123493485499,337,10
2012-02,2012-03,baseline,5,0.017356051386275134,336,10
2012-02,2012-03,information,1,0.03715714514903323,5,10
2012-02,2012-03,information,2,0.0018022510588937557,6,10
2012-02,2012-03,information,3,0.006685124657895236,5,10
2012-02,2012-03,information,4,0.03170279794404166,6,10
2012-02,2012-03,information,5,0.12363802067106254,6,10
2012-03,2012-04,attention,1,0.07942702483800229,63,10
2012-03,2012-04,attention,2,0.08947039059194745,64,10
2012-03,2012-04,attention,3,0.06695201072676045,63,10
2012-03,2012-04,attention,4,0.06664433766954138,64,10
2012-03,2012-04,attention,5,0.07987375314458492,64,10
2012-03,2012-04,baseline,1,0.09570846156480359,312,10
2012-03,2012-04,baseline,2,0.10287409023908985,313,10
2012-03,2012-04,baseline,3,0.09136714631006626,312,10
2012-03,2012-04,baseline,4,0.08566468462117201,313,10
2012-03,2012-04,baseline,5,0.08709662723497373,312,10
2012-03,2012-04,information,1,0.07030192053710989,16,10
2012-03,2012-04,information,2,0.06278029833161555,16,10
2012-03,2012-04,information,3,0.06781576570927376,17,10
2012-03,2012-04,information,4,0.08229910436878739,16,10
2012-03,2012-04,information,5,0.056155180209381095,17,10
2012-04,2012-05,attention,1,-0.029756436438996708,25,10
2012-04,2012-05,attention,2,-0.006074179583555588,25,10
2012-04,2012-05,attention,3,-0.028693983187840933,25,10
2012-04,2012-05,attention,4,-0.009596533834036344,25,10
2012-04,2012-05,attention,5,-0.01580882115811372,26,10
2012-04,2012-05,baseline,1,0.0069764670506650495,335,10
2012-04,2012-05,baseline,2,0.01265963929920258,335,10
2012-04,2012-05,baseline,3,0.01247156559987864,335,10
2012-04,2012-05,baseline,4,0.01733350148867092,335,10
2012-04,2012-05,baseline,5,0.02214595093819577,336,10
2012-04,2012-05,information,1,0.0048436463601108535,35,10
2012-04,2012-05,information,2,0.000846742321653528,35,10
2012-04,2012-05,information,3,-0.003543169074617276,35,10
2012-04,2012-05,information,4,0.01817640542525595,35,10
2012-04,2012-05,information,5,0.008994352826467265,35,10
2012-05,2012-06,attention,1,-0.021430250044786985,18,10
2012-05,2012-06,attention,2,-0.013214345294512528,19,10
2012-05,2012-06,attention,3,-0.01904159306767882,19,10
2012-05,2012-06,attention,4,-0.020314158616422034,19,10
2012-05,2012-06,attention,5,-0.019863574202498985,19,10
2012-05,2012-06,baseline,1,-0.029930668373235644,371,10
2012-05,2012-06,baseline,2,-0.02563048445717038,372,10
2012-05,2012-06,baseline,3,-0.02473725244374337,371,10
2012-05,2012-06,baseline,4,-0.02454280547674723,372,10
2012-05,2012-06,baseline,5,-0.018876947773104554,372,10
2012-05,2012-06,information,1,-0.024392528179028573,10,10
2012-05,2012-06,information,2,-0.0020837729496801165,11,10
2012-05,2012-06,information,3,-0.028639734600320654,11,10
2012-05,2012-06,information,4,-0.019769672626976317,11,10
2012-05,2012-06,information,5,-0.0166917840520073,11,10
2012-06,2012-07,attention,1,-0.015869808525379843,7,10
2012-06,2012-07,attention,2,-0.025718676124672206,7,10
2012-06,2012-07,attention,3,-0.05153172255751418,7,10
2012-06,2012-07,attention,4,0.006058469625644491,7,10
2012-06,2012-07,attention,5,-0.043666276433606405,8,10
2012-06,2012-07,baseline,1,-0.013260101149175182,393,10
2012-06,2012-07,baseline,2,-0.009154056197436934,393,10
2012-06,2012-07,baseline,3,-0.018307068899825647,393,10
2012-06,2012-07,baseline,4,-0.011329144538161737,393,10
2012-06,2012-07,baseline,5,-0.02217954513354131,394,10
2012-06,2012-07,information,1,0.039308313473817455,8,10
2012-06,2012-07,information,2,-0.0271858945087477,8,10
2012-06,2012-07,information,3,0.013779389411296597,8,10
2012-06,2012-07,information,4,-0.06807995168987069,8,10
2012-06,2012-07,information,5,-0.02760579315121541,9,10
2012-07,2012-08,attention,1,0.08556987522154592,10,10
2012-07,2012-08,attention,2,0.0997475037571801,11,10
2012-07,2012-08,attention,3,0.06088033230346277,10,10
2012-07,2012-08,attention,4,0.04547248685398774,11,10
2012-07,2012-08,attention,5,0.07294263149544088,11,10
2012-07,2012-08,baseline,1,0.08152899723794298,376,10
2012-07,2012-08,baseline,2,0.06333191393943603,376,10
2012-07,2012-08,baseline,3,0.06296001976877813,376,10
2012-07,2012-08,baseline,4,0.06160961432590658,376,10
2012-07,2012-08,baseline,5,0.06038533228590184,376,10
2012-07,2012-08,information,1,0.07150087443170842,27,10
2012-07,2012-08,information,2,0.061258542181753486,28,10
2012-07,2012-08,information,3,0.029641858152044114,27,10
2012-07,2012-08,information,4,0.06928766733307487,28,10
2012-07,2012-08,information,5,0.07099272604346517,28,10
2012-08,2012-09,attention,1,0.06401271077000718,32,10
2012-08,2012-09,attention,2,0.05790237604867606,32,10
2012-08,2012-09,attention,3,0.05105793368490812,32,10
2012-08,2012-09,attention,4,0.06597895080991431,32,10
2012-08,2012-09,attention,5,0.04563047817810715,33,10
2012-08,2012-09,baseline,1,0.07014818560602887,371,10
2012-08,2012-09,baseline,2,0.0730291728308883,371,10
2012-08,2012-09,baseline,3,0.07027648189995621,371,10
2012-08,2012-09,baseline,4,0.0627095689822763,371,10
2012-08,2012-09,baseline,5,0.06164749449818076,372,10
2012-08,2012-09,information,1,0.04133577557159453,20,10
2012-08,2012-09,information,2,0.06140024466902342,20,10
2012-08,2012-09,information,3,0.06512083681338714,20,10
2012-08,2012-09,information,4,0.05552230866530021,20,10
2012-08,2012-09,information,5,0.053557558265872454,21,10
2012-09,2012-10,attention,1,0.019581987145767442,56,10
2012-09,2012-10,attention,2,0.034717419706383076,56,10
2012-09,2012-10,attention,3,0.022709526996653285,56,10
2012-09,2012-10,attention,4,0.020538318804349563,56,10
2012-09,2012-10,attention,5,0.012345958403442651,57,10
2012-09,2012-10,baseline,1,0.03625117834324162,371,10
2012-09,2012-10,baseline,2,0.04049542895427598,371,10
2012-09,2012-10,baseline,3,0.03707554460912322,371,10
2012-09,2012-10,baseline,4,0.030593428170482016,371,10
2012-09,2012-10,baseline,5,0.028097666939538916,372,10
2012-09,2012-10,information,1,0.04033092037228547,1,10
2012-09,2012-10,information,2,0.10945945945945956,1,10
2012-09,2012-10,information,3,0.10474459509077971,1,10
2012-09,2012-10,information,4,0.022222222222222143,1,10
2012-09,2012-10,information,5,-0.014705882352941124,1,10
2012-10,2012-11,attention,1,-0.048703814895801625,45,10
2012-10,2012-11,attention,2,-0.02026131167954644,45,10
2012-10,2012-11,attention,3,-0.02183521384441065,45,10
2012-10,2012-11,attention,4,-0.025565945508321933,45,10
2012-10,2012-11,attention,5,-0.029023195076038465,45,10
2012-10,2012-11,baseline,1,-0.03301010815571337,367,10
2012-10,2012-11,baseline,2,-0.025790036278427193,368,10
2012-10,2012-11,baseline,3,-0.023888532859582857,368,10
2012-10,2012-11,baseline,4,-0.021751510556635757,368,10
2012-10,2012-11,baseline,5,-0.022201338654605732,368,10
2012-10,2012-11,information,1,-0.03735803727256628,18,10
2012-10,2012-11,information,2,-0.004105404425874383,18,10
2012-10,2012-11,information,3,-0.02307469003826452,18,10
2012-10,2012-11,information,4,-0.00947344762159832,18,10
2012-10,2012-11,information,5,-0.018569083272388008,19,10
2012-11,2012-12,attention,1,0.09849606802767416,42,10
2012-11,2012-12,attention,2,0.09140163397806589,42,10
2012-11,2012-12,attention,3,0.07065756167470127,42,10
2012-11,2012-12,attention,4,0.07937798926448486,42,10
2012-11,2012-12,attention,5,0.05823096265797875,42,10
2012-11,2012-12,baseline,1,0.09733432639527402,393,10
2012-11,2012-12,baseline,2,0.09158365827343597,394,10
2012-11,2012-12,baseline,3,0.09247753294879116,394,10
2012-11,2012-12,baseline,4,0.08578469682561132,394,10
2012-11,2012-12,baseline,5,0.08157529904326108,394,10
2012-11,2012-12,information,2,0.09148264984227139,1,10
2012-11,2012-12,information,4,0.06437768240343344,1,10
2012-11,2012-12,information,5,0.12427745664739875,1,10
2012-12,2013-01,attention,1,0.049903941005262034,89,10
2012-12,2013-01,attention,2,0.04306503093963214,89,10
2012-12,2013-01,attention,3,0.0440671400289549,89,10
2012-12,2013-01,attention,4,0.02783311877837067,89,10
2012-12,2013-01,attention,5,0.04378281172839239,90,10
2012-12,2013-01,baseline,1,0.04798808319356499,350,10
2012-12,2013-01,baseline,2,0.047924509062531845,350,10
2012-12,2013-01,baseline,3,0.049753391929746586,350,10
2012-12,2013-01,baseline,4,0.05159685897523143,350,10
2012-12,2013-01,baseline,5,0.0548682512890268,350,10
2012-12,2013-01,information,3,0.0667019587083113,1,10
2012-12,2013-01,information,5,0.038109756097560954,1,10
2013-01,2013-02,attention,1,0.020868450418166835,138,10
2013-01,2013-02,attention,2,0.013972122044172886,139,10
2013-01,2013-02,attention,3,0.01777067210510517,139,10
2013-01,2013-02,attention,4,0.011574194724644219,139,10
2013-01,2013-02,attention,5,0.021715825114357032,139,10
2013-01,2013-02,baseline,1,0.016091369167767492,292,10
2013-01,2013-02,baseline,2,0.026277642510313393,292,10
2013-01,2013-02,baseline,3,0.021790801816665695,292,10
2013-01,2013-02,baseline,4,0.021101516105277638,292,10
2013-01,2013-02,baseline,5,0.023112424378535477,292,10
2013-01,2013-02,information,1,0.0576718131530516,10,10
2013-01,2013-02,information,2,0.03964933715725209,11,10
2013-01,2013-02,information,3,0.02117497890882042,10,10
2013-01,2013-02,information,4,-0.004533670039488882,11,10
2013-01,2013-02,information,5,0.022423089254194502,11,10
2013-02,2013-03,attention,1,-0.04225193923582906,89,10
2013-02,2013-03,attention,2,-0.03740280867153264,90,10
2013-02,2013-03,attention,3,-0.027970833754401098,89,10
2013-02,2013-03,attention,4,-0.03751796036957835,90,10
2013-02,2013-03,attention,5,-0.03031018992078135,90,10
2013-02,2013-03,baseline,1,-0.03528691442922176,344,10
2013-02,2013-03,baseline,2,-0.02565991528061062,344,10
2013-02,2013-03,baseline,3,-0.031915885475094385,344,10
2013-02,2013-03,baseline,4,-0.030761289346679276,344,10
2013-02,2013-03,baseline,5,-0.025768570615251608,345,10
2013-02,2013-03,information,1,-0.015479713446238408,10,10
2013-02,2013-03,information,2,-0.05271221985184788,11,10
2013-02,2013-03,information,3,-0.055463385530501834,11,10
2013-02,2013-03,information,4,-0.036649675313421885,11,10
2013-02,2013-03,information,5,-0.03739466015679751,11,10
2013-03,2013-04,attention,1,-0.034605307215354056,75,10
2013-03,2013-04,attention,2,-0.04117309185381206,75,10
2013-03,2013-04,attention,3,-0.03447041042820497,76,10
2013-03,2013-04,attention,4,-0.04274518593639401,75,10
2013-03,2013-04,attention,5,-0.043859895068990226,76,10
2013-03,2013-04,baseline,1,-0.014862494789791608,351,10
2013-03,2013-04,baseline,2,-0.018641157122025454,351,10
2013-03,2013-04,baseline,3,-0.01893586755293641,351,10
2013-03,2013-04,baseline,4,-0.022427492650098618,351,10
2013-03,2013-04,baseline,5,-0.027057303835473685,351,10
2013-03,2013-04,information,1,0.0030789582255573386,24,10
2013-03,2013-04,information,2,-0.016028115849851397,24,10
2013-03,2013-04,information,3,-0.0334772505587903,24,10
2013-03,2013-04,information,4,-0.012624889983076893,24,10
2013-03,2013-04,information,5,-0.030365197648077217,25,10
2013-04,2013-05,attention,1,0.061533530202811874,30,10
2013-04,2013-05,attention,2,0.09063180181084833,31,10
2013-04,2013-05,attention,3,0.05707973369051025,31,10
2013-04,2013-05,attention,4,0.08038628853571121,31,10
2013-04,2013-05,attention,5,0.09709218231449085,31,10
2013-04,2013-05,baseline,1,0.07540397641509707,374,10
2013-04,2013-05,baseline,2,0.06958029169686626,375,10
2013-04,2013-05,baseline,3,0.0695884338871171,375,10
2013-04,2013-05,baseline,4,0.06567545552176085,375,10
2013-04,2013-05,baseline,5,0.06924133450620917,375,10
2013-04,2013-05,information,1,0.11333594754571609,49,10
2013-04,2013-05,information,2,0.11941145232089602,49,10
2013-04,2013-05,information,3,0.063309197171973,49,10
2013-04,2013-05,information,4,0.0732564958841742,49,10
2013-04,2013-05,information,5,0.06447499123944177,50,10
2013-05,2013-06,attention,1,-0.0485392537417125,108,10
2013-05,2013-06,attention,2,-0.056902730296259314,109,10
2013-05,2013-06,attention,3,-0.0652509778540567,109,10
2013-05,2013-06,attention,4,-0.06479085897028396,109,10
2013-05,2013-06,attention,5,-0.05444960582090685,109,10
2013-05,2013-06,baseline,1,-0.051713705300119484,334,10
2013-05,2013-06,baseline,2,-0.06736884269885614,334,10
2013-05,2013-06,baseline,3,-0.06672056122801003,334,10
2013-05,2013-06,baseline,4,-0.07377707157580499,334,10
2013-05,2013-06,baseline,5,-0.06263166890144634,335,10
2013-05,2013-06,information,1,-0.010671560715878369,18,10
2013-05,2013-06,information,2,-0.048909865588452325,18,10
2013-05,2013-06,information,3,-0.016419747653353522,19,10
2013-05,2013-06,information,4,-0.060254193073452096,18,10
2013-05,2013-06,information,5,-0.05295607040921522,19,10
2013-06,2013-07,attention,1,0.07228837386296212,60,10
2013-06,2013-07,attention,2,0.06100529233067209,60,10
2013-06,2013-07,attention,3,0.03451979601676785,61,10
2013-06,2013-07,attention,4,0.040051856792635745,60,10
2013-06,2013-07,attention,5,0.03635204777899456,61,10
2013-06,2013-07,baseline,1,0.0713348020600325,382,10
2013-06,2013-07,baseline,2,0.059402610181224794,382,10
2013-06,2013-07,baseline,3,0.054273217383231084,383,10
2013-06,2013-07,baseline,4,0.053475656685907334,382,10
2013-06,2013-07,baseline,5,0.04508988987430752,383,10
2013-06,2013-07,information,1,0.09120260396120798,19,10
2013-06,2013-07,information,2,0.06918780367511894,19,10
2013-06,2013-07,information,3,0.04432467831545055,20,10
2013-06,2013-07,information,4,0.026370977509560318,19,10
2013-06,2013-07,information,5,0.025936293972332193,20,10
2013-07,2013-08,attention,1,0.06300439186475047,82,10
2013-07,2013-08,attention,2,0.06560473461649453,82,10
2013-07,2013-08,attention,3,0.06615262921329207,83,10
2013-07,2013-08,attention,4,0.08253901472559858,82,10
2013-07,2013-08,attention,5,0.07875231887387099,83,10
2013-07,2013-08,baseline,1,0.08136619762626629,362,10
2013-07,2013-08,baseline,2,0.07952438103086945,363,10
2013-07,2013-08,baseline,3,0.08983221294342048,362,10
2013-07,2013-08,baseline,4,0.08112009825420487,363,10
2013-07,2013-08,baseline,5,0.07757713489464446,363,10
2013-07,2013-08,information,1,0.08159940312482485,22,10
2013-07,2013-08,information,2,0.0759257969068632,22,10
2013-07,2013-08,information,3,0.07509990761194964,22,10
2013-07,2013-08,information,4,0.0790668677117074,22,10
2013-07,2013-08,information,5,0.05552708488556724,23,10
2013-08,2013-09,attention,1,0.03770593094643511,110,10
2013-08,2013-09,attention,2,0.035667393413220186,110,10
2013-08,2013-09,attention,3,0.050567824815724506,110,10
2013-08,2013-09,attention,4,0.05425714871519677,110,10
2013-08,2013-09,attention,5,0.04525485676715677,110,10
2013-08,2013-09,baseline,1,0.0364057549598843,334,10
2013-08,2013-09,baseline,2,0.04805429286561063,335,10
2013-08,2013-09,baseline,3,0.050004302546603686,334,10
2013-08,2013-09,baseline,4,0.049790366384297666,335,10
2013-08,2013-09,baseline,5,0.061565165538298626,335,10
2013-08,2013-09,information,1,0.03798363935320038,26,10
2013-08,2013-09,information,2,0.03303790800206912,26,10
2013-08,2013-09,information,3,0.05691771394643196,26,10
2013-08,2013-09,information,4,0.028811924159052007,26,10
2013-08,2013-09,information,5,0.028097964667861738,26,10
2013-09,2013-10,attention,1,0.053521992928141665,100,10
2013-09,2013-10,attention,2,0.056181300859209166,101,10
2013-09,2013-10,attention,3,0.04440698811765317,100,10
2013-09,2013-10,attention,4,0.05743985638712912,101,10
2013-09,2013-10,attention,5,0.05417710849079749,101,10
2013-09,2013-10,baseline,1,0.048645221528412975,367,10
2013-09,2013-10,baseline,2,0.04703824056313155,367,10
2013-09,2013-10,baseline,3,0.052763637334067026,367,10
2013-09,2013-10,baseline,4,0.05393273385424202,367,10
2013-09,2013-10,baseline,5,0.06299020706900814,368,10
2013-09,2013-10,information,1,0.11708375341120836,2,10
2013-09,2013-10,information,2,0.0013259482319735172,2,10
2013-09,2013-10,information,3,0.09034360768225824,2,10
2013-09,2013-10,information,4,0.022794755369623942,2,10
2013-09,2013-10,information,5,0.0497302056060982,3,10
2013-10,2013-11,attention,1,-0.03190750475625718,70,10
2013-10,2013-11,attention,2,-0.012225315237134611,70,10
2013-10,2013-11,attention,3,0.011912797977394819,70,10
2013-10,2013-11,attention,4,-0.008747791482190409,70,10
2013-10,2013-11,attention,5,-0.001555634133339233,71,10
2013-10,2013-11,baseline,1,0.0011381372774076888,363,10
2013-10,2013-11,baseline,2,-0.0009600535935643379,364,10
2013-10,2013-11,baseline,3,-0.001949533326905266,363,10
2013-10,2013-11,baseline,4,0.003939858336752486,364,10
2013-10,2013-11,baseline,5,0.0019542626150873777,364,10
2013-10,2013-11,information,1,-0.015997072310002122,38,10
2013-10,2013-11,information,2,0.0040077056225220065,38,10
2013-10,2013-11,information,3,-0.0037796020994610934,38,10
2013-10,2013-11,information,4,-0.026946871724577676,38,10
2013-10,2013-11,information,5,-0.012418302904995121,39,10
2013-11,2013-12,attention,1,-0.05178956897823187,52,10
2013-11,2013-12,attention,2,0.0010036971701938993,53,10
2013-11,2013-12,attention,3,0.0033402754560996166,53,10
2013-11,2013-12,attention,4,0.018789751243990432,53,10
2013-11,2013-12,attention,5,-0.03841146083863099,53,10
2013-11,2013-12,baseline,1,-0.035947376847921764,417,10
2013-11,2013-12,baseline,2,-0.016110339315975695,418,10
2013-11,2013-12,baseline,3,-0.004672278987403772,417,10
2013-11,2013-12,baseline,4,-0.007775440458970066,418,10
2013-11,2013-12,baseline,5,-0.01710614191881319,418,10
2013-11,2013-12,information,2,-0.16472545757071544,1,10
2013-11,2013-12,information,4,-0.015706806282722696,1,10
2013-11,2013-12,information,5,0.10095238095238113,1,10
2013-12,2014-01,attention,1,-3.400860021428183e-05,66,10
2013-12,2014-01,attention,2,-0.002277649153727944,66,10
2013-12,2014-01,attention,3,-0.024023069900742426,66,10
2013-12,2014-01,attention,4,-0.03722177210332949,66,10
2013-12,2014-01,attention,5,-0.04705309095142412,67,10
2013-12,2014-01,baseline,1,0.02213081642534729,405,10
2013-12,2014-01,baseline,2,-0.012781186551415557,406,10
2013-12,2014-01,baseline,3,-0.030120296578013912,405,10
2013-12,2014-01,baseline,4,-0.03905573787045581,406,10
2013-12,2014-01,baseline,5,-0.038223771957742146,406,10
2013-12,2014-01,information,5,0.03004527370009602,1,10
2014-01,2014-02,attention,1,0.08618666665312313,34,10
2014-01,2014-02,attention,2,0.0563609899019367,34,10
2014-01,2014-02,attention,3,0.06278989926402159,35,10
2014-01,2014-02,attention,4,0.043769146469542004,34,10
2014-01,2014-02,attention,5,0.048160087399226094,35,10
2014-01,2014-02,baseline,1,0.0752107730394816,429,10
2014-01,2014-02,baseline,2,0.0729986028036981,429,10
2014-01,2014-02,baseline,3,0.07490480580633202,429,10
2014-01,2014-02,baseline,4,0.07520494149661582,429,10
2014-01,2014-02,baseline,5,0.08166753961497654,429,10
2014-01,2014-02,information,1,0.07371091997373702,8,10
2014-01,2014-02,information,2,0.06110508092896283,8,10
2014-01,2014-02,information,3,0.0867778310669515,8,10
2014-01,2014-02,information,4,0.1014497040653688,8,10
2014-01,2014-02,information,5,0.07630494280092454,8,10
2014-02,2014-03,attention,1,-0.0214070187980658,70,10
2014-02,2014-03,attention,2,-0.01706865912602941,70,10
2014-02,2014-03,attention,3,-0.008705458827572858,70,10
2014-02,2014-03,attention,4,-0.03127599946360834,70,10
2014-02,2014-03,attention,5,-0.02862573364137484,70,10
2014-02,2014-03,baseline,1,-0.015449786711648188,388,10
2014-02,2014-03,baseline,2,-0.00909794536495095,388,10
2014-02,2014-03,baseline,3,-0.01014768677693936,389,10
2014-02,2014-03,baseline,4,-0.0052935829023556475,388,10
2014-02,2014-03,baseline,5,-0.015701170762167097,389,10
2014-02,2014-03,information,1,-0.03757947139346518,9,10
2014-02,2014-03,information,2,-0.012238619113038276,9,10
2014-02,2014-03,information,3,-0.008520612741305679,9,10
2014-02,2014-03,information,4,0.022707666560662698,9,10
2014-02,2014-03,information,5,-0.036198081428833254,10,10
2014-03,2014-04,attention,1,0.04119802664328938,69,10
2014-03,2014-04,attention,2,0.0309379276507069,69,10
2014-03,2014-04,attention,3,0.034621471490502966,69,10
2014-03,2014-04,attention,4,0.041022749620726266,69,10
2014-03,2014-04,attention,5,0.031652204153262364,70,10
2014-03,2014-04,baseline,1,0.055248981480421504,390,10
2014-03,2014-04,baseline,2,0.050874892826851294,390,10
2014-03,2014-04,baseline,3,0.046800145591201936,390,10
2014-03,2014-04,baseline,4,0.04298842410057953,390,10
2014-03,2014-04,baseline,5,0.04789130670152392,390,10
2014-03,2014-04,information,1,0.028065683035390487,11,10
2014-03,2014-04,information,2,0.04355408910955078,11,10
2014-03,2014-04,information,3,0.01662722049656672,11,10
2014-03,2014-04,information,4,0.03858093679781673,11,10
2014-03,2014-04,information,5,0.020979122883699387,11,10
2014-04,2014-05,attention,1,-0.005504243351941797,38,10
2014-04,2014-05,attention,2,-0.0028202270498875483,39,10
2014-04,2014-05,attention,3,0.0016757911924051353,38,10
2014-04,2014-05,attention,4,0.010468305359641232,39,10
2014-04,2014-05,attention,5,0.00654569193007057,39,10
2014-04,2014-05,baseline,1,-0.0075299467822800125,404,10
2014-04,2014-05,baseline,2,-0.004240532643806931,405,10
2014-04,2014-05,baseline,3,0.0018314176311975414,404,10
2014-04,2014-05,baseline,4,0.0013163823714943434,405,10
2014-04,2014-05,baseline,5,-0.0036206903954758415,405,10
2014-04,2014-05,information,1,-0.013425420487665422,23,10
2014-04,2014-05,information,2,-0.015155505029539827,23,10
2014-04,2014-05,information,3,0.006203223907215795,23,10
2014-04,2014-05,information,4,0.03324835049079041,23,10
2014-04,2014-05,information,5,0.010153385935582624,23,10
2014-05,2014-06,attention,1,0.016208373489614968,28,10
2014-05,2014-06,attention,2,0.031747640670645845,28,10
2014-05,2014-06,attention,3,-0.0044621407891211546,29,10
2014-05,2014-06,attention,4,0.023305876641760242,28,10
2014-05,2014-06,attention,5,0.012071160165616344,29,10
2014-05,2014-06,baseline,1,0.04058298295987373,424,10
2014-05,2014-06,baseline,2,0.03170517361472444,425,10
2014-05,2014-06,baseline,3,0.029432662140114398,425,10
2014-05,2014-06,baseline,4,0.030059154124819465,425,10
2014-05,2014-06,baseline,5,0.03514067470321515,425,10
2014-05,2014-06,information,1,-0.013536967597144622,5,10
2014-05,2014-06,information,2,0.0181430511804511,5,10
2014-05,2014-06,information,3,0.03385582692061573,5,10
2014-05,2014-06,information,4,0.05325512714418932,5,10
2014-05,2014-06,information,5,0.010154678990225884,5,10
2014-06,2014-07,attention,1,0.05538724293228338,40,10
2014-06,2014-07,attention,2,0.035495328417597116,40,10
2014-06,2014-07,attention,3,0.030112452606324436,40,10
2014-06,2014-07,attention,4,0.056435579134937665,40,10
2014-06,2014-07,attention,5,0.03721492210803914,40,10
2014-06,2014-07,baseline,1,0.03541684985935582,415,10
2014-06,2014-07,baseline,2,0.04047614591862431,415,10
2014-06,2014-07,baseline,3,0.03779389873706173,415,10
2014-06,2014-07,baseline,4,0.03829605939173483,415,10
2014-06,2014-07,baseline,5,0.037100785367993966,415,10
2014-06,2014-07,information,1,0.07365851506212502,5,10
2014-06,2014-07,information,2,0.005572575496347265,6,10
2014-06,2014-07,information,3,0.05733073499661978,6,10
2014-06,2014-07,information,4,0.04244787642600023,6,10
2014-06,2014-07,information,5,0.008000143578082356,6,10
2014-07,2014-08,attention,1,0.014231187945292718,74,10
2014-07,2014-08,attention,2,0.020716146187841247,75,10
2014-07,2014-08,attention,3,0.023337978868050197,74,10
2014-07,2014-08,attention,4,0.019665154602890707,75,10
2014-07,2014-08,attention,5,0.022897010440765087,75,10
2014-07,2014-08,baseline,1,0.033831649657992284,376,10
2014-07,2014-08,baseline,2,0.03993768834871093,376,10
2014-07,2014-08,baseline,3,0.03695577434874019,377,10
2014-07,2014-08,baseline,4,0.028655603328511473,376,10
2014-07,2014-08,baseline,5,0.035680476758382235,377,10
2014-07,2014-08,information,1,0.061010582929419695,11,10
2014-07,2014-08,information,2,0.05266056983768296,11,10
2014-07,2014-08,information,3,0.0434007015923545,11,10
2014-07,2014-08,information,4,0.013052318714003959,11,10
2014-07,2014-08,information,5,0.0808456025685051,11,10
2014-08,2014-09,attention,1,0.10361832205656575,69,10
2014-08,2014-09,attention,2,0.10763954212122383,69,10
2014-08,2014-09,attention,3,0.10612206631585265,70,10
2014-08,2014-09,attention,4,0.09157068721367542,69,10
2014-08,2014-09,attention,5,0.07988060624402259,70,10
2014-08,2014-09,baseline,1,0.10440416745803612,374,10
2014-08,2014-09,baseline,2,0.10444570012116276,375,10
2014-08,2014-09,baseline,3,0.09437260932924882,374,10
2014-08,2014-09,baseline,4,0.08925661364570281,375,10
2014-08,2014-09,baseline,5,0.09792007078699087,375,10
2014-08,2014-09,information,1,0.1221840605298608,16,10
2014-08,2014-09,information,2,0.09679264189161187,17,10
2014-08,2014-09,information,3,0.09021883582126865,17,10
2014-08,2014-09,information,4,0.12323424446990235,17,10
2014-08,2014-09,information,5,0.11603880874180347,17,10
2014-09,2014-10,attention,1,-0.015330838748181896,92,10
2014-09,2014-10,attention,2,-0.004503980841702118,93,10
2014-09,2014-10,attention,3,-0.014847323596427028,93,10
2014-09,2014-10,attention,4,-0.000470079657182338,93,10
2014-09,2014-10,attention,5,-0.004849509070880436,93,10
2014-09,2014-10,baseline,1,-0.014477514800040258,369,10
2014-09,2014-10,baseline,2,-0.005470358511574637,369,10
2014-09,2014-10,baseline,3,-0.004417214361961385,370,10
2014-09,2014-10,baseline,4,0.0010577432246416062,369,10
2014-09,2014-10,baseline,5,-0.003794528407940038,370,10
2014-09,2014-10,information,1,-0.06764168190127962,1,10
2014-09,2014-10,information,2,-0.043708142403947714,1,10
2014-09,2014-10,information,3,0.0260430836063964,2,10
2014-09,2014-10,information,4,-0.03617269544924162,1,10
2014-09,2014-10,information,5,0.0022974141073306975,2,10
2014-10,2014-11,attention,1,-0.01651183113508513,55,10
2014-10,2014-11,attention,2,-0.017921090322315238,55,10
2014-10,2014-11,attention,3,0.012837565347113339,55,10
2014-10,2014-11,attention,4,-0.016243623524343727,55,10
2014-10,2014-11,attention,5,-0.02156740575006793,56,10
2014-10,2014-11,baseline,1,-0.033013715996475235,370,10
2014-10,2014-11,baseline,2,-0.015587880917555138,370,10
2014-10,2014-11,baseline,3,-0.01893971755507023,370,10
2014-10,2014-11,baseline,4,-0.018798819623568653,370,10
2014-10,2014-11,baseline,5,-0.019799066932581953,370,10
2014-10,2014-11,information,1,0.0007101413722787794,30,10
2014-10,2014-11,information,2,-0.02370511675043572,30,10
2014-10,2014-11,information,3,0.01334143044959076,31,10
2014-10,2014-11,information,4,-0.0138571610041494,30,10
2014-10,2014-11,information,5,-0.006793793673952587,31,10
2014-11,2014-12,attention,1,0.034828846079762596,83,10
2014-11,2014-12,attention,2,0.04679608888234342,84,10
2014-11,2014-12,attention,3,0.04576035365081711,84,10
2014-11,2014-12,attention,4,0.08279995332694415,84,10
2014-11,2014-12,attention,5,0.10790599165026551,84,10
2014-11,2014-12,baseline,1,-0.001199329788587763,369,10
2014-11,2014-12,baseline,2,-0.0050128128196429665,369,10
2014-11,2014-12,baseline,3,0.007396125606386706,369,10
2014-11,2014-12,baseline,4,0.019240309204551283,369,10
2014-11,2014-12,baseline,5,0.03978075942410868,369,10
2014-11,2014-12,information,1,0.1245069475571493,2,10
2014-11,2014-12,information,2,0.1229964708477318,2,10
2014-11,2014-12,information,3,0.11907765629380429,2,10
2014-11,2014-12,information,4,-0.005499828282239216,2,10
2014-11,2014-12,information,5,0.13505158246756185,3,10
2014-12,2015-01,attention,1,0.00039273929417531477,118,10
2014-12,2015-01,attention,2,0.0054090895946585305,118,10
2014-12,2015-01,attention,3,0.012869192061379866,118,10
2014-12,2015-01,attention,4,0.021317682975230477,118,10
2014-12,2015-01,attention,5,0.013933401181940109,118,10
2014-12,2015-01,baseline,1,0.047804747624365485,340,10
2014-12,2015-01,baseline,2,0.03550435290344477,341,10
2014-12,2015-01,baseline,3,0.04346159563184344,340,10
2014-12,2015-01,baseline,4,0.03949897227290511,341,10
2014-12,2015-01,baseline,5,0.05042120194046414,341,10
2014-12,2015-01,information,1,-0.037483953786906166,1,10
2014-12,2015-01,information,2,0.07152236903368125,2,10
2014-12,2015-01,information,3,0.023125437981780017,1,10
2014-12,2015-01,information,4,0.14222900967740804,2,10
2014-12,2015-01,information,5,0.09604213953275109,2,10
2015-01,2015-02,attention,1,0.004708970037882154,40,10
2015-01,2015-02,attention,2,0.0051120986119979365,40,10
2015-01,2015-02,attention,3,0.018853864106985814,40,10
2015-01,2015-02,attention,4,0.027795664802866177,40,10
2015-01,2015-02,attention,5,0.025779419997804687,40,10
2015-01,2015-02,baseline,1,0.030382033134989054,414,10
2015-01,2015-02,baseline,2,0.02803754476406242,414,10
2015-01,2015-02,baseline,3,0.025687848171506655,414,10
2015-01,2015-02,baseline,4,0.03276527775011441,414,10
2015-01,2015-02,baseline,5,0.03611228404345576,415,10
2015-01,2015-02,information,1,0.011407393158463027,9,10
2015-01,2015-02,information,2,0.041625479034731974,10,10
2015-01,2015-02,information,3,0.03571331497298161,9,10
2015-01,2015-02,information,4,0.040519750648777296,10,10
2015-01,2015-02,information,5,0.030642240050330127,10,10
2015-02,2015-03,attention,1,0.0594686845630876,18,10
2015-02,2015-03,attention,2,0.03521403325241212,19,10
2015-02,2015-03,attention,3,0.066052279042144,18,10
2015-02,2015-03,attention,4,0.02922826041416049,19,10
2015-02,2015-03,attention,5,0.03281972356453719,19,10
2015-02,2015-03,baseline,1,0.0687072419442322,429,10
2015-02,2015-03,baseline,2,0.07600819844449618,430,10
2015-02,2015-03,baseline,3,0.07083303503725638,429,10
2015-02,2015-03,baseline,4,0.06543028088451326,430,10
2015-02,2015-03,baseline,5,0.06365936490840016,430,10
2015-02,2015-03,information,1,0.05539466371012038,10,10
2015-02,2015-03,information,2,0.057348802183879444,10,10
2015-02,2015-03,information,3,0.05006760814436052,10,10
2015-02,2015-03,information,4,0.07284602181741881,10,10
2015-02,2015-03,information,5,0.07051413317435438,11,10
2015-03,2015-04,attention,1,0.081238540641631,109,10
2015-03,2015-04,attention,2,0.08050865030923039,109,10
2015-03,2015-04,attention,3,0.09913567008421324,110,10
2015-03,2015-04,attention,4,0.0925392792835915,109,10
2015-03,2015-04,attention,5,0.0874706074944431,110,10
2015-03,2015-04,baseline,1,0.0748801945908417,333,10
2015-03,2015-04,baseline,2,0.08870496927318007,334,10
2015-03,2015-04,baseline,3,0.07981624197239214,334,10
2015-03,2015-04,baseline,4,0.08586046117659508,334,10
2015-03,2015-04,baseline,5,0.10250426638051235,334,10
2015-03,2015-04,information,1,0.048606274599461444,20,10
2015-03,2015-04,information,2,0.09682993211664839,20,10
2015-03,2015-04,information,3,0.10060337573094438,20,10
2015-03,2015-04,information,4,0.09185221815939652,20,10
2015-03,2015-04,information,5,0.1019485832572708,21,10
2015-04,2015-05,attention,1,0.03592788213225026,98,10
2015-04,2015-05,attention,2,0.037443508269095316,99,10
2015-04,2015-05,attention,3,0.04420116572460714,98,10
2015-04,2015-05,attention,4,0.020049938443338675,99,10
2015-04,2015-05,attention,5,0.01651235795941301,99,10
2015-04,2015-05,baseline,1,0.07515214826227483,318,10
2015-04,2015-05,baseline,2,0.07753050448867405,318,10
2015-04,2015-05,baseline,3,0.06544732801254395,319,10
2015-04,2015-05,baseline,4,0.06721506818642799,318,10
2015-04,2015-05,baseline,5,0.09913868291742295,319,10
2015-04,2015-05,information,1,0.08899373889584165,47,10
2015-04,2015-05,information,2,0.08041080489052534,47,10
2015-04,2015-05,information,3,0.05606933416574993,47,10
2015-04,2015-05,information,4,0.03669492222052597,47,10
2015-04,2015-05,information,5,0.08996636147741528,47,10
2015-05,2015-06,attention,1,0.16087729919142155,40,10
2015-05,2015-06,attention,2,0.2154205292629256,41,10
2015-05,2015-06,attention,3,0.20466554775494222,40,10
2015-05,2015-06,attention,4,0.20824210176955557,41,10
2015-05,2015-06,attention,5,0.15342750113017598,41,10
2015-05,2015-06,baseline,1,0.1426569485656975,397,10
2015-05,2015-06,baseline,2,0.19253091189651209,398,10
2015-05,2015-06,baseline,3,0.19109010261661533,399,10
2015-05,2015-06,baseline,4,0.19021171484464763,398,10
2015-05,2015-06,baseline,5,0.18398891515701196,399,10
2015-05,2015-06,information,1,0.1799250928155557,17,10
2015-05,2015-06,information,2,0.20806845485094283,17,10
2015-05,2015-06,information,3,0.13928448972607368,17,10
2015-05,2015-06,information,4,0.08646587545462361,17,10
2015-05,2015-06,information,5,0.13205848406431311,17,10
2015-06,2015-07,attention,1,-0.20809381465397975,21,10
2015-06,2015-07,attention,2,-0.16958750596739636,22,10
2015-06,2015-07,attention,3,-0.20970525848897673,22,10
2015-06,2015-07,attention,4,-0.14535297076094492,22,10
2015-06,2015-07,attention,5,-0.07375633483779381,22,10
2015-06,2015-07,baseline,1,-0.21969895542947393,405,10
2015-06,2015-07,baseline,2,-0.20446767331078827,406,10
2015-06,2015-07,baseline,3,-0.18931274662341224,405,10
2015-06,2015-07,baseline,4,-0.15841130585801477,406,10
2015-06,2015-07,baseline,5,-0.11783685653477179,405,10
2015-06,2015-07,information,1,-0.21703703671150162,24,10
2015-06,2015-07,information,2,-0.20049028500490365,24,10
2015-06,2015-07,information,3,-0.1569865701464631,24,10
2015-06,2015-07,information,4,-0.14955463188343324,24,10
2015-06,2015-07,information,5,-0.073260148687334,25,10
2015-07,2015-08,attention,1,0.10105043159587418,12,10
2015-07,2015-08,attention,2,0.15053950939776925,12,10
2015-07,2015-08,attention,3,0.16061001737892075,12,10
2015-07,2015-08,attention,4,0.05191270088950242,12,10
2015-07,2015-08,attention,5,0.06318841139530393,12,10
2015-07,2015-08,baseline,1,0.16619192502730126,392,10
2015-07,2015-08,baseline,2,0.1737786285066368,392,10
2015-07,2015-08,baseline,3,0.1723838642718011,392,10
2015-07,2015-08,baseline,4,0.15950189066251141,392,10
2015-07,2015-08,baseline,5,0.13722931351210851,392,10
2015-07,2015-08,information,1,0.13015693096366904,33,10
2015-07,2015-08,information,2,0.10222106762228637,33,10
2015-07,2015-08,information,3,0.11861400205180783,33,10
2015-07,2015-08,information,4,0.132482299257006,33,10
2015-07,2015-08,information,5,0.12330547696292724,33,10
2015-08,2015-09,attention,1,0.008647417164543592,2,10
2015-08,2015-09,attention,2,-0.19120636277138692,3,10
2015-08,2015-09,attention,3,-0.06226223943328846,2,10
2015-08,2015-09,attention,4,-0.12008640253286247,3,10
2015-08,2015-09,attention,5,-0.07011162504741293,3,10
2015-08,2015-09,baseline,1,-0.07695516527171088,406,10
2015-08,2015-09,baseline,2,-0.06832810355664122,407,10
2015-08,2015-09,baseline,3,-0.054985466636719944,406,10
2015-08,2015-09,baseline,4,-0.04431693429191216,407,10
2015-08,2015-09,baseline,5,-0.0612364775956453,407,10
2015-08,2015-09,information,1,-0.10087231193303883,21,10
2015-08,2015-09,information,2,-0.053617661109699156,21,10
2015-08,2015-09,information,3,-0.041626782883116,22,10
2015-08,2015-09,information,4,-0.048210558876500956,21,10
2015-08,2015-09,information,5,-0.06260759593481571,22,10
2015-09,2015-10,attention,1,0.1874334398296058,1,10
2015-09,2015-10,attention,2,0.36480686695278974,1,10
2015-09,2015-10,attention,3,0.10810810810810811,1,10
2015-09,2015-10,attention,4,0.23892405063291133,1,10
2015-09,2015-10,attention,5,0.06936416184971095,1,10
2015-09,2015-10,baseline,1,0.14473431809736373,426,10
2015-09,2015-10,baseline,2,0.12515211890722164,426,10
2015-09,2015-10,baseline,3,0.11823450917069701,427,10
2015-09,2015-10,baseline,4,0.13748376392864434,426,10
2015-09,2015-10,baseline,5,0.1392922597915674,427,10
2015-09,2015-10,information,1,0.07735810014544017,5,10
2015-09,2015-10,information,2,0.06128197061349137,5,10
2015-09,2015-10,information,3,0.10475385920096394,5,10
2015-09,2015-10,information,4,0.06648336147667559,5,10
2015-09,2015-10,information,5,0.03342591846145946,5,10
2015-10,2015-11,attention,1,0.03573540187550874,5,10
2015-10,2015-11,attention,2,0.0944485697943335,5,10
2015-10,2015-11,attention,3,0.1474795627608192,5,10
2015-10,2015-11,attention,4,0.1513857588457766,5,10
2015-10,2015-11,attention,5,0.09810946842632436,5,10
2015-10,2015-11,baseline,1,0.0922131657312157,435,10
2015-10,2015-11,baseline,2,0.09033540799797773,436,10
2015-10,2015-11,baseline,3,0.08416170229539446,436,10
2015-10,2015-11,baseline,4,0.0855442199930148,436,10
2015-10,2015-11,baseline,5,0.09287952882611068,435,10
2015-10,2015-11,information,1,0.1706103035576996,3,10
2015-10,2015-11,information,2,0.061775560037561406,4,10
2015-10,2015-11,information,3,0.04766418364953925,3,10
2015-10,2015-11,information,4,0.10297398885719261,4,10
2015-10,2015-11,information,5,0.08857130149187603,4,10
2015-11,2015-12,attention,1,-0.027659916941445175,7,10
2015-11,2015-12,attention,2,-0.0036853627174283166,7,10
2015-11,2015-12,attention,3,-0.010122555889677238,7,10
2015-11,2015-12,attention,4,-0.02124103905903599,7,10
2015-11,2015-12,attention,5,-0.025229689243582945,8,10
2015-11,2015-12,baseline,1,0.01749872684060974,452,10
2015-11,2015-12,baseline,2,0.024157898058271756,452,10
2015-11,2015-12,baseline,3,0.023864744903846997,452,10
2015-11,2015-12,baseline,4,0.02305696599204723,452,10
2015-11,2015-12,baseline,5,0.013297072538504493,452,10
2015-11,2015-12,information,1,0.10942408376963364,1,10
2015-11,2015-12,information,2,-0.003282275711159688,1,10
2015-11,2015-12,information,3,0.033039647577092435,1,10
2015-11,2015-12,information,4,-0.12400099900099903,1,10
2015-11,2015-12,information,5,0.023946360153256574,1,10
2015-12,2016-01,attention,1,-0.30260854319161196,3,10
2015-12,2016-01,attention,2,-0.34038005825708256,4,10
2015-12,2016-01,attention,3,-0.2621487593352395,4,10
2015-12,2016-01,attention,4,-0.2608702441028639,4,10
2015-12,2016-01,attention,5,-0.27079031822464367,4,10
2015-12,2016-01,baseline,1,-0.25727957488210224,471,10
2015-12,2016-01,baseline,2,-0.2516439624480664,472,10
2015-12,2016-01,baseline,3,-0.2421527586233508,472,10
2015-12,2016-01,baseline,4,-0.25135634055579675,472,10
2015-12,2016-01,baseline,5,-0.2560454613415372,471,10
2015-12,2016-01,information,3,-0.15820543093270367,1,10
2015-12,2016-01,information,5,0.0,1,10
2016-01,2016-02,attention,1,0.15089638274691453,6,10
2016-01,2016-02,attention,2,0.07174506510050634,7,10
2016-01,2016-02,attention,3,0.06885105653076894,6,10
2016-01,2016-02,attention,4,0.05568559220637966,7,10
2016-01,2016-02,attention,5,0.04895045490332818,7,10
2016-01,2016-02,baseline,1,0.1359858665330234,471,10
2016-01,2016-02,baseline,2,0.1302120315416608,472,10
2016-01,2016-02,baseline,3,0.12228905963972493,472,10
2016-01,2016-02,baseline,4,0.1043984579221716,472,10
2016-01,2016-02,baseline,5,0.08597814886922991,472,10
2016-01,2016-02,information,1,0.15514559200710776,2,10
2016-01,2016-02,information,2,0.07729228291942425,2,10
2016-01,2016-02,information,3,0.08036855682471411,3,10
2016-01,2016-02,information,4,0.08966153786346498,2,10
2016-01,2016-02,information,5,0.12127142352154914,3,10
2016-02,2016-03,attention,1,-0.013589274978019029,5,10
2016-02,2016-03,attention,2,0.05599663492680795,5,10
2016-02,2016-03,attention,3,0.013670089337440027,5,10
2016-02,2016-03,attention,4,0.0049571598884375675,5,10
2016-02,2016-03,attention,5,0.029822479152594766,6,10
2016-02,2016-03,baseline,1,0.07089492764623927,472,10
2016-02,2016-03,baseline,2,0.07564248546917442,473,10
2016-02,2016-03,baseline,3,0.08659339601650021,473,10
2016-02,2016-03,baseline,4,0.0797781728707999,473,10
2016-02,2016-03,baseline,5,0.08070815208786619,473,10
2016-02,2016-03,information,1,-0.008169432982946506,4,10
2016-02,2016-03,information,2,0.06517102613198386,5,10
2016-02,2016-03,information,3,0.07607490985035445,5,10
2016-02,2016-03,information,4,0.015483552759975238,5,10
2016-02,2016-03,information,5,0.003013727225307372,5,10
2016-03,2016-04,attention,1,0.02333626158385027,4,10
2016-03,2016-04,attention,2,-0.02009840891650322,4,10
2016-03,2016-04,attention,3,0.01868866834856615,5,10
2016-03,2016-04,attention,4,0.047176315152545306,4,10
2016-03,2016-04,attention,5,0.008830968961118102,5,10
2016-03,2016-04,baseline,1,0.0422268308531175,485,10
2016-03,2016-04,baseline,2,0.05003794943042782,485,10
2016-03,2016-04,baseline,3,0.05696320675647222,485,10
2016-03,2016-04,baseline,4,0.05916005234346869,485,10
2016-03,2016-04,baseline,5,0.054141510403982664,486,10
2016-03,2016-04,information,1,0.04335664335664324,1,10
2016-03,2016-04,information,2,0.01523809523809505,1,10
2016-03,2016-04,information,3,0.012279355333844943,1,10
2016-03,2016-04,information,4,0.04757858963466455,1,10
2016-03,2016-04,information,5,-0.07473841554559046,1,10
2016-04,2016-05,attention,1,-0.05760458857965928,6,10
2016-04,2016-05,attention,2,-0.0599732851641171,7,10
2016-04,2016-05,attention,3,-0.07112449142275616,6,10
2016-04,2016-05,attention,4,-0.006905196611491883,7,10
2016-04,2016-05,attention,5,-0.05711813536357692,7,10
2016-04,2016-05,baseline,1,-0.053944394665221766,485,10
2016-04,2016-05,baseline,2,-0.05205612398657109,485,10
2016-04,2016-05,baseline,3,-0.03973548059268163,485,10
2016-04,2016-05,baseline,4,-0.03670852302537448,485,10
2016-04,2016-05,baseline,5,-0.04017747119039147,485,10
2016-04,2016-05,information,1,-0.027895994589681505,2,10
2016-04,2016-05,information,2,-0.12658625777891824,2,10
2016-04,2016-05,information,3,-0.031345603845603844,3,10
2016-04,2016-05,information,4,0.024197139168979087,2,10
2016-04,2016-05,information,5,-0.0020931488025127676,3,10
2016-05,2016-06,attention,1,0.02926488455704348,5,10
2016-05,2016-06,attention,2,0.0053942626436170645,5,10
2016-05,2016-06,attention,3,0.06879210711085904,6,10
2016-05,2016-06,attention,4,0.04666881937092078,5,10
2016-05,2016-06,attention,5,-0.02055296175692554,6,10
2016-05,2016-06,baseline,1,0.032941355151037736,489,10
2016-05,2016-06,baseline,2,0.008937517732548146,489,10
2016-05,2016-06,baseline,3,0.006981193219444204,489,10
2016-05,2016-06,baseline,4,0.0022986236739029756,489,10
2016-05,2016-06,baseline,5,0.00844124179758724,489,10
2016-05,2016-06,information,2,0.09962406015037595,1,10
2016-05,2016-06,information,4,0.0555108608205952,1,10
2016-05,2016-06,information,5,0.0,1,10
2016-06,2016-07,attention,1,0.03530459970444003,7,10
2016-06,2016-07,attention,2,0.06906885432177283,7,10
2016-06,2016-07,attention,3,0.03917987839286056,7,10
2016-06,2016-07,attention,4,0.03163260488160353,7,10
2016-06,2016-07,attention,5,0.020166781531300373,8,10
2016-06,2016-07,baseline,1,0.02784512112241678,496,10
2016-06,2016-07,baseline,2,0.04427026773222308,496,10
2016-06,2016-07,baseline,3,0.05430256441882032,496,10
2016-06,2016-07,baseline,4,0.05691265706741037,496,10
2016-06,2016-07,baseline,5,0.049946456567989614,497,10
2016-06,2016-07,information,1,0.007386888273314796,1,10
2016-06,2016-07,information,2,0.1539473684210526,1,10
2016-06,2016-07,information,3,0.0027742616033755163,2,10
2016-06,2016-07,information,4,0.023845007451565037,1,10
2016-06,2016-07,information,5,-0.002461112998829673,2,10
2016-07,2016-08,attention,1,0.02160616661911628,19,10
2016-07,2016-08,attention,2,0.0121656341275784,20,10
2016-07,2016-08,attention,3,0.005552465433065345,20,10
2016-07,2016-08,attention,4,0.01659028053535121,20,10
2016-07,2016-08,attention,5,0.008733305194567198,20,10
2016-07,2016-08,baseline,1,0.013561989484683687,488,10
2016-07,2016-08,baseline,2,0.014000305768955846,488,10
2016-07,2016-08,baseline,3,0.01590381052788762,488,10
2016-07,2016-08,baseline,4,0.0151981180949227,488,10
2016-07,2016-08,baseline,5,0.018406320517775875,488,10
2016-07,2016-08,information,1,0.045717193039443695,3,10
2016-07,2016-08,information,2,0.007261645833401424,3,10
2016-07,2016-08,information,3,0.018234774751798872,3,10
2016-07,2016-08,information,4,-0.0011461070661055543,3,10
2016-07,2016-08,information,5,0.008125770915566655,4,10
2016-08,2016-09,attention,1,-0.04185055559041688,17,10
2016-08,2016-09,attention,2,0.006499001065365959,17,10
2016-08,2016-09,attention,3,-0.009265114541462139,17,10
2016-08,2016-09,attention,4,-0.009143893123737246,17,10
2016-08,2016-09,attention,5,-0.033692344457550434,17,10
2016-08,2016-09,baseline,1,-0.026522094469501534,490,10
2016-08,2016-09,baseline,2,-0.02086988897968858,491,10
2016-08,2016-09,baseline,3,-0.018134727652700914,491,10
2016-08,2016-09,baseline,4,-0.016381474445618844,491,10
2016-08,2016-09,baseline,5,-0.011021378172152738,491,10
2016-08,2016-09,information,1,-0.026810100966521876,5,10
2016-08,2016-09,information,2,-0.03514090189165233,6,10
2016-08,2016-09,information,3,-0.015407445192153136,5,10
2016-08,2016-09,information,4,-0.015259968242371635,6,10
2016-08,2016-09,information,5,-0.02784310740007236,6,10
2016-09,2016-10,attention,1,0.017943794457298677,23,10
2016-09,2016-10,attention,2,0.03708470682138392,23,10
2016-09,2016-10,attention,3,0.025570950950943794,24,10
2016-09,2016-10,attention,4,0.03662533048899621,23,10
2016-09,2016-10,attention,5,0.030525656765120302,24,10
2016-09,2016-10,baseline,1,0.040332254123599705,492,10
2016-09,2016-10,baseline,2,0.03303995671385554,492,10
2016-09,2016-10,baseline,3,0.033398631659193254,493,10
2016-09,2016-10,baseline,4,0.037880711643235115,492,10
2016-09,2016-10,baseline,5,0.03596847938298515,493,10
2016-09,2016-10,information,3,-0.062169312169312096,1,10
2016-09,2016-10,information,5,-0.014090708938793495,1,10
2016-10,2016-11,attention,1,0.06536482802542234,17,10
2016-10,2016-11,attention,2,0.07264435521414182,17,10
2016-10,2016-11,attention,3,0.06257086466222168,18,10
2016-10,2016-11,attention,4,0.024176918890304013,17,10
2016-10,2016-11,attention,5,0.026233792688951114,18,10
2016-10,2016-11,baseline,1,0.03910964347834,490,10
2016-10,2016-11,baseline,2,0.04420471322281592,491,10
2016-10,2016-11,baseline,3,0.03888742102935168,490,10
2016-10,2016-11,baseline,4,0.031457981317909986,491,10
2016-10,2016-11,baseline,5,0.03850220240178473,491,10
2016-10,2016-11,information,1,0.09666666450690105,7,10
2016-10,2016-11,information,2,0.018795007467197453,7,10
2016-10,2016-11,information,3,0.009692230249891456,7,10
2016-10,2016-11,information,4,0.04597705779948645,7,10
2016-10,2016-11,information,5,0.03544004209311427,8,10
2016-11,2016-12,attention,1,-0.04765202526470273,53,10
2016-11,2016-12,attention,2,-0.05814448231096455,53,10
2016-11,2016-12,attention,3,-0.05085387488004387,53,10
2016-11,2016-12,attention,4,-0.05985212029350725,53,10
2016-11,2016-12,attention,5,-0.06112556727837078,53,10
2016-11,2016-12,baseline,1,-0.0575740478405829,466,10
2016-11,2016-12,baseline,2,-0.0650671073458765,467,10
2016-11,2016-12,baseline,3,-0.06332226591275857,466,10
2016-11,2016-12,baseline,4,-0.06612483614638263,467,10
2016-11,2016-12,baseline,5,-0.06155345293132755,467,10
2016-11,2016-12,information,1,-0.05995864920744309,1,10
2016-11,2016-12,information,2,-0.08185840707964598,1,10
2016-11,2016-12,information,3,-0.028537455410225898,1,10
2016-11,2016-12,information,4,-0.09703504043126676,1,10
2016-11,2016-12,information,5,-0.09474706853802134,2,10
2016-12,2017-01,attention,1,-0.05838785811236642,40,10
2016-12,2017-01,attention,2,-0.04610726229162638,41,10
2016-12,2017-01,attention,3,-0.015181105910599185,41,10
2016-12,2017-01,attention,4,-0.04859876427359755,41,10
2016-12,2017-01,attention,5,-0.023034121923578385,41,10
2016-12,2017-01,baseline,1,-0.06557279828487889,483,10
2016-12,2017-01,baseline,2,-0.05222466427349946,483,10
2016-12,2017-01,baseline,3,-0.053582263211904256,484,10
2016-12,2017-01,baseline,4,-0.05095755044079169,483,10
2016-12,2017-01,baseline,5,-0.05518971609071442,484,10
2016-12,2017-01,information,2,-0.05223880597014918,1,10
2016-12,2017-01,information,4,-0.10658307210031359,1,10
2016-12,2017-01,information,5,-0.11089238845144356,1,10
2017-01,2017-02,attention,1,0.04959560360668535,29,10
2017-01,2017-02,attention,2,0.034360472837422155,29,10
2017-01,2017-02,attention,3,0.015666311721923048,29,10
2017-01,2017-02,attention,4,0.007423391238162017,29,10
2017-01,2017-02,attention,5,0.014267525950083874,29,10
2017-01,2017-02,baseline,1,0.041161861165320814,488,10
2017-01,2017-02,baseline,2,0.03062653964629996,488,10
2017-01,2017-02,baseline,3,0.025098619185775817,488,10
2017-01,2017-02,baseline,4,0.021758511084900987,488,10
2017-01,2017-02,baseline,5,0.021414566141534204,487,10
2017-01,2017-02,information,1,0.053758010617637075,7,10
2017-01,2017-02,information,2,0.0065889116412295124,7,10
2017-01,2017-02,information,3,0.020095622479442014,7,10
2017-01,2017-02,information,4,0.043839649313306195,7,10
2017-01,2017-02,information,5,0.03611428134229265,8,10
2017-02,2017-03,attention,1,-0.022126588723615188,35,10
2017-02,2017-03,attention,2,-0.020190845986605577,35,10
2017-02,2017-03,attention,3,-0.006877515449791969,35,10
2017-02,2017-03,attention,4,-0.001992368319283812,35,10
2017-02,2017-03,attention,5,0.00972581672902664,36,10
2017-02,2017-03,baseline,1,-0.0027990336952915034,482,10
2017-02,2017-03,baseline,2,0.006633082151823693,482,10
2017-02,2017-03,baseline,3,0.007516721656817037,482,10
2017-02,2017-03,baseline,4,0.007816926653277406,482,10
2017-02,2017-03,baseline,5,0.014665780307676238,482,10
2017-02,2017-03,information,1,0.011079520945266342,5,10
2017-02,2017-03,information,2,0.014005413566949686,5,10
2017-02,2017-03,information,3,0.022179364977620453,5,10
2017-02,2017-03,information,4,-0.0025353623822483183,5,10
2017-02,2017-03,information,5,0.030061905075068934,6,10
2017-03,2017-04,attention,1,-0.0033077444523118083,58,10
2017-03,2017-04,attention,2,-0.007820278698634407,59,10
2017-03,2017-04,attention,3,-0.005861339473021499,59,10
2017-03,2017-04,attention,4,0.000983642333551869,59,10
2017-03,2017-04,attention,5,-0.029156775512445287,59,10
2017-03,2017-04,baseline,1,-0.03999767707915683,457,10
2017-03,2017-04,baseline,2,-0.017214056136087112,457,10
2017-03,2017-04,baseline,3,-0.017475236321781502,458,10
2017-03,2017-04,baseline,4,-0.01745663673517413,457,10
2017-03,2017-04,baseline,5,-0.02337544313041877,458,10
2017-03,2017-04,information,1,-0.01943370015959592,11,10
2017-03,2017-04,information,2,-0.041876243142660724,12,10
2017-03,2017-04,information,3,0.0025570082181873744,11,10
2017-03,2017-04,information,4,-0.004334761076953926,12,10
2017-03,2017-04,information,5,-0.03097958883769177,12,10
2017-04,2017-05,attention,1,-0.08105964377612598,51,10
2017-04,2017-05,attention,2,-0.05941773008623714,51,10
2017-04,2017-05,attention,3,-0.06691958237363482,51,10
2017-04,2017-05,attention,4,-0.056613542277265366,51,10
2017-04,2017-05,attention,5,-0.051046613957056904,52,10
2017-04,2017-05,baseline,1,-0.06164047583432782,446,10
2017-04,2017-05,baseline,2,-0.04797514384930261,446,10
2017-04,2017-05,baseline,3,-0.053303660198300414,446,10
2017-04,2017-05,baseline,4,-0.05427465923903735,446,10
2017-04,2017-05,baseline,5,-0.04709416388058017,447,10
2017-04,2017-05,information,1,-0.0351133617927216,33,10
2017-04,2017-05,information,2,-0.05728071343773908,33,10
2017-04,2017-05,information,3,-0.040099387962140035,33,10
2017-04,2017-05,information,4,-0.04267408366617809,33,10
2017-04,2017-05,information,5,-0.033709743822318006,33,10
2017-05,2017-06,attention,1,0.0011534695066945837,35,10
2017-05,2017-06,attention,2,0.0014495368377485044,35,10
2017-05,2017-06,attention,3,0.018788195481757104,35,10
2017-05,2017-06,attention,4,0.01971346133262242,35,10
2017-05,2017-06,attention,5,0.011224906107994613,36,10
2017-05,2017-06,baseline,1,0.024427189723823996,475,10
2017-05,2017-06,baseline,2,0.026087877309170022,475,10
2017-05,2017-06,baseline,3,0.025637836316730746,475,10
2017-05,2017-06,baseline,4,0.025942164018944423,475,10
2017-05,2017-06,baseline,5,0.02268788683981685,475,10
2017-05,2017-06,information,1,0.013024740395732712,14,10
2017-05,2017-06,information,2,0.01691785623166263,15,10
2017-05,2017-06,information,3,0.04525085178039649,15,10
2017-05,2017-06,information,4,0.02605212461268665,15,10
2017-05,2017-06,information,5,0.0061794315581923465,15,10
2017-06,2017-07,attention,1,-0.013624912309555417,53,10
2017-06,2017-07,attention,2,-0.012571553252933831,53,10
2017-06,2017-07,attention,3,0.0003013225909072994,54,10
2017-06,2017-07,attention,4,-0.005639441357835084,53,10
2017-06,2017-07,attention,5,0.0021979968390695736,54,10
2017-06,2017-07,baseline,1,-0.011465815590134173,455,10
2017-06,2017-07,baseline,2,0.005168136332072905,456,10
2017-06,2017-07,baseline,3,0.0044176746202692525,457,10
2017-06,2017-07,baseline,4,0.0027528412504513465,456,10
2017-06,2017-07,baseline,5,-0.0038101113229004565,457,10
2017-06,2017-07,information,1,0.0016220892371490456,15,10
2017-06,2017-07,information,2,-0.0024170482351132394,15,10
2017-06,2017-07,information,3,0.0026318525188996703,16,10
2017-06,2017-07,information,4,0.012551558633982711,15,10
2017-06,2017-07,information,5,-0.028199961671959504,16,10
2017-07,2017-08,attention,1,-0.02525997441617515,120,10
2017-07,2017-08,attention,2,-0.005164499885829704,120,10
2017-07,2017-08,attention,3,-0.009960165430108891,120,10
2017-07,2017-08,attention,4,-0.013580995184028537,120,10
2017-07,2017-08,attention,5,-0.008272722158994938,121,10
2017-07,2017-08,baseline,1,0.00508898138763156,378,10
2017-07,2017-08,baseline,2,0.009639581830811378,379,10
2017-07,2017-08,baseline,3,0.0072146941818410585,379,10
2017-07,2017-08,baseline,4,0.004746692769404216,379,10
2017-07,2017-08,baseline,5,0.004241875585178864,378,10
2017-07,2017-08,information,1,-0.007078391944408621,30,10
2017-07,2017-08,information,2,-0.009862966075403741,31,10
2017-07,2017-08,information,3,-0.0010534899041256102,31,10
2017-07,2017-08,information,4,0.003983109445694745,31,10
2017-07,2017-08,information,5,0.007578964767516688,31,10
2017-08,2017-09,attention,1,0.04123833672407011,116,10
2017-08,2017-09,attention,2,0.024641544765843893,116,10
2017-08,2017-09,attention,3,0.02989172630893266,116,10
2017-08,2017-09,attention,4,0.017099143726755504,116,10
2017-08,2017-09,attention,5,0.023187784715318138,117,10
2017-08,2017-09,baseline,1,0.03171152155639517,390,10
2017-08,2017-09,baseline,2,0.029118049264748525,391,10
2017-08,2017-09,baseline,3,0.021495734525424873,391,10
2017-08,2017-09,baseline,4,0.02627370062351392,391,10
2017-08,2017-09,baseline,5,0.024063488327783124,390,10
2017-08,2017-09,information,1,0.017182458505317882,28,10
2017-08,2017-09,information,2,0.015898494147827163,28,10
2017-08,2017-09,information,3,0.03629197712028192,29,10
2017-08,2017-09,information,4,0.017281345827701546,28,10
2017-08,2017-09,information,5,0.028604761958953784,29,10
2017-09,2017-10,attention,1,-0.03862713253191099,125,10
2017-09,2017-10,attention,2,-0.021200967140494187,126,10
2017-09,2017-10,attention,3,-0.0035701217876283452,126,10
2017-09,2017-10,attention,4,-0.00385214147466356,126,10
2017-09,2017-10,attention,5,-0.009125641895346573,126,10
2017-09,2017-10,baseline,1,-0.023247666734670318,419,10
2017-09,2017-10,baseline,2,-0.006384337995258184,419,10
2017-09,2017-10,baseline,3,-0.0016048613913998,419,10
2017-09,2017-10,baseline,4,0.0028631365092956535,419,10
2017-09,2017-10,baseline,5,0.0033001796746253845,420,10
2017-09,2017-10,information,1,-0.13535173642030285,1,10
2017-09,2017-10,information,2,-0.03358208955223885,2,10
2017-09,2017-10,information,3,-0.04117058405618701,2,10
2017-09,2017-10,information,4,-0.04970276011178598,2,10
2017-09,2017-10,information,5,0.12430191972076787,2,10
2017-10,2017-11,attention,1,-0.023797355749088218,63,10
2017-10,2017-11,attention,2,-0.006318165440731461,64,10
2017-10,2017-11,attention,3,0.0005227606773587253,64,10
2017-10,2017-11,attention,4,0.000940584343018162,64,10
2017-10,2017-11,attention,5,0.01893736446751111,64,10
2017-10,2017-11,baseline,1,-0.007178587055191876,446,10
2017-10,2017-11,baseline,2,-0.0055563322317940715,446,10
2017-10,2017-11,baseline,3,-0.005562010291829683,446,10
2017-10,2017-11,baseline,4,-0.0033375426959819936,446,10
2017-10,2017-11,baseline,5,-0.005891524797134149,447,10
2017-10,2017-11,information,1,-0.007011227305506883,41,10
2017-10,2017-11,information,2,0.016150122987550183,41,10
2017-10,2017-11,information,3,0.003451438789000054,41,10
2017-10,2017-11,information,4,0.01178127516782565,41,10
2017-10,2017-11,information,5,0.025342807015614362,42,10
2017-11,2017-12,attention,1,0.01262026826297577,86,10
2017-11,2017-12,attention,2,0.002865234971118603,87,10
2017-11,2017-12,attention,3,-0.007850775549624055,87,10
2017-11,2017-12,attention,4,0.011445309137547209,87,10
2017-11,2017-12,attention,5,-0.003414920223397004,87,10
2017-11,2017-12,baseline,1,-0.0004893411733335406,474,10
2017-11,2017-12,baseline,2,-0.007946585856004919,474,10
2017-11,2017-12,baseline,3,-0.007880298969150292,475,10
2017-11,2017-12,baseline,4,-0.004904713871336922,474,10
2017-11,2017-12,baseline,5,-0.00753789025170491,475,10
2017-11,2017-12,information,2,0.00849673202614376,1,10
2017-11,2017-12,information,3,0.005172413793103514,1,10
2017-11,2017-12,information,4,-0.08207547169811313,1,10
2017-11,2017-12,information,5,0.003154574132492094,1,10
2017-12,2018-01,attention,1,-0.04328231762295779,60,10
2017-12,2018-01,attention,2,-0.002342700782303849,60,10
2017-12,2018-01,attention,3,-0.004276907178345043,60,10
2017-12,2018-01,attention,4,-0.004260155692310154,60,10
2017-12,2018-01,attention,5,-0.0011797873737756555,60,10
2017-12,2018-01,baseline,1,-0.01472555320294007,505,10
2017-12,2018-01,baseline,2,-0.0033465183503111288,506,10
2017-12,2018-01,baseline,3,-0.002363514233099586,506,10
2017-12,2018-01,baseline,4,-0.009490896438458733,506,10
2017-12,2018-01,baseline,5,-0.005597208561055543,505,10
2017-12,2018-01,information,1,0.0026631158455394655,1,10
2017-12,2018-01,information,2,0.04810996563573866,1,10
2017-12,2018-01,information,3,-0.1834862385321102,1,10
2017-12,2018-01,information,4,-0.12654179990863412,1,10
2017-12,2018-01,information,5,-0.026067719432045,2,10
2018-01,2018-02,attention,1,-0.09582784292334799,111,10
2018-01,2018-02,attention,2,-0.09706427254859851,111,10
2018-01,2018-02,attention,3,-0.08926354648721198,112,10
2018-01,2018-02,attention,4,-0.09495891192596136,111,10
2018-01,2018-02,attention,5,-0.08494108786981185,112,10
2018-01,2018-02,baseline,1,-0.10248920819983381,446,10
2018-01,2018-02,baseline,2,-0.09178451452490033,446,10
2018-01,2018-02,baseline,3,-0.08832411368864945,446,10
2018-01,2018-02,baseline,4,-0.08577296769563639,446,10
2018-01,2018-02,baseline,5,-0.0814285161075546,447,10
2018-01,2018-02,information,1,-0.10597564854245443,19,10
2018-01,2018-02,information,2,-0.0759213412806989,19,10
2018-01,2018-02,information,3,-0.07372232907325989,19,10
2018-01,2018-02,information,4,-0.06337938277600728,19,10
2018-01,2018-02,information,5,-0.037803481128400436,20,10
2018-02,2018-03,attention,1,0.03702814300169767,51,10
2018-02,2018-03,attention,2,0.013397701514070708,51,10
2018-02,2018-03,attention,3,0.032690954169665505,52,10
2018-02,2018-03,attention,4,0.025582302358442305,51,10
2018-02,2018-03,attention,5,0.03756575502363754,52,10
2018-02,2018-03,baseline,1,0.05483698894644201,500,10
2018-02,2018-03,baseline,2,0.05095328627599121,500,10
2018-02,2018-03,baseline,3,0.04194511348506919,501,10
2018-02,2018-03,baseline,4,0.04483522599686963,500,10
2018-02,2018-03,baseline,5,0.04440276392331902,501,10
2018-02,2018-03,information,1,0.04900205842659728,26,10
2018-02,2018-03,information,2,0.03870385842639486,26,10
2018-02,2018-03,information,3,0.030909152839443406,26,10
2018-02,2018-03,information,4,0.05903902420693942,26,10
2018-02,2018-03,information,5,0.06092028530355463,26,10
2018-03,2018-04,attention,1,-0.0518135284118926,128,10
2018-03,2018-04,attention,2,-0.04362359233961779,129,10
2018-03,2018-04,attention,3,-0.03813512368295864,129,10
2018-03,2018-04,attention,4,-0.026553462779245435,129,10
2018-03,2018-04,attention,5,-0.03159491766439114,129,10
2018-03,2018-04,baseline,1,-0.04489064213645213,434,10
2018-03,2018-04,baseline,2,-0.035592146727195066,435,10
2018-03,2018-04,baseline,3,-0.03396111986054629,434,10
2018-03,2018-04,baseline,4,-0.029484162751574637,435,10
2018-03,2018-04,baseline,5,-0.029712260781137756,435,10
2018-03,2018-04,information,1,-0.053803398340031845,19,10
2018-03,2018-04,information,2,-0.03714825503574488,20,10
2018-03,2018-04,information,3,-0.014892186379543662,19,10
2018-03,2018-04,information,4,-0.03806155058263784,20,10
2018-03,2018-04,information,5,-0.02947048998291857,20,10
2018-04,2018-05,attention,1,0.0021018687897585066,70,10
2018-04,2018-05,attention,2,0.023287813456813206,71,10
2018-04,2018-05,attention,3,0.022166205308409362,70,10
2018-04,2018-05,attention,4,0.024916724548190633,71,10
2018-04,2018-05,attention,5,0.025920970073098973,71,10
2018-04,2018-05,baseline,1,0.023879969892357807,471,10
2018-04,2018-05,baseline,2,0.033204373785548635,472,10
2018-04,2018-05,baseline,3,0.031163774405151296,471,10
2018-04,2018-05,baseline,4,0.0354715341031376,472,10
2018-04,2018-05,baseline,5,0.04481528672486967,472,10
2018-04,2018-05,information,1,0.028522115496521366,49,10
2018-04,2018-05,information,2,0.02425688696919998,49,10
2018-04,2018-05,information,3,0.04848693780989917,49,10
2018-04,2018-05,information,4,0.03734656332966984,49,10
2018-04,2018-05,information,5,0.03760217593805187,49,10
2018-05,2018-06,attention,1,-0.045301940135908936,92,10
2018-05,2018-06,attention,2,-0.04572900694864091,93,10
2018-05,2018-06,attention,3,-0.04623044455705587,92,10
2018-05,2018-06,attention,4,-0.047508007251210876,93,10
2018-05,2018-06,attention,5,-0.042937512947719914,93,10
2018-05,2018-06,baseline,1,-0.039037241636934214,490,10
2018-05,2018-06,baseline,2,-0.03570490451739677,490,10
2018-05,2018-06,baseline,3,-0.028959940771799742,490,10
2018-05,2018-06,baseline,4,-0.026548979218843125,490,10
2018-05,2018-06,baseline,5,-0.028716413281164296,490,10
2018-05,2018-06,information,1,-0.03052285845048669,22,10
2018-05,2018-06,information,2,-0.05102750391535144,22,10
2018-05,2018-06,information,3,-0.022048374402891483,23,10
2018-05,2018-06,information,4,-0.0697445416821092,22,10
2018-05,2018-06,information,5,-0.02446497970142091,23,10
2018-06,2018-07,attention,1,-0.025702506483147414,48,10
2018-06,2018-07,attention,2,-0.012851210248916558,48,10
2018-06,2018-07,attention,3,-0.004000709613712047,48,10
2018-06,2018-07,attention,4,0.0016631560971148453,48,10
2018-06,2018-07,attention,5,-0.027238899724821103,48,10
2018-06,2018-07,baseline,1,-0.009321553392727637,542,10
2018-06,2018-07,baseline,2,-0.0033073007110883505,542,10
2018-06,2018-07,baseline,3,-0.0018595652578840376,542,10
2018-06,2018-07,baseline,4,2.5449942922405652e-06,542,10
2018-06,2018-07,baseline,5,-0.002735897648938063,542,10
2018-06,2018-07,information,1,-0.0027442716271566248,24,10
2018-06,2018-07,information,2,-0.01165858472274687,24,10
2018-06,2018-07,information,3,-0.004299327492924591,24,10
2018-06,2018-07,information,4,-0.0037994770041987203,24,10
2018-06,2018-07,information,5,-0.044727296419626396,24,10
2018-07,2018-08,attention,1,-0.021928804952571757,76,10
2018-07,2018-08,attention,2,-0.014775169956600775,77,10
2018-07,2018-08,attention,3,-0.015452309026830565,77,10
2018-07,2018-08,attention,4,-0.025271321893694704,77,10
2018-07,2018-08,attention,5,-0.023889749190610668,77,10
2018-07,2018-08,baseline,1,-0.03785088948514746,522,10
2018-07,2018-08,baseline,2,-0.030371727182576365,522,10
2018-07,2018-08,baseline,3,-0.032089205536614394,523,10
2018-07,2018-08,baseline,4,-0.032029245263697666,521,10
2018-07,2018-08,baseline,5,-0.03848142030947065,521,10
2018-07,2018-08,information,1,-0.026117673368288078,22,10
2018-07,2018-08,information,2,-0.023910237343886077,23,10
2018-07,2018-08,information,3,-0.01982655824287149,22,10
2018-07,2018-08,information,4,-0.04350711464589491,23,10
2018-07,2018-08,information,5,-0.023728730644960245,23,10
2018-08,2018-09,attention,1,-0.015759399775889558,53,10
2018-08,2018-09,attention,2,-0.016537805204361548,53,10
2018-08,2018-09,attention,3,-0.015034165771891391,53,10
2018-08,2018-09,attention,4,-0.016526218675824208,53,10
2018-08,2018-09,attention,5,-0.00692108073162464,53,10
2018-08,2018-09,baseline,1,-0.014972503003015284,555,10
2018-08,2018-09,baseline,2,-0.017430558686782633,556,10
2018-08,2018-09,baseline,3,-0.017344742799351377,555,10
2018-08,2018-09,baseline,4,-0.02105405348750532,556,10
2018-08,2018-09,baseline,5,-0.021691061393303616,556,10
2018-08,2018-09,information,1,0.0068497748663072025,27,10
2018-08,2018-09,information,2,-0.033513176883118605,27,10
2018-08,2018-09,information,3,-0.02097544936618526,27,10
2018-08,2018-09,information,4,-0.023109429706947408,27,10
2018-08,2018-09,information,5,-0.02656260401463636,28,10
2018-09,2018-10,attention,1,-0.15915157578191705,47,10
2018-09,2018-10,attention,2,-0.15105209793722524,48,10
2018-09,2018-10,attention,3,-0.12874870315021844,47,10
2018-09,2018-10,attention,4,-0.13062458946615577,48,10
2018-09,2018-10,attention,5,-0.1366010616419871,48,10
2018-09,2018-10,baseline,1,-0.13883700836273402,597,10
2018-09,2018-10,baseline,2,-0.13765681432550717,597,10
2018-09,2018-10,baseline,3,-0.1370388393716117,598,10
2018-09,2018-10,baseline,4,-0.14124200305336065,597,10
2018-09,2018-10,baseline,5,-0.13285577886829442,598,10
2018-09,2018-10,information,1,-0.16651862240922544,2,10
2018-09,2018-10,information,2,-0.07238777433525728,2,10
2018-09,2018-10,information,3,-0.15625498994028042,2,10
2018-09,2018-10,information,4,-0.0803814713896458,2,10
2018-09,2018-10,information,5,-0.108875495704764,3,10
2018-10,2018-11,attention,1,0.07113654875429332,67,10
2018-10,2018-11,attention,2,0.06068173610308428,67,10
2018-10,2018-11,attention,3,0.05752015524610868,67,10
2018-10,2018-11,attention,4,0.08278200480829989,67,10
2018-10,2018-11,attention,5,0.06816360594663771,67,10
2018-10,2018-11,baseline,1,0.09361076083455204,546,10
2018-10,2018-11,baseline,2,0.0980672488275672,547,10
2018-10,2018-11,baseline,3,0.08598494424855045,546,10
2018-10,2018-11,baseline,4,0.0980351584576359,547,10
2018-10,2018-11,baseline,5,0.09439503629798844,547,10
2018-10,2018-11,information,1,0.08461977737250331,43,10
2018-10,2018-11,information,2,0.07312830675151163,44,10
2018-10,2018-11,information,3,0.07715651498978626,43,10
2018-10,2018-11,information,4,0.06998280762634904,44,10
2018-10,2018-11,information,5,0.06668625904094258,44,10
2018-11,2018-12,attention,1,-0.026149190610810443,150,10
2018-11,2018-12,attention,2,-0.010522421209507263,150,10
2018-11,2018-12,attention,3,-0.002716415146322318,150,10
2018-11,2018-12,attention,4,-0.005571608770128346,150,10
2018-11,2018-12,attention,5,-0.004984197433630866,150,10
2018-11,2018-12,baseline,1,-0.007185358128010041,518,10
2018-11,2018-12,baseline,2,0.0038586339609316634,518,10
2018-11,2018-12,baseline,3,-0.006321300517411861,519,10
2018-11,2018-12,baseline,4,0.0005871018885992742,518,10
2018-11,2018-12,baseline,5,-0.004543795843920867,519,10
2018-11,2018-12,information,2,-0.15570545250140544,1,10
2018-11,2018-12,information,3,-0.015037593984962405,1,10
2018-11,2018-12,information,4,0.011290322580645329,1,10
2018-11,2018-12,information,5,-0.04615384615384621,1,10
2018-12,2019-01,attention,1,0.061055457277274655,64,10
2018-12,2019-01,attention,2,0.06599202223172719,65,10
2018-12,2019-01,attention,3,0.047590120921267146,65,10
2018-12,2019-01,attention,4,0.03562416440377186,65,10
2018-12,2019-01,attention,5,0.03831821828526855,65,10
2018-12,2019-01,baseline,1,0.053484822252613605,609,10
2018-12,2019-01,baseline,2,0.05289927021585536,608,10
2018-12,2019-01,baseline,3,0.05538926850337646,609,10
2018-12,2019-01,baseline,4,0.05710512717555103,608,10
2018-12,2019-01,baseline,5,0.05559762570917187,610,10
2018-12,2019-01,information,3,0.07514450867052025,1,10
2018-12,2019-01,information,5,0.11859121031846898,1,10
2019-01,2019-02,attention,1,0.1617284236160374,80,10
2019-01,2019-02,attention,2,0.137039491932708,80,10
2019-01,2019-02,attention,3,0.1321308684445159,81,10
2019-01,2019-02,attention,4,0.1250543183350869,80,10
2019-01,2019-02,attention,5,0.1268872197234179,81,10
2019-01,2019-02,baseline,1,0.18951054530831551,578,10
2019-01,2019-02,baseline,2,0.14035688713113573,579,10
2019-01,2019-02,baseline,3,0.12572554984144374,579,10
2019-01,2019-02,baseline,4,0.12102174065513133,579,10
2019-01,2019-02,baseline,5,0.12751690373730545,579,10
2019-01,2019-02,information,1,0.12959985913672786,19,10
2019-01,2019-02,information,2,0.10857938269492501,19,10
2019-01,2019-02,information,3,0.08245239773614363,19,10
2019-01,2019-02,information,4,0.08331063299272812,19,10
2019-01,2019-02,information,5,0.07383149927920592,19,10
2019-02,2019-03,attention,1,0.04765891031284818,104,10
2019-02,2019-03,attention,2,0.0621688874920367,104,10
2019-02,2019-03,attention,3,0.05028273766078567,105,10
2019-02,2019-03,attention,4,0.047575928980201625,104,10
2019-02,2019-03,attention,5,0.05539795274101261,105,10
2019-02,2019-03,baseline,1,0.060920289746996745,566,10
2019-02,2019-03,baseline,2,0.05495496490166608,566,10
2019-02,2019-03,baseline,3,0.049244328585461586,566,10
2019-02,2019-03,baseline,4,0.05926469162649533,566,10
2019-02,2019-03,baseline,5,0.06791574254295289,567,10
2019-02,2019-03,information,1,0.027878942991609597,9,10
2019-02,2019-03,information,2,0.044676779408786546,10,10
2019-02,2019-03,information,3,0.07795944094743368,10,10
2019-02,2019-03,information,4,0.061574105637003516,10,10
2019-02,2019-03,information,5,0.04021001392244437,10,10
2019-03,2019-04,attention,1,0.026571708414095768,236,10
2019-03,2019-04,attention,2,0.04320017738589837,236,10
2019-03,2019-04,attention,3,0.04084648807590152,237,10
2019-03,2019-04,attention,4,0.036802026217732646,236,10
2019-03,2019-04,attention,5,0.02802860288290091,237,10
2019-03,2019-04,baseline,1,0.031048429782900157,430,10
2019-03,2019-04,baseline,2,0.0376341219553234,431,10
2019-03,2019-04,baseline,3,0.034476042582822886,430,10
2019-03,2019-04,baseline,4,0.030989511996125402,431,10
2019-03,2019-04,baseline,5,0.0260730183329992,431,10
2019-03,2019-04,information,1,0.0035018765367386723,15,10
2019-03,2019-04,information,2,0.03827612242342305,15,10
2019-03,2019-04,information,3,0.023401359544787805,15,10
2019-03,2019-04,information,4,0.015134452968495086,15,10
2019-03,2019-04,information,5,-0.010492998116628488,16,10
2019-04,2019-05,attention,1,-0.06806834182973044,134,10
2019-04,2019-05,attention,2,-0.05783791133687165,134,10
2019-04,2019-05,attention,3,-0.06652062015655157,135,10
2019-04,2019-05,attention,4,-0.062092846378807874,134,10
2019-04,2019-05,attention,5,-0.04098645739272988,135,10
2019-04,2019-05,baseline,1,-0.05923026224512472,470,10
2019-04,2019-05,baseline,2,-0.05194106314402123,470,10
2019-04,2019-05,baseline,3,-0.05313341452453043,470,10
2019-04,2019-05,baseline,4,-0.051602886259402715,470,10
2019-04,2019-05,baseline,5,-0.047759418309741355,470,10
2019-04,2019-05,information,1,-0.06490156795842097,80,10
2019-04,2019-05,information,2,-0.05328144910402993,81,10
2019-04,2019-05,information,3,-0.042366495502535746,81,10
2019-04,2019-05,information,4,-0.05682085609026351,81,10
2019-04,2019-05,information,5,-0.050590148679921,81,10
2019-05,2019-06,attention,1,-0.0031092850263680968,22,10
2019-05,2019-06,attention,2,-0.0214599072989284,23,10
2019-05,2019-06,attention,3,0.0014167172867474008,23,10
2019-05,2019-06,attention,4,-0.03886858345462792,23,10
2019-05,2019-06,attention,5,-0.06566801987042083,23,10
2019-05,2019-06,baseline,1,-0.026552096672649933,623,10
2019-05,2019-06,baseline,2,-0.01957432364648754,623,10
2019-05,2019-06,baseline,3,-0.02138527879250491,623,10
2019-05,2019-06,baseline,4,-0.018145998450944067,623,10
2019-05,2019-06,baseline,5,-0.017528775098141578,623,10
2019-05,2019-06,information,1,-0.033102651168624084,30,10
2019-05,2019-06,information,2,-0.02750193369591193,30,10
2019-05,2019-06,information,3,-0.009865352212781434,31,10
2019-05,2019-06,information,4,-0.0014661484213710607,30,10
2019-05,2019-06,information,5,-0.0038642397043846927,31,10
2019-06,2019-07,attention,1,-0.03771304140818695,25,10
2019-06,2019-07,attention,2,-0.06386541651986644,26,10
2019-06,2019-07,attention,3,-0.03032165713502315,25,10
2019-06,2019-07,attention,4,-0.024065158329479024,26,10
2019-06,2019-07,attention,5,-0.0131208826461811,26,10
2019-06,2019-07,baseline,1,-0.03178071172918033,638,10
2019-06,2019-07,baseline,2,-0.009708370411794044,640,10
2019-06,2019-07,baseline,3,-0.009042517462461166,640,10
2019-06,2019-07,baseline,4,-0.006284793615910003,640,10
2019-06,2019-07,baseline,5,-0.013038854115865852,639,10
2019-06,2019-07,information,1,-0.01570197628784986,11,10
2019-06,2019-07,information,2,0.035638299528184425,11,10
2019-06,2019-07,information,3,-0.02824380825737226,11,10
2019-06,2019-07,information,4,0.007245981684314693,11,10
2019-06,2019-07,information,5,0.008607225543433147,12,10
2019-07,2019-08,attention,1,-0.06299004171571576,53,10
2019-07,2019-08,attention,2,-0.0506875541917697,53,10
2019-07,2019-08,attention,3,-0.04205824595144173,53,10
2019-07,2019-08,attention,4,-0.04682132937526218,53,10
2019-07,2019-08,attention,5,-0.035097723652997,54,10
2019-07,2019-08,baseline,1,-0.04940218430824591,605,10
2019-07,2019-08,baseline,2,-0.05574260421390739,605,10
2019-07,2019-08,baseline,3,-0.05368744910434175,606,10
2019-07,2019-08,baseline,4,-0.056242299876528526,607,10
2019-07,2019-08,baseline,5,-0.04372330890806897,607,10
2019-07,2019-08,information,1,-0.01215209953217593,18,10
2019-07,2019-08,information,2,-0.005821889317825907,18,10
2019-07,2019-08,information,3,-0.026256842200182096,18,10
2019-07,2019-08,information,4,-0.026466997321729715,18,10
2019-07,2019-08,information,5,-0.021820530083045544,18,10
2019-08,2019-09,attention,1,0.08509347306639495,59,10
2019-08,2019-09,attention,2,0.07452570219052138,59,10
2019-08,2019-09,attention,3,0.06839136027777332,59,10
2019-08,2019-09,attention,4,0.07875049630864732,59,10
2019-08,2019-09,attention,5,0.06540078669633763,60,10
2019-08,2019-09,baseline,1,0.09730570631980387,584,10
2019-08,2019-09,baseline,2,0.09417238291679547,584,10
2019-08,2019-09,baseline,3,0.07919691226528044,584,10
2019-08,2019-09,baseline,4,0.08025735549538583,584,10
2019-08,2019-09,baseline,5,0.07700862879638586,584,10
2019-08,2019-09,information,1,0.0492203485849448,35,10
2019-08,2019-09,information,2,0.05821504068608658,35,10
2019-08,2019-09,information,3,0.06567992391075896,36,10
2019-08,2019-09,information,4,0.04636121804659005,35,10
2019-08,2019-09,information,5,0.05305144546407421,36,10
2019-09,2019-10,attention,1,0.00020452755824883388,92,10
2019-09,2019-10,attention,2,-0.002974712787393164,92,10
2019-09,2019-10,attention,3,0.006638382372510202,92,10
2019-09,2019-10,attention,4,0.008668234485366522,92,10
2019-09,2019-10,attention,5,0.004210276577603295,93,10
2019-09,2019-10,baseline,1,0.0036384263992762247,584,10
2019-09,2019-10,baseline,2,0.005775690202063705,585,10
2019-09,2019-10,baseline,3,0.013038843705460908,586,10
2019-09,2019-10,baseline,4,0.009363930337287989,585,10
2019-09,2019-10,baseline,5,0.00966375509099765,586,10
2019-09,2019-10,information,1,-0.011085697259685723,2,10
2019-09,2019-10,information,2,-0.0226877771528264,3,10
2019-09,2019-10,information,3,-0.027930352125484965,3,10
2019-09,2019-10,information,4,0.01228426354046086,3,10
2019-09,2019-10,information,5,-0.04321863642622662,3,10
2019-10,2019-11,attention,1,-0.026099007384462938,49,10
2019-10,2019-11,attention,2,-0.01556586812476106,50,10
2019-10,2019-11,attention,3,0.0002155514394318181,50,10
2019-10,2019-11,attention,4,0.03396328607732355,50,10
2019-10,2019-11,attention,5,-0.0009533103438119794,50,10
2019-10,2019-11,baseline,1,-0.016811054891819863,598,10
2019-10,2019-11,baseline,2,-0.014719973660253571,598,10
2019-10,2019-11,baseline,3,-0.014619245970881647,598,10
2019-10,2019-11,baseline,4,-0.014196561398669484,598,10
2019-10,2019-11,baseline,5,-0.005600158935625888,597,10
2019-10,2019-11,information,1,-0.01190670909385438,33,10
2019-10,2019-11,information,2,0.0033071641841191345,34,10
2019-10,2019-11,information,3,0.021691708286479747,34,10
2019-10,2019-11,information,4,0.015698331506281412,34,10
2019-10,2019-11,information,5,0.018547168304427104,34,10
2019-11,2019-12,attention,1,0.07160024585680061,72,10
2019-11,2019-12,attention,2,0.0365029520648689,72,10
2019-11,2019-12,attention,3,0.03307956502268729,72,10
2019-11,2019-12,attention,4,0.017593311185993468,72,10
2019-11,2019-12,attention,5,0.03288729024702802,73,10
2019-11,2019-12,baseline,1,0.0514923590040944,608,10
2019-11,2019-12,baseline,2,0.04101350738840342,609,10
2019-11,2019-12,baseline,3,0.04090081129292782,610,10
2019-11,2019-12,baseline,4,0.03684077583245856,609,10
2019-11,2019-12,baseline,5,0.034318410704515426,608,10
2019-11,2019-12,information,1,0.09149194247097547,1,10
2019-11,2019-12,information,2,0.04038997214484685,1,10
2019-11,2019-12,information,3,0.07349192875328503,2,10
2019-11,2019-12,information,4,-0.013961605584642212,1,10
2019-11,2019-12,information,5,0.08025029200373934,2,10
2019-12,2020-01,attention,1,0.06328945984411358,85,10
2019-12,2020-01,attention,2,0.036576551301173536,85,10
2019-12,2020-01,attention,3,0.03045827272095007,85,10
2019-12,2020-01,attention,4,0.05996025049815375,85,10
2019-12,2020-01,attention,5,0.04899869391341845,86,10
2019-12,2020-01,baseline,1,0.06170225626423436,597,10
2019-12,2020-01,baseline,2,0.04463810168178295,598,10
2019-12,2020-01,baseline,3,0.03968079689664253,598,10
2019-12,2020-01,baseline,4,0.04577082456535784,598,10
2019-12,2020-01,baseline,5,0.05628932384223026,597,10
2019-12,2020-01,information,3,0.05113636363636376,1,10
2019-12,2020-01,information,5,0.023090586145648295,1,10
2020-01,2020-02,attention,1,-0.0011241225831941917,107,10
2020-01,2020-02,attention,2,-0.005230341601195601,107,10
2020-01,2020-02,attention,3,-0.007978181347516315,108,10
2020-01,2020-02,attention,4,0.012952342327757466,107,10
2020-01,2020-02,attention,5,0.03433606640828344,108,10
2020-01,2020-02,baseline,1,-0.01352846858800416,558,10
2020-01,2020-02,baseline,2,-0.02481725127209192,559,10
2020-01,2020-02,baseline,3,-0.03673727912780652,557,10
2020-01,2020-02,baseline,4,-0.03595302040877761,559,10
2020-01,2020-02,baseline,5,-0.010779773850235992,558,10
2020-01,2020-02,information,1,-0.001540292827862178,19,10
2020-01,2020-02,information,2,0.014456588634982087,20,10
2020-01,2020-02,information,3,-0.008952328532652739,19,10
2020-01,2020-02,information,4,0.07770247851192365,20,10
2020-01,2020-02,information,5,0.1275859605837295,20,10
2020-02,2020-03,attention,1,0.027120435105642233,194,10
2020-02,2020-03,attention,2,0.04579450233509978,194,10
2020-02,2020-03,attention,3,0.03309269490326023,194,10
2020-02,2020-03,attention,4,0.02500746986482723,194,10
2020-02,2020-03,attention,5,0.0006063888211944173,194,10
2020-02,2020-03,baseline,1,0.013653933524540383,473,10
2020-02,2020-03,baseline,2,0.038586053609059597,473,10
2020-02,2020-03,baseline,3,0.04277802875194473,473,10
2020-02,2020-03,baseline,4,0.041144295046556936,473,10
2020-02,2020-03,baseline,5,0.027733923911579632,474,10
2020-02,2020-03,information,1,0.0324969328113401,19,10
2020-02,2020-03,information,2,0.004519273820679709,20,10
2020-02,2020-03,information,3,0.05671011514351725,19,10
2020-02,2020-03,information,4,0.014387137317480736,20,10
2020-02,2020-03,information,5,-0.04398486735710112,20,10
2020-03,2020-04,attention,1,0.011582674272159815,122,10
2020-03,2020-04,attention,2,0.011340855389741238,123,10
2020-03,2020-04,attention,3,0.018547277275516492,122,10
2020-03,2020-04,attention,4,0.02881586343081947,123,10
2020-03,2020-04,attention,5,0.041010273963961064,123,10
2020-03,2020-04,baseline,1,0.033909841469028104,551,10
2020-03,2020-04,baseline,2,0.03137661045526013,551,10
2020-03,2020-04,baseline,3,0.03197269760643881,551,10
2020-03,2020-04,baseline,4,0.036145597828959014,551,10
2020-03,2020-04,baseline,5,0.05455229124512064,552,10
2020-03,2020-04,information,1,0.01661783691621461,15,10
2020-03,2020-04,information,2,0.040939811400245586,15,10
2020-03,2020-04,information,3,-0.004927410731357149,16,10
2020-03,2020-04,information,4,0.05530302708585493,15,10
2020-03,2020-04,information,5,0.020098503520433533,16,10
2020-04,2020-05,attention,1,0.03582632499720768,39,10
2020-04,2020-05,attention,2,0.021914953216002203,40,10
2020-04,2020-05,attention,3,0.028430315805304984,40,10
2020-04,2020-05,attention,4,0.018182750960812216,40,10
2020-04,2020-05,attention,5,0.02218854465349828,40,10
2020-04,2020-05,baseline,1,0.016141262292367627,573,10
2020-04,2020-05,baseline,2,0.0295195143589439,574,10
2020-04,2020-05,baseline,3,0.03023113366022188,573,10
2020-04,2020-05,baseline,4,0.03196227979841707,574,10
2020-04,2020-05,baseline,5,0.045346998873005126,574,10
2020-04,2020-05,information,1,0.028081551717734132,78,10
2020-04,2020-05,information,2,0.03609558528565185,78,10
2020-04,2020-05,information,3,0.023694377336255273,78,10
2020-04,2020-05,information,4,0.027531392185718272,78,10
2020-04,2020-05,information,5,0.03945344643903503,79,10
2020-05,2020-06,attention,1,0.025372120926388547,55,10
2020-05,2020-06,attention,2,0.013074710301647478,56,10
2020-05,2020-06,attention,3,0.028575956395291674,55,10
2020-05,2020-06,attention,4,0.03688780868572229,56,10
2020-05,2020-06,attention,5,0.036521855685020685,56,10
2020-05,2020-06,baseline,1,0.03268150303883222,611,10
2020-05,2020-06,baseline,2,0.03524376315186691,613,10
2020-05,2020-06,baseline,3,0.030935865864183728,612,10
2020-05,2020-06,baseline,4,0.03647301635433239,613,10
2020-05,2020-06,baseline,5,0.045005169586663944,613,10
2020-05,2020-06,information,1,-0.004149868568053365,12,10
2020-05,2020-06,information,2,0.08815058200107438,13,10
2020-05,2020-06,information,3,0.009388789746669492,13,10
2020-05,2020-06,information,4,0.016180724988248765,13,10
2020-05,2020-06,information,5,0.07255722041775606,13,10
2020-06,2020-07,attention,1,0.15948086539961345,85,10
2020-06,2020-07,attention,2,0.15412576042714524,86,10
2020-06,2020-07,attention,3,0.15163270612175503,85,10
2020-06,2020-07,attention,4,0.15259041550065974,86,10
2020-06,2020-07,attention,5,0.1821289566081751,86,10
2020-06,2020-07,baseline,1,0.15699296782106656,585,10
2020-06,2020-07,baseline,2,0.16606239754642674,586,10
2020-06,2020-07,baseline,3,0.1603192381608961,587,10
2020-06,2020-07,baseline,4,0.16405127172963277,586,10
2020-06,2020-07,baseline,5,0.16054997819419525,587,10
2020-06,2020-07,information,1,0.1141541355281641,12,10
2020-06,2020-07,information,2,0.12824125795506267,12,10
2020-06,2020-07,information,3,0.17475718318988895,12,10
2020-06,2020-07,information,4,0.2087566756663238,12,10
2020-06,2020-07,information,5,0.131663292253914,13,10
2020-07,2020-08,attention,1,0.005872024466474611,168,10
2020-07,2020-08,attention,2,0.01895689791084691,169,10
2020-07,2020-08,attention,3,0.025086463279068768,168,10
2020-07,2020-08,attention,4,0.030084997673068794,169,10
2020-07,2020-08,attention,5,0.020400071706691596,169,10
2020-07,2020-08,baseline,1,0.0032908544529042577,487,10
2020-07,2020-08,baseline,2,0.01595223361695496,487,10
2020-07,2020-08,baseline,3,0.024295518539838197,488,10
2020-07,2020-08,baseline,4,0.026322948355804378,488,10
2020-07,2020-08,baseline,5,0.00977586488051966,488,10
2020-07,2020-08,information,1,-0.012969735120367398,31,10
2020-07,2020-08,information,2,0.04677822079068473,31,10
2020-07,2020-08,information,3,0.040126821807701926,32,10
2020-07,2020-08,information,4,0.046193934188013076,31,10
2020-07,2020-08,information,5,0.018363390857160516,32,10
2020-08,2020-09,attention,1,0.009250024705835072,113,10
2020-08,2020-09,attention,2,0.020565422774344005,113,10
2020-08,2020-09,attention,3,-0.020520512707641124,113,10
2020-08,2020-09,attention,4,-0.0068779395525279735,113,10
2020-08,2020-09,attention,5,-0.027183123627216456,113,10
2020-08,2020-09,baseline,1,-0.030597027444187488,538,10
2020-08,2020-09,baseline,2,-0.0409595029822087,540,10
2020-08,2020-09,baseline,3,-0.03026834033666648,538,10
2020-08,2020-09,baseline,4,-0.03016155885851818,540,10
2020-08,2020-09,baseline,5,-0.04237778714293377,537,10
2020-08,2020-09,information,1,0.00035664159279017626,38,10
2020-08,2020-09,information,2,-0.012524765311215906,38,10
2020-08,2020-09,information,3,-0.02072156204067983,38,10
2020-08,2020-09,information,4,0.00040028554712150913,38,10
2020-08,2020-09,information,5,-0.019197520730478933,39,10
2020-09,2020-10,attention,1,0.14912335621776904,95,10
2020-09,2020-10,attention,2,0.11953282041633577,95,10
2020-09,2020-10,attention,3,0.07771445730947991,95,10
2020-09,2020-10,attention,4,0.0458906202230896,95,10
2020-09,2020-10,attention,5,0.07525153008326066,95,10
2020-09,2020-10,baseline,1,0.048850356308097774,593,10
2020-09,2020-10,baseline,2,0.02717647097148464,594,10
2020-09,2020-10,baseline,3,0.026860323381347216,594,10
2020-09,2020-10,baseline,4,0.028663657941538266,594,10
2020-09,2020-10,baseline,5,0.03254158560127111,594,10
2020-09,2020-10,information,1,0.06752412641513557,3,10
2020-09,2020-10,information,2,0.18034638111181422,3,10
2020-09,2020-10,information,3,0.07374886196575803,3,10
2020-09,2020-10,information,4,0.10974067249067243,3,10
2020-09,2020-10,information,5,0.04075802197354591,3,10
2020-10,2020-11,attention,1,-0.03047422485839521,38,10
2020-10,2020-11,attention,2,0.003218466971573169,38,10
2020-10,2020-11,attention,3,0.00499461998990314,38,10
2020-10,2020-11,attention,4,0.02309913006788364,38,10
2020-10,2020-11,attention,5,0.03356663826086901,38,10
2020-10,2020-11,baseline,1,0.021289014195758,617,10
2020-10,2020-11,baseline,2,0.030521573554666392,617,10
2020-10,2020-11,baseline,3,0.032075400103042405,617,10
2020-10,2020-11,baseline,4,0.030042253888062635,617,10
2020-10,2020-11,baseline,5,0.03453689898883905,616,10
2020-10,2020-11,information,1,0.023467005388414532,38,10
2020-10,2020-11,information,2,0.04023728977652229,39,10
2020-10,2020-11,information,3,0.04404159528749983,39,10
2020-10,2020-11,information,4,0.06560679092444618,39,10
2020-10,2020-11,information,5,0.026816685813700454,39,10
2020-11,2020-12,attention,1,-0.015075300759180435,91,10
2020-11,2020-12,attention,2,-0.0385675072507024,91,10
2020-11,2020-12,attention,3,-0.02208097881689852,91,10
2020-11,2020-12,attention,4,-0.04364907006338513,91,10
2020-11,2020-12,attention,5,-0.023556868141880714,91,10
2020-11,2020-12,baseline,1,-0.016559612927747845,602,10
2020-11,2020-12,baseline,2,-0.024645964014212807,601,10
2020-11,2020-12,baseline,3,-0.019332170622113398,602,10
2020-11,2020-12,baseline,4,-0.01807345239775905,602,10
2020-11,2020-12,baseline,5,-0.01134727747143489,602,10
2020-11,2020-12,information,1,-0.06425461234443129,7,10
2020-11,2020-12,information,2,-0.06637060927962528,8,10
2020-11,2020-12,information,3,-0.05909813135205483,8,10
2020-11,2020-12,information,4,0.01953117483015976,8,10
2020-11,2020-12,information,5,-0.015186309819410021,8,10
2020-12,2021-01,attention,1,-0.08477542391677313,83,10
2020-12,2021-01,attention,2,-0.062160743002737405,84,10
2020-12,2021-01,attention,3,-0.024448656031230292,84,10
2020-12,2021-01,attention,4,-0.03653401705492956,84,10
2020-12,2021-01,attention,5,-0.0027934674353306673,84,10
2020-12,2021-01,baseline,1,-0.06336857782532405,622,10
2020-12,2021-01,baseline,2,-0.03733412113797897,622,10
2020-12,2021-01,baseline,3,-0.025068427584554593,622,10
2020-12,2021-01,baseline,4,-0.024907236126993974,622,10
2020-12,2021-01,baseline,5,-0.029801074911236406,621,10
2020-12,2021-01,information,5,0.12968591691995957,1,10
2021-01,2021-02,attention,1,0.022100095640575097,93,10
2021-01,2021-02,attention,2,0.043386755420714074,93,10
2021-01,2021-02,attention,3,0.0484899579822083,93,10
2021-01,2021-02,attention,4,0.04176334640376907,93,10
2021-01,2021-02,attention,5,0.04893076603711382,93,10
2021-01,2021-02,baseline,1,0.031648816221342344,593,10
2021-01,2021-02,baseline,2,0.04478433195603273,595,10
2021-01,2021-02,baseline,3,0.046730395942146286,594,10
2021-01,2021-02,baseline,4,0.044061906229825074,595,10
2021-01,2021-02,baseline,5,0.0426817024450361,595,10
2021-01,2021-02,information,1,0.031069834470202454,22,10
2021-01,2021-02,information,2,0.0111759393163245,22,10
2021-01,2021-02,information,3,0.04005398747142003,22,10
2021-01,2021-02,information,4,0.06402069228042531,22,10
2021-01,2021-02,information,5,0.08630756009187142,22,10
2021-02,2021-03,attention,1,-0.020926573796177687,51,10
2021-02,2021-03,attention,2,0.01783195411640452,51,10
2021-02,2021-03,attention,3,0.018385236602722795,51,10
2021-02,2021-03,attention,4,0.022991015197172206,51,10
2021-02,2021-03,attention,5,0.00017253447082499847,52,10
2021-02,2021-03,baseline,1,-0.002654390352984704,652,10
2021-02,2021-03,baseline,2,0.0055472859319368305,653,10
2021-02,2021-03,baseline,3,0.005876331128650188,653,10
2021-02,2021-03,baseline,4,0.003897633478612722,653,10
2021-02,2021-03,baseline,5,-0.003797565216847355,653,10
2021-02,2021-03,information,1,-0.050229829918780715,9,10
2021-02,2021-03,information,2,-0.020897292009095243,9,10
2021-02,2021-03,information,3,0.01901490569983176,9,10
2021-02,2021-03,information,4,-0.0574058111551078,9,10
2021-02,2021-03,information,5,-0.05597361904169098,10,10
2021-03,2021-04,attention,1,-0.0426027469662273,87,10
2021-03,2021-04,attention,2,0.0036246126271408854,87,10
2021-03,2021-04,attention,3,0.003863681131980558,87,10
2021-03,2021-04,attention,4,-0.017723520505506518,87,10
2021-03,2021-04,attention,5,-0.004944887226285455,87,10
2021-03,2021-04,baseline,1,0.0008789295356223376,613,10
2021-03,2021-04,baseline,2,0.0023787539276486193,615,10
2021-03,2021-04,baseline,3,0.004661806136848553,615,10
2021-03,2021-04,baseline,4,0.0132790205971501,615,10
2021-03,2021-04,baseline,5,0.011143232006865842,616,10
2021-03,2021-04,information,1,-0.009758710634698346,15,10
2021-03,2021-04,information,2,-0.010760481789132529,15,10
2021-03,2021-04,information,3,-0.010868474481312585,15,10
2021-03,2021-04,information,4,-0.014571582100270637,15,10
2021-03,2021-04,information,5,-0.002233057019815285,16,10
2021-04,2021-05,attention,1,0.06947891376177164,57,10
2021-04,2021-05,attention,2,0.023895027219544028,57,10
2021-04,2021-05,attention,3,0.017145235970255687,58,10
2021-04,2021-05,attention,4,0.013791445196776534,57,10
2021-04,2021-05,attention,5,0.022167661492439438,58,10
2021-04,2021-05,baseline,1,0.03274236252342236,615,10
2021-04,2021-05,baseline,2,0.022363843832100685,615,10
2021-04,2021-05,baseline,3,0.018742498804236285,616,10
2021-04,2021-05,baseline,4,0.017973842950747262,613,10
2021-04,2021-05,baseline,5,0.01977364936833434,614,10
2021-04,2021-05,information,1,0.030492938967261986,54,10
2021-04,2021-05,information,2,-0.0002477740286838773,54,10
2021-04,2021-05,information,3,0.04158628740379559,54,10
2021-04,2021-05,information,4,0.04621524698700261,54,10
2021-04,2021-05,information,5,0.01055381846891646,54,10
2021-05,2021-06,attention,1,-0.008749237851410642,89,10
2021-05,2021-06,attention,2,0.00969236413967938,89,10
2021-05,2021-06,attention,3,-0.007562616463446985,89,10
2021-05,2021-06,attention,4,0.023752170556092928,89,10
2021-05,2021-06,attention,5,0.02401381878828727,90,10
2021-05,2021-06,baseline,1,-0.013695174270460688,622,10
2021-05,2021-06,baseline,2,0.007274280485572534,622,10
2021-05,2021-06,baseline,3,0.005743212823796333,622,10
2021-05,2021-06,baseline,4,0.005745397569507055,621,10
2021-05,2021-06,baseline,5,0.002134781012694087,622,10
2021-05,2021-06,information,1,0.015366449150597714,13,10
2021-05,2021-06,information,2,-0.0024974654475367576,13,10
2021-05,2021-06,information,3,-0.046881781857266595,13,10
2021-05,2021-06,information,4,0.024689503989470143,13,10
2021-05,2021-06,information,5,-0.006919346170855949,14,10
2021-06,2021-07,attention,1,0.016898749479259782,117,10
2021-06,2021-07,attention,2,0.01569443040247565,117,10
2021-06,2021-07,attention,3,0.011737668680328566,117,10
2021-06,2021-07,attention,4,0.023067793726511552,117,10
2021-06,2021-07,attention,5,0.042733007877001496,117,10
2021-06,2021-07,baseline,1,0.029243409800319125,600,10
2021-06,2021-07,baseline,2,0.019631661957572162,601,10
2021-06,2021-07,baseline,3,0.005576529322205607,601,10
2021-06,2021-07,baseline,4,0.012966467912826596,601,10
2021-06,2021-07,baseline,5,0.0201332901062882,601,10
2021-06,2021-07,information,1,0.04602303081448769,15,10
2021-06,2021-07,information,2,-0.0105946305789268,15,10
2021-06,2021-07,information,3,-0.004441934696783521,16,10
2021-06,2021-07,information,4,0.0034943711083497884,15,10
2021-06,2021-07,information,5,0.009979080361480236,16,10
2021-07,2021-08,attention,1,0.04476200785597141,136,10
2021-07,2021-08,attention,2,0.04012949281165527,136,10
2021-07,2021-08,attention,3,0.046977056468371955,137,10
2021-07,2021-08,attention,4,0.03411989462975876,136,10
2021-07,2021-08,attention,5,0.06787122069036051,137,10
2021-07,2021-08,baseline,1,0.05352255659622605,576,10
2021-07,2021-08,baseline,2,0.05013853980609648,580,10
2021-07,2021-08,baseline,3,0.060170836628753124,580,10
2021-07,2021-08,baseline,4,0.05177124522282274,580,10
2021-07,2021-08,baseline,5,0.06994894960693783,579,10
2021-07,2021-08,information,1,0.028165235310595053,26,10
2021-07,2021-08,information,2,0.04712470410953772,26,10
2021-07,2021-08,information,3,0.05829494704510746,27,10
2021-07,2021-08,information,4,0.07335618354227787,26,10
2021-07,2021-08,information,5,0.08399447010681459,27,10
2021-08,2021-09,attention,1,-0.001844892681015174,147,10
2021-08,2021-09,attention,2,0.03801440235830014,148,10
2021-08,2021-09,attention,3,0.031396136325967196,147,10
2021-08,2021-09,attention,4,0.03944123214404123,148,10
2021-08,2021-09,attention,5,0.026614912972006233,148,10
2021-08,2021-09,baseline,1,0.027067010651236012,557,10
2021-08,2021-09,baseline,2,0.03980609936023363,558,10
2021-08,2021-09,baseline,3,0.038125147925859144,557,10
2021-08,2021-09,baseline,4,0.04103311634496524,558,10
2021-08,2021-09,baseline,5,0.029163822857546963,556,10
2021-08,2021-09,information,1,-0.0050660215152111285,49,10
2021-08,2021-09,information,2,0.03804678463897424,50,10
2021-08,2021-09,information,3,0.056894408567004826,50,10
2021-08,2021-09,information,4,0.042626873745656296,50,10
2021-08,2021-09,information,5,0.055177316638927484,50,10
2021-09,2021-10,attention,1,-0.00881087783781698,152,10
2021-09,2021-10,attention,2,-0.015779309159116964,153,10
2021-09,2021-10,attention,3,-0.02424016382451454,152,10
2021-09,2021-10,attention,4,-0.01637402911488717,153,10
2021-09,2021-10,attention,5,-0.014089387345230625,153,10
2021-09,2021-10,baseline,1,0.01362285477904141,611,10
2021-09,2021-10,baseline,2,0.006152985390117641,612,10
2021-09,2021-10,baseline,3,0.004586273192502401,612,10
2021-09,2021-10,baseline,4,0.0009518273757891235,612,10
2021-09,2021-10,baseline,5,0.008038609781039312,611,10
2021-09,2021-10,information,1,-0.007670731061690694,3,10
2021-09,2021-10,information,2,0.029120740596528055,4,10
2021-09,2021-10,information,3,-0.009539307441700506,3,10
2021-09,2021-10,information,4,-0.019586923561653785,4,10
2021-09,2021-10,information,5,-0.023098338365724863,4,10
2021-10,2021-11,attention,1,0.09230535053601573,44,10
2021-10,2021-11,attention,2,0.04681449735245654,45,10
2021-10,2021-11,attention,3,0.056326660816964344,45,10
2021-10,2021-11,attention,4,0.04613470910135258,45,10
2021-10,2021-11,attention,5,0.07384583248179737,45,10
2021-10,2021-11,baseline,1,0.03356060838761541,681,10
2021-10,2021-11,baseline,2,0.05770872061736585,682,10
2021-10,2021-11,baseline,3,0.05690901729566047,682,10
2021-10,2021-11,baseline,4,0.053332179184038445,682,10
2021-10,2021-11,baseline,5,0.06598328236435912,682,10
2021-10,2021-11,information,1,0.07500472191811473,45,10
2021-10,2021-11,information,2,0.08287243191943694,46,10
2021-10,2021-11,information,3,0.049656224167432754,45,10
2021-10,2021-11,information,4,0.10201561869966967,46,10
2021-10,2021-11,information,5,0.09821344966019238,46,10
2021-11,2021-12,attention,1,0.02962745901844902,118,10
2021-11,2021-12,attention,2,0.023048471505145857,118,10
2021-11,2021-12,attention,3,0.015801639118294995,119,10
2021-11,2021-12,attention,4,0.010308095798865477,118,10
2021-11,2021-12,attention,5,-0.02406425695745135,119,10
2021-11,2021-12,baseline,1,0.014224847111506001,646,10
2021-11,2021-12,baseline,2,0.024005056170140354,646,10
2021-11,2021-12,baseline,3,0.019470263560476195,646,10
2021-11,2021-12,baseline,4,0.018200176804867515,646,10
2021-11,2021-12,baseline,5,0.0037125907206275234,646,10
2021-11,2021-12,information,1,0.0021210554207479284,12,10
2021-11,2021-12,information,2,0.008898815696618148,12,10
2021-11,2021-12,information,3,0.023578637126796448,12,10
2021-11,2021-12,information,4,0.024608372290713942,12,10
2021-11,2021-12,information,5,0.011589969600941403,13,10
2021-12,2022-01,attention,1,0.039830560894611025,150,10
2021-12,2022-01,attention,2,0.042409779977960596,151,10
2021-12,2022-01,attention,3,0.032573703488516334,150,10
2021-12,2022-01,attention,4,0.02892970556428952,151,10
2021-12,2022-01,attention,5,0.02985545682816395,151,10
2021-12,2022-01,baseline,1,-0.0012180080974133198,637,10
2021-12,2022-01,baseline,2,-0.0005437508781958094,637,10
2021-12,2022-01,baseline,3,0.009201474618490798,637,10
2021-12,2022-01,baseline,4,0.008951737252810527,637,10
2021-12,2022-01,baseline,5,0.010380050569483138,638,10
2021-12,2022-01,information,5,0.05110732538330476,1,10
2022-01,2022-02,attention,1,0.05088947395631416,117,10
2022-01,2022-02,attention,2,0.046143051551382444,118,10
2022-01,2022-02,attention,3,0.06396005339266304,118,10
2022-01,2022-02,attention,4,0.047636548678679544,118,10
2022-01,2022-02,attention,5,0.04451677911351338,118,10
2022-01,2022-02,baseline,1,0.040131140857094086,661,10
2022-01,2022-02,baseline,2,0.0376751097928704,661,10
2022-01,2022-02,baseline,3,0.043928855422717496,661,10
2022-01,2022-02,baseline,4,0.04732787172672312,661,10
2022-01,2022-02,baseline,5,0.04162109035748056,662,10
2022-01,2022-02,information,1,0.05061250492509361,15,10
2022-01,2022-02,information,2,0.05240678907179039,15,10
2022-01,2022-02,information,3,0.03142317795249846,15,10
2022-01,2022-02,information,4,0.039039488038689375,15,10
2022-01,2022-02,information,5,0.04650139944860357,16,10
2022-02,2022-03,attention,1,-0.05465967256222023,69,10
2022-02,2022-03,attention,2,-0.054559769133100094,69,10
2022-02,2022-03,attention,3,-0.04894489566903857,69,10
2022-02,2022-03,attention,4,-0.052811093955337854,69,10
2022-02,2022-03,attention,5,-0.05923626166603365,70,10
2022-02,2022-03,baseline,1,-0.05165742805373597,721,10
2022-02,2022-03,baseline,2,-0.06605613531718778,721,10
2022-02,2022-03,baseline,3,-0.06455591589235778,721,10
2022-02,2022-03,baseline,4,-0.0595833295390882,721,10
2022-02,2022-03,baseline,5,-0.07453619278115568,721,10
2022-02,2022-03,information,1,-0.03892489251632035,9,10
2022-02,2022-03,information,2,-0.05892418427309374,10,10
2022-02,2022-03,information,3,-0.09842385164984044,9,10
2022-02,2022-03,information,4,-0.011356973144090132,10,10
2022-02,2022-03,information,5,-0.06674911166326117,10,10
2022-03,2022-04,attention,1,-0.07194407384116754,94,10
2022-03,2022-04,attention,2,-0.056893066795392244,95,10
2022-03,2022-04,attention,3,-0.02088288342643092,95,10
2022-03,2022-04,attention,4,-0.04227106606458643,95,10
2022-03,2022-04,attention,5,-0.04783102865577839,95,10
2022-03,2022-04,baseline,1,-0.0662477060722926,701,10
2022-03,2022-04,baseline,2,-0.0440275002359158,701,10
2022-03,2022-04,baseline,3,-0.040172988928888265,702,10
2022-03,2022-04,baseline,4,-0.0499160416820471,701,10
2022-03,2022-04,baseline,5,-0.06814352975519473,702,10
2022-03,2022-04,information,1,-0.06909725444777452,12,10
2022-03,2022-04,information,2,0.006872363030227341,12,10
2022-03,2022-04,information,3,-0.03974344692312084,12,10
2022-03,2022-04,information,4,-0.005165887091100292,12,10
2022-03,2022-04,information,5,0.018001399083805363,12,10
2022-04,2022-05,attention,1,0.06237250089198089,78,10
2022-04,2022-05,attention,2,0.03594075726850681,79,10
2022-04,2022-05,attention,3,0.08003498172968931,78,10
2022-04,2022-05,attention,4,0.04595027723413154,79,10
2022-04,2022-05,attention,5,0.03627079506458191,79,10
2022-04,2022-05,baseline,1,0.06281190709240547,667,10
2022-04,2022-05,baseline,2,0.06900931097432988,667,10
2022-04,2022-05,baseline,3,0.07310273732808592,668,10
2022-04,2022-05,baseline,4,0.07253513635032732,667,10
2022-04,2022-05,baseline,5,0.07505093657418081,667,10
2022-04,2022-05,information,1,0.0362462451871892,75,10
2022-04,2022-05,information,2,0.04266564476742333,75,10
2022-04,2022-05,information,3,0.04462342185121161,75,10
2022-04,2022-05,information,4,0.05402090686169313,75,10
2022-04,2022-05,information,5,0.060045397473301246,75,10
2022-05,2022-06,attention,1,0.022597922179683556,58,10
2022-05,2022-06,attention,2,0.018260450683343914,58,10
2022-05,2022-06,attention,3,0.040025955051124454,59,10
2022-05,2022-06,attention,4,0.04041750728680094,58,10
2022-05,2022-06,attention,5,0.026429241533411654,59,10
2022-05,2022-06,baseline,1,0.01397554618054775,752,10
2022-05,2022-06,baseline,2,0.036342896863025415,755,10
2022-05,2022-06,baseline,3,0.03303050919943964,754,10
2022-05,2022-06,baseline,4,0.037508663104920584,754,10
2022-05,2022-06,baseline,5,0.03504555960979295,752,10
2022-05,2022-06,information,1,0.008209170238004326,14,10
2022-05,2022-06,information,2,0.032451473272056316,14,10
2022-05,2022-06,information,3,0.04676880699551191,14,10
2022-05,2022-06,information,4,0.014342669366538203,14,10
2022-05,2022-06,information,5,0.06909799788923261,15,10
2022-06,2022-07,attention,1,-0.00664420407262277,103,10
2022-06,2022-07,attention,2,0.00474826046677808,103,10
2022-06,2022-07,attention,3,-0.032079753537710566,103,10
2022-06,2022-07,attention,4,-0.024727554510789243,103,10
2022-06,2022-07,attention,5,-0.022505434504178475,103,10
2022-06,2022-07,baseline,1,-0.010993499841467014,704,10
2022-06,2022-07,baseline,2,-0.005976295130085556,725,10
2022-06,2022-07,baseline,3,-0.005682718635322172,728,10
2022-06,2022-07,baseline,4,-0.007154307745484797,726,10
2022-06,2022-07,baseline,5,-0.002824357241541697,721,10
2022-06,2022-07,information,1,-0.032540938751673826,11,10
2022-06,2022-07,information,2,-0.011516378818451023,11,10
2022-06,2022-07,information,3,-0.01181963015323703,11,10
2022-06,2022-07,information,4,-0.012365181614315384,11,10
2022-06,2022-07,information,5,0.03798279288616424,11,10
2022-07,2022-08,attention,1,0.009673200997800962,93,10
2022-07,2022-08,attention,2,0.00903613394825279,94,10
2022-07,2022-08,attention,3,0.015602034288024633,93,10
2022-07,2022-08,attention,4,0.027115546155135322,94,10
2022-07,2022-08,attention,5,0.03601360359887327,94,10
2022-07,2022-08,baseline,1,0.0019434715544868447,730,10
2022-07,2022-08,baseline,2,0.017880302082782577,732,10
2022-07,2022-08,baseline,3,0.021104351073592705,731,10
2022-07,2022-08,baseline,4,0.0215840374626199,732,10
2022-07,2022-08,baseline,5,0.025600122330723698,732,10
2022-07,2022-08,information,1,0.020595129515181287,19,10
2022-07,2022-08,information,2,0.026784538552830705,20,10
2022-07,2022-08,information,3,0.02230538456771423,19,10
2022-07,2022-08,information,4,0.01013475845246085,20,10
2022-07,2022-08,information,5,-0.0029555480501834873,20,10
2022-08,2022-09,attention,1,-0.023124592256099533,101,10
2022-08,2022-09,attention,2,-0.012797353601902742,101,10
2022-08,2022-09,attention,3,-0.013568145537591048,102,10
2022-08,2022-09,attention,4,-0.016006407472629644,101,10
2022-08,2022-09,attention,5,-0.00805502679185242,102,10
2022-08,2022-09,baseline,1,-0.012051158329120952,710,10
2022-08,2022-09,baseline,2,-0.01051939664735086,711,10
2022-08,2022-09,baseline,3,-0.00886738156261104,711,10
2022-08,2022-09,baseline,4,-0.005287619203758731,711,10
2022-08,2022-09,baseline,5,-0.00841244711147109,711,10
2022-08,2022-09,information,1,-0.02905580136844021,41,10
2022-08,2022-09,information,2,-0.0174258208136684,42,10
2022-08,2022-09,information,3,-0.004723050602335098,42,10
2022-08,2022-09,information,4,-0.012302678413228038,42,10
2022-08,2022-09,information,5,-0.010837039388796078,42,10
2022-09,2022-10,attention,1,0.021233561113621464,58,10
2022-09,2022-10,attention,2,0.044652807661934864,59,10
2022-09,2022-10,attention,3,0.05730415302227245,59,10
2022-09,2022-10,attention,4,0.07643191139929816,59,10
2022-09,2022-10,attention,5,0.08845643987939655,59,10
2022-09,2022-10,baseline,1,0.04181608944061939,802,10
2022-09,2022-10,baseline,2,0.055608112431794386,802,10
2022-09,2022-10,baseline,3,0.060114331118224555,802,10
2022-09,2022-10,baseline,4,0.06898954630996207,802,10
2022-09,2022-10,baseline,5,0.0759176241719948,802,10
2022-09,2022-10,information,1,0.05128205128205132,1,10
2022-09,2022-10,information,2,0.006568776175302826,2,10
2022-09,2022-10,information,3,0.03986211901306247,2,10
2022-09,2022-10,information,4,0.0072404550311028215,2,10
2022-09,2022-10,information,5,0.09886692170662609,2,10
2022-10,2022-11,attention,1,0.03563980733526993,58,10
2022-10,2022-11,attention,2,0.04476740374694581,58,10
2022-10,2022-11,attention,3,0.05227691171171288,58,10
2022-10,2022-11,attention,4,0.04656163910416683,58,10
2022-10,2022-11,attention,5,0.04061768628302593,58,10
2022-10,2022-11,baseline,1,0.07309385659234444,759,10
2022-10,2022-11,baseline,2,0.07774203881975317,760,10
2022-10,2022-11,baseline,3,0.07822666360552846,759,10
2022-10,2022-11,baseline,4,0.0710129546900072,760,10
2022-10,2022-11,baseline,5,0.0658894876640298,760,10
2022-10,2022-11,information,1,0.032679732453460834,51,10
2022-10,2022-11,information,2,0.045301054352700286,51,10
2022-10,2022-11,information,3,0.04583184149594393,52,10
2022-10,2022-11,information,4,0.04890150757303977,51,10
2022-10,2022-11,information,5,0.048012752531665134,52,10
2022-11,2022-12,attention,1,0.02002674588007293,132,10
2022-11,2022-12,attention,2,0.017473366452085186,133,10
2022-11,2022-12,attention,3,0.016180320050916838,132,10
2022-11,2022-12,attention,4,0.0095527010158652,133,10
2022-11,2022-12,attention,5,-0.0015492760724088984,133,10
2022-11,2022-12,baseline,1,0.004528485451231232,741,10
2022-11,2022-12,baseline,2,0.004282292357349619,742,10
2022-11,2022-12,baseline,3,0.0100868925791468,741,10
2022-11,2022-12,baseline,4,0.006799179557234104,742,10
2022-11,2022-12,baseline,5,0.0016603769936389854,742,10
2022-11,2022-12,information,1,0.08359466776914515,2,10
2022-11,2022-12,information,2,0.1130517256023329,2,10
2022-11,2022-12,information,3,-0.029008786892708083,2,10
2022-11,2022-12,information,4,0.053353589713491134,2,10
2022-11,2022-12,information,5,0.08560994407883993,3,10
2022-12,2023-01,attention,1,0.017996276748275707,110,10
2022-12,2023-01,attention,2,0.04300522750757012,110,10
2022-12,2023-01,attention,3,0.03256784017965712,110,10
2022-12,2023-01,attention,4,0.03477999556345354,110,10
2022-12,2023-01,attention,5,0.03140453982160563,110,10
2022-12,2023-01,baseline,1,0.033150493741738216,774,10
2022-12,2023-01,baseline,2,0.047629553782062566,775,10
2022-12,2023-01,baseline,3,0.04915347484682541,774,10
2022-12,2023-01,baseline,4,0.05088570778395998,775,10
2022-12,2023-01,baseline,5,0.046638733953861235,775,10
2022-12,2023-01,information,2,0.032653061224489965,1,10
2022-12,2023-01,information,4,0.05306122448979589,1,10
2022-12,2023-01,information,5,0.049186883497734035,1,10
2023-01,2023-02,attention,1,0.03490728995412905,60,10
2023-01,2023-02,attention,2,0.05970696829339327,61,10
2023-01,2023-02,attention,3,0.05854535784609837,61,10
2023-01,2023-02,attention,4,0.05191712086852087,61,10
2023-01,2023-02,attention,5,0.05038475385385938,61,10
2023-01,2023-02,baseline,1,0.03719279013747805,814,10
2023-01,2023-02,baseline,2,0.0523328422907467,814,10
2023-01,2023-02,baseline,3,0.04543235857778442,815,10
2023-01,2023-02,baseline,4,0.04565947430884306,814,10
2023-01,2023-02,baseline,5,0.04702759829460975,815,10
2023-01,2023-02,information,1,0.04214916709455274,16,10
2023-01,2023-02,information,2,0.06736507577005756,16,10
2023-01,2023-02,information,3,0.019686938587976516,16,10
2023-01,2023-02,information,4,0.07506181224245287,16,10
2023-01,2023-02,information,5,0.02966338571485701,17,10
2023-02,2023-03,attention,1,-0.018001322839765365,130,10
2023-02,2023-03,attention,2,0.005310087181590019,130,10
2023-02,2023-03,attention,3,-0.006540924799329506,131,10
2023-02,2023-03,attention,4,-0.019115660459283347,130,10
2023-02,2023-03,attention,5,-0.016597679749935375,131,10
2023-02,2023-03,baseline,1,-0.032208455239986784,758,10
2023-02,2023-03,baseline,2,-0.0320953138510435,758,10
2023-02,2023-03,baseline,3,-0.02412305498697758,759,10
2023-02,2023-03,baseline,4,-0.029159152276923877,758,10
2023-02,2023-03,baseline,5,-0.026705043558612966,759,10
2023-02,2023-03,information,1,-0.007726481590705747,5,10
2023-02,2023-03,information,2,0.010426490710524206,6,10
2023-02,2023-03,information,3,-0.0512939478647428,5,10
2023-02,2023-03,information,4,0.012033333647269254,6,10
2023-02,2023-03,information,5,0.012438197896906386,6,10
2023-03,2023-04,attention,1,0.024849771502227204,165,10
2023-03,2023-04,attention,2,0.03512780979829221,165,10
2023-03,2023-04,attention,3,0.025566914638055473,166,10
2023-03,2023-04,attention,4,0.024255110777841565,165,10
2023-03,2023-04,attention,5,0.027630534702863162,166,10
2023-03,2023-04,baseline,1,0.004467985144644179,725,10
2023-03,2023-04,baseline,2,0.0044742822628121865,725,10
2023-03,2023-04,baseline,3,-0.0012369618271782495,725,10
2023-03,2023-04,baseline,4,0.0043519629538234,725,10
2023-03,2023-04,baseline,5,0.0010150039148289804,725,10
2023-03,2023-04,information,1,0.045989629363532396,11,10
2023-03,2023-04,information,2,0.03809587330457107,11,10
2023-03,2023-04,information,3,0.0715622485643809,11,10
2023-03,2023-04,information,4,0.044213142408242125,11,10
2023-03,2023-04,information,5,0.0019285709450117135,11,10
2023-04,2023-05,attention,1,-0.05504536414889294,136,10
2023-04,2023-05,attention,2,-0.01782321845372688,137,10
2023-04,2023-05,attention,3,-0.0018093182646515499,136,10
2023-04,2023-05,attention,4,-0.011032587534433874,137,10
2023-04,2023-05,attention,5,-0.011311414506765203,137,10
2023-04,2023-05,baseline,1,-0.014939213621549912,698,10
2023-04,2023-05,baseline,2,-0.00355273234642066,698,10
2023-04,2023-05,baseline,3,0.00896813217231111,698,10
2023-04,2023-05,baseline,4,0.011852841409932719,699,10
2023-04,2023-05,baseline,5,0.00837665840039248,699,10
2023-04,2023-05,information,1,0.003167971134199436,73,10
2023-04,2023-05,information,2,0.006974234887094729,74,10
2023-04,2023-05,information,3,-0.001275177612177316,74,10
2023-04,2023-05,information,4,0.009280902367865478,74,10
2023-04,2023-05,information,5,0.0008892017211967286,74,10
2023-05,2023-06,attention,1,0.02975371453260422,115,10
2023-05,2023-06,attention,2,0.018571709284997132,115,10
2023-05,2023-06,attention,3,0.01936858745158464,116,10
2023-05,2023-06,attention,4,0.011207982985619286,115,10
2023-05,2023-06,attention,5,0.004562878752196103,116,10
2023-05,2023-06,baseline,1,0.02380513957624023,755,10
2023-05,2023-06,baseline,2,0.011046116038188097,757,10
2023-05,2023-06,baseline,3,0.007956514480503067,755,10
2023-05,2023-06,baseline,4,0.008541066661112982,757,10
2023-05,2023-06,baseline,5,0.01362688793591006,757,10
2023-05,2023-06,information,1,0.034662562592518716,31,10
2023-05,2023-06,information,2,0.01809446616458743,32,10
2023-05,2023-06,information,3,0.011096326918830977,31,10
2023-05,2023-06,information,4,0.0028603607515443018,32,10
2023-05,2023-06,information,5,0.03109172125159979,32,10
2023-06,2023-07,attention,1,0.0009093353231313445,121,10
2023-06,2023-07,attention,2,0.008403884087576035,122,10
2023-06,2023-07,attention,3,-0.0015701812063087662,122,10
2023-06,2023-07,attention,4,-0.004500359914129596,122,10
2023-06,2023-07,attention,5,-0.00937712624734783,122,10
2023-06,2023-07,baseline,1,-0.002023870850868969,752,10
2023-06,2023-07,baseline,2,0.010729530832892034,770,10
2023-06,2023-07,baseline,3,0.007520540130897065,769,10
2023-06,2023-07,baseline,4,0.010419816677865765,770,10
2023-06,2023-07,baseline,5,0.0063645939775758996,768,10
2023-06,2023-07,information,1,0.01629558854487643,21,10
2023-06,2023-07,information,2,-0.015183092034162899,22,10
2023-06,2023-07,information,3,0.01733503151659013,22,10
2023-06,2023-07,information,4,0.02055585875592645,22,10
2023-06,2023-07,information,5,-0.013581527438264095,22,10
2023-07,2023-08,attention,1,-0.03503518874497749,141,10
2023-07,2023-08,attention,2,-0.0346664067546222,142,10
2023-07,2023-08,attention,3,-0.035380300224672395,141,10
2023-07,2023-08,attention,4,-0.02712885634471991,142,10
2023-07,2023-08,attention,5,-0.03806796692623856,142,10
2023-07,2023-08,baseline,1,-0.030571297313317168,753,10
2023-07,2023-08,baseline,2,-0.028586992800181475,752,10
2023-07,2023-08,baseline,3,-0.028736676148577545,755,10
2023-07,2023-08,baseline,4,-0.02943842643235714,757,10
2023-07,2023-08,baseline,5,-0.03489506379267188,753,10
2023-07,2023-08,information,1,-0.009787692019087229,19,10
2023-07,2023-08,information,2,-0.032747447146356655,20,10
2023-07,2023-08,information,3,-0.025268651733149156,20,10
2023-07,2023-08,information,4,-0.04499940879924001,20,10
2023-07,2023-08,information,5,-0.027662750043163303,20,10
2023-08,2023-09,attention,1,-0.0506163820700896,110,10
2023-08,2023-09,attention,2,-0.018149156771965942,110,10
2023-08,2023-09,attention,3,0.002214149835348389,110,10
2023-08,2023-09,attention,4,0.007706078929370568,110,10
2023-08,2023-09,attention,5,-0.005282822319755337,111,10
2023-08,2023-09,baseline,1,-0.01905475037538069,754,10
2023-08,2023-09,baseline,2,-0.005108070841768005,754,10
2023-08,2023-09,baseline,3,0.0011724601930213343,754,10
2023-08,2023-09,baseline,4,-0.0052835674440900714,754,10
2023-08,2023-09,baseline,5,-0.007007955799642633,755,10
2023-08,2023-09,information,1,-0.021007372136870973,60,10
2023-08,2023-09,information,2,-0.0009841062814801146,60,10
2023-08,2023-09,information,3,0.0015633972011437165,61,10
2023-08,2023-09,information,4,-0.007739253381754022,60,10
2023-08,2023-09,information,5,-0.006544664022242126,61,10
2023-09,2023-10,attention,1,-0.04031912132523393,108,10
2023-09,2023-10,attention,2,-0.03090331985682748,109,10
2023-09,2023-10,attention,3,-0.021221886623705537,109,10
2023-09,2023-10,attention,4,-0.042225766150759556,109,10
2023-09,2023-10,attention,5,-0.03993591496036215,109,10
2023-09,2023-10,baseline,1,-0.04920365806306892,818,10
2023-09,2023-10,baseline,2,-0.05175257000696744,818,10
2023-09,2023-10,baseline,3,-0.04622717790107213,818,10
2023-09,2023-10,baseline,4,-0.050585615170353065,818,10
2023-09,2023-10,baseline,5,-0.049467301825468,819,10
2023-09,2023-10,information,1,-0.04269643781717689,5,10
2023-09,2023-10,information,2,-0.017138062322926296,5,10
2023-09,2023-10,information,3,-0.04371107334996003,5,10
2023-09,2023-10,information,4,-0.03821330348645977,5,10
2023-09,2023-10,information,5,-0.05327379549048097,6,10
2023-10,2023-11,attention,1,0.0449479617419701,100,10
2023-10,2023-11,attention,2,0.053090049775805614,100,10
2023-10,2023-11,attention,3,0.04084993465053982,101,10
2023-10,2023-11,attention,4,0.05230660067234599,100,10
2023-10,2023-11,attention,5,0.025164387264898454,101,10
2023-10,2023-11,baseline,1,0.05885997472532362,756,10
2023-10,2023-11,baseline,2,0.042271468163527164,757,10
2023-10,2023-11,baseline,3,0.036622483839690564,756,10
2023-10,2023-11,baseline,4,0.03249872302033948,757,10
2023-10,2023-11,baseline,5,0.03484573563530552,757,10
2023-10,2023-11,information,1,0.04501925067638026,81,10
2023-10,2023-11,information,2,0.032498277209159744,81,10
2023-10,2023-11,information,3,0.024204594888583772,82,10
2023-10,2023-11,information,4,0.020520747058433885,81,10
2023-10,2023-11,information,5,0.01506721822542082,82,10
2023-11,2023-12,attention,1,0.0016993375059077035,148,10
2023-11,2023-12,attention,2,-0.02561659347302987,149,10
2023-11,2023-12,attention,3,-0.021162590881544242,149,10
2023-11,2023-12,attention,4,-0.005394429553845767,149,10
2023-11,2023-12,attention,5,-0.02229324974375222,149,10
2023-11,2023-12,baseline,1,-0.0062312551307089036,792,10
2023-11,2023-12,baseline,2,-0.010415348453471114,792,10
2023-11,2023-12,baseline,3,-0.014519318105607434,792,10
2023-11,2023-12,baseline,4,-0.010718662527104813,792,10
2023-11,2023-12,baseline,5,-0.010751883333101977,793,10
2023-11,2023-12,information,1,-0.05926093903836527,2,10
2023-11,2023-12,information,2,-0.03396912879811237,2,10
2023-11,2023-12,information,3,-0.049941646204740585,3,10
2023-11,2023-12,information,4,0.014189940095954812,2,10
2023-11,2023-12,information,5,-0.04608290762138386,3,10
2023-12,2024-01,attention,1,-0.03270296202795518,132,10
2023-12,2024-01,attention,2,-0.026164318288232295,132,10
2023-12,2024-01,attention,3,-0.031044331017478125,132,10
2023-12,2024-01,attention,4,-0.03458008187466776,132,10
2023-12,2024-01,attention,5,-0.03139944184219553,132,10
2023-12,2024-01,baseline,1,-0.05425845731626528,815,10
2023-12,2024-01,baseline,2,-0.040545748723594004,816,10
2023-12,2024-01,baseline,3,-0.035088615374701905,815,10
2023-12,2024-01,baseline,4,-0.023866051701878607,816,10
2023-12,2024-01,baseline,5,-0.033566832885247325,816,10
2023-12,2024-01,information,2,-0.04664179104477617,1,10
2023-12,2024-01,information,3,-0.08677021960364228,1,10
2023-12,2024-01,information,4,0.03804347826086962,1,10
2023-12,2024-01,information,5,0.000511508951406725,1,10
2024-01,2024-02,attention,1,-0.008825405914365422,131,10
2024-01,2024-02,attention,2,0.017953553152998885,131,10
2024-01,2024-02,attention,3,0.016776776971029816,132,10
2024-01,2024-02,attention,4,0.020409413935655103,131,10
2024-01,2024-02,attention,5,-0.031798317065380145,132,10
2024-01,2024-02,baseline,1,0.031028295917287736,773,10
2024-01,2024-02,baseline,2,0.03916395345965575,773,10
2024-01,2024-02,baseline,3,0.031569582591389825,773,10
2024-01,2024-02,baseline,4,0.013985430885736597,773,10
2024-01,2024-02,baseline,5,-0.025889971886650872,774,10
2024-01,2024-02,information,1,0.032221745095278045,45,10
2024-01,2024-02,information,2,0.04675749810566727,45,10
2024-01,2024-02,information,3,0.05770297883101587,46,10
2024-01,2024-02,information,4,0.04401075467312435,45,10
2024-01,2024-02,information,5,0.006581117327137126,46,10
2024-02,2024-03,attention,1,0.03275395731423219,315,10
2024-02,2024-03,attention,2,0.022943526528420098,315,10
2024-02,2024-03,attention,3,0.019876678195102426,316,10
2024-02,2024-03,attention,4,0.022517036983174945,315,10
2024-02,2024-03,attention,5,0.029252758059405932,316,10
2024-02,2024-03,baseline,1,0.045089918670721735,620,10
2024-02,2024-03,baseline,2,0.04301855154134825,621,10
2024-02,2024-03,baseline,3,0.04059400899643083,621,10
2024-02,2024-03,baseline,4,0.04250311149346496,621,10
2024-02,2024-03,baseline,5,0.05559424382529306,621,10
2024-02,2024-03,information,1,0.018690426076520772,16,10
2024-02,2024-03,information,2,0.07843806074204328,17,10
2024-02,2024-03,information,3,0.03273053846206361,16,10
2024-02,2024-03,information,4,0.025548215074600367,17,10
2024-02,2024-03,information,5,0.021956455905952625,17,10
2024-03,2024-04,attention,1,-0.20033188741704727,180,10
2024-03,2024-04,attention,2,-0.1366255572018534,180,10
2024-03,2024-04,attention,3,-0.08341380619426045,181,10
2024-03,2024-04,attention,4,-0.12240504808252041,180,10
2024-03,2024-04,attention,5,-0.11524762610519819,181,10
2024-03,2024-04,baseline,1,-0.1569605094498346,763,10
2024-03,2024-04,baseline,2,-0.09217647681431453,763,10
2024-03,2024-04,baseline,3,-0.07677779056726093,764,10
2024-03,2024-04,baseline,4,-0.0937252127205947,763,10
2024-03,2024-04,baseline,5,-0.13095201867114736,764,10
2024-03,2024-04,information,1,-0.09209099211453246,14,10
2024-03,2024-04,information,2,-0.049088125315202805,14,10
2024-03,2024-04,information,3,0.004937869744503863,14,10
2024-03,2024-04,information,4,-0.03495257080772595,14,10
2024-03,2024-04,information,5,-0.028788715445306805,14,10
2024-04,2024-05,attention,1,0.04681061507680722,128,10
2024-04,2024-05,attention,2,0.050555244590549206,129,10
2024-04,2024-05,attention,3,0.03289167115609999,129,10
2024-04,2024-05,attention,4,0.026918414754122016,129,10
2024-04,2024-05,attention,5,0.04507413418207543,129,10
2024-04,2024-05,baseline,1,0.019084910619818613,698,10
2024-04,2024-05,baseline,2,0.010356068853498082,699,10
2024-04,2024-05,baseline,3,0.01612308563496185,700,10
2024-04,2024-05,baseline,4,0.014413963980756384,698,10
2024-04,2024-05,baseline,5,0.013895299129368124,700,10
2024-04,2024-05,information,1,0.04911770214466664,134,10
2024-04,2024-05,information,2,0.03024026508179415,135,10
2024-04,2024-05,information,3,0.032291875716893875,135,10
2024-04,2024-05,information,4,0.035282462845449926,135,10
2024-04,2024-05,information,5,0.041444947134874385,135,10
2024-05,2024-06,attention,1,-0.052470642504278214,141,10
2024-05,2024-06,attention,2,-0.04701609524877146,141,10
2024-05,2024-06,attention,3,-0.04086076243580451,142,10
2024-05,2024-06,attention,4,-0.05286952539908795,141,10
2024-05,2024-06,attention,5,-0.04400219823185024,142,10
2024-05,2024-06,baseline,1,-0.05133633854309783,790,10
2024-05,2024-06,baseline,2,-0.051330125974238264,790,10
2024-05,2024-06,baseline,3,-0.04075833702667903,790,10
2024-05,2024-06,baseline,4,-0.049822315108330364,790,10
2024-05,2024-06,baseline,5,-0.05490852011548715,791,10
2024-05,2024-06,information,1,-0.07362223142329032,23,10
2024-05,2024-06,information,2,-0.04187176038316337,24,10
2024-05,2024-06,information,3,-0.05353925800957112,23,10
2024-05,2024-06,information,4,-0.053783236297076875,24,10
2024-05,2024-06,information,5,-0.061332118663019186,24,10
2024-06,2024-07,attention,1,-0.02825764655375607,85,10
2024-06,2024-07,attention,2,-0.028404049107685608,85,10
2024-06,2024-07,attention,3,-0.012634522584502698,85,10
2024-06,2024-07,attention,4,-0.010737682641729699,85,10
2024-06,2024-07,attention,5,0.009763093763492051,85,10
2024-06,2024-07,baseline,1,-0.009755669552041896,846,10
2024-06,2024-07,baseline,2,-0.003894175822304426,852,10
2024-06,2024-07,baseline,3,-0.004978011490546358,852,10
2024-06,2024-07,baseline,4,0.00014476203920249086,851,10
2024-06,2024-07,baseline,5,-0.0012964428990773498,852,10
2024-06,2024-07,information,1,-0.026681571855567705,28,10
2024-06,2024-07,information,2,-0.00762283349247598,28,10
2024-06,2024-07,information,3,0.004586462450343907,28,10
2024-06,2024-07,information,4,0.010536646350067383,28,10
2024-06,2024-07,information,5,-0.0006914151966043962,28,10
2024-07,2024-08,attention,1,-0.06294996596947623,84,10
2024-07,2024-08,attention,2,-0.03219593088368977,85,10
2024-07,2024-08,attention,3,-0.03384178126358397,84,10
2024-07,2024-08,attention,4,-0.041132119631290064,85,10
2024-07,2024-08,attention,5,-0.04418036978395038,85,10
2024-07,2024-08,baseline,1,-0.04176628598769391,849,10
2024-07,2024-08,baseline,2,-0.032311484945731175,852,10
2024-07,2024-08,baseline,3,-0.028584627943225038,851,10
2024-07,2024-08,baseline,4,-0.028334755250808447,852,10
2024-07,2024-08,baseline,5,-0.026150619409796114,850,10
2024-07,2024-08,information,1,-0.024008929110910206,36,10
2024-07,2024-08,information,2,-0.04171938450220916,36,10
2024-07,2024-08,information,3,-0.03018591663644762,36,10
2024-07,2024-08,information,4,-0.027653325330376483,36,10
2024-07,2024-08,information,5,-0.016225516887280342,36,10
2024-08,2024-09,attention,1,-0.054047836377641045,96,10
2024-08,2024-09,attention,2,-0.02694832421624976,97,10
2024-08,2024-09,attention,3,-0.02554438723873009,96,10
2024-08,2024-09,attention,4,-0.030968870707099663,97,10
2024-08,2024-09,attention,5,-0.04328415018899812,97,10
2024-08,2024-09,baseline,1,-0.044399013504459364,832,10
2024-08,2024-09,baseline,2,-0.03960164726366456,833,10
2024-08,2024-09,baseline,3,-0.039540144123463634,833,10
2024-08,2024-09,baseline,4,-0.04012347530731755,833,10
2024-08,2024-09,baseline,5,-0.036980619079307005,833,10
2024-08,2024-09,information,1,-0.04697340405865939,46,10
2024-08,2024-09,information,2,-0.03278341735367102,47,10
2024-08,2024-09,information,3,-0.028873280088457808,46,10
2024-08,2024-09,information,4,-0.022124080170796166,47,10
2024-08,2024-09,information,5,-0.018687854989185754,47,10
2024-09,2024-10,attention,1,0.04790311258682066,195,10
2024-09,2024-10,attention,2,0.018423500487048255,196,10
2024-09,2024-10,attention,3,0.02364299493674258,196,10
2024-09,2024-10,attention,4,0.014205147276201027,196,10
2024-09,2024-10,attention,5,0.0369643804173961,196,10
2024-09,2024-10,baseline,1,0.027954344666215155,767,10
2024-09,2024-10,baseline,2,-0.002625610506156414,767,10
2024-09,2024-10,baseline,3,-0.006797427571081309,767,10
2024-09,2024-10,baseline,4,-0.0015082834506493369,767,10
2024-09,2024-10,baseline,5,0.01874042848997862,767,10
2024-09,2024-10,information,1,0.04940151637106859,15,10
2024-09,2024-10,information,2,0.006984986962551461,16,10
2024-09,2024-10,information,3,0.010556236377177529,16,10
2024-09,2024-10,information,4,-0.00372096247858672,16,10
2024-09,2024-10,information,5,-0.023180108026382436,16,10
2024-10,2024-11,attention,1,0.03260942633058467,328,10
2024-10,2024-11,attention,2,0.036725294586518686,329,10
2024-10,2024-11,attention,3,0.027790705846391556,328,10
2024-10,2024-11,attention,4,0.043492011838944085,329,10
2024-10,2024-11,attention,5,0.052580121806437875,329,10
2024-10,2024-11,baseline,1,0.03298764772476701,594,10
2024-10,2024-11,baseline,2,0.03184396338746081,594,10
2024-10,2024-11,baseline,3,0.03700019930412494,594,10
2024-10,2024-11,baseline,4,0.03219356048351205,594,10
2024-10,2024-11,baseline,5,0.037520368811671145,594,10
2024-10,2024-11,information,1,0.011803218246289214,57,10
2024-10,2024-11,information,2,0.015736278704175276,58,10
2024-10,2024-11,information,3,0.026238544341898467,57,10
2024-10,2024-11,information,4,0.027276839722731042,58,10
2024-10,2024-11,information,5,0.031087618410082365,58,10
2024-11,2024-12,attention,1,0.06335714057935861,250,10
2024-11,2024-12,attention,2,0.040682446748470685,251,10
2024-11,2024-12,attention,3,0.038882426891243965,250,10
2024-11,2024-12,attention,4,0.04175628190242529,251,10
2024-11,2024-12,attention,5,0.0267008838349438,251,10
2024-11,2024-12,baseline,1,0.06872738454010653,715,10
2024-11,2024-12,baseline,2,0.04200877788457021,716,10
2024-11,2024-12,baseline,3,0.04449634318664122,716,10
2024-11,2024-12,baseline,4,0.0448768287137782,716,10
2024-11,2024-12,baseline,5,0.05002617591248517,716,10
2024-11,2024-12,information,1,0.07994746074266036,15,10
2024-11,2024-12,information,2,0.03207418114784743,15,10
2024-11,2024-12,information,3,0.028133132080173998,15,10
2024-11,2024-12,information,4,0.045530809306483185,15,10
2024-11,2024-12,information,5,0.005524086734315347,15,10
2024-12,2025-01,attention,1,0.0024946160822994093,135,10
2024-12,2025-01,attention,2,-0.023212754524038964,136,10
2024-12,2025-01,attention,3,-0.010525512016828201,135,10
2024-12,2025-01,attention,4,-0.02790588661224245,136,10
2024-12,2025-01,attention,5,-0.02537953763862108,136,10
2024-12,2025-01,baseline,1,-0.01069435746068463,843,10
2024-12,2025-01,baseline,2,-0.0253851094994958,844,10
2024-12,2025-01,baseline,3,-0.023679973603168238,843,10
2024-12,2025-01,baseline,4,-0.026709005281648497,844,10
2024-12,2025-01,baseline,5,-0.021240504464116516,844,10
2024-12,2025-01,information,1,-0.04888709889491935,4,10
2024-12,2025-01,information,2,-0.002857290234011067,5,10
2024-12,2025-01,information,3,-0.05482113006118319,4,10
2024-12,2025-01,information,4,-0.024798161104813053,5,10
2024-12,2025-01,information,5,-0.05291659110902389,5,10
2025-01,2025-02,attention,1,0.07263805528098058,45,10
2025-01,2025-02,attention,2,0.05478041506566184,45,10
2025-01,2025-02,attention,3,0.029843134940075258,45,10
2025-01,2025-02,attention,4,0.0320552652983222,45,10
2025-01,2025-02,attention,5,0.08322152310398462,46,10
2025-01,2025-02,baseline,1,0.06792658771562765,920,10
2025-01,2025-02,baseline,2,0.04846085555126469,920,10
2025-01,2025-02,baseline,3,0.04494794259126073,919,10
2025-01,2025-02,baseline,4,0.04576850885115987,920,10
2025-01,2025-02,baseline,5,0.07097572585732596,921,10
2025-01,2025-02,information,1,0.055661655965533983,19,10
2025-01,2025-02,information,2,0.07567018102602012,20,10
2025-01,2025-02,information,3,0.07570166681300537,19,10
2025-01,2025-02,information,4,0.053664396746926725,20,10
2025-01,2025-02,information,5,0.07632401550069345,20,10
2025-02,2025-03,attention,1,0.07912381978652565,138,10
2025-02,2025-03,attention,2,0.0573785089492167,138,10
2025-02,2025-03,attention,3,0.04940844484331901,138,10
2025-02,2025-03,attention,4,0.07151429130125492,138,10
2025-02,2025-03,attention,5,0.04722299560392648,139,10
2025-02,2025-03,baseline,1,0.04825965524955884,838,10
2025-02,2025-03,baseline,2,0.051392378357009244,838,10
2025-02,2025-03,baseline,3,0.05323845356369037,839,10
2025-02,2025-03,baseline,4,0.05369945203862412,838,10
2025-02,2025-03,baseline,5,0.054463041369646845,839,10
2025-02,2025-03,information,1,0.058136306612666416,9,10
2025-02,2025-03,information,2,-0.013378300176968136,9,10
2025-02,2025-03,information,3,0.022238086665793966,9,10
2025-02,2025-03,information,4,0.011360812445000819,9,10
2025-02,2025-03,information,5,-0.00038856440697665473,9,10
2025-03,2025-04,attention,1,-0.05288604269603042,162,10
2025-03,2025-04,attention,2,-0.0447699726600326,162,10
2025-03,2025-04,attention,3,-0.04720130479678959,162,10
2025-03,2025-04,attention,4,-0.021137027912738388,162,10
2025-03,2025-04,attention,5,-0.032169297610668376,162,10
2025-03,2025-04,baseline,1,-0.04980280245175978,813,10
2025-03,2025-04,baseline,2,-0.042725475558638176,814,10
2025-03,2025-04,baseline,3,-0.03781600415553043,813,10
2025-03,2025-04,baseline,4,-0.02600140512649066,814,10
2025-03,2025-04,baseline,5,-0.028356728115503823,814,10
2025-03,2025-04,information,1,-0.026813865289013417,11,10
2025-03,2025-04,information,2,-0.01832196894539243,11,10
2025-03,2025-04,information,3,-0.01332370200797442,12,10
2025-03,2025-04,information,4,-0.029054058288947873,11,10
2025-03,2025-04,information,5,-0.022555080584853848,12,10
2025-04,2025-05,attention,1,0.0655356577350179,112,10
2025-04,2025-05,attention,2,0.04174499393795438,113,10
2025-04,2025-05,attention,3,0.05339045224890266,113,10
2025-04,2025-05,attention,4,0.033402192092699935,113,10
2025-04,2025-05,attention,5,0.03313030723957148,113,10
2025-04,2025-05,baseline,1,0.0695062805817431,802,10
2025-04,2025-05,baseline,2,0.049329281356392155,803,10
2025-04,2025-05,baseline,3,0.050614728347122905,803,10
2025-04,2025-05,baseline,4,0.04849592257531006,803,10
2025-04,2025-05,baseline,5,0.05895006286041026,803,10
2025-04,2025-05,information,1,0.06673611456324713,71,10
2025-04,2025-05,information,2,0.044054854119498096,71,10
2025-04,2025-05,information,3,0.049285089348822524,71,10
2025-04,2025-05,information,4,0.04826853233767993,71,10
2025-04,2025-05,information,5,0.07798011012021586,71,10
2025-05,2025-06,attention,1,0.04771903600869999,109,10
2025-05,2025-06,attention,2,0.022147174694308,110,10
2025-05,2025-06,attention,3,0.024499096166605037,109,10
2025-05,2025-06,attention,4,0.030380485771629124,110,10
2025-05,2025-06,attention,5,0.045580400475019475,110,10
2025-05,2025-06,baseline,1,0.02642280091368609,849,10
2025-05,2025-06,baseline,2,0.02499247324220288,850,10
2025-05,2025-06,baseline,3,0.020593514614460615,849,10
2025-05,2025-06,baseline,4,0.027205433406837898,850,10
2025-05,2025-06,baseline,5,0.03373100489860933,849,10
2025-05,2025-06,information,1,0.06801016068686835,14,10
2025-05,2025-06,information,2,0.07037932036825041,14,10
2025-05,2025-06,information,3,0.05098821323753644,15,10
2025-05,2025-06,information,4,0.013916140037471785,14,10
2025-05,2025-06,information,5,0.004482846749951467,15,10
2025-06,2025-07,attention,1,0.0011062841571787573,130,10
2025-06,2025-07,attention,2,0.02094460417874959,130,10
2025-06,2025-07,attention,3,0.047448723648960245,130,10
2025-06,2025-07,attention,4,0.02311183490987953,130,10
2025-06,2025-07,attention,5,0.03146517059222543,131,10
2025-06,2025-07,baseline,1,0.018373594305672345,828,10
2025-06,2025-07,baseline,2,0.025691479963450854,834,10
2025-06,2025-07,baseline,3,0.03224739699603765,834,10
2025-06,2025-07,baseline,4,0.032117899957609365,834,10
2025-06,2025-07,baseline,5,0.028849329530978116,835,10
2025-06,2025-07,information,1,0.017937974168844278,14,10
2025-06,2025-07,information,2,0.02398258961267927,14,10
2025-06,2025-07,information,3,0.06120946970679333,15,10
2025-06,2025-07,information,4,0.024261817201352804,14,10
2025-06,2025-07,information,5,0.021547681459788654,15,10
2025-07,2025-08,attention,1,0.0365526854302462,181,10
2025-07,2025-08,attention,2,0.03859835577411355,182,10
2025-07,2025-08,attention,3,0.028413991355282896,182,10
2025-07,2025-08,attention,4,0.02725409690360694,182,10
2025-07,2025-08,attention,5,0.059461273666559136,182,10
2025-07,2025-08,baseline,1,0.0483449283303308,780,10
2025-07,2025-08,baseline,2,0.04145806287110124,781,10
2025-07,2025-08,baseline,3,0.03592078730070913,780,10
2025-07,2025-08,baseline,4,0.03313551317707023,781,10
2025-07,2025-08,baseline,5,0.04280160131665806,777,10
2025-07,2025-08,information,1,0.013894168614216648,17,10
2025-07,2025-08,information,2,0.07518108835101218,17,10
2025-07,2025-08,information,3,0.0354094798984302,17,10
2025-07,2025-08,information,4,0.028834976347089446,17,10
2025-07,2025-08,information,5,0.03924286029909918,17,10
2025-08,2025-09,attention,1,-0.013513661153878352,165,10
2025-08,2025-09,attention,2,0.01339601699181854,165,10
2025-08,2025-09,attention,3,0.004789550908233205,165,10
2025-08,2025-09,attention,4,0.012904869144882385,165,10
2025-08,2025-09,attention,5,0.014148170392656584,165,10
2025-08,2025-09,baseline,1,-0.0015873717487727992,764,10
2025-08,2025-09,baseline,2,0.004102387633358977,764,10
2025-08,2025-09,baseline,3,0.012889952877052593,765,10
2025-08,2025-09,baseline,4,0.012825522332082102,763,10
2025-08,2025-09,baseline,5,0.022534355689867194,765,10
2025-08,2025-09,information,1,-0.006885377146277856,50,10
2025-08,2025-09,information,2,0.009696435138972977,50,10
2025-08,2025-09,information,3,0.02478204068779365,50,10
2025-08,2025-09,information,4,0.010841165814951816,50,10
2025-08,2025-09,information,5,0.012637324630690868,51,10
2025-09,2025-10,attention,1,-0.022614056775223833,155,10
2025-09,2025-10,attention,2,-0.01812856321406504,155,10
2025-09,2025-10,attention,3,-0.017267449905352804,155,10
2025-09,2025-10,attention,4,-0.02541351543855085,155,10
2025-09,2025-10,attention,5,-0.0388077459661309,155,10
2025-09,2025-10,baseline,1,-0.007080849034577669,811,10
2025-09,2025-10,baseline,2,0.011273254948533783,813,10
2025-09,2025-10,baseline,3,0.011394980961473294,812,10
2025-09,2025-10,baseline,4,0.007564475900466743,813,10
2025-09,2025-10,baseline,5,-0.014101052060542905,813,10
2025-09,2025-10,information,1,-0.03502984948591569,13,10
2025-09,2025-10,information,2,0.003922783066665287,13,10
2025-09,2025-10,information,3,0.020628574812939504,14,10
2025-09,2025-10,information,4,0.03956821984417311,13,10
2025-09,2025-10,information,5,-0.0019492661696079994,14,10
2025-10,2025-11,attention,1,0.03488021579835129,78,10
2025-10,2025-11,attention,2,0.05535340750993189,79,10
2025-10,2025-11,attention,3,0.054454148205542514,78,10
2025-10,2025-11,attention,4,0.018465086199385368,79,10
2025-10,2025-11,attention,5,0.04329500553340192,79,10
2025-10,2025-11,baseline,1,0.01003943462031285,843,10
2025-10,2025-11,baseline,2,0.020230925476625364,845,10
2025-10,2025-11,baseline,3,0.025263869747047005,845,10
2025-10,2025-11,baseline,4,0.029835887794453963,845,10
2025-10,2025-11,baseline,5,0.026433905554869835,845,10
2025-10,2025-11,information,1,0.026588050993997314,58,10
2025-10,2025-11,information,2,0.031360074363351316,58,10
2025-10,2025-11,information,3,0.010315410506859373,58,10
2025-10,2025-11,information,4,0.028373530135898196,58,10
2025-10,2025-11,information,5,0.011067939073908723,58,10
2025-11,2025-12,attention,1,-0.01764583936138215,111,10
2025-11,2025-12,attention,2,-0.01006105672280489,111,10
2025-11,2025-12,attention,3,-0.008188506411594186,112,10
2025-11,2025-12,attention,4,-0.017133243038967925,111,10
2025-11,2025-12,attention,5,-0.01844096533621902,112,10
2025-11,2025-12,baseline,1,0.0008508503376720003,865,10
2025-11,2025-12,baseline,2,-0.002114329524700282,865,10
2025-11,2025-12,baseline,3,-0.006598253137014847,865,10
2025-11,2025-12,baseline,4,-0.010008173328745188,865,10
2025-11,2025-12,baseline,5,-0.020807547610227555,866,10
2025-11,2025-12,information,1,0.085321719776426,5,10
2025-11,2025-12,information,2,-0.029663743938320275,5,10
2025-11,2025-12,information,3,0.0031076811405849245,6,10
2025-11,2025-12,information,4,-0.007881317736273341,5,10
2025-11,2025-12,information,5,-0.03397757297720607,6,10
2025-12,2026-01,attention,1,0.08811039242180005,129,10
2025-12,2026-01,attention,2,0.09739565902249085,129,10
2025-12,2026-01,attention,3,0.08564004923047323,130,10
2025-12,2026-01,attention,4,0.07093481538417147,129,10
2025-12,2026-01,attention,5,0.08951191048102668,130,10
2025-12,2026-01,baseline,1,0.07145594657978221,853,10
2025-12,2026-01,baseline,2,0.0631731495434585,854,10
2025-12,2026-01,baseline,3,0.05743205786872151,854,10
2025-12,2026-01,baseline,4,0.06267677051343273,854,10
2025-12,2026-01,baseline,5,0.08176582185136728,854,10
2025-12,2026-01,information,1,0.04494382022471921,1,10
2025-12,2026-01,information,2,0.08157605220265007,1,10
2025-12,2026-01,information,3,0.04607325443839305,1,10
2025-12,2026-01,information,4,0.034337349397590256,1,10
2025-12,2026-01,information,5,0.009109275388345217,2,10
2026-01,2026-02,attention,1,0.004444147101663541,260,10
2026-01,2026-02,attention,2,0.0024160800694209353,260,10
2026-01,2026-02,attention,3,-0.005355658304035074,261,10
2026-01,2026-02,attention,4,0.0057657625035404305,260,10
2026-01,2026-02,attention,5,0.0026855891836404105,261,10
2026-01,2026-02,baseline,1,0.005632634030614277,700,10
2026-01,2026-02,baseline,2,0.008702654100069988,701,10
2026-01,2026-02,baseline,3,0.004102958316263832,700,10
2026-01,2026-02,baseline,4,0.008343893238844964,701,10
2026-01,2026-02,baseline,5,0.012832711008895707,700,10
2026-01,2026-02,information,1,-0.00569317013791668,24,10
2026-01,2026-02,information,2,-0.0015023384430680852,25,10
2026-01,2026-02,information,3,-0.005322039681871203,24,10
2026-01,2026-02,information,4,0.0011920809239224272,25,10
2026-01,2026-02,information,5,0.011802753008841309,25,10
2026-02,2026-03,attention,1,-0.04074964783138245,103,10
2026-02,2026-03,attention,2,-0.01911567907064127,103,10
2026-02,2026-03,attention,3,-0.02037225349580417,104,10
2026-02,2026-03,attention,4,-0.014237557141145236,103,10
2026-02,2026-03,attention,5,-0.031930041616732914,104,10
2026-02,2026-03,baseline,1,-0.04715996405486328,871,10
2026-02,2026-03,baseline,2,-0.03342873143216677,871,10
2026-02,2026-03,baseline,3,-0.030778087239798087,871,10
2026-02,2026-03,baseline,4,-0.02800507491331007,871,10
2026-02,2026-03,baseline,5,-0.03455611060969686,871,10
2026-02,2026-03,information,1,-0.03438409926495376,10,10
2026-02,2026-03,information,2,-0.08570958565002797,11,10
2026-02,2026-03,information,3,-0.04686296570845862,10,10
2026-02,2026-03,information,4,-0.05221054554972957,11,10
2026-02,2026-03,information,5,-0.004869972810039122,11,10
2026-03,2026-04,attention,1,0.024343143309194515,161,10
2026-03,2026-04,attention,2,0.035713367358724546,161,10
2026-03,2026-04,attention,3,0.02991843673776695,161,10
2026-03,2026-04,attention,4,0.027968184217535257,161,10
2026-03,2026-04,attention,5,0.01687827811487734,161,10
2026-03,2026-04,baseline,1,0.056192521358703784,804,10
2026-03,2026-04,baseline,2,0.04309421408961064,805,10
2026-03,2026-04,baseline,3,0.033849552729400656,805,10
2026-03,2026-04,baseline,4,0.03276716633107998,805,10
2026-03,2026-04,baseline,5,0.03829465854629989,806,10
2026-03,2026-04,information,1,0.07984104408843312,21,10
2026-03,2026-04,information,2,0.07654597726366309,22,10
2026-03,2026-04,information,3,0.032983725504960856,22,10
2026-03,2026-04,information,4,0.023434499344654466,22,10
2026-03,2026-04,information,5,0.04701631500356865,22,10
2026-04,2026-05,attention,1,-0.00036077974294032144,100,10
2026-04,2026-05,attention,2,0.03776273356338062,101,10
2026-04,2026-05,attention,3,0.06993085701000656,101,10
2026-04,2026-05,attention,4,0.07116041822848483,101,10
2026-04,2026-05,attention,5,0.10206718103193742,101,10
2026-04,2026-05,baseline,1,0.01344649911493009,776,10
2026-04,2026-05,baseline,2,0.013395540827926529,779,10
2026-04,2026-05,baseline,3,0.02066592232000896,779,10
2026-04,2026-05,baseline,4,0.03393233253527284,779,10
2026-04,2026-05,baseline,5,0.07710374187211558,779,10
2026-04,2026-05,information,1,0.020279019399635664,111,10
2026-04,2026-05,information,2,0.008226390859061825,111,10
2026-04,2026-05,information,3,0.012413963527278719,111,10
2026-04,2026-05,information,4,0.045938865824553185,111,10
2026-04,2026-05,information,5,0.08548911160735294,112,10
2026-05,2026-06,attention,1,-0.05949445359928415,183,10
2026-05,2026-06,attention,2,-0.03784643383955928,183,10
2026-05,2026-06,attention,3,-0.026768572764963052,184,10
2026-05,2026-06,attention,4,-0.021384334311489565,183,10
2026-05,2026-06,attention,5,-0.0231802582272665,184,10
2026-05,2026-06,baseline,1,-0.034853314139554205,751,10
2026-05,2026-06,baseline,2,-0.03184489268236322,752,10
2026-05,2026-06,baseline,3,-0.02996421675656947,753,10
2026-05,2026-06,baseline,4,-0.03626334192621368,752,10
2026-05,2026-06,baseline,5,-0.041550896934629426,753,10
2026-05,2026-06,information,1,-0.029542540783019273,39,10
2026-05,2026-06,information,2,-0.04873277249934428,39,10
2026-05,2026-06,information,3,-0.020429441526507268,40,10
2026-05,2026-06,information,4,-0.026734724209329014,39,10
2026-05,2026-06,information,5,-0.02240802804539463,40,10
2026-06,2026-07,attention,1,-0.11899572013195236,158,10
2026-06,2026-07,attention,2,-0.07977469420606861,158,10
2026-06,2026-07,attention,3,-0.0383102076732629,158,10
2026-06,2026-07,attention,4,-0.04511657284420945,158,10
2026-06,2026-07,attention,5,-0.08974853597112403,158,10
2026-06,2026-07,baseline,1,-0.07176123959406584,766,10
2026-06,2026-07,baseline,2,-0.03246462649822531,777,10
2026-06,2026-07,baseline,3,-0.005030847647856001,777,10
2026-06,2026-07,baseline,4,-0.010190294756169798,777,10
2026-06,2026-07,baseline,5,-0.04883571942561593,778,10
2026-06,2026-07,information,1,-0.08143147327613696,49,10
2026-06,2026-07,information,2,-0.022707442068428237,49,10
2026-06,2026-07,information,3,-0.0075584795705017195,49,10
2026-06,2026-07,information,4,0.015944375112674374,49,10
2026-06,2026-07,information,5,-0.10372391054982855,49,10
2010-02,2010-03,baseline,1,0.010661155219787099,286,20
2010-02,2010-03,baseline,2,0.02369783927681245,289,20
2010-02,2010-03,baseline,3,0.020688753864387854,287,20
2010-02,2010-03,baseline,4,0.012652194770199538,289,20
2010-02,2010-03,baseline,5,0.023063613797290515,289,20
2010-03,2010-04,baseline,1,-0.05598419704998826,287,20
2010-03,2010-04,baseline,2,-0.04383717169419192,288,20
2010-03,2010-04,baseline,3,-0.035536601751640085,288,20
2010-03,2010-04,baseline,4,-0.04039821872860229,288,20
2010-03,2010-04,baseline,5,-0.035513802952363,288,20
2010-04,2010-05,baseline,1,-0.08499178017082651,287,20
2010-04,2010-05,baseline,2,-0.092503524901734,287,20
2010-04,2010-05,baseline,3,-0.0821378230980674,288,20
2010-04,2010-05,baseline,4,-0.08776501925952158,287,20
2010-04,2010-05,baseline,5,-0.08359248880018372,288,20
2010-06,2010-07,baseline,1,0.16095016219424682,283,20
2010-06,2010-07,baseline,2,0.15477529465066348,283,20
2010-06,2010-07,baseline,3,0.1539582898367693,283,20
2010-06,2010-07,baseline,4,0.14784999182634292,283,20
2010-06,2010-07,baseline,5,0.14337535980486316,284,20
2010-07,2010-08,baseline,1,0.04721320655117039,283,20
2010-07,2010-08,baseline,2,0.0512116383022612,284,20
2010-07,2010-08,baseline,3,0.05040098462958857,283,20
2010-07,2010-08,baseline,4,0.061274692034880694,284,20
2010-07,2010-08,baseline,5,0.06431326206699675,284,20
2010-10,2010-11,baseline,1,-0.009591173082881078,288,20
2010-10,2010-11,baseline,2,0.020852774164636732,289,20
2010-10,2010-11,baseline,3,0.03055342827471752,288,20
2010-10,2010-11,baseline,4,0.04883756192918516,289,20
2010-10,2010-11,baseline,5,0.02241259216449768,289,20
2010-11,2010-12,baseline,1,-0.07081025145115505,296,20
2010-11,2010-12,baseline,2,-0.05598919427602104,296,20
2010-11,2010-12,baseline,3,-0.04984372415614773,297,20
2010-11,2010-12,baseline,4,-0.055290038017962014,296,20
2010-11,2010-12,baseline,5,-0.05528073529106804,297,20
2010-12,2011-01,baseline,1,-0.06581477265392179,303,20
2010-12,2011-01,baseline,2,-0.05689200173587674,303,20
2010-12,2011-01,baseline,3,-0.037106720592630295,303,20
2010-12,2011-01,baseline,4,-0.0411466887864941,303,20
2010-12,2011-01,baseline,5,-0.0393115373474671,303,20
2011-02,2011-03,attention,1,0.022075341338498845,22,20
2011-02,2011-03,attention,2,0.04245909712181791,23,20
2011-02,2011-03,attention,3,0.015559494191087446,22,20
2011-02,2011-03,attention,4,0.0529385498176236,23,20
2011-02,2011-03,attention,5,0.04019191043637173,23,20
2011-02,2011-03,baseline,1,0.031026241873531393,286,20
2011-02,2011-03,baseline,2,0.03685301790361697,289,20
2011-02,2011-03,baseline,3,0.023060904252589717,288,20
2011-02,2011-03,baseline,4,0.03247359949176375,289,20
2011-02,2011-03,baseline,5,0.019724909124678714,289,20
2011-02,2011-03,information,1,-0.02010897741345824,2,20
2011-02,2011-03,information,2,0.013420408003288253,3,20
2011-02,2011-03,information,3,0.05055485886271471,3,20
2011-02,2011-03,information,4,-5.6131562251926503e-05,3,20
2011-02,2011-03,information,5,-0.007833858663126803,3,20
2011-04,2011-05,attention,1,-0.08159785073595689,19,20
2011-04,2011-05,attention,2,-0.06317001842488286,19,20
2011-04,2011-05,attention,3,-0.10030911509803404,20,20
2011-04,2011-05,attention,4,-0.0688705505026698,19,20
2011-04,2011-05,attention,5,-0.06520667103433939,20,20
2011-04,2011-05,baseline,1,-0.09707263712565341,288,20
2011-04,2011-05,baseline,2,-0.09130100678070005,288,20
2011-04,2011-05,baseline,3,-0.09089801556207489,288,20
2011-04,2011-05,baseline,4,-0.08371131509327008,288,20
2011-04,2011-05,baseline,5,-0.08372264117590039,288,20
2011-04,2011-05,information,1,-0.0992760676914656,19,20
2011-04,2011-05,information,2,-0.09867388186426129,19,20
2011-04,2011-05,information,3,-0.08727511679225064,19,20
2011-04,2011-05,information,4,-0.08333673563307589,19,20
2011-04,2011-05,information,5,-0.06189232413911644,19,20
2011-05,2011-06,attention,1,-0.0441629601647689,7,20
2011-05,2011-06,attention,2,-0.023691764813740197,7,20
2011-05,2011-06,attention,3,-0.013684246248282397,7,20
2011-05,2011-06,attention,4,-0.04722187897092166,7,20
2011-05,2011-06,attention,5,-0.015524195987014362,7,20
2011-05,2011-06,baseline,1,0.024962120161857657,316,20
2011-05,2011-06,baseline,2,0.02995027537023534,316,20
2011-05,2011-06,baseline,3,0.01428053109222541,317,20
2011-05,2011-06,baseline,4,0.013704124156279814,316,20
2011-05,2011-06,baseline,5,0.017481358581041485,317,20
2011-05,2011-06,information,1,-0.028439799574480413,6,20
2011-05,2011-06,information,2,0.03853935325344974,7,20
2011-05,2011-06,information,3,0.022315875037517714,6,20
2011-05,2011-06,information,4,0.006286214824134527,7,20
2011-05,2011-06,information,5,-0.012693873936157476,7,20
2011-06,2011-07,attention,1,-0.09777227722772264,1,20
2011-06,2011-07,attention,2,-0.029992107340173657,1,20
2011-06,2011-07,attention,3,-0.04907161803713511,1,20
2011-06,2011-07,attention,4,0.06806482364156352,1,20
2011-06,2011-07,attention,5,-0.05602955160558848,2,20
2011-06,2011-07,baseline,1,0.009150547196032019,332,20
2011-06,2011-07,baseline,2,0.020332625326717337,332,20
2011-06,2011-07,baseline,3,0.03278251981038013,332,20
2011-06,2011-07,baseline,4,0.02262622075192631,332,20
2011-06,2011-07,baseline,5,0.02498672065361638,333,20
2011-06,2011-07,information,1,0.07768259996193194,3,20
2011-06,2011-07,information,2,0.07131034189284446,3,20
2011-06,2011-07,information,3,-0.015146517574753679,3,20
2011-06,2011-07,information,4,-0.061022626929695324,3,20
2011-06,2011-07,information,5,0.04321477869989515,4,20
2011-07,2011-08,attention,1,-0.019933829863877806,10,20
2011-07,2011-08,attention,2,-0.002279310862482031,10,20
2011-07,2011-08,attention,3,-0.0003387390918416979,11,20
2011-07,2011-08,attention,4,-0.014547959524086718,10,20
2011-07,2011-08,attention,5,-0.05812288833001722,11,20
2011-07,2011-08,baseline,1,-0.01832381520566637,322,20
2011-07,2011-08,baseline,2,-0.007918733214704028,322,20
2011-07,2011-08,baseline,3,-0.011539994986900491,322,20
2011-07,2011-08,baseline,4,-0.017520644216601537,323,20
2011-07,2011-08,baseline,5,-0.008576196981089256,323,20
2011-07,2011-08,information,1,-0.02997703410411006,9,20
2011-07,2011-08,information,2,-0.020759092107573186,10,20
2011-07,2011-08,information,3,0.006296034432192987,10,20
2011-07,2011-08,information,4,-0.040795135435182484,10,20
2011-07,2011-08,information,5,0.016327110233638743,10,20
2011-08,2011-09,attention,1,-0.14145950397792714,22,20
2011-08,2011-09,attention,2,-0.14201105303318146,23,20
2011-08,2011-09,attention,3,-0.13514721592290402,22,20
2011-08,2011-09,attention,4,-0.12562997846845142,23,20
2011-08,2011-09,attention,5,-0.10916453154865038,23,20
2011-08,2011-09,baseline,1,-0.12803340444919092,312,20
2011-08,2011-09,baseline,2,-0.11720974374146036,312,20
2011-08,2011-09,baseline,3,-0.1116682963700357,312,20
2011-08,2011-09,baseline,4,-0.11240603308651154,312,20
2011-08,2011-09,baseline,5,-0.1098407185143913,311,20
2011-08,2011-09,information,1,-0.13684292635959688,15,20
2011-08,2011-09,information,2,-0.11811135180271774,15,20
2011-08,2011-09,information,3,-0.099680586867789,16,20
2011-08,2011-09,information,4,-0.11430833314710283,15,20
2011-08,2011-09,information,5,-0.10277218403277136,16,20
2011-10,2011-11,attention,1,-0.07497422132677696,13,20
2011-10,2011-11,attention,2,-0.002420698460461155,13,20
2011-10,2011-11,attention,3,-0.0215833953194625,14,20
2011-10,2011-11,attention,4,-0.029409677791631353,13,20
2011-10,2011-11,attention,5,-0.006537589307547276,14,20
2011-10,2011-11,baseline,1,-0.018467280311152294,333,20
2011-10,2011-11,baseline,2,-0.014932608888198822,333,20
2011-10,2011-11,baseline,3,-0.015483833818443659,333,20
2011-10,2011-11,baseline,4,-0.014816800011527437,333,20
2011-10,2011-11,baseline,5,-0.01018998538102559,333,20
2011-10,2011-11,information,1,-0.00802513342194088,13,20
2011-10,2011-11,information,2,-0.01107968163466728,14,20
2011-10,2011-11,information,3,-0.01752021851861677,13,20
2011-10,2011-11,information,4,-0.006261770037688122,14,20
2011-10,2011-11,information,5,-0.017460831998486488,14,20
2011-11,2011-12,attention,1,-0.17328698761616843,43,20
2011-11,2011-12,attention,2,-0.19026236591888568,44,20
2011-11,2011-12,attention,3,-0.17406799896071218,43,20
2011-11,2011-12,attention,4,-0.1540472045016682,44,20
2011-11,2011-12,attention,5,-0.1589815736548141,44,20
2011-11,2011-12,baseline,1,-0.1674866698183375,321,20
2011-11,2011-12,baseline,2,-0.16338840005630786,321,20
2011-11,2011-12,baseline,3,-0.1579008673903206,321,20
2011-11,2011-12,baseline,4,-0.15752175213657726,321,20
2011-11,2011-12,baseline,5,-0.15543745456956923,322,20
2011-11,2011-12,information,1,-0.122191011235955,1,20
2011-11,2011-12,information,2,-0.27284595300261094,1,20
2011-11,2011-12,information,3,-0.22303092834767047,2,20
2011-11,2011-12,information,4,-0.3726899383983573,1,20
2011-11,2011-12,information,5,-0.16408092442949296,2,20
2012-01,2012-02,attention,1,0.15088474049531259,13,20
2012-01,2012-02,attention,2,0.13294584608926013,14,20
2012-01,2012-02,attention,3,0.10511300616521882,13,20
2012-01,2012-02,attention,4,0.11162543807700577,14,20
2012-01,2012-02,attention,5,0.07102053334055536,14,20
2012-01,2012-02,baseline,1,0.16614539992393149,360,20
2012-01,2012-02,baseline,2,0.14909742217170685,360,20
2012-01,2012-02,baseline,3,0.1436366064559471,360,20
2012-01,2012-02,baseline,4,0.13040450960748273,360,20
2012-01,2012-02,baseline,5,0.13769128385759605,361,20
2012-01,2012-02,information,1,0.2447780427726962,6,20
2012-01,2012-02,information,2,0.1534771159610161,6,20
2012-01,2012-02,information,3,0.1647223888939263,6,20
2012-01,2012-02,information,4,0.11157947740202905,6,20
2012-01,2012-02,information,5,0.10856380452700953,6,20
2012-02,2012-03,attention,1,-0.05572456401735572,42,20
2012-02,2012-03,attention,2,-0.06250151209083815,43,20
2012-02,2012-03,attention,3,-0.05839134812206635,43,20
2012-02,2012-03,attention,4,-0.06008929097886275,43,20
2012-02,2012-03,attention,5,-0.053262638094158994,43,20
2012-02,2012-03,baseline,1,-0.06839989190219305,337,20
2012-02,2012-03,baseline,2,-0.04858890075329194,337,20
2012-02,2012-03,baseline,3,-0.049060097761011764,337,20
2012-02,2012-03,baseline,4,-0.0503505336463721,337,20
2012-02,2012-03,baseline,5,-0.044605352452605086,335,20
2012-02,2012-03,information,1,-0.024831557016426475,5,20
2012-02,2012-03,information,2,-0.018208386414406252,6,20
2012-02,2012-03,information,3,-0.04809865912796314,5,20
2012-02,2012-03,information,4,0.010223241669166883,6,20
2012-02,2012-03,information,5,0.07910635661161342,6,20
2012-04,2012-05,attention,1,-0.026671609927538257,25,20
2012-04,2012-05,attention,2,-0.0006422241049943355,25,20
2012-04,2012-05,attention,3,-0.019137291910159254,25,20
2012-04,2012-05,attention,4,0.0014101816670386612,25,20
2012-04,2012-05,attention,5,0.0016908177612444887,26,20
2012-04,2012-05,baseline,1,0.01047818519993415,335,20
2012-04,2012-05,baseline,2,0.023580086962664417,335,20
2012-04,2012-05,baseline,3,0.019632490426832815,335,20
2012-04,2012-05,baseline,4,0.01913153945928598,335,20
2012-04,2012-05,baseline,5,0.02423778334278494,336,20
2012-04,2012-05,information,1,0.01445111842139608,35,20
2012-04,2012-05,information,2,-0.0002857903830664548,35,20
2012-04,2012-05,information,3,0.008104035689949732,35,20
2012-04,2012-05,information,4,0.03160949518537072,35,20
2012-04,2012-05,information,5,0.006280620062953661,35,20
2012-05,2012-06,attention,1,-0.05875405108618005,18,20
2012-05,2012-06,attention,2,-0.06076842785442145,19,20
2012-05,2012-06,attention,3,-0.04309962573481773,19,20
2012-05,2012-06,attention,4,-0.035878251236583426,19,20
2012-05,2012-06,attention,5,-0.05969492860008868,19,20
2012-05,2012-06,baseline,1,-0.07393232279543788,371,20
2012-05,2012-06,baseline,2,-0.06413875617574245,372,20
2012-05,2012-06,baseline,3,-0.06149052803792389,371,20
2012-05,2012-06,baseline,4,-0.06336427225658278,372,20
2012-05,2012-06,baseline,5,-0.05575295024995532,372,20
2012-05,2012-06,information,1,-0.06993500020888022,10,20
2012-05,2012-06,information,2,-0.0669426938653521,11,20
2012-05,2012-06,information,3,-0.056602751350010715,11,20
2012-05,2012-06,information,4,-0.05225761883126306,11,20
2012-05,2012-06,information,5,-0.06679937765838433,11,20
2012-06,2012-07,attention,1,-0.07587263647843774,7,20
2012-06,2012-07,attention,2,-0.061543120296117984,7,20
2012-06,2012-07,attention,3,-0.10428424913085081,7,20
2012-06,2012-07,attention,4,-0.06502646368090073,7,20
2012-06,2012-07,attention,5,-0.09142187254262989,8,20
2012-06,2012-07,baseline,1,-0.055499933788137716,393,20
2012-06,2012-07,baseline,2,-0.0511844330554119,393,20
2012-06,2012-07,baseline,3,-0.05750666604282257,393,20
2012-06,2012-07,baseline,4,-0.04350381875828238,393,20
2012-06,2012-07,baseline,5,-0.054649971000753736,394,20
2012-06,2012-07,information,1,-0.02277943024044428,8,20
2012-06,2012-07,information,2,-0.10240048838925499,8,20
2012-06,2012-07,information,3,-0.027795709647283853,8,20
2012-06,2012-07,information,4,-0.094622946923908,8,20
2012-06,2012-07,information,5,-0.07143566864454726,9,20
2012-07,2012-08,attention,1,0.045509644441952005,10,20
2012-07,2012-08,attention,2,0.0797443219378664,11,20
2012-07,2012-08,attention,3,0.020767226862847023,10,20
2012-07,2012-08,attention,4,0.002965501356415732,11,20
2012-07,2012-08,attention,5,0.0361777177963871,11,20
2012-07,2012-08,baseline,1,0.04292558405806388,376,20
2012-07,2012-08,baseline,2,0.03244059309304216,376,20
2012-07,2012-08,baseline,3,0.03192926073163666,376,20
2012-07,2012-08,baseline,4,0.030388425396220473,376,20
2012-07,2012-08,baseline,5,0.02869796883038513,376,20
2012-07,2012-08,information,1,0.05527035912977647,27,20
2012-07,2012-08,information,2,0.010080522425112478,28,20
2012-07,2012-08,information,3,-0.01759624316296979,27,20
2012-07,2012-08,information,4,0.04200367400350402,28,20
2012-07,2012-08,information,5,0.03594515872978026,28,20
2012-08,2012-09,attention,1,-0.025679340418434463,32,20
2012-08,2012-09,attention,2,-0.010519527698963343,32,20
2012-08,2012-09,attention,3,-0.007328233642452647,32,20
2012-08,2012-09,attention,4,0.011352077135211875,32,20
2012-08,2012-09,attention,5,-0.001633193426240414,33,20
2012-08,2012-09,baseline,1,0.00814866962178572,371,20
2012-08,2012-09,baseline,2,0.02149105868460224,371,20
2012-08,2012-09,baseline,3,0.019170962208848397,370,20
2012-08,2012-09,baseline,4,0.01421421330232759,371,20
2012-08,2012-09,baseline,5,0.013392075029448357,370,20
2012-08,2012-09,information,1,-0.010783178993647257,20,20
2012-08,2012-09,information,2,0.029182688448074912,20,20
2012-08,2012-09,information,3,0.009172498313192745,20,20
2012-08,2012-09,information,4,0.0036425335411373995,20,20
2012-08,2012-09,information,5,-0.0020974262773457548,21,20
2012-10,2012-11,attention,1,-0.12464907239126403,45,20
2012-10,2012-11,attention,2,-0.086567534847114,45,20
2012-10,2012-11,attention,3,-0.10485204723911082,45,20
2012-10,2012-11,attention,4,-0.09453322342563407,45,20
2012-10,2012-11,attention,5,-0.11515374780362361,45,20
2012-10,2012-11,baseline,1,-0.13057995386452162,367,20
2012-10,2012-11,baseline,2,-0.11953284927781284,368,20
2012-10,2012-11,baseline,3,-0.11063035601531324,368,20
2012-10,2012-11,baseline,4,-0.10464063225430607,368,20
2012-10,2012-11,baseline,5,-0.10565399167929007,368,20
2012-10,2012-11,information,1,-0.11967899246700656,18,20
2012-10,2012-11,information,2,-0.08197351540997785,18,20
2012-10,2012-11,information,3,-0.11274835091859334,18,20
2012-10,2012-11,information,4,-0.08550554324946741,18,20
2012-10,2012-11,information,5,-0.0806115162448052,19,20
2012-11,2012-12,attention,1,0.13455774178877908,42,20
2012-11,2012-12,attention,2,0.14837824092752724,42,20
2012-11,2012-12,attention,3,0.1284321985045,42,20
2012-11,2012-12,attention,4,0.13207380612815334,42,20
2012-11,2012-12,attention,5,0.10963711823092824,42,20
2012-11,2012-12,baseline,1,0.16211386575014278,393,20
2012-11,2012-12,baseline,2,0.1601390576245186,394,20
2012-11,2012-12,baseline,3,0.15999121599650312,394,20
2012-11,2012-12,baseline,4,0.15347769068706277,394,20
2012-11,2012-12,baseline,5,0.1435431517234266,394,20
2012-11,2012-12,information,2,0.17034700315457396,1,20
2012-11,2012-12,information,4,0.0858369098712446,1,20
2012-11,2012-12,information,5,0.19075144508670516,1,20
2012-12,2013-01,attention,1,0.05383100125275805,89,20
2012-12,2013-01,attention,2,0.04893060899378,89,20
2012-12,2013-01,attention,3,0.050625580712852426,89,20
2012-12,2013-01,attention,4,0.04557001867009559,89,20
2012-12,2013-01,attention,5,0.06863784263915472,90,20
2012-12,2013-01,baseline,1,0.04819714671104882,350,20
2012-12,2013-01,baseline,2,0.06848252320652382,350,20
2012-12,2013-01,baseline,3,0.07051711558372084,350,20
2012-12,2013-01,baseline,4,0.06961556258462773,350,20
2012-12,2013-01,baseline,5,0.07762012539821969,350,20
2012-12,2013-01,information,3,0.2239280042350451,1,20
2012-12,2013-01,information,5,0.03353658536585358,1,20
2013-02,2013-03,attention,1,-0.03911052622687258,89,20
2013-02,2013-03,attention,2,-0.04421498033595456,90,20
2013-02,2013-03,attention,3,-0.04047394242074985,89,20
2013-02,2013-03,attention,4,-0.06185031463919945,90,20
2013-02,2013-03,attention,5,-0.044221565409232076,90,20
2013-02,2013-03,baseline,1,-0.041409227547563966,344,20
2013-02,2013-03,baseline,2,-0.026177753418145173,344,20
2013-02,2013-03,baseline,3,-0.041272986403259694,344,20
2013-02,2013-03,baseline,4,-0.039902335821402825,344,20
2013-02,2013-03,baseline,5,-0.027611997342727925,345,20
2013-02,2013-03,information,1,0.01637829410071918,10,20
2013-02,2013-03,information,2,-0.043789915707224014,11,20
2013-02,2013-03,information,3,-0.04020656989641383,11,20
2013-02,2013-03,information,4,-0.01037248991089384,11,20
2013-02,2013-03,information,5,-0.01602892230330273,11,20
2013-04,2013-05,attention,1,0.1193007531682106,30,20
2013-04,2013-05,attention,2,0.15845252278087227,31,20
2013-04,2013-05,attention,3,0.1140768284345046,31,20
2013-04,2013-05,attention,4,0.14373808416129066,31,20
2013-04,2013-05,attention,5,0.16774022258478422,31,20
2013-04,2013-05,baseline,1,0.1556103888034934,374,20
2013-04,2013-05,baseline,2,0.15103358020312757,375,20
2013-04,2013-05,baseline,3,0.14496301138760082,375,20
2013-04,2013-05,baseline,4,0.13820361517508473,375,20
2013-04,2013-05,baseline,5,0.14019599303983937,375,20
2013-04,2013-05,information,1,0.20289547138046135,49,20
2013-04,2013-05,information,2,0.18890019802987737,49,20
2013-04,2013-05,information,3,0.11115884953097423,49,20
2013-04,2013-05,information,4,0.13260447671862735,49,20
2013-04,2013-05,information,5,0.13707448725353186,50,20
2013-06,2013-07,attention,1,0.14602133774979567,60,20
2013-06,2013-07,attention,2,0.0969967961438582,60,20
2013-06,2013-07,attention,3,0.06593573154534461,61,20
2013-06,2013-07,attention,4,0.0676596368918644,60,20
2013-06,2013-07,attention,5,0.037756090179809555,61,20
2013-06,2013-07,baseline,1,0.11752673861297379,382,20
2013-06,2013-07,baseline,2,0.10466440514257608,382,20
2013-06,2013-07,baseline,3,0.08023131327857641,383,20
2013-06,2013-07,baseline,4,0.07176696084611492,382,20
2013-06,2013-07,baseline,5,0.05363956866045452,382,20
2013-06,2013-07,information,1,0.15169609255840863,19,20
2013-06,2013-07,information,2,0.10471427231612088,19,20
2013-06,2013-07,information,3,0.05142572794048315,20,20
2013-06,2013-07,information,4,0.034342948766725806,19,20
2013-06,2013-07,information,5,0.04323596263053277,20,20
2013-07,2013-08,attention,1,0.09935488002388493,82,20
2013-07,2013-08,attention,2,0.09316590106080035,82,20
2013-07,2013-08,attention,3,0.09285228284421236,83,20
2013-07,2013-08,attention,4,0.11605421454557224,82,20
2013-07,2013-08,attention,5,0.1054334167205571,83,20
2013-07,2013-08,baseline,1,0.09324069188618263,362,20
2013-07,2013-08,baseline,2,0.0923575857860938,363,20
2013-07,2013-08,baseline,3,0.1097495742562912,362,20
2013-07,2013-08,baseline,4,0.10030510550894857,363,20
2013-07,2013-08,baseline,5,0.09645006227270475,362,20
2013-07,2013-08,information,1,0.09096780203463588,22,20
2013-07,2013-08,information,2,0.09228292053565773,22,20
2013-07,2013-08,information,3,0.05749220816199538,22,20
2013-07,2013-08,information,4,0.11073223277217471,22,20
2013-07,2013-08,information,5,0.05298318911013217,23,20
2013-10,2013-11,attention,1,0.04325016466015216,70,20
2013-10,2013-11,attention,2,0.04896824115103709,70,20
2013-10,2013-11,attention,3,0.0912625097529171,70,20
2013-10,2013-11,attention,4,0.06334851947581152,70,20
2013-10,2013-11,attention,5,0.07018257582861784,71,20
2013-10,2013-11,baseline,1,0.07802588766059221,363,20
2013-10,2013-11,baseline,2,0.07967342899808409,364,20
2013-10,2013-11,baseline,3,0.07292148281191106,363,20
2013-10,2013-11,baseline,4,0.08784794223904559,364,20
2013-10,2013-11,baseline,5,0.0821083929964948,364,20
2013-10,2013-11,information,1,0.057260764782680586,38,20
2013-10,2013-11,information,2,0.07308950927233736,38,20
2013-10,2013-11,information,3,0.061836716628196425,38,20
2013-10,2013-11,information,4,0.05468326432520323,38,20
2013-10,2013-11,information,5,0.06847286707027986,39,20
2013-11,2013-12,attention,1,-0.06395436089531771,52,20
2013-11,2013-12,attention,2,-0.020056487977973665,53,20
2013-11,2013-12,attention,3,-0.02178296561353637,53,20
2013-11,2013-12,attention,4,-0.0020044888306422134,53,20
2013-11,2013-12,attention,5,-0.05737049524898085,53,20
2013-11,2013-12,baseline,1,-0.06160640544706898,417,20
2013-11,2013-12,baseline,2,-0.03606718777074424,418,20
2013-11,2013-12,baseline,3,-0.02809426380114337,417,20
2013-11,2013-12,baseline,4,-0.026613162740749704,418,20
2013-11,2013-12,baseline,5,-0.04204183530783063,418,20
2013-11,2013-12,information,2,-0.1530782029950083,1,20
2013-11,2013-12,information,4,-0.09685863874345557,1,20
2013-11,2013-12,information,5,0.024285714285714244,1,20
2013-12,2014-01,attention,1,0.02969784804910637,66,20
2013-12,2014-01,attention,2,0.03587455194239753,66,20
2013-12,2014-01,attention,3,0.017509737410391572,66,20
2013-12,2014-01,attention,4,-0.00956040587433077,66,20
2013-12,2014-01,attention,5,-0.012293302981402012,67,20
2013-12,2014-01,baseline,1,0.08911720016004847,405,20
2013-12,2014-01,baseline,2,0.03316044707556799,406,20
2013-12,2014-01,baseline,3,0.014339399588398869,405,20
2013-12,2014-01,baseline,4,-0.001730720581477888,406,20
2013-12,2014-01,baseline,5,0.006303941861669992,406,20
2013-12,2014-01,information,5,0.046782823432569565,1,20
2014-02,2014-03,attention,1,-0.016097194566922265,70,20
2014-02,2014-03,attention,2,-0.023939000400315612,70,20
2014-02,2014-03,attention,3,0.002416335762586105,70,20
2014-02,2014-03,attention,4,-0.022809556338340732,70,20
2014-02,2014-03,attention,5,-0.03683910172021077,70,20
2014-02,2014-03,baseline,1,-0.04171201773703109,388,20
2014-02,2014-03,baseline,2,-0.012692071611113548,388,20
2014-02,2014-03,baseline,3,-0.002854982998349035,389,20
2014-02,2014-03,baseline,4,0.0007293601388626773,388,20
2014-02,2014-03,baseline,5,-0.03670491896907365,389,20
2014-02,2014-03,information,1,-0.06414795515989474,9,20
2014-02,2014-03,information,2,-0.031427063646382564,9,20
2014-02,2014-03,information,3,-0.018226036926884896,9,20
2014-02,2014-03,information,4,-0.0008461587392681263,9,20
2014-02,2014-03,information,5,-0.034064278541451234,10,20
2014-03,2014-04,attention,1,-0.020986084862315974,69,20
2014-03,2014-04,attention,2,-0.032101216884842534,69,20
2014-03,2014-04,attention,3,-0.03958255538358913,69,20
2014-03,2014-04,attention,4,-0.0011274939658799262,69,20
2014-03,2014-04,attention,5,-0.0357716733678641,70,20
2014-03,2014-04,baseline,1,-0.03298588694308536,390,20
2014-03,2014-04,baseline,2,-0.02303865827726224,390,20
2014-03,2014-04,baseline,3,-0.016745114288232613,390,20
2014-03,2014-04,baseline,4,-0.01944423426081465,390,20
2014-03,2014-04,baseline,5,-0.01679661109907245,390,20
2014-03,2014-04,information,1,-0.06296654452593317,11,20
2014-03,2014-04,information,2,-0.0017264637928765738,11,20
2014-03,2014-04,information,3,-0.04026376169773918,11,20
2014-03,2014-04,information,4,-0.009152143014965213,11,20
2014-03,2014-04,information,5,-0.054023329518723046,11,20
2014-04,2014-05,attention,1,-0.0005240302202985191,38,20
2014-04,2014-05,attention,2,0.015279014957332472,39,20
2014-04,2014-05,attention,3,0.005121589566130212,38,20
2014-04,2014-05,attention,4,0.014361686738905838,39,20
2014-04,2014-05,attention,5,0.00943173264166207,39,20
2014-04,2014-05,baseline,1,0.04174038558358563,404,20
2014-04,2014-05,baseline,2,0.026926558263309423,405,20
2014-04,2014-05,baseline,3,0.03244553538212102,404,20
2014-04,2014-05,baseline,4,0.025130713804555165,405,20
2014-04,2014-05,baseline,5,0.025275654041131607,405,20
2014-04,2014-05,information,1,0.0007202375164165644,23,20
2014-04,2014-05,information,2,0.0114895704869264,23,20
2014-04,2014-05,information,3,0.04093080229908182,23,20
2014-04,2014-05,information,4,0.01793385963309817,23,20
2014-04,2014-05,information,5,0.038887685891459724,23,20
2014-05,2014-06,attention,1,0.0011741742064481126,28,20
2014-05,2014-06,attention,2,0.029657639392802648,28,20
2014-05,2014-06,attention,3,-0.005274276078653223,29,20
2014-05,2014-06,attention,4,0.059099174942309304,28,20
2014-05,2014-06,attention,5,0.047365059781812276,29,20
2014-05,2014-06,baseline,1,0.053882000330210525,424,20
2014-05,2014-06,baseline,2,0.050051457016951774,425,20
2014-05,2014-06,baseline,3,0.04286429846587265,425,20
2014-05,2014-06,baseline,4,0.04269768821483537,425,20
2014-05,2014-06,baseline,5,0.05217025112711344,425,20
2014-05,2014-06,information,1,-0.025322709831087042,5,20
2014-05,2014-06,information,2,0.024716505192765293,5,20
2014-05,2014-06,information,3,0.032026393628802975,5,20
2014-05,2014-06,information,4,0.09931104434786116,5,20
2014-05,2014-06,information,5,0.016707480414059117,5,20
2014-06,2014-07,attention,1,0.07251978078609889,40,20
2014-06,2014-07,attention,2,0.05244160364096404,40,20
2014-06,2014-07,attention,3,0.03862327352502304,40,20
2014-06,2014-07,attention,4,0.05548620496905547,40,20
2014-06,2014-07,attention,5,0.039424404923347214,40,20
2014-06,2014-07,baseline,1,0.04231097313412249,415,20
2014-06,2014-07,baseline,2,0.06038432384863856,415,20
2014-06,2014-07,baseline,3,0.06074745353643386,415,20
2014-06,2014-07,baseline,4,0.05521816121694974,415,20
2014-06,2014-07,baseline,5,0.038888874397126114,415,20
2014-06,2014-07,information,1,0.09533695551442475,5,20
2014-06,2014-07,information,2,0.04499588318771167,6,20
2014-06,2014-07,information,3,0.09789871138472783,6,20
2014-06,2014-07,information,4,0.03829112041466509,6,20
2014-06,2014-07,information,5,0.02145630968468491,6,20
2014-07,2014-08,attention,1,0.019735732766967978,74,20
2014-07,2014-08,attention,2,0.0355498990775743,75,20
2014-07,2014-08,attention,3,0.029028321855558013,74,20
2014-07,2014-08,attention,4,0.015069351897655035,75,20
2014-07,2014-08,attention,5,0.017845313040770912,75,20
2014-07,2014-08,baseline,1,0.04009200375337873,376,20
2014-07,2014-08,baseline,2,0.05761766414409126,376,20
2014-07,2014-08,baseline,3,0.04906589137736756,377,20
2014-07,2014-08,baseline,4,0.03916790610476754,376,20
2014-07,2014-08,baseline,5,0.049183239064974536,377,20
2014-07,2014-08,information,1,0.039819088237571965,11,20
2014-07,2014-08,information,2,0.06309680965608715,11,20
2014-07,2014-08,information,3,0.07165493605708342,11,20
2014-07,2014-08,information,4,0.008145172869204848,11,20
2014-07,2014-08,information,5,0.03895556497429116,11,20
2014-08,2014-09,attention,1,0.12510594138021217,69,20
2014-08,2014-09,attention,2,0.1541061362126733,69,20
2014-08,2014-09,attention,3,0.16128399205447946,70,20
2014-08,2014-09,attention,4,0.12044783323731428,69,20
2014-08,2014-09,attention,5,0.09474652717377587,70,20
2014-08,2014-09,baseline,1,0.13213221244876508,374,20
2014-08,2014-09,baseline,2,0.14038573346420277,375,20
2014-08,2014-09,baseline,3,0.12760967019268846,374,20
2014-08,2014-09,baseline,4,0.11227001461500404,375,20
2014-08,2014-09,baseline,5,0.11957720562857774,375,20
2014-08,2014-09,information,1,0.148891751728492,16,20
2014-08,2014-09,information,2,0.11347829165775324,17,20
2014-08,2014-09,information,3,0.1142106964913021,17,20
2014-08,2014-09,information,4,0.14880944608806007,17,20
2014-08,2014-09,information,5,0.12727312566764065,17,20
2014-10,2014-11,attention,1,0.0873893528677324,55,20
2014-10,2014-11,attention,2,0.05228152323879985,55,20
2014-10,2014-11,attention,3,0.08752043163018407,55,20
2014-10,2014-11,attention,4,0.04667693312139407,55,20
2014-10,2014-11,attention,5,0.05683188435341687,56,20
2014-10,2014-11,baseline,1,0.04598201182484613,370,20
2014-10,2014-11,baseline,2,0.06272529048801828,370,20
2014-10,2014-11,baseline,3,0.05787903166099857,370,20
2014-10,2014-11,baseline,4,0.05064805916743454,370,20
2014-10,2014-11,baseline,5,0.05826748494942865,370,20
2014-10,2014-11,information,1,0.0905447161645183,30,20
2014-10,2014-11,information,2,0.05671044865606357,30,20
2014-10,2014-11,information,3,0.09855113685425891,31,20
2014-10,2014-11,information,4,0.08161035125630399,30,20
2014-10,2014-11,information,5,0.08688050519286775,31,20
2014-11,2014-12,attention,1,0.025080597811287356,83,20
2014-11,2014-12,attention,2,0.059631424520189595,84,20
2014-11,2014-12,attention,3,0.036366819418234976,84,20
2014-11,2014-12,attention,4,0.13170158709071286,84,20
2014-11,2014-12,attention,5,0.1711148267414054,84,20
2014-11,2014-12,baseline,1,-0.05016978672694211,369,20
2014-11,2014-12,baseline,2,-0.05337634284171975,369,20
2014-11,2014-12,baseline,3,-0.03859819921767082,369,20
2014-11,2014-12,baseline,4,-0.014856724800819525,369,20
2014-11,2014-12,baseline,5,0.011808009597230296,369,20
2014-11,2014-12,information,1,0.11377185118780819,2,20
2014-11,2014-12,information,2,0.14706639217704576,2,20
2014-11,2014-12,information,3,0.09973951032613765,2,20
2014-11,2014-12,information,4,0.09637740323866184,2,20
2014-11,2014-12,information,5,0.11402938010168658,3,20
2014-12,2015-01,attention,1,0.009956132294970124,118,20
2014-12,2015-01,attention,2,0.015510059885979496,118,20
2014-12,2015-01,attention,3,0.018205323248957905,118,20
2014-12,2015-01,attention,4,0.04003311036635733,118,20
2014-12,2015-01,attention,5,0.01048063512386063,118,20
2014-12,2015-01,baseline,1,0.10055287300198616,340,20
2014-12,2015-01,baseline,2,0.08094428917282422,341,20
2014-12,2015-01,baseline,3,0.09451571609939617,340,20
2014-12,2015-01,baseline,4,0.08719955776998031,341,20
2014-12,2015-01,baseline,5,0.09765401617388383,340,20
2014-12,2015-01,information,1,-0.06418485237483951,1,20
2014-12,2015-01,information,2,0.02195451607216309,2,20
2014-12,2015-01,information,3,0.0,1,20
2014-12,2015-01,information,4,0.12582744128205392,2,20
2014-12,2015-01,information,5,0.03416488983653165,2,20
2015-02,2015-03,attention,1,0.22506845930709898,18,20
2015-02,2015-03,attention,2,0.17897826257667696,19,20
2015-02,2015-03,attention,3,0.17033060744606973,18,20
2015-02,2015-03,attention,4,0.1674850134320701,19,20
2015-02,2015-03,attention,5,0.15784867715400605,19,20
2015-02,2015-03,baseline,1,0.21516244218636515,429,20
2015-02,2015-03,baseline,2,0.22367911829073384,430,20
2015-02,2015-03,baseline,3,0.22127803992118078,429,20
2015-02,2015-03,baseline,4,0.20472187561698466,430,20
2015-02,2015-03,baseline,5,0.20642136719258983,430,20
2015-02,2015-03,information,1,0.17920706359669875,10,20
2015-02,2015-03,information,2,0.14060190912643492,10,20
2015-02,2015-03,information,3,0.16379701460897214,10,20
2015-02,2015-03,information,4,0.18365035072860908,10,20
2015-02,2015-03,information,5,0.32725715707716435,11,20
2015-03,2015-04,attention,1,0.16778099285041348,109,20
2015-03,2015-04,attention,2,0.14348474097948619,109,20
2015-03,2015-04,attention,3,0.14824515427732576,110,20
2015-03,2015-04,attention,4,0.16474723295698906,109,20
2015-03,2015-04,attention,5,0.14425663956508,110,20
2015-03,2015-04,baseline,1,0.1597077207518309,333,20
2015-03,2015-04,baseline,2,0.1634862340870248,334,20
2015-03,2015-04,baseline,3,0.16298307522411482,334,20
2015-03,2015-04,baseline,4,0.16573305027936738,334,20
2015-03,2015-04,baseline,5,0.17805833426661788,334,20
2015-03,2015-04,information,1,0.1612567539384276,20,20
2015-03,2015-04,information,2,0.1527803447220936,20,20
2015-03,2015-04,information,3,0.14733082798521285,20,20
2015-03,2015-04,information,4,0.17296417720069818,20,20
2015-03,2015-04,information,5,0.17934403169556928,21,20
2015-04,2015-05,attention,1,0.20704852889697298,98,20
2015-04,2015-05,attention,2,0.19810907175920017,99,20
2015-04,2015-05,attention,3,0.22270598577586612,98,20
2015-04,2015-05,attention,4,0.1791524719529999,99,20
2015-04,2015-05,attention,5,0.15975710481577865,99,20
2015-04,2015-05,baseline,1,0.24261497210755623,318,20
2015-04,2015-05,baseline,2,0.2595631857956684,318,20
2015-04,2015-05,baseline,3,0.22686731724869,319,20
2015-04,2015-05,baseline,4,0.23199382840257388,318,20
2015-04,2015-05,baseline,5,0.2616486227999647,317,20
2015-04,2015-05,information,1,0.2752107780739253,47,20
2015-04,2015-05,information,2,0.28394929643625044,47,20
2015-04,2015-05,information,3,0.24324241996327522,47,20
2015-04,2015-05,information,4,0.22449782135303517,47,20
2015-04,2015-05,information,5,0.2261174056837891,47,20
2015-05,2015-06,attention,1,-0.12069063342219863,40,20
2015-05,2015-06,attention,2,-0.10289440762829719,41,20
2015-05,2015-06,attention,3,-0.062448697586547045,40,20
2015-05,2015-06,attention,4,-0.08743049087247383,41,20
2015-05,2015-06,attention,5,-0.17218565527688917,41,20
2015-05,2015-06,baseline,1,-0.1613127981470547,397,20
2015-05,2015-06,baseline,2,-0.12214191231067204,398,20
2015-05,2015-06,baseline,3,-0.1258553463715641,399,20
2015-05,2015-06,baseline,4,-0.13742484144720207,398,20
2015-05,2015-06,baseline,5,-0.16126351961100902,399,20
2015-05,2015-06,information,1,-0.13563452922604188,17,20
2015-05,2015-06,information,2,-0.0645682655377981,17,20
2015-05,2015-06,information,3,-0.0506050134075625,17,20
2015-05,2015-06,information,4,-0.11114771894398856,17,20
2015-05,2015-06,information,5,-0.24382086863761507,17,20
2015-06,2015-07,attention,1,-0.23723915779938048,21,20
2015-06,2015-07,attention,2,-0.21477946543367896,22,20
2015-06,2015-07,attention,3,-0.20557225550872957,22,20
2015-06,2015-07,attention,4,-0.1950155295735372,22,20
2015-06,2015-07,attention,5,-0.11721032749825187,22,20
2015-06,2015-07,baseline,1,-0.21215639158857094,405,20
2015-06,2015-07,baseline,2,-0.19882873952613,406,20
2015-06,2015-07,baseline,3,-0.19422579305086599,405,20
2015-06,2015-07,baseline,4,-0.17376344974512042,406,20
2015-06,2015-07,baseline,5,-0.13875594560663732,405,20
2015-06,2015-07,information,1,-0.1964796266382017,24,20
2015-06,2015-07,information,2,-0.23207615998801287,24,20
2015-06,2015-07,information,3,-0.2124791991747387,24,20
2015-06,2015-07,information,4,-0.19596217198199392,24,20
2015-06,2015-07,information,5,-0.1282570001064725,25,20
2015-07,2015-08,attention,1,-0.12833669166393233,12,20
2015-07,2015-08,attention,2,-0.06522518318608227,12,20
2015-07,2015-08,attention,3,-0.05013857474704195,12,20
2015-07,2015-08,attention,4,-0.12268043719340997,12,20
2015-07,2015-08,attention,5,-0.10866039123442328,12,20
2015-07,2015-08,baseline,1,-0.09009888150506833,392,20
2015-07,2015-08,baseline,2,-0.09047406808040365,392,20
2015-07,2015-08,baseline,3,-0.09237952579395939,392,20
2015-07,2015-08,baseline,4,-0.09777003135042459,392,20
2015-07,2015-08,baseline,5,-0.1206838413749392,392,20
2015-07,2015-08,information,1,-0.08416302013564528,33,20
2015-07,2015-08,information,2,-0.12730638614522657,33,20
2015-07,2015-08,information,3,-0.049415465442978604,33,20
2015-07,2015-08,information,4,-0.0946021909672749,33,20
2015-07,2015-08,information,5,-0.12576306791821526,33,20
2015-08,2015-09,attention,1,-0.015715473803552704,2,20
2015-08,2015-09,attention,2,-0.18361344484451483,3,20
2015-08,2015-09,attention,3,0.012539963620782857,2,20
2015-08,2015-09,attention,4,-0.076654392735516,3,20
2015-08,2015-09,attention,5,-0.05672655077850863,3,20
2015-08,2015-09,baseline,1,-0.023074184841396863,406,20
2015-08,2015-09,baseline,2,-0.030548553435004826,407,20
2015-08,2015-09,baseline,3,-0.023992391557239385,406,20
2015-08,2015-09,baseline,4,-0.025826515412577123,407,20
2015-08,2015-09,baseline,5,-0.034225285711461176,407,20
2015-08,2015-09,information,1,-0.08262140622062285,21,20
2015-08,2015-09,information,2,-0.04494214589810354,21,20
2015-08,2015-09,information,3,-0.0669672245935752,22,20
2015-08,2015-09,information,4,-0.05660086199544375,21,20
2015-08,2015-09,information,5,-0.05988126087996217,22,20
2015-10,2015-11,attention,1,-0.0296539567891251,5,20
2015-10,2015-11,attention,2,0.10474280238681324,5,20
2015-10,2015-11,attention,3,0.11555660920142286,5,20
2015-10,2015-11,attention,4,0.16456587661198843,5,20
2015-10,2015-11,attention,5,0.13775881602643467,5,20
2015-10,2015-11,baseline,1,0.10430586370095209,435,20
2015-10,2015-11,baseline,2,0.09531782145264428,436,20
2015-10,2015-11,baseline,3,0.0821890201445262,436,20
2015-10,2015-11,baseline,4,0.07974095124902303,436,20
2015-10,2015-11,baseline,5,0.08723394572002778,435,20
2015-10,2015-11,information,1,0.07900359156241483,3,20
2015-10,2015-11,information,2,0.05772065962736672,4,20
2015-10,2015-11,information,3,0.07144952496020547,3,20
2015-10,2015-11,information,4,0.09247828829969224,4,20
2015-10,2015-11,information,5,0.09869594293969691,4,20
2015-11,2015-12,attention,1,-0.009542508101367189,7,20
2015-11,2015-12,attention,2,0.05532304401433002,7,20
2015-11,2015-12,attention,3,0.0439699318714299,7,20
2015-11,2015-12,attention,4,0.027770960182718834,7,20
2015-11,2015-12,attention,5,-0.007276733974062297,8,20
2015-11,2015-12,baseline,1,0.06039097571065951,452,20
2015-11,2015-12,baseline,2,0.06764452992494781,452,20
2015-11,2015-12,baseline,3,0.066173339925365,452,20
2015-11,2015-12,baseline,4,0.06189979439669047,452,20
2015-11,2015-12,baseline,5,0.04728970291930602,452,20
2015-11,2015-12,information,1,0.09109947643979077,1,20
2015-11,2015-12,information,2,0.05032822757111588,1,20
2015-11,2015-12,information,3,0.1806167400881058,1,20
2015-11,2015-12,information,4,-0.143981018981019,1,20
2015-11,2015-12,information,5,0.07854406130268199,1,20
2015-12,2016-01,attention,1,-0.3640651543281069,3,20
2015-12,2016-01,attention,2,-0.38976976619309617,4,20
2015-12,2016-01,attention,3,-0.3437963481784643,4,20
2015-12,2016-01,attention,4,-0.2923363641266188,4,20
2015-12,2016-01,attention,5,-0.2931561656743743,4,20
2015-12,2016-01,baseline,1,-0.2971706800093235,471,20
2015-12,2016-01,baseline,2,-0.2945226440695108,472,20
2015-12,2016-01,baseline,3,-0.2940845301718102,472,20
2015-12,2016-01,baseline,4,-0.29345556197904243,472,20
2015-12,2016-01,baseline,5,-0.2956180597826477,471,20
2015-12,2016-01,information,3,-0.22707595434868166,1,20
2015-12,2016-01,information,5,0.0,1,20
2016-02,2016-03,attention,1,0.017436431268992015,5,20
2016-02,2016-03,attention,2,0.09194809185489902,5,20
2016-02,2016-03,attention,3,0.038802571634577454,5,20
2016-02,2016-03,attention,4,0.10188008109595899,5,20
2016-02,2016-03,attention,5,0.07763535363250841,6,20
2016-02,2016-03,baseline,1,0.1765576101587808,472,20
2016-02,2016-03,baseline,2,0.17692737065058223,473,20
2016-02,2016-03,baseline,3,0.17487715485885133,473,20
2016-02,2016-03,baseline,4,0.1637073364010676,473,20
2016-02,2016-03,baseline,5,0.15995092882067583,473,20
2016-02,2016-03,information,1,0.05002261969413191,4,20
2016-02,2016-03,information,2,0.1074219726154998,5,20
2016-02,2016-03,information,3,0.10570276082531507,5,20
2016-02,2016-03,information,4,0.04800616314426169,5,20
2016-02,2016-03,information,5,0.09332363073827696,5,20
2016-03,2016-04,attention,1,-0.004101120273875852,4,20
2016-03,2016-04,attention,2,0.031069432636409794,4,20
2016-03,2016-04,attention,3,-0.008104644072540102,5,20
2016-03,2016-04,attention,4,0.0016486861578993428,4,20
2016-03,2016-04,attention,5,-0.08186764670711635,5,20
2016-03,2016-04,baseline,1,-0.020786758661501564,485,20
2016-03,2016-04,baseline,2,-0.010210096268553036,485,20
2016-03,2016-04,baseline,3,-0.0021057034800784457,485,20
2016-03,2016-04,baseline,4,0.003271861790758109,485,20
2016-03,2016-04,baseline,5,-0.00405240082563143,486,20
2016-03,2016-04,information,1,0.09300699300699278,1,20
2016-03,2016-04,information,2,-0.07333333333333325,1,20
2016-03,2016-04,information,3,-0.031465848042977806,1,20
2016-03,2016-04,information,4,0.03653355989804585,1,20
2016-03,2016-04,information,5,-0.1285500747384155,1,20
2016-04,2016-05,attention,1,-0.011719915349713839,6,20
2016-04,2016-05,attention,2,-0.1174044323858217,7,20
2016-04,2016-05,attention,3,-0.09273657139599528,6,20
2016-04,2016-05,attention,4,0.025979473133393532,7,20
2016-04,2016-05,attention,5,-0.06256030523085747,7,20
2016-04,2016-05,baseline,1,-0.06207529911301918,485,20
2016-04,2016-05,baseline,2,-0.06602951469475034,485,20
2016-04,2016-05,baseline,3,-0.05002116426825789,485,20
2016-04,2016-05,baseline,4,-0.05012085829686801,485,20
2016-04,2016-05,baseline,5,-0.04949985962179597,485,20
2016-04,2016-05,information,1,-0.038968319175261834,2,20
2016-04,2016-05,information,2,-0.16519489684627298,2,20
2016-04,2016-05,information,3,-0.05798224048224047,3,20
2016-04,2016-05,information,4,-0.03383442958227606,2,20
2016-04,2016-05,information,5,-0.03062738694364135,3,20
2016-05,2016-06,attention,1,-0.00631348961642988,5,20
2016-05,2016-06,attention,2,0.04199807777324001,5,20
2016-05,2016-06,attention,3,0.09098186838721184,6,20
2016-05,2016-06,attention,4,0.12072945370823127,5,20
2016-05,2016-06,attention,5,0.016498735568120888,6,20
2016-05,2016-06,baseline,1,0.06910925106073418,489,20
2016-05,2016-06,baseline,2,0.06025722084582861,489,20
2016-05,2016-06,baseline,3,0.053566116795855157,489,20
2016-05,2016-06,baseline,4,0.0514309787434954,489,20
2016-05,2016-06,baseline,5,0.05887040471356517,489,20
2016-05,2016-06,information,2,0.08082706766917291,1,20
2016-05,2016-06,information,4,0.07964601769911495,1,20
2016-05,2016-06,information,5,0.0,1,20
2016-06,2016-07,attention,1,-0.014122043896269556,7,20
2016-06,2016-07,attention,2,0.036400958344744105,7,20
2016-06,2016-07,attention,3,0.01199058874886792,7,20
2016-06,2016-07,attention,4,-0.006644067697902822,7,20
2016-06,2016-07,attention,5,-0.05993987843473941,8,20
2016-06,2016-07,baseline,1,-0.0361079961997848,496,20
2016-06,2016-07,baseline,2,-0.0046624706129617215,496,20
2016-06,2016-07,baseline,3,0.016159861938150714,496,20
2016-06,2016-07,baseline,4,0.030125065027639245,496,20
2016-06,2016-07,baseline,5,0.007463441674451265,497,20
2016-06,2016-07,information,1,-0.053554939981532934,1,20
2016-06,2016-07,information,2,0.03684210526315801,1,20
2016-06,2016-07,information,3,-0.08685864978902957,2,20
2016-06,2016-07,information,4,-0.06110283159463481,1,20
2016-06,2016-07,information,5,-0.057879808962887414,2,20
2016-07,2016-08,attention,1,0.03287209064279698,19,20
2016-07,2016-08,attention,2,0.00519357578029433,20,20
2016-07,2016-08,attention,3,0.0037560848841832637,20,20
2016-07,2016-08,attention,4,0.030758516446552874,20,20
2016-07,2016-08,attention,5,0.01481393307096262,20,20
2016-07,2016-08,baseline,1,0.04759429833995904,488,20
2016-07,2016-08,baseline,2,0.04202563087072338,488,20
2016-07,2016-08,baseline,3,0.043262602682148744,488,20
2016-07,2016-08,baseline,4,0.04491359194681715,488,20
2016-07,2016-08,baseline,5,0.04611943479289794,488,20
2016-07,2016-08,information,1,0.08329212284719183,3,20
2016-07,2016-08,information,2,0.04711274499772992,3,20
2016-07,2016-08,information,3,0.04826260006499472,3,20
2016-07,2016-08,information,4,0.015369353943060604,3,20
2016-07,2016-08,information,5,0.0023601522243651973,4,20
2016-08,2016-09,attention,1,-0.024095879489977497,17,20
2016-08,2016-09,attention,2,0.024761114202175055,17,20
2016-08,2016-09,attention,3,0.008350481019674323,17,20
2016-08,2016-09,attention,4,-0.00939622295700446,17,20
2016-08,2016-09,attention,5,-0.015998154278712637,17,20
2016-08,2016-09,baseline,1,-0.014402739122444087,490,20
2016-08,2016-09,baseline,2,-0.011193128305730441,491,20
2016-08,2016-09,baseline,3,-0.008209926811250039,491,20
2016-08,2016-09,baseline,4,-0.007668040948886524,491,20
2016-08,2016-09,baseline,5,-0.00013038700287776125,491,20
2016-08,2016-09,information,1,-0.010623974614842569,5,20
2016-08,2016-09,information,2,0.044004485671593895,6,20
2016-08,2016-09,information,3,-0.008764256743174225,5,20
2016-08,2016-09,information,4,-0.01985516215742622,6,20
2016-08,2016-09,information,5,-0.025223862030364214,6,20
2016-10,2016-11,attention,1,0.03520253801791667,17,20
2016-10,2016-11,attention,2,0.0684300112701829,17,20
2016-10,2016-11,attention,3,0.06234289700510192,18,20
2016-10,2016-11,attention,4,0.036974545273431365,17,20
2016-10,2016-11,attention,5,0.026065756200532156,18,20
2016-10,2016-11,baseline,1,0.043312989232636885,490,20
2016-10,2016-11,baseline,2,0.05300789591097403,491,20
2016-10,2016-11,baseline,3,0.04637737082352248,490,20
2016-10,2016-11,baseline,4,0.03599997731141283,491,20
2016-10,2016-11,baseline,5,0.03985288406615313,491,20
2016-10,2016-11,information,1,0.05043259174484555,7,20
2016-10,2016-11,information,2,0.02294530793676876,7,20
2016-10,2016-11,information,3,0.009021009031682776,7,20
2016-10,2016-11,information,4,0.031069990177415265,7,20
2016-10,2016-11,information,5,0.025488922168598285,8,20
2016-11,2016-12,attention,1,-0.019723163058576694,53,20
2016-11,2016-12,attention,2,-0.03943094156410224,53,20
2016-11,2016-12,attention,3,-0.04094826890727436,53,20
2016-11,2016-12,attention,4,-0.04396218648271459,53,20
2016-11,2016-12,attention,5,-0.03839278664888222,53,20
2016-11,2016-12,baseline,1,-0.03203627910408574,466,20
2016-11,2016-12,baseline,2,-0.046566405339465294,467,20
2016-11,2016-12,baseline,3,-0.048139000163653176,466,20
2016-11,2016-12,baseline,4,-0.052577504901201305,467,20
2016-11,2016-12,baseline,5,-0.04692270663011174,467,20
2016-11,2016-12,information,1,0.016540317022742945,1,20
2016-11,2016-12,information,2,-0.07964601769911495,1,20
2016-11,2016-12,information,3,0.029726516052318575,1,20
2016-11,2016-12,information,4,-0.07547169811320742,1,20
2016-11,2016-12,information,5,-0.08037842269960799,2,20
2017-02,2017-03,attention,1,0.0038720408517864354,35,20
2017-02,2017-03,attention,2,-0.014489863468107812,35,20
2017-02,2017-03,attention,3,0.00397827839687899,35,20
2017-02,2017-03,attention,4,0.0099436227189336,35,20
2017-02,2017-03,attention,5,0.029946229828289032,36,20
2017-02,2017-03,baseline,1,-0.0026217169906816618,482,20
2017-02,2017-03,baseline,2,0.001670396437130698,482,20
2017-02,2017-03,baseline,3,0.003435332981125662,482,20
2017-02,2017-03,baseline,4,0.006178903005910479,482,20
2017-02,2017-03,baseline,5,0.012399636527585307,482,20
2017-02,2017-03,information,1,-0.004409690444982161,5,20
2017-02,2017-03,information,2,-0.00044146979327122084,5,20
2017-02,2017-03,information,3,0.06258987053311242,5,20
2017-02,2017-03,information,4,0.011655448039677042,5,20
2017-02,2017-03,information,5,0.01089403621690562,6,20
2017-04,2017-05,attention,1,-0.09750187966718432,51,20
2017-04,2017-05,attention,2,-0.07852042408183275,51,20
2017-04,2017-05,attention,3,-0.06709771134697888,51,20
2017-04,2017-05,attention,4,-0.04310703778525165,51,20
2017-04,2017-05,attention,5,-0.05776931543650923,52,20
2017-04,2017-05,baseline,1,-0.0896026568428327,446,20
2017-04,2017-05,baseline,2,-0.060795665562893945,446,20
2017-04,2017-05,baseline,3,-0.0672454770465899,446,20
2017-04,2017-05,baseline,4,-0.06976843622447201,446,20
2017-04,2017-05,baseline,5,-0.061977246115642225,447,20
2017-04,2017-05,information,1,-0.05254435999995431,33,20
2017-04,2017-05,information,2,-0.05554612873644157,33,20
2017-04,2017-05,information,3,-0.01704576915082684,33,20
2017-04,2017-05,information,4,-0.021558617382692213,33,20
2017-04,2017-05,information,5,-0.04641846171068878,33,20
2017-05,2017-06,attention,1,-0.01038207579939149,35,20
2017-05,2017-06,attention,2,0.030845033036617477,35,20
2017-05,2017-06,attention,3,0.0231737869082703,35,20
2017-05,2017-06,attention,4,0.03884092523805308,35,20
2017-05,2017-06,attention,5,0.008815688205683517,36,20
2017-05,2017-06,baseline,1,0.029097787987461054,475,20
2017-05,2017-06,baseline,2,0.0451496318929111,475,20
2017-05,2017-06,baseline,3,0.039194148634799475,475,20
2017-05,2017-06,baseline,4,0.043451607929954755,475,20
2017-05,2017-06,baseline,5,0.03642884093813723,475,20
2017-05,2017-06,information,1,0.002989047679410003,14,20
2017-05,2017-06,information,2,0.04168410164723744,15,20
2017-05,2017-06,information,3,0.05203183714224817,15,20
2017-05,2017-06,information,4,0.04362123174415032,15,20
2017-05,2017-06,information,5,0.012937621854230285,15,20
2017-06,2017-07,attention,1,-0.005894187281820971,53,20
2017-06,2017-07,attention,2,-0.01197921890868149,53,20
2017-06,2017-07,attention,3,-0.01314586615555199,54,20
2017-06,2017-07,attention,4,-0.004025000719215144,53,20
2017-06,2017-07,attention,5,0.019546576160631143,54,20
2017-06,2017-07,baseline,1,-0.02647808469769814,455,20
2017-06,2017-07,baseline,2,0.0018869762681077472,456,20
2017-06,2017-07,baseline,3,0.006948257105843404,457,20
2017-06,2017-07,baseline,4,0.005991358203467111,456,20
2017-06,2017-07,baseline,5,-0.01159029936585705,457,20
2017-06,2017-07,information,1,0.019432683618251678,15,20
2017-06,2017-07,information,2,-0.0084185166057112,15,20
2017-06,2017-07,information,3,0.04696755653273718,16,20
2017-06,2017-07,information,4,0.011265955720844545,15,20
2017-06,2017-07,information,5,-0.012571924560987012,16,20
2017-07,2017-08,attention,1,-0.011768752965168904,120,20
2017-07,2017-08,attention,2,0.02127468699145482,120,20
2017-07,2017-08,attention,3,0.010987563620550426,120,20
2017-07,2017-08,attention,4,0.011456257368007724,120,20
2017-07,2017-08,attention,5,0.014554415023565529,121,20
2017-07,2017-08,baseline,1,0.032537563609097084,378,20
2017-07,2017-08,baseline,2,0.03853283317090989,379,20
2017-07,2017-08,baseline,3,0.03265320709053811,379,20
2017-07,2017-08,baseline,4,0.03013887080965451,379,20
2017-07,2017-08,baseline,5,0.03254502413586666,378,20
2017-07,2017-08,information,1,0.021491163524937247,30,20
2017-07,2017-08,information,2,0.014971980215641756,31,20
2017-07,2017-08,information,3,0.021528623489164973,31,20
2017-07,2017-08,information,4,0.02272376002519785,31,20
2017-07,2017-08,information,5,0.036157379899898624,31,20
2017-08,2017-09,attention,1,0.004824872212584883,116,20
2017-08,2017-09,attention,2,-0.0020011211215405318,116,20
2017-08,2017-09,attention,3,0.016187634408951126,116,20
2017-08,2017-09,attention,4,-0.0045439268344136035,116,20
2017-08,2017-09,attention,5,0.007390339572485755,117,20
2017-08,2017-09,baseline,1,-0.0010945602147857205,390,20
2017-08,2017-09,baseline,2,0.009397890048870653,391,20
2017-08,2017-09,baseline,3,0.003822575188164611,391,20
2017-08,2017-09,baseline,4,0.014228365974031484,391,20
2017-08,2017-09,baseline,5,0.01661123035893839,390,20
2017-08,2017-09,information,1,0.004278075308506554,28,20
2017-08,2017-09,information,2,0.013789464944283415,28,20
2017-08,2017-09,information,3,0.029143599711467908,29,20
2017-08,2017-09,information,4,-0.01061139743454417,28,20
2017-08,2017-09,information,5,0.002956760015598824,29,20
2017-10,2017-11,attention,1,-0.08899717969903598,63,20
2017-10,2017-11,attention,2,-0.06578252655151265,64,20
2017-10,2017-11,attention,3,-0.04998802850802671,64,20
2017-10,2017-11,attention,4,-0.06288838499400086,64,20
2017-10,2017-11,attention,5,-0.04155145341160342,64,20
2017-10,2017-11,baseline,1,-0.07371512658802819,446,20
2017-10,2017-11,baseline,2,-0.06371679429931146,446,20
2017-10,2017-11,baseline,3,-0.05812074194409546,446,20
2017-10,2017-11,baseline,4,-0.05630038880454985,446,20
2017-10,2017-11,baseline,5,-0.05811784569875017,447,20
2017-10,2017-11,information,1,-0.08940755227383648,41,20
2017-10,2017-11,information,2,-0.0484485783295263,41,20
2017-10,2017-11,information,3,-0.05519730104802248,41,20
2017-10,2017-11,information,4,-0.02642427967754257,41,20
2017-10,2017-11,information,5,-0.012577026638612982,42,20
2017-11,2017-12,attention,1,-0.015946465947744258,86,20
2017-11,2017-12,attention,2,-0.02185429290866665,87,20
2017-11,2017-12,attention,3,-0.0164915269929905,87,20
2017-11,2017-12,attention,4,-0.004359696124417731,87,20
2017-11,2017-12,attention,5,-0.02203979571116752,87,20
2017-11,2017-12,baseline,1,-0.02752546203395241,474,20
2017-11,2017-12,baseline,2,-0.02820757681382726,474,20
2017-11,2017-12,baseline,3,-0.025831782511663983,475,20
2017-11,2017-12,baseline,4,-0.023435568398910506,474,20
2017-11,2017-12,baseline,5,-0.02768100757102119,474,20
2017-11,2017-12,information,2,-0.004575163398692905,1,20
2017-11,2017-12,information,3,-0.01896551724137918,1,20
2017-11,2017-12,information,4,-0.059433962264150875,1,20
2017-11,2017-12,information,5,-0.011566771819137678,1,20
2017-12,2018-01,attention,1,-0.04967015458196788,60,20
2017-12,2018-01,attention,2,-0.002746456564578936,60,20
2017-12,2018-01,attention,3,-0.005002038158071376,60,20
2017-12,2018-01,attention,4,0.003466645158643472,60,20
2017-12,2018-01,attention,5,0.00181668583074359,60,20
2017-12,2018-01,baseline,1,-0.006698920880437149,505,20
2017-12,2018-01,baseline,2,0.00761633924551205,506,20
2017-12,2018-01,baseline,3,0.008573311707654165,506,20
2017-12,2018-01,baseline,4,0.001918932010865433,506,20
2017-12,2018-01,baseline,5,0.0007337033333538287,505,20
2017-12,2018-01,information,1,0.11651131824234362,1,20
2017-12,2018-01,information,2,0.07302405498281783,1,20
2017-12,2018-01,information,3,-0.18705402650356795,1,20
2017-12,2018-01,information,4,-0.1128369118318866,1,20
2017-12,2018-01,information,5,-0.0673381036764541,2,20
2018-02,2018-03,attention,1,0.007335034762738825,51,20
2018-02,2018-03,attention,2,-0.0276367339770436,51,20
2018-02,2018-03,attention,3,0.007892271084726633,52,20
2018-02,2018-03,attention,4,0.005869802014547985,51,20
2018-02,2018-03,attention,5,0.005830051929213386,52,20
2018-02,2018-03,baseline,1,0.027908970398399992,500,20
2018-02,2018-03,baseline,2,0.017066550813381993,500,20
2018-02,2018-03,baseline,3,0.02154767214447227,501,20
2018-02,2018-03,baseline,4,0.019271175873505707,500,20
2018-02,2018-03,baseline,5,0.022964233935778962,501,20
2018-02,2018-03,information,1,0.028837325197498005,26,20
2018-02,2018-03,information,2,0.02198038945282195,26,20
2018-02,2018-03,information,3,0.012051444726803853,26,20
2018-02,2018-03,information,4,0.04031563548478175,26,20
2018-02,2018-03,information,5,0.029429516611959226,26,20
2018-04,2018-05,attention,1,-0.019445004320474482,70,20
2018-04,2018-05,attention,2,0.012337859674519053,71,20
2018-04,2018-05,attention,3,-0.002303239279401749,70,20
2018-04,2018-05,attention,4,0.008058920880609766,71,20
2018-04,2018-05,attention,5,0.014241107983694126,71,20
2018-04,2018-05,baseline,1,-0.0014500487278209901,471,20
2018-04,2018-05,baseline,2,0.008501282259188675,472,20
2018-04,2018-05,baseline,3,0.011822000716046555,471,20
2018-04,2018-05,baseline,4,0.013160131435743396,472,20
2018-04,2018-05,baseline,5,0.01912855966901441,472,20
2018-04,2018-05,information,1,0.02792146985141604,49,20
2018-04,2018-05,information,2,0.01168708823113679,49,20
2018-04,2018-05,information,3,0.040540079856148624,49,20
2018-04,2018-05,information,4,0.01742610613642878,49,20
2018-04,2018-05,information,5,0.004811449914309421,49,20
2018-05,2018-06,attention,1,-0.11959828881780743,92,20
2018-05,2018-06,attention,2,-0.11451586315791193,93,20
2018-05,2018-06,attention,3,-0.11796151626609624,92,20
2018-05,2018-06,attention,4,-0.11685939241870155,93,20
2018-05,2018-06,attention,5,-0.11051594651027731,93,20
2018-05,2018-06,baseline,1,-0.10735611996440857,490,20
2018-05,2018-06,baseline,2,-0.10603122938259472,490,20
2018-05,2018-06,baseline,3,-0.10431531932152036,490,20
2018-05,2018-06,baseline,4,-0.10330486496416534,490,20
2018-05,2018-06,baseline,5,-0.10375117037849367,490,20
2018-05,2018-06,information,1,-0.10212412077012084,22,20
2018-05,2018-06,information,2,-0.1199229858652759,22,20
2018-05,2018-06,information,3,-0.09049477079836772,23,20
2018-05,2018-06,information,4,-0.15323910301428956,22,20
2018-05,2018-06,information,5,-0.10003984496863079,23,20
2018-06,2018-07,attention,1,-0.017100029092919116,48,20
2018-06,2018-07,attention,2,0.01862343662958354,48,20
2018-06,2018-07,attention,3,0.01695454402350013,48,20
2018-06,2018-07,attention,4,0.025660452466802708,48,20
2018-06,2018-07,attention,5,-0.018019934329316395,48,20
2018-06,2018-07,baseline,1,0.0014018420298719067,540,20
2018-06,2018-07,baseline,2,0.027166695928088267,542,20
2018-06,2018-07,baseline,3,0.02701884589191753,542,20
2018-06,2018-07,baseline,4,0.03038157461574533,542,20
2018-06,2018-07,baseline,5,0.019012430308908878,541,20
2018-06,2018-07,information,1,0.023681497092942483,24,20
2018-06,2018-07,information,2,0.006319107364283529,24,20
2018-06,2018-07,information,3,0.0167366785876177,24,20
2018-06,2018-07,information,4,0.021197164946678008,24,20
2018-06,2018-07,information,5,-0.02605607645452221,24,20
2018-07,2018-08,attention,1,-0.056832593435254986,76,20
2018-07,2018-08,attention,2,-0.042668174507447476,77,20
2018-07,2018-08,attention,3,-0.031194798545212128,77,20
2018-07,2018-08,attention,4,-0.04376106304957827,77,20
2018-07,2018-08,attention,5,-0.03335133109205778,77,20
2018-07,2018-08,baseline,1,-0.06339382712767917,522,20
2018-07,2018-08,baseline,2,-0.04730894863307147,522,20
2018-07,2018-08,baseline,3,-0.04851586536786325,523,20
2018-07,2018-08,baseline,4,-0.04356658089813771,521,20
2018-07,2018-08,baseline,5,-0.05030075521737911,521,20
2018-07,2018-08,information,1,-0.03920654567532826,22,20
2018-07,2018-08,information,2,-0.04346383937322449,23,20
2018-07,2018-08,information,3,-0.03928091615528518,22,20
2018-07,2018-08,information,4,-0.06416691221901794,23,20
2018-07,2018-08,information,5,-0.030934291241187482,23,20
2018-10,2018-11,attention,1,0.05399944963336889,67,20
2018-10,2018-11,attention,2,0.04609782345786457,67,20
2018-10,2018-11,attention,3,0.049568465975226315,67,20
2018-10,2018-11,attention,4,0.08364119260945661,67,20
2018-10,2018-11,attention,5,0.061431641590836104,67,20
2018-10,2018-11,baseline,1,0.06740288328677158,546,20
2018-10,2018-11,baseline,2,0.08508258894815528,547,20
2018-10,2018-11,baseline,3,0.08048715564579516,546,20
2018-10,2018-11,baseline,4,0.08732900648700309,547,20
2018-10,2018-11,baseline,5,0.09082968089464244,547,20
2018-10,2018-11,information,1,0.06740155954229393,43,20
2018-10,2018-11,information,2,0.057938984750649715,44,20
2018-10,2018-11,information,3,0.06834277935726195,43,20
2018-10,2018-11,information,4,0.06755800842213557,44,20
2018-10,2018-11,information,5,0.05419822902806937,44,20
2018-11,2018-12,attention,1,-0.060059821998609084,150,20
2018-11,2018-12,attention,2,-0.041576171393406205,150,20
2018-11,2018-12,attention,3,-0.039246897272010854,150,20
2018-11,2018-12,attention,4,-0.045953559477450195,150,20
2018-11,2018-12,attention,5,-0.049313031445885405,150,20
2018-11,2018-12,baseline,1,-0.042762246286840035,518,20
2018-11,2018-12,baseline,2,-0.03812410986876992,518,20
2018-11,2018-12,baseline,3,-0.04278494094585675,519,20
2018-11,2018-12,baseline,4,-0.03551505136446076,517,20
2018-11,2018-12,baseline,5,-0.04365956071706746,519,20
2018-11,2018-12,information,2,-0.11860595840359756,1,20
2018-11,2018-12,information,3,-0.0781954887218046,1,20
2018-11,2018-12,information,4,-0.06236559139784936,1,20
2018-11,2018-12,information,5,-0.1134615384615385,1,20
2018-12,2019-01,attention,1,0.006217422089036183,64,20
2018-12,2019-01,attention,2,0.022117599196858545,65,20
2018-12,2019-01,attention,3,-0.0002478262303872859,65,20
2018-12,2019-01,attention,4,0.005745685577361116,65,20
2018-12,2019-01,attention,5,0.037572171416797875,65,20
2018-12,2019-01,baseline,1,-0.018682379358667324,609,20
2018-12,2019-01,baseline,2,0.013478643397326531,608,20
2018-12,2019-01,baseline,3,0.019691930122101107,609,20
2018-12,2019-01,baseline,4,0.028720248963758348,608,20
2018-12,2019-01,baseline,5,0.018702849984369118,610,20
2018-12,2019-01,information,3,0.04913294797687873,1,20
2018-12,2019-01,information,5,0.1609972712326908,1,20
2019-02,2019-03,attention,1,0.056359385801746306,104,20
2019-02,2019-03,attention,2,0.08361954201535261,104,20
2019-02,2019-03,attention,3,0.06045577520761732,105,20
2019-02,2019-03,attention,4,0.06207545493142435,104,20
2019-02,2019-03,attention,5,0.06267660134134621,105,20
2019-02,2019-03,baseline,1,0.07274458333298917,566,20
2019-02,2019-03,baseline,2,0.08302068682218329,566,20
2019-02,2019-03,baseline,3,0.070177455303723,566,20
2019-02,2019-03,baseline,4,0.09220863443892394,566,20
2019-02,2019-03,baseline,5,0.08326297656527044,567,20
2019-02,2019-03,information,1,0.026587245556033486,9,20
2019-02,2019-03,information,2,0.05835570179258488,10,20
2019-02,2019-03,information,3,0.08709488709442156,10,20
2019-02,2019-03,information,4,0.05210926925460031,10,20
2019-02,2019-03,information,5,0.04661113577029474,10,20
2019-03,2019-04,attention,1,-0.051972714255925596,236,20
2019-03,2019-04,attention,2,-0.034434269515550876,236,20
2019-03,2019-04,attention,3,-0.04062145653446284,237,20
2019-03,2019-04,attention,4,-0.03569191742978999,236,20
2019-03,2019-04,attention,5,-0.04399951994742429,237,20
2019-03,2019-04,baseline,1,-0.08458956440742676,430,20
2019-03,2019-04,baseline,2,-0.054725695593771356,431,20
2019-03,2019-04,baseline,3,-0.038944509929725604,430,20
2019-03,2019-04,baseline,4,-0.033097670986496616,431,20
2019-03,2019-04,baseline,5,-0.045644539137488824,431,20
2019-03,2019-04,information,1,-0.04760395666716517,15,20
2019-03,2019-04,information,2,-0.001421249655024881,15,20
2019-03,2019-04,information,3,-0.01541120141714963,15,20
2019-03,2019-04,information,4,-0.03804161141138387,15,20
2019-03,2019-04,information,5,-0.0723935894741333,16,20
2019-04,2019-05,attention,1,-0.0666571248999552,134,20
2019-04,2019-05,attention,2,-0.04215212185525711,134,20
2019-04,2019-05,attention,3,-0.06274759563301756,135,20
2019-04,2019-05,attention,4,-0.06261537100146308,134,20
2019-04,2019-05,attention,5,-0.05504379608377953,135,20
2019-04,2019-05,baseline,1,-0.06528574388624846,470,20
2019-04,2019-05,baseline,2,-0.04590900137371495,470,20
2019-04,2019-05,baseline,3,-0.041659371286215933,470,20
2019-04,2019-05,baseline,4,-0.04030998217714875,470,20
2019-04,2019-05,baseline,5,-0.03837667998683707,470,20
2019-04,2019-05,information,1,-0.05684216971278179,80,20
2019-04,2019-05,information,2,-0.0427855148286772,81,20
2019-04,2019-05,information,3,-0.04442312343809132,81,20
2019-04,2019-05,information,4,-0.06476245309536918,81,20
2019-04,2019-05,information,5,-0.06416843539668782,81,20
2019-06,2019-07,attention,1,-0.032181896840170275,25,20
2019-06,2019-07,attention,2,-0.08075784010222636,26,20
2019-06,2019-07,attention,3,-0.036950828259669576,25,20
2019-06,2019-07,attention,4,-0.021311362754707876,26,20
2019-06,2019-07,attention,5,0.013941858742738126,26,20
2019-06,2019-07,baseline,1,-0.03526189833882105,638,20
2019-06,2019-07,baseline,2,-0.011186099403194271,640,20
2019-06,2019-07,baseline,3,-0.009657459551206216,640,20
2019-06,2019-07,baseline,4,-0.006236733585087492,640,20
2019-06,2019-07,baseline,5,-0.007917777673999205,638,20
2019-06,2019-07,information,1,-0.029863343010686435,11,20
2019-06,2019-07,information,2,0.053415610911822814,11,20
2019-06,2019-07,information,3,-0.0299846188221505,11,20
2019-06,2019-07,information,4,0.033527367915368596,11,20
2019-06,2019-07,information,5,-0.006482020143086677,12,20
2019-07,2019-08,attention,1,-0.04882361177801954,53,20
2019-07,2019-08,attention,2,-0.011369233705256077,53,20
2019-07,2019-08,attention,3,0.021949279650430916,53,20
2019-07,2019-08,attention,4,-0.0035399040612977073,53,20
2019-07,2019-08,attention,5,-0.00414159853384264,54,20
2019-07,2019-08,baseline,1,0.007615092519283119,605,20
2019-07,2019-08,baseline,2,-0.006018462559975212,605,20
2019-07,2019-08,baseline,3,-0.003209665200841719,606,20
2019-07,2019-08,baseline,4,0.0005453813434243292,607,20
2019-07,2019-08,baseline,5,0.018833481904141497,607,20
2019-07,2019-08,information,1,0.030733483855139503,18,20
2019-07,2019-08,information,2,0.05698651936918459,18,20
2019-07,2019-08,information,3,0.028259331042548335,18,20
2019-07,2019-08,information,4,0.030081330220024835,18,20
2019-07,2019-08,information,5,0.00045254862839907674,18,20
2019-08,2019-09,attention,1,0.008762952310142813,59,20
2019-08,2019-09,attention,2,0.014746919543769966,59,20
2019-08,2019-09,attention,3,0.018759719672230973,59,20
2019-08,2019-09,attention,4,0.018464705785898754,59,20
2019-08,2019-09,attention,5,0.021067938113946427,60,20
2019-08,2019-09,baseline,1,0.007155161451458611,584,20
2019-08,2019-09,baseline,2,0.016181206361480065,584,20
2019-08,2019-09,baseline,3,0.01412865299643595,584,20
2019-08,2019-09,baseline,4,0.01632121224080998,584,20
2019-08,2019-09,baseline,5,0.018278339300093458,584,20
2019-08,2019-09,information,1,0.0004923385805366268,35,20
2019-08,2019-09,information,2,-0.0030548607637961873,35,20
2019-08,2019-09,information,3,0.026005688448383787,36,20
2019-08,2019-09,information,4,0.01688113808991175,35,20
2019-08,2019-09,information,5,0.016853622640713883,36,20
2019-10,2019-11,attention,1,-0.07138860899337553,49,20
2019-10,2019-11,attention,2,-0.007639501348404421,50,20
2019-10,2019-11,attention,3,-0.008046331149602723,50,20
2019-10,2019-11,attention,4,0.009289436854710887,50,20
2019-10,2019-11,attention,5,-0.010698047789143645,50,20
2019-10,2019-11,baseline,1,-0.031856401579375984,597,20
2019-10,2019-11,baseline,2,-0.020385702629665655,598,20
2019-10,2019-11,baseline,3,-0.019608984712056604,598,20
2019-10,2019-11,baseline,4,-0.025617416339540396,598,20
2019-10,2019-11,baseline,5,-0.028703466225791657,597,20
2019-10,2019-11,information,1,-0.010563196236854425,33,20
2019-10,2019-11,information,2,-0.0028860691285096385,34,20
2019-10,2019-11,information,3,-0.0010893651560000255,34,20
2019-10,2019-11,information,4,0.019957364805336757,34,20
2019-10,2019-11,information,5,-0.0013915174257806613,34,20
2019-11,2019-12,attention,1,0.1394161541417833,72,20
2019-11,2019-12,attention,2,0.07113276003940083,72,20
2019-11,2019-12,attention,3,0.07259529473352322,72,20
2019-11,2019-12,attention,4,0.04923068408947964,72,20
2019-11,2019-12,attention,5,0.0727029527160868,73,20
2019-11,2019-12,baseline,1,0.08166420971252497,608,20
2019-11,2019-12,baseline,2,0.07011664364835216,609,20
2019-11,2019-12,baseline,3,0.06667073437477064,610,20
2019-11,2019-12,baseline,4,0.06059324754064278,609,20
2019-11,2019-12,baseline,5,0.06476248319885962,607,20
2019-11,2019-12,information,1,0.1181770923583434,1,20
2019-11,2019-12,information,2,0.11002785515320324,1,20
2019-11,2019-12,information,3,0.10934732345627463,2,20
2019-11,2019-12,information,4,-0.010471204188481797,1,20
2019-11,2019-12,information,5,0.09675039239689187,2,20
2020-01,2020-02,attention,1,0.020408763572938318,107,20
2020-01,2020-02,attention,2,0.007492655525096207,107,20
2020-01,2020-02,attention,3,0.011417024142376941,108,20
2020-01,2020-02,attention,4,0.01843160676058003,107,20
2020-01,2020-02,attention,5,0.05645602849074715,108,20
2020-01,2020-02,baseline,1,0.009795250779789474,558,20
2020-01,2020-02,baseline,2,-0.00705866960658691,559,20
2020-01,2020-02,baseline,3,-0.01714039706584187,557,20
2020-01,2020-02,baseline,4,-0.01726096739817056,559,20
2020-01,2020-02,baseline,5,0.010848604687380347,558,20
2020-01,2020-02,information,1,0.030281104731284945,19,20
2020-01,2020-02,information,2,-0.0193563741002006,20,20
2020-01,2020-02,information,3,0.0010039171944063072,19,20
2020-01,2020-02,information,4,0.13585791938854394,20,20
2020-01,2020-02,information,5,0.13851731080293514,20,20
2020-02,2020-03,attention,1,-0.03509576294373183,194,20
2020-02,2020-03,attention,2,-0.00881159389851118,194,20
2020-02,2020-03,attention,3,-0.0062282213407973686,194,20
2020-02,2020-03,attention,4,-0.014819490237835362,194,20
2020-02,2020-03,attention,5,-0.02159339637929612,194,20
2020-02,2020-03,baseline,1,-0.0667598621895103,473,20
2020-02,2020-03,baseline,2,-0.017472856668207987,473,20
2020-02,2020-03,baseline,3,0.001486432030180915,473,20
2020-02,2020-03,baseline,4,0.009596145656974893,473,20
2020-02,2020-03,baseline,5,-0.015968920013609555,474,20
2020-02,2020-03,information,1,-0.009648740215626117,19,20
2020-02,2020-03,information,2,-0.04660868287726336,20,20
2020-02,2020-03,information,3,0.013447907121602189,19,20
2020-02,2020-03,information,4,-0.053733508218463275,20,20
2020-02,2020-03,information,5,-0.05186168799368832,20,20
2020-03,2020-04,attention,1,-0.02708435506300146,122,20
2020-03,2020-04,attention,2,-0.024493617203756257,123,20
2020-03,2020-04,attention,3,-0.0015778491794518706,122,20
2020-03,2020-04,attention,4,0.01746804501852844,123,20
2020-03,2020-04,attention,5,0.011593047513501457,123,20
2020-03,2020-04,baseline,1,-0.021988078938255214,551,20
2020-03,2020-04,baseline,2,-0.006467751262868642,551,20
2020-03,2020-04,baseline,3,0.005804971349091752,551,20
2020-03,2020-04,baseline,4,0.00584095757086891,551,20
2020-03,2020-04,baseline,5,0.03597079339712567,552,20
2020-03,2020-04,information,1,0.026334307966445935,15,20
2020-03,2020-04,information,2,-0.0027331734372643577,15,20
2020-03,2020-04,information,3,-0.026203622719184957,16,20
2020-03,2020-04,information,4,0.05082588229372689,15,20
2020-03,2020-04,information,5,0.04559201118165829,16,20
2020-05,2020-06,attention,1,0.058129930234171436,55,20
2020-05,2020-06,attention,2,0.03447797951108877,56,20
2020-05,2020-06,attention,3,0.05948759994765168,55,20
2020-05,2020-06,attention,4,0.08653615131939442,56,20
2020-05,2020-06,attention,5,0.08084382553905563,56,20
2020-05,2020-06,baseline,1,0.05919965242634655,611,20
2020-05,2020-06,baseline,2,0.06137659216937617,613,20
2020-05,2020-06,baseline,3,0.06503214692941181,612,20
2020-05,2020-06,baseline,4,0.07289324085337148,613,20
2020-05,2020-06,baseline,5,0.08994033141260364,613,20
2020-05,2020-06,information,1,-0.014585107708947553,12,20
2020-05,2020-06,information,2,0.14450842197279837,13,20
2020-05,2020-06,information,3,0.034796471064604456,13,20
2020-05,2020-06,information,4,0.032818792635305155,13,20
2020-05,2020-06,information,5,0.1515440767546188,13,20
2020-06,2020-07,attention,1,0.08141040398899116,85,20
2020-06,2020-07,attention,2,0.09442312601089592,86,20
2020-06,2020-07,attention,3,0.10369308088709953,85,20
2020-06,2020-07,attention,4,0.10496807026821525,86,20
2020-06,2020-07,attention,5,0.11325657934442984,86,20
2020-06,2020-07,baseline,1,0.08234324573157627,582,20
2020-06,2020-07,baseline,2,0.10627107264684611,586,20
2020-06,2020-07,baseline,3,0.1119370162172671,587,20
2020-06,2020-07,baseline,4,0.10311882530658087,586,20
2020-06,2020-07,baseline,5,0.08763450512010004,587,20
2020-06,2020-07,information,1,0.0772008320288027,12,20
2020-06,2020-07,information,2,0.09280051798410138,12,20
2020-06,2020-07,information,3,0.12537140639259478,12,20
2020-06,2020-07,information,4,0.15418353449228508,12,20
2020-06,2020-07,information,5,0.06594293874593221,13,20
2020-07,2020-08,attention,1,0.014489360813708954,168,20
2020-07,2020-08,attention,2,0.028580912662316493,169,20
2020-07,2020-08,attention,3,0.03180481078516598,168,20
2020-07,2020-08,attention,4,0.0554860842971789,169,20
2020-07,2020-08,attention,5,0.02991258595780456,169,20
2020-07,2020-08,baseline,1,0.022944723966445764,484,20
2020-07,2020-08,baseline,2,0.031858898067250264,487,20
2020-07,2020-08,baseline,3,0.04756076763355871,488,20
2020-07,2020-08,baseline,4,0.039804889655134276,488,20
2020-07,2020-08,baseline,5,0.026310530605435357,487,20
2020-07,2020-08,information,1,0.04404103124285652,31,20
2020-07,2020-08,information,2,0.06772535829701014,31,20
2020-07,2020-08,information,3,0.07803667124146053,32,20
2020-07,2020-08,information,4,0.07755759299154928,31,20
2020-07,2020-08,information,5,0.024775096292365177,32,20
2020-08,2020-09,attention,1,-0.06170524864060854,113,20
2020-08,2020-09,attention,2,-0.056203970917149744,113,20
2020-08,2020-09,attention,3,-0.07118107552498495,113,20
2020-08,2020-09,attention,4,-0.05849066182803883,113,20
2020-08,2020-09,attention,5,-0.07771849191015646,113,20
2020-08,2020-09,baseline,1,-0.07287571599279476,537,20
2020-08,2020-09,baseline,2,-0.0869102538127578,540,20
2020-08,2020-09,baseline,3,-0.0719943108810227,538,20
2020-08,2020-09,baseline,4,-0.07135552879358312,540,20
2020-08,2020-09,baseline,5,-0.0795126300929442,537,20
2020-08,2020-09,information,1,-0.08363768444362381,38,20
2020-08,2020-09,information,2,-0.057857361610917646,38,20
2020-08,2020-09,information,3,-0.07872064610364331,38,20
2020-08,2020-09,information,4,-0.05062140236648735,38,20
2020-08,2020-09,information,5,-0.05364357286168198,39,20
2020-10,2020-11,attention,1,-0.06246886334772391,38,20
2020-10,2020-11,attention,2,0.011354320791780998,38,20
2020-10,2020-11,attention,3,0.010490769203695474,38,20
2020-10,2020-11,attention,4,0.020094268111327016,38,20
2020-10,2020-11,attention,5,0.06785706854283557,38,20
2020-10,2020-11,baseline,1,0.01863558211885713,617,20
2020-10,2020-11,baseline,2,0.04450849938425383,617,20
2020-10,2020-11,baseline,3,0.04635602905969553,617,20
2020-10,2020-11,baseline,4,0.03761054275823046,617,20
2020-10,2020-11,baseline,5,0.022791684596508984,616,20
2020-10,2020-11,information,1,0.018603903094443874,38,20
2020-10,2020-11,information,2,0.04707166924737009,39,20
2020-10,2020-11,information,3,0.0284123192886762,39,20
2020-10,2020-11,information,4,0.07561355371098372,39,20
2020-10,2020-11,information,5,0.004624328160798796,39,20
2020-11,2020-12,attention,1,-0.0024338606329084305,91,20
2020-11,2020-12,attention,2,-0.02245353469096848,91,20
2020-11,2020-12,attention,3,-0.02759954018629542,91,20
2020-11,2020-12,attention,4,-0.06366005303141589,91,20
2020-11,2020-12,attention,5,-0.03534613460787804,91,20
2020-11,2020-12,baseline,1,-0.03907280139162892,601,20
2020-11,2020-12,baseline,2,-0.05879523313237342,601,20
2020-11,2020-12,baseline,3,-0.054919293539136584,602,20
2020-11,2020-12,baseline,4,-0.04827517656911207,602,20
2020-11,2020-12,baseline,5,-0.03923317830888116,602,20
2020-11,2020-12,information,1,-0.03660361986206162,7,20
2020-11,2020-12,information,2,-0.13951287666438056,8,20
2020-11,2020-12,information,3,-0.027046991342483492,8,20
2020-11,2020-12,information,4,0.10765397956179716,8,20
2020-11,2020-12,information,5,-0.0010551459667240415,8,20
2020-12,2021-01,attention,1,-0.1311228552330461,83,20
2020-12,2021-01,attention,2,-0.1039829334462608,84,20
2020-12,2021-01,attention,3,-0.04988407178718928,84,20
2020-12,2021-01,attention,4,-0.06203745537556937,84,20
2020-12,2021-01,attention,5,-0.019089972590848468,84,20
2020-12,2021-01,baseline,1,-0.09616854175899893,622,20
2020-12,2021-01,baseline,2,-0.07609429666309414,622,20
2020-12,2021-01,baseline,3,-0.06167154779917314,622,20
2020-12,2021-01,baseline,4,-0.05267662168773471,622,20
2020-12,2021-01,baseline,5,-0.046892589308811655,621,20
2020-12,2021-01,information,5,0.10030395136778125,1,20
2021-02,2021-03,attention,1,-0.0025946101528703815,51,20
2021-02,2021-03,attention,2,0.03129862770128681,51,20
2021-02,2021-03,attention,3,0.03706291953247325,51,20
2021-02,2021-03,attention,4,0.04080764269977727,51,20
2021-02,2021-03,attention,5,0.02162422257358987,52,20
2021-02,2021-03,baseline,1,0.01350669483679586,651,20
2021-02,2021-03,baseline,2,0.02145605505041728,653,20
2021-02,2021-03,baseline,3,0.022494430328614094,653,20
2021-02,2021-03,baseline,4,0.028999795508948715,653,20
2021-02,2021-03,baseline,5,0.005182704146378196,653,20
2021-02,2021-03,information,1,-0.011123280743539212,9,20
2021-02,2021-03,information,2,0.0007370249773473879,9,20
2021-02,2021-03,information,3,0.04336682502419656,9,20
2021-02,2021-03,information,4,-0.04336733450780934,9,20
2021-02,2021-03,information,5,-0.049449103377918135,10,20
2021-03,2021-04,attention,1,-0.054177677544639,87,20
2021-03,2021-04,attention,2,-0.01357025056634076,87,20
2021-03,2021-04,attention,3,0.01118116500441698,87,20
2021-03,2021-04,attention,4,-0.025250921949115303,87,20
2021-03,2021-04,attention,5,-0.009153523027636497,87,20
2021-03,2021-04,baseline,1,-0.001982260960274479,613,20
2021-03,2021-04,baseline,2,0.013651459637113084,615,20
2021-03,2021-04,baseline,3,0.01804799032005163,615,20
2021-03,2021-04,baseline,4,0.020290526553390163,615,20
2021-03,2021-04,baseline,5,0.03601569389622988,616,20
2021-03,2021-04,information,1,-0.00474653736696277,15,20
2021-03,2021-04,information,2,-0.005172949218503598,15,20
2021-03,2021-04,information,3,-0.018907715534564756,15,20
2021-03,2021-04,information,4,-0.02065833025019165,15,20
2021-03,2021-04,information,5,0.05355132730374102,16,20
2021-05,2021-06,attention,1,0.011787424088185984,89,20
2021-05,2021-06,attention,2,0.031154333728177122,89,20
2021-05,2021-06,attention,3,0.004160532965575736,89,20
2021-05,2021-06,attention,4,0.05601127781129774,89,20
2021-05,2021-06,attention,5,0.06357795646560567,90,20
2021-05,2021-06,baseline,1,0.0044370758134057555,622,20
2021-05,2021-06,baseline,2,0.021952145169899018,622,20
2021-05,2021-06,baseline,3,0.021311509826227263,622,20
2021-05,2021-06,baseline,4,0.017658377933059355,621,20
2021-05,2021-06,baseline,5,0.02522186562712381,622,20
2021-05,2021-06,information,1,0.07222643351978833,13,20
2021-05,2021-06,information,2,-0.0014755478712216335,13,20
2021-05,2021-06,information,3,0.0036300000804938646,13,20
2021-05,2021-06,information,4,0.03431717262593248,13,20
2021-05,2021-06,information,5,0.07733100398774025,14,20
2021-06,2021-07,attention,1,-0.05917432961540394,117,20
2021-06,2021-07,attention,2,-0.017791263671173438,117,20
2021-06,2021-07,attention,3,-0.011655586237001346,117,20
2021-06,2021-07,attention,4,0.0030014555976316023,117,20
2021-06,2021-07,attention,5,0.006631644052527977,117,20
2021-06,2021-07,baseline,1,-0.027899034105062406,595,20
2021-06,2021-07,baseline,2,-0.03237297171500326,601,20
2021-06,2021-07,baseline,3,-0.04627466318752835,601,20
2021-06,2021-07,baseline,4,-0.041454326193885116,601,20
2021-06,2021-07,baseline,5,-0.03420310475354555,601,20
2021-06,2021-07,information,1,-0.018628739902413285,15,20
2021-06,2021-07,information,2,-0.05971377170843998,15,20
2021-06,2021-07,information,3,-0.002359723400783935,16,20
2021-06,2021-07,information,4,0.004880472888789478,15,20
2021-06,2021-07,information,5,-0.034955602432903576,16,20
2021-07,2021-08,attention,1,0.023558426006000797,136,20
2021-07,2021-08,attention,2,0.03332643226499991,136,20
2021-07,2021-08,attention,3,0.042761886005133344,137,20
2021-07,2021-08,attention,4,0.03730693140831408,136,20
2021-07,2021-08,attention,5,0.07613230191685005,137,20
2021-07,2021-08,baseline,1,0.04344582529734135,576,20
2021-07,2021-08,baseline,2,0.05542915904876636,580,20
2021-07,2021-08,baseline,3,0.07991537947543251,580,20
2021-07,2021-08,baseline,4,0.07378786050677118,580,20
2021-07,2021-08,baseline,5,0.08584399804009687,579,20
2021-07,2021-08,information,1,0.019187527973505425,26,20
2021-07,2021-08,information,2,0.08210789126751925,26,20
2021-07,2021-08,information,3,0.07896154834476556,27,20
2021-07,2021-08,information,4,0.08687197124368493,26,20
2021-07,2021-08,information,5,0.10590550008027746,27,20
2021-08,2021-09,attention,1,-0.05538560227924488,147,20
2021-08,2021-09,attention,2,-0.017074335560512376,148,20
2021-08,2021-09,attention,3,-0.013215074725614182,147,20
2021-08,2021-09,attention,4,-0.0020487225918310354,148,20
2021-08,2021-09,attention,5,-0.030796882979043788,148,20
2021-08,2021-09,baseline,1,-0.030017207539046405,557,20
2021-08,2021-09,baseline,2,-0.002963976215662237,558,20
2021-08,2021-09,baseline,3,0.004050236578783285,557,20
2021-08,2021-09,baseline,4,-0.00517016396401353,558,20
2021-08,2021-09,baseline,5,-0.027070201304455983,556,20
2021-08,2021-09,information,1,-0.04910449223687613,49,20
2021-08,2021-09,information,2,-0.012997333071491656,50,20
2021-08,2021-09,information,3,0.0223383874474605,50,20
2021-08,2021-09,information,4,-0.0066308375177636545,50,20
2021-08,2021-09,information,5,-0.00444641487117988,50,20
2021-10,2021-11,attention,1,0.09715977023045376,44,20
2021-10,2021-11,attention,2,0.10000621686836049,45,20
2021-10,2021-11,attention,3,0.06404295832367476,45,20
2021-10,2021-11,attention,4,0.05884412123541804,45,20
2021-10,2021-11,attention,5,0.08586270719817761,45,20
2021-10,2021-11,baseline,1,0.06871789297315815,681,20
2021-10,2021-11,baseline,2,0.09075980671962611,682,20
2021-10,2021-11,baseline,3,0.09766824487281753,682,20
2021-10,2021-11,baseline,4,0.08618275307690786,682,20
2021-10,2021-11,baseline,5,0.1090318088682264,682,20
2021-10,2021-11,information,1,0.0920535645924207,45,20
2021-10,2021-11,information,2,0.1266694003677025,46,20
2021-10,2021-11,information,3,0.08760296046590169,45,20
2021-10,2021-11,information,4,0.12223592306795025,46,20
2021-10,2021-11,information,5,0.09104118768773105,46,20
2021-11,2021-12,attention,1,0.015398365029048566,118,20
2021-11,2021-12,attention,2,0.03468756060038859,118,20
2021-11,2021-12,attention,3,0.031112320341004907,119,20
2021-11,2021-12,attention,4,0.027173462339439885,118,20
2021-11,2021-12,attention,5,0.0028033134124034863,119,20
2021-11,2021-12,baseline,1,-0.002544121628838035,646,20
2021-11,2021-12,baseline,2,0.03910002375571759,646,20
2021-11,2021-12,baseline,3,0.030590573848991866,646,20
2021-11,2021-12,baseline,4,0.030622681325699404,646,20
2021-11,2021-12,baseline,5,0.009109463226297975,646,20
2021-11,2021-12,information,1,0.011102778250941192,12,20
2021-11,2021-12,information,2,0.055767907241577604,12,20
2021-11,2021-12,information,3,0.05585212549526783,12,20
2021-11,2021-12,information,4,0.04307219832307277,12,20
2021-11,2021-12,information,5,0.025877214927664184,13,20
2022-02,2022-03,attention,1,-0.03171840571531518,69,20
2022-02,2022-03,attention,2,-0.040540147568357145,69,20
2022-02,2022-03,attention,3,-0.024943503893837583,69,20
2022-02,2022-03,attention,4,-0.04338051494892935,69,20
2022-02,2022-03,attention,5,-0.06910016040322459,70,20
2022-02,2022-03,baseline,1,-0.03521230115705394,721,20
2022-02,2022-03,baseline,2,-0.06214674539874401,721,20
2022-02,2022-03,baseline,3,-0.06137408367825657,721,20
2022-02,2022-03,baseline,4,-0.055324915806307745,721,20
2022-02,2022-03,baseline,5,-0.06957600086851964,721,20
2022-02,2022-03,information,1,-0.015326240793471162,9,20
2022-02,2022-03,information,2,0.06672925898934493,10,20
2022-02,2022-03,information,3,-0.11197685069517958,9,20
2022-02,2022-03,information,4,0.022540391431875195,10,20
2022-02,2022-03,information,5,-0.09149168340544843,10,20
2022-05,2022-06,attention,1,0.053325465725179357,58,20
2022-05,2022-06,attention,2,0.07370382876079425,58,20
2022-05,2022-06,attention,3,0.06665625293645869,59,20
2022-05,2022-06,attention,4,0.06490444814958975,58,20
2022-05,2022-06,attention,5,0.07196456261865489,59,20
2022-05,2022-06,baseline,1,0.048694353713561594,740,20
2022-05,2022-06,baseline,2,0.07300530288934336,755,20
2022-05,2022-06,baseline,3,0.07714217295092152,754,20
2022-05,2022-06,baseline,4,0.08482147734235969,754,20
2022-05,2022-06,baseline,5,0.08967318910717757,752,20
2022-05,2022-06,information,1,0.01945656904576278,14,20
2022-05,2022-06,information,2,0.05061103269541299,14,20
2022-05,2022-06,information,3,0.12233394991521142,14,20
2022-05,2022-06,information,4,0.024822746284146293,14,20
2022-05,2022-06,information,5,0.0863907302140177,15,20
2022-06,2022-07,attention,1,0.04105745044078035,103,20
2022-06,2022-07,attention,2,0.05081115715569749,103,20
2022-06,2022-07,attention,3,0.017165835542394325,103,20
2022-06,2022-07,attention,4,0.03851637525479559,103,20
2022-06,2022-07,attention,5,0.05354697511469132,103,20
2022-06,2022-07,baseline,1,0.02332242958735781,703,20
2022-06,2022-07,baseline,2,0.025222379563198827,725,20
2022-06,2022-07,baseline,3,0.023220055673398275,728,20
2022-06,2022-07,baseline,4,0.040874926660016214,726,20
2022-06,2022-07,baseline,5,0.05266964740353561,721,20
2022-06,2022-07,information,1,-0.02455733938249333,11,20
2022-06,2022-07,information,2,0.015528043192420364,11,20
2022-06,2022-07,information,3,-0.00873292752610657,11,20
2022-06,2022-07,information,4,0.029023053574853293,11,20
2022-06,2022-07,information,5,0.08262281051297045,11,20
2022-07,2022-08,attention,1,-0.04182886455255959,93,20
2022-07,2022-08,attention,2,-0.021272624671289053,94,20
2022-07,2022-08,attention,3,-0.010752516450047161,93,20
2022-07,2022-08,attention,4,-0.01284133895402305,94,20
2022-07,2022-08,attention,5,0.00011349681609710023,94,20
2022-07,2022-08,baseline,1,-0.025286138193841366,730,20
2022-07,2022-08,baseline,2,-0.009876045980806077,732,20
2022-07,2022-08,baseline,3,0.0021404296485358137,731,20
2022-07,2022-08,baseline,4,-0.0028332912426868063,732,20
2022-07,2022-08,baseline,5,-0.002917543727931211,732,20
2022-07,2022-08,information,1,-0.017125431066917107,19,20
2022-07,2022-08,information,2,0.007846579627169569,20,20
2022-07,2022-08,information,3,-0.008929823281510561,19,20
2022-07,2022-08,information,4,0.04178340112104279,20,20
2022-07,2022-08,information,5,-0.05492781152003808,20,20
2022-08,2022-09,attention,1,-0.09784298224040158,101,20
2022-08,2022-09,attention,2,-0.07832948885056083,101,20
2022-08,2022-09,attention,3,-0.06772749257633426,102,20
2022-08,2022-09,attention,4,-0.07831337203599781,101,20
2022-08,2022-09,attention,5,-0.061849567071919236,102,20
2022-08,2022-09,baseline,1,-0.07840406144891154,710,20
2022-08,2022-09,baseline,2,-0.07816181430999654,711,20
2022-08,2022-09,baseline,3,-0.07618542410632001,711,20
2022-08,2022-09,baseline,4,-0.07727682886747621,711,20
2022-08,2022-09,baseline,5,-0.07367423265001903,711,20
2022-08,2022-09,information,1,-0.08407111692034915,41,20
2022-08,2022-09,information,2,-0.07667439433815654,42,20
2022-08,2022-09,information,3,-0.06736870690155733,42,20
2022-08,2022-09,information,4,-0.06771375563470196,42,20
2022-08,2022-09,information,5,-0.05352338603019013,42,20
2022-10,2022-11,attention,1,-0.013177730943580799,58,20
2022-10,2022-11,attention,2,0.01611265315588837,58,20
2022-10,2022-11,attention,3,0.0441857794719789,58,20
2022-10,2022-11,attention,4,0.0058294034340771244,58,20
2022-10,2022-11,attention,5,0.02157586662459299,58,20
2022-10,2022-11,baseline,1,0.06695193973439915,759,20
2022-10,2022-11,baseline,2,0.07057713263181327,760,20
2022-10,2022-11,baseline,3,0.07072033971309252,759,20
2022-10,2022-11,baseline,4,0.06458214087324954,760,20
2022-10,2022-11,baseline,5,0.05059259538757275,760,20
2022-10,2022-11,information,1,0.01348928202912063,51,20
2022-10,2022-11,information,2,0.06525910010551515,51,20
2022-10,2022-11,information,3,0.03987602732184814,52,20
2022-10,2022-11,information,4,0.03279288905314906,51,20
2022-10,2022-11,information,5,0.02194359195005218,52,20
2022-11,2022-12,attention,1,-0.06296074488605996,132,20
2022-11,2022-12,attention,2,-0.02812762595391041,133,20
2022-11,2022-12,attention,3,-0.038022620767297254,132,20
2022-11,2022-12,attention,4,-0.04628061531911045,133,20
2022-11,2022-12,attention,5,-0.05501467101459443,133,20
2022-11,2022-12,baseline,1,-0.039147944475583035,741,20
2022-11,2022-12,baseline,2,-0.03700613744484546,742,20
2022-11,2022-12,baseline,3,-0.03428661910034016,741,20
2022-11,2022-12,baseline,4,-0.042461133901519774,742,20
2022-11,2022-12,baseline,5,-0.048556447239639144,742,20
2022-11,2022-12,information,1,0.036008806687839345,2,20
2022-11,2022-12,information,2,0.27793739324103706,2,20
2022-11,2022-12,information,3,-0.0429468446884958,2,20
2022-11,2022-12,information,4,0.07575983999566588,2,20
2022-11,2022-12,information,5,0.027400727507475613,3,20
2023-01,2023-02,attention,1,0.025026820017777295,60,20
2023-01,2023-02,attention,2,0.04574672962002585,61,20
2023-01,2023-02,attention,3,0.03416033516556716,61,20
2023-01,2023-02,attention,4,0.03479357914939867,61,20
2023-01,2023-02,attention,5,0.019244731269830485,61,20
2023-01,2023-02,baseline,1,0.021852320089456444,814,20
2023-01,2023-02,baseline,2,0.043966517055050225,814,20
2023-01,2023-02,baseline,3,0.03536036623246306,815,20
2023-01,2023-02,baseline,4,0.03847684471002355,814,20
2023-01,2023-02,baseline,5,0.033057699956399574,815,20
2023-01,2023-02,information,1,0.008076406407609107,16,20
2023-01,2023-02,information,2,0.08608830883992402,16,20
2023-01,2023-02,information,3,0.021940652220310317,16,20
2023-01,2023-02,information,4,0.05454655407042905,16,20
2023-01,2023-02,information,5,0.02465039559134322,17,20
2023-02,2023-03,attention,1,0.027742296835134687,130,20
2023-02,2023-03,attention,2,0.0512812865562554,130,20
2023-02,2023-03,attention,3,0.027638038100349413,131,20
2023-02,2023-03,attention,4,0.01142117606344718,130,20
2023-02,2023-03,attention,5,0.03280484941279444,131,20
2023-02,2023-03,baseline,1,-0.028106802532395475,758,20
2023-02,2023-03,baseline,2,-0.024227221494922527,758,20
2023-02,2023-03,baseline,3,-0.016500647562667597,759,20
2023-02,2023-03,baseline,4,-0.020608682453774233,758,20
2023-02,2023-03,baseline,5,-0.01625893567636263,758,20
2023-02,2023-03,information,1,-0.0077003846638270534,5,20
2023-02,2023-03,information,2,0.045640498382325735,6,20
2023-02,2023-03,information,3,-0.023327472677996574,5,20
2023-02,2023-03,information,4,0.02569096789254451,6,20
2023-02,2023-03,information,5,-0.0034897955413889146,6,20
2023-04,2023-05,attention,1,0.010579035217205912,136,20
2023-04,2023-05,attention,2,0.010646556334966454,137,20
2023-04,2023-05,attention,3,0.005034202758929354,136,20
2023-04,2023-05,attention,4,-0.0008527799461526029,137,20
2023-04,2023-05,attention,5,0.015147635945792248,137,20
2023-04,2023-05,baseline,1,-0.006757828362154927,697,20
2023-04,2023-05,baseline,2,-0.009094395042164128,698,20
2023-04,2023-05,baseline,3,-0.0012607665641804248,698,20
2023-04,2023-05,baseline,4,2.15987171416995e-05,699,20
2023-04,2023-05,baseline,5,0.009833094198240992,699,20
2023-04,2023-05,information,1,0.02290982679892919,73,20
2023-04,2023-05,information,2,-0.003873900096346844,74,20
2023-04,2023-05,information,3,0.00589216832112798,74,20
2023-04,2023-05,information,4,0.011683459302994782,74,20
2023-04,2023-05,information,5,0.009822272763464196,74,20
2023-05,2023-06,attention,1,0.03649986057411545,115,20
2023-05,2023-06,attention,2,0.040148908739554075,115,20
2023-05,2023-06,attention,3,0.03351011669511285,116,20
2023-05,2023-06,attention,4,0.031609430747557114,115,20
2023-05,2023-06,attention,5,0.016812387492791833,116,20
2023-05,2023-06,baseline,1,0.016376040021803828,751,20
2023-05,2023-06,baseline,2,0.02494380765598851,757,20
2023-05,2023-06,baseline,3,0.020293535786658948,755,20
2023-05,2023-06,baseline,4,0.02915973252401816,757,20
2023-05,2023-06,baseline,5,0.030737792026671793,757,20
2023-05,2023-06,information,1,0.025188149598417302,31,20
2023-05,2023-06,information,2,0.00373938081897714,32,20
2023-05,2023-06,information,3,0.032422526511961654,31,20
2023-05,2023-06,information,4,0.021515658487726592,32,20
2023-05,2023-06,information,5,0.041160837658964416,32,20
2023-06,2023-07,attention,1,-0.04597759714682698,121,20
2023-06,2023-07,attention,2,0.00039574124282540325,122,20
2023-06,2023-07,attention,3,0.00022374017433128944,122,20
2023-06,2023-07,attention,4,-0.015505802645525615,122,20
2023-06,2023-07,attention,5,-0.04108916944592452,122,20
2023-06,2023-07,baseline,1,-0.03314245511456335,752,20
2023-06,2023-07,baseline,2,0.01642723535534249,770,20
2023-06,2023-07,baseline,3,0.019463154875772826,769,20
2023-06,2023-07,baseline,4,0.026165893580545527,770,20
2023-06,2023-07,baseline,5,0.011507094333244918,768,20
2023-06,2023-07,information,1,-0.02938212558774465,21,20
2023-06,2023-07,information,2,-0.025523371838952338,22,20
2023-06,2023-07,information,3,0.0014769029997426344,22,20
2023-06,2023-07,information,4,0.02440938515349038,22,20
2023-06,2023-07,information,5,-0.03117790789893059,22,20
2023-07,2023-08,attention,1,-0.048730843810479395,141,20
2023-07,2023-08,attention,2,-0.050988984053592486,142,20
2023-07,2023-08,attention,3,-0.06311272370049664,141,20
2023-07,2023-08,attention,4,-0.05344500550415896,142,20
2023-07,2023-08,attention,5,-0.07204119410508597,142,20
2023-07,2023-08,baseline,1,-0.08657349742131948,753,20
2023-07,2023-08,baseline,2,-0.07641077003092812,752,20
2023-07,2023-08,baseline,3,-0.07438269307931895,755,20
2023-07,2023-08,baseline,4,-0.07349959755586292,757,20
2023-07,2023-08,baseline,5,-0.0806181174348555,753,20
2023-07,2023-08,information,1,-0.03693699622911312,19,20
2023-07,2023-08,information,2,-0.06336813898638169,20,20
2023-07,2023-08,information,3,-0.0552248942433601,20,20
2023-07,2023-08,information,4,-0.06671814143798072,20,20
2023-07,2023-08,information,5,-0.0730656346969665,20,20
2023-08,2023-09,attention,1,-0.056044488064025136,110,20
2023-08,2023-09,attention,2,-0.014576479273638485,110,20
2023-08,2023-09,attention,3,0.019546809882222974,110,20
2023-08,2023-09,attention,4,0.005767490282993295,110,20
2023-08,2023-09,attention,5,0.0053192545397894656,111,20
2023-08,2023-09,baseline,1,-0.012806982655635178,754,20
2023-08,2023-09,baseline,2,0.0031280310115166794,754,20
2023-08,2023-09,baseline,3,0.009292457280776548,754,20
2023-08,2023-09,baseline,4,-0.0005560019377397602,754,20
2023-08,2023-09,baseline,5,0.007996841015331203,755,20
2023-08,2023-09,information,1,-0.008408792381897163,60,20
2023-08,2023-09,information,2,0.006630165426508716,60,20
2023-08,2023-09,information,3,0.02214299390912779,61,20
2023-08,2023-09,information,4,0.012752768456778694,60,20
2023-08,2023-09,information,5,0.027194467256095613,61,20
2023-10,2023-11,attention,1,0.04814721711190246,100,20
2023-10,2023-11,attention,2,0.0432889916372459,100,20
2023-10,2023-11,attention,3,0.04254038627760685,101,20
2023-10,2023-11,attention,4,0.06066002394430077,100,20
2023-10,2023-11,attention,5,0.0418401382027352,101,20
2023-10,2023-11,baseline,1,0.05479868278667908,756,20
2023-10,2023-11,baseline,2,0.05003283964399193,757,20
2023-10,2023-11,baseline,3,0.045101378734180665,756,20
2023-10,2023-11,baseline,4,0.04216628037707366,757,20
2023-10,2023-11,baseline,5,0.05022067854109552,757,20
2023-10,2023-11,information,1,0.040649087556373996,81,20
2023-10,2023-11,information,2,0.042744547976955725,81,20
2023-10,2023-11,information,3,0.04341911442775494,82,20
2023-10,2023-11,information,4,0.03099940613823561,81,20
2023-10,2023-11,information,5,0.024161098578457996,82,20
2023-11,2023-12,attention,1,-0.04302848087035275,148,20
2023-11,2023-12,attention,2,-0.04416738851665508,149,20
2023-11,2023-12,attention,3,-0.040365938531030654,149,20
2023-11,2023-12,attention,4,-0.03674604664193054,149,20
2023-11,2023-12,attention,5,-0.056018308115850804,149,20
2023-11,2023-12,baseline,1,-0.03942433663007842,792,20
2023-11,2023-12,baseline,2,-0.03413156444525996,792,20
2023-11,2023-12,baseline,3,-0.030932230236362778,792,20
2023-11,2023-12,baseline,4,-0.027906849376584626,792,20
2023-11,2023-12,baseline,5,-0.03489819727073099,793,20
2023-11,2023-12,information,1,-0.08667204674209539,2,20
2023-11,2023-12,information,2,0.06948722105149402,2,20
2023-11,2023-12,information,3,-0.029295594374160072,3,20
2023-11,2023-12,information,4,-0.03834958181615572,2,20
2023-11,2023-12,information,5,-0.07563751510644512,3,20
2023-12,2024-01,attention,1,-0.14338170939350509,132,20
2023-12,2024-01,attention,2,-0.10471552277552541,132,20
2023-12,2024-01,attention,3,-0.1115055665580662,132,20
2023-12,2024-01,attention,4,-0.12132560968076093,132,20
2023-12,2024-01,attention,5,-0.11929212148865732,132,20
2023-12,2024-01,baseline,1,-0.1347155677627885,815,20
2023-12,2024-01,baseline,2,-0.10752980104873569,816,20
2023-12,2024-01,baseline,3,-0.10122194668950805,815,20
2023-12,2024-01,baseline,4,-0.10385633024576023,816,20
2023-12,2024-01,baseline,5,-0.13711100709806692,816,20
2023-12,2024-01,information,2,-0.09794776119402981,1,20
2023-12,2024-01,information,3,-0.18264595607927148,1,20
2023-12,2024-01,information,4,0.04800724637681153,1,20
2023-12,2024-01,information,5,-0.007672634271099654,1,20
2024-02,2024-03,attention,1,0.02723974427004272,315,20
2024-02,2024-03,attention,2,0.009076950476650846,315,20
2024-02,2024-03,attention,3,0.007838344005879369,316,20
2024-02,2024-03,attention,4,0.010051946420951372,315,20
2024-02,2024-03,attention,5,0.02487573694116482,316,20
2024-02,2024-03,baseline,1,0.045574934826203825,620,20
2024-02,2024-03,baseline,2,0.0430954808145284,621,20
2024-02,2024-03,baseline,3,0.0394333032784078,621,20
2024-02,2024-03,baseline,4,0.03896829966831728,621,20
2024-02,2024-03,baseline,5,0.0584679308105424,621,20
2024-02,2024-03,information,1,0.010553486274557364,16,20
2024-02,2024-03,information,2,0.04536110640611765,17,20
2024-02,2024-03,information,3,0.015266249417175325,16,20
2024-02,2024-03,information,4,-0.002398497103147748,17,20
2024-02,2024-03,information,5,0.0267620426376424,17,20
2024-03,2024-04,attention,1,-0.06797320066564518,180,20
2024-03,2024-04,attention,2,-0.02939058657414708,180,20
2024-03,2024-04,attention,3,0.009745237391308413,181,20
2024-03,2024-04,attention,4,-0.009912069817746312,180,20
2024-03,2024-04,attention,5,-0.0156953435526862,181,20
2024-03,2024-04,baseline,1,-0.05559370976663845,761,20
2024-03,2024-04,baseline,2,-0.007711818673694342,763,20
2024-03,2024-04,baseline,3,0.002652009273352629,764,20
2024-03,2024-04,baseline,4,0.004013876717832965,763,20
2024-03,2024-04,baseline,5,-0.014367270447721323,764,20
2024-03,2024-04,information,1,0.03340756035146165,14,20
2024-03,2024-04,information,2,0.05064252223414227,14,20
2024-03,2024-04,information,3,0.020608816442265167,14,20
2024-03,2024-04,information,4,0.02522064070266905,14,20
2024-03,2024-04,information,5,0.04768013538562315,14,20
2024-04,2024-05,attention,1,-0.021806245470457224,128,20
2024-04,2024-05,attention,2,0.010398506093280618,129,20
2024-04,2024-05,attention,3,-0.005014116678085563,129,20
2024-04,2024-05,attention,4,0.0015017878207994107,129,20
2024-04,2024-05,attention,5,0.008059442128057544,129,20
2024-04,2024-05,baseline,1,-0.03469878943958857,698,20
2024-04,2024-05,baseline,2,-0.027110083031338574,699,20
2024-04,2024-05,baseline,3,-0.02015057681883388,700,20
2024-04,2024-05,baseline,4,-0.012103983019794522,698,20
2024-04,2024-05,baseline,5,-0.007886910187928248,700,20
2024-04,2024-05,information,1,0.0033523209945089684,134,20
2024-04,2024-05,information,2,-0.006650987200777543,135,20
2024-04,2024-05,information,3,-0.0042903064524163715,135,20
2024-04,2024-05,information,4,0.011929560627103363,135,20
2024-04,2024-05,information,5,0.011915468453250474,135,20
2024-06,2024-07,attention,1,-0.06393014001170375,85,20
2024-06,2024-07,attention,2,-0.05856756307512506,85,20
2024-06,2024-07,attention,3,-0.05139102396055799,85,20
2024-06,2024-07,attention,4,-0.04357315719870251,85,20
2024-06,2024-07,attention,5,-0.024671001743900564,85,20
2024-06,2024-07,baseline,1,-0.04204422281142937,845,20
2024-06,2024-07,baseline,2,-0.03219782979929884,852,20
2024-06,2024-07,baseline,3,-0.030312724705286506,852,20
2024-06,2024-07,baseline,4,-0.024180969202430513,851,20
2024-06,2024-07,baseline,5,-0.032193316239301696,852,20
2024-06,2024-07,information,1,-0.05463199553715638,28,20
2024-06,2024-07,information,2,-0.04915568536928638,28,20
2024-06,2024-07,information,3,-0.01763748645630168,28,20
2024-06,2024-07,information,4,-0.03730199044838678,28,20
2024-06,2024-07,information,5,-0.04763263447943722,28,20
2024-07,2024-08,attention,1,-0.11900436736692925,84,20
2024-07,2024-08,attention,2,-0.07570479758527328,85,20
2024-07,2024-08,attention,3,-0.07923902805144419,84,20
2024-07,2024-08,attention,4,-0.0855399160696505,85,20
2024-07,2024-08,attention,5,-0.08017453785091988,85,20
2024-07,2024-08,baseline,1,-0.08718342722714706,849,20
2024-07,2024-08,baseline,2,-0.07267940953388824,852,20
2024-07,2024-08,baseline,3,-0.06062449913819485,851,20
2024-07,2024-08,baseline,4,-0.062326809277984,852,20
2024-07,2024-08,baseline,5,-0.05537891998879175,850,20
2024-07,2024-08,information,1,-0.07499476150659626,36,20
2024-07,2024-08,information,2,-0.08162157289828605,36,20
2024-07,2024-08,information,3,-0.06776452126029649,36,20
2024-07,2024-08,information,4,-0.03130318215142366,36,20
2024-07,2024-08,information,5,-0.049031350916655746,36,20
2024-10,2024-11,attention,1,0.0014927626976521927,328,20
2024-10,2024-11,attention,2,0.028855029467347915,329,20
2024-10,2024-11,attention,3,0.02191031570309772,328,20
2024-10,2024-11,attention,4,0.030370609946986298,329,20
2024-10,2024-11,attention,5,0.03149582495161843,329,20
2024-10,2024-11,baseline,1,0.0067259001648193786,594,20
2024-10,2024-11,baseline,2,0.04561606748963934,594,20
2024-10,2024-11,baseline,3,0.046487194848541497,594,20
2024-10,2024-11,baseline,4,0.05385715678601879,594,20
2024-10,2024-11,baseline,5,0.024190372566759002,594,20
2024-10,2024-11,information,1,0.00044619135139126333,57,20
2024-10,2024-11,information,2,0.005839107442403957,58,20
2024-10,2024-11,information,3,0.02706776258088802,57,20
2024-10,2024-11,information,4,0.006806038570696353,58,20
2024-10,2024-11,information,5,0.01714403260053401,58,20
2024-11,2024-12,attention,1,-0.022870530067064014,250,20
2024-11,2024-12,attention,2,-0.004682686416944871,251,20
2024-11,2024-12,attention,3,-0.004214635761569938,250,20
2024-11,2024-12,attention,4,-0.00385433675775894,251,20
2024-11,2024-12,attention,5,-0.03144454609031056,251,20
2024-11,2024-12,baseline,1,-0.02641984070874908,715,20
2024-11,2024-12,baseline,2,-0.00588466272258846,716,20
2024-11,2024-12,baseline,3,0.0008468010511858762,716,20
2024-11,2024-12,baseline,4,0.001394749366392776,716,20
2024-11,2024-12,baseline,5,-0.015346152653214533,716,20
2024-11,2024-12,information,1,-0.03158968057221751,15,20
2024-11,2024-12,information,2,0.0238457790363779,15,20
2024-11,2024-12,information,3,0.015704693365615783,15,20
2024-11,2024-12,information,4,0.0021352386071243307,15,20
2024-11,2024-12,information,5,-0.05169405139326174,15,20
2025-02,2025-03,attention,1,0.00825458802844638,138,20
2025-02,2025-03,attention,2,0.017737451667909614,138,20
2025-02,2025-03,attention,3,0.015231756546165766,138,20
2025-02,2025-03,attention,4,0.03324264411435467,138,20
2025-02,2025-03,attention,5,-0.023808902860046974,139,20
2025-02,2025-03,baseline,1,-0.01562128899051475,838,20
2025-02,2025-03,baseline,2,0.020390082440925515,838,20
2025-02,2025-03,baseline,3,0.02812212533855835,839,20
2025-02,2025-03,baseline,4,0.025030154876465344,838,20
2025-02,2025-03,baseline,5,0.005682310523658206,839,20
2025-02,2025-03,information,1,0.012622521747780113,9,20
2025-02,2025-03,information,2,0.03570152375900934,9,20
2025-02,2025-03,information,3,-0.002877647021396491,9,20
2025-02,2025-03,information,4,-0.02161134694941717,9,20
2025-02,2025-03,information,5,-0.011678942993361549,9,20
2025-03,2025-04,attention,1,-0.04369549937341786,162,20
2025-03,2025-04,attention,2,-0.03914672082611104,162,20
2025-03,2025-04,attention,3,-0.04199614174490741,162,20
2025-03,2025-04,attention,4,-0.01813651424155235,162,20
2025-03,2025-04,attention,5,-0.020246563020332252,162,20
2025-03,2025-04,baseline,1,-0.0558480161803985,813,20
2025-03,2025-04,baseline,2,-0.0381588883156146,814,20
2025-03,2025-04,baseline,3,-0.03138008195202145,813,20
2025-03,2025-04,baseline,4,-0.013679188071139662,814,20
2025-03,2025-04,baseline,5,-0.024171162014307652,814,20
2025-03,2025-04,information,1,-0.061507066547197425,11,20
2025-03,2025-04,information,2,-0.032761553221332826,11,20
2025-03,2025-04,information,3,-0.04215294003106528,12,20
2025-03,2025-04,information,4,-0.0400187570036375,11,20
2025-03,2025-04,information,5,0.018282713912991234,12,20
2025-05,2025-06,attention,1,0.04627699914899574,109,20
2025-05,2025-06,attention,2,0.04767135126146134,110,20
2025-05,2025-06,attention,3,0.05898856059722692,109,20
2025-05,2025-06,attention,4,0.06053950064224991,110,20
2025-05,2025-06,attention,5,0.07989422679247307,110,20
2025-05,2025-06,baseline,1,0.05751878451949329,849,20
2025-05,2025-06,baseline,2,0.059655197467156584,850,20
2025-05,2025-06,baseline,3,0.05430938392009916,849,20
2025-05,2025-06,baseline,4,0.0676422838950396,850,20
2025-05,2025-06,baseline,5,0.07875861471078995,849,20
2025-05,2025-06,information,1,0.05303617049050182,14,20
2025-05,2025-06,information,2,0.05824028664924718,14,20
2025-05,2025-06,information,3,0.05661738749167631,15,20
2025-05,2025-06,information,4,0.021009978204593254,14,20
2025-05,2025-06,information,5,0.054222818744323206,15,20
2025-06,2025-07,attention,1,0.04410668848807359,130,20
2025-06,2025-07,attention,2,0.06961666221239154,130,20
2025-06,2025-07,attention,3,0.10136556179905064,130,20
2025-06,2025-07,attention,4,0.0767353316057582,130,20
2025-06,2025-07,attention,5,0.08765650302379087,131,20
2025-06,2025-07,baseline,1,0.04431661655234413,824,20
2025-06,2025-07,baseline,2,0.06474231816153675,834,20
2025-06,2025-07,baseline,3,0.07337067389057916,834,20
2025-06,2025-07,baseline,4,0.07222480679760349,834,20
2025-06,2025-07,baseline,5,0.08540863423277972,835,20
2025-06,2025-07,information,1,0.053974477618599956,14,20
2025-06,2025-07,information,2,0.10702031339109122,14,20
2025-06,2025-07,information,3,0.11992167993397237,15,20
2025-06,2025-07,information,4,0.0924739283272001,14,20
2025-06,2025-07,information,5,0.08102916639458092,15,20
2025-07,2025-08,attention,1,0.09123786198547539,181,20
2025-07,2025-08,attention,2,0.10816292530965231,182,20
2025-07,2025-08,attention,3,0.08111028602134071,182,20
2025-07,2025-08,attention,4,0.07027282190335925,182,20
2025-07,2025-08,attention,5,0.10163166270647016,182,20
2025-07,2025-08,baseline,1,0.10448351317219862,780,20
2025-07,2025-08,baseline,2,0.10376433698476893,781,20
2025-07,2025-08,baseline,3,0.08132379516573646,780,20
2025-07,2025-08,baseline,4,0.0778749828787417,781,20
2025-07,2025-08,baseline,5,0.07464828252110974,777,20
2025-07,2025-08,information,1,0.07211352996541347,17,20
2025-07,2025-08,information,2,0.14034389084888177,17,20
2025-07,2025-08,information,3,0.09661553997611352,17,20
2025-07,2025-08,information,4,0.07366633236102704,17,20
2025-07,2025-08,information,5,0.13522763033835097,17,20
2025-08,2025-09,attention,1,-0.016230784148661654,165,20
2025-08,2025-09,attention,2,0.007250691819167373,165,20
2025-08,2025-09,attention,3,0.004201701391246054,165,20
2025-08,2025-09,attention,4,0.0260754638403447,165,20
2025-08,2025-09,attention,5,0.015942682471743134,165,20
2025-08,2025-09,baseline,1,-0.026737389257956025,764,20
2025-08,2025-09,baseline,2,-0.011540712003457196,764,20
2025-08,2025-09,baseline,3,-0.0038996694005362952,765,20
2025-08,2025-09,baseline,4,0.00023305779820041798,763,20
2025-08,2025-09,baseline,5,0.01588637303694156,765,20
2025-08,2025-09,information,1,-0.039572509509555355,50,20
2025-08,2025-09,information,2,-0.010825242149925519,50,20
2025-08,2025-09,information,3,0.00931044549151016,50,20
2025-08,2025-09,information,4,0.015908002511757807,50,20
2025-08,2025-09,information,5,0.03279434985438451,51,20
2025-10,2025-11,attention,1,-0.016296797268445122,78,20
2025-10,2025-11,attention,2,0.017146704804729747,79,20
2025-10,2025-11,attention,3,0.018553728609039588,78,20
2025-10,2025-11,attention,4,-0.007583685156716692,79,20
2025-10,2025-11,attention,5,0.017883353091234636,79,20
2025-10,2025-11,baseline,1,-0.012519500679471881,843,20
2025-10,2025-11,baseline,2,-0.009461167330462978,845,20
2025-10,2025-11,baseline,3,0.0004144968194374826,845,20
2025-10,2025-11,baseline,4,0.0019967259318534394,845,20
2025-10,2025-11,baseline,5,0.001945662873656066,845,20
2025-10,2025-11,information,1,-0.013808491378388466,58,20
2025-10,2025-11,information,2,-0.00579031203939845,58,20
2025-10,2025-11,information,3,-0.02070494346971675,58,20
2025-10,2025-11,information,4,0.0023957936329648283,58,20
2025-10,2025-11,information,5,-0.009883049438021886,58,20
2025-11,2025-12,attention,1,0.01224125939840512,111,20
2025-11,2025-12,attention,2,0.023447789674461483,111,20
2025-11,2025-12,attention,3,0.048580744986575754,112,20
2025-11,2025-12,attention,4,0.01624275310794537,111,20
2025-11,2025-12,attention,5,0.02375127511261855,112,20
2025-11,2025-12,baseline,1,0.03031648153867769,865,20
2025-11,2025-12,baseline,2,0.0263228186870303,865,20
2025-11,2025-12,baseline,3,0.02273390366689122,865,20
2025-11,2025-12,baseline,4,0.01614606286371527,865,20
2025-11,2025-12,baseline,5,0.01553122091389839,866,20
2025-11,2025-12,information,1,0.09886376555851376,5,20
2025-11,2025-12,information,2,0.08064325665039285,5,20
2025-11,2025-12,information,3,0.09144168519921221,6,20
2025-11,2025-12,information,4,-0.017182595633961274,5,20
2025-11,2025-12,information,5,0.013738063110416532,6,20
2025-12,2026-01,attention,1,0.040506891862701996,129,20
2025-12,2026-01,attention,2,0.0838861749642588,129,20
2025-12,2026-01,attention,3,0.09977517294423643,130,20
2025-12,2026-01,attention,4,0.0718006249921812,129,20
2025-12,2026-01,attention,5,0.10930778254696537,130,20
2025-12,2026-01,baseline,1,0.06656810251733766,852,20
2025-12,2026-01,baseline,2,0.0710960030290909,854,20
2025-12,2026-01,baseline,3,0.07227397769707501,854,20
2025-12,2026-01,baseline,4,0.08226721902011702,854,20
2025-12,2026-01,baseline,5,0.10933333432154574,854,20
2025-12,2026-01,information,1,0.1348314606741574,1,20
2025-12,2026-01,information,2,0.08385305441781354,1,20
2025-12,2026-01,information,3,0.04961926547038775,1,20
2025-12,2026-01,information,4,0.14156626506024095,1,20
2025-12,2026-01,information,5,0.02368232019394817,2,20
2026-02,2026-03,attention,1,-0.10883429885586253,103,20
2026-02,2026-03,attention,2,-0.08177532686659889,103,20
2026-02,2026-03,attention,3,-0.08611605543311339,104,20
2026-02,2026-03,attention,4,-0.0704996617320425,103,20
2026-02,2026-03,attention,5,-0.08036075023589577,104,20
2026-02,2026-03,baseline,1,-0.1018651030186897,871,20
2026-02,2026-03,baseline,2,-0.0805873569158033,871,20
2026-02,2026-03,baseline,3,-0.07964200538350906,871,20
2026-02,2026-03,baseline,4,-0.07627698541458677,871,20
2026-02,2026-03,baseline,5,-0.08073511941557228,871,20
2026-02,2026-03,information,1,-0.08100624646170558,10,20
2026-02,2026-03,information,2,-0.12403623555578128,11,20
2026-02,2026-03,information,3,-0.07985576354442286,10,20
2026-02,2026-03,information,4,-0.1044651908335155,11,20
2026-02,2026-03,information,5,-0.052873769120065875,11,20
2026-03,2026-04,attention,1,0.05312044949541919,161,20
2026-03,2026-04,attention,2,0.06009710255486779,161,20
2026-03,2026-04,attention,3,0.05474134456316533,161,20
2026-03,2026-04,attention,4,0.05201726368124887,161,20
2026-03,2026-04,attention,5,0.06571745868977501,161,20
2026-03,2026-04,baseline,1,0.0781383524048409,803,20
2026-03,2026-04,baseline,2,0.06372513431531293,805,20
2026-03,2026-04,baseline,3,0.052851729871820984,805,20
2026-03,2026-04,baseline,4,0.05862385694601198,805,20
2026-03,2026-04,baseline,5,0.07648671037632788,806,20
2026-03,2026-04,information,1,0.08442234669397164,21,20
2026-03,2026-04,information,2,0.14952631451062098,22,20
2026-03,2026-04,information,3,0.04503676993566243,22,20
2026-03,2026-04,information,4,0.012308243346372573,22,20
2026-03,2026-04,information,5,0.06422289952786174,22,20
2026-05,2026-06,attention,1,-0.020807122686870076,183,20
2026-05,2026-06,attention,2,-0.05235488724024971,183,20
2026-05,2026-06,attention,3,-0.03545749232287288,184,20
2026-05,2026-06,attention,4,-0.03199377294484334,183,20
2026-05,2026-06,attention,5,0.11579110899037465,184,20
2026-05,2026-06,baseline,1,-0.05757472297255655,751,20
2026-05,2026-06,baseline,2,-0.06541839423724939,752,20
2026-05,2026-06,baseline,3,-0.0728944826419031,753,20
2026-05,2026-06,baseline,4,-0.07089342068949082,752,20
2026-05,2026-06,baseline,5,-0.033433886378450454,753,20
2026-05,2026-06,information,1,-0.0158717557396365,39,20
2026-05,2026-06,information,2,-0.08110318285790531,39,20
2026-05,2026-06,information,3,-0.06165597308049401,40,20
2026-05,2026-06,information,4,-0.04173938794840525,39,20
2026-05,2026-06,information,5,-0.0179567683582671,40,20
