month,stock_label,quintile,ew_return,n,holding_month
2010-01,baseline,1,0.06465473971100262,287,2010-02
2010-01,baseline,2,0.07108985248297023,287,2010-02
2010-01,baseline,3,0.06080761319805134,288,2010-02
2010-01,baseline,4,0.05512952457425647,287,2010-02
2010-01,baseline,5,0.05946340703453217,288,2010-02
2010-02,baseline,1,0.025084954522087186,287,2010-03
2010-02,baseline,2,0.04384141728675529,289,2010-03
2010-02,baseline,3,0.035378709443017804,287,2010-03
2010-02,baseline,4,0.02933272540609852,289,2010-03
2010-02,baseline,5,0.043123856872718885,289,2010-03
2010-03,baseline,1,-0.08533439638903886,287,2010-04
2010-03,baseline,2,-0.07261178941448085,288,2010-04
2010-03,baseline,3,-0.06180197630235811,288,2010-04
2010-03,baseline,4,-0.064501554879962,288,2010-04
2010-03,baseline,5,-0.059369557240661695,288,2010-04
2010-04,baseline,1,-0.08499178017082651,287,2010-05
2010-04,baseline,2,-0.092503524901734,287,2010-05
2010-04,baseline,3,-0.0821378230980674,288,2010-05
2010-04,baseline,4,-0.08776501925952158,287,2010-05
2010-04,baseline,5,-0.08359248880018372,288,2010-05
2010-05,baseline,1,-0.0912069859326413,282,2010-06
2010-05,baseline,2,-0.1000714161013849,282,2010-06
2010-05,baseline,3,-0.09741742330818173,282,2010-06
2010-05,baseline,4,-0.09252321446289491,282,2010-06
2010-05,baseline,5,-0.09545952424272654,283,2010-06
2010-06,baseline,1,0.1707100897604601,283,2010-07
2010-06,baseline,2,0.1630343473982043,283,2010-07
2010-06,baseline,3,0.16155517802817534,283,2010-07
2010-06,baseline,4,0.1539253285021418,283,2010-07
2010-06,baseline,5,0.15018039293185437,284,2010-07
2010-07,baseline,1,0.0859786288316508,283,2010-08
2010-07,baseline,2,0.08461346554957407,284,2010-08
2010-07,baseline,3,0.0854365802654734,283,2010-08
2010-07,baseline,4,0.09595336004966071,284,2010-08
2010-07,baseline,5,0.1002294758388529,284,2010-08
2010-08,baseline,1,0.005195538483001665,285,2010-09
2010-08,baseline,2,0.008741794825940202,285,2010-09
2010-08,baseline,3,0.014734625668343567,286,2010-09
2010-08,baseline,4,0.022525448345158967,285,2010-09
2010-08,baseline,5,0.02985856180757509,286,2010-09
2010-09,baseline,1,0.07861093959494163,288,2010-10
2010-09,baseline,2,0.07865719436043278,288,2010-10
2010-09,baseline,3,0.09213125007528603,289,2010-10
2010-09,baseline,4,0.12313708473380876,288,2010-10
2010-09,baseline,5,0.12991587346756353,289,2010-10
2010-10,baseline,1,-0.03287630818996796,288,2010-11
2010-10,baseline,2,-0.0036551365598021745,289,2010-11
2010-10,baseline,3,0.0018471694654602117,288,2010-11
2010-10,baseline,4,0.02332277560949563,289,2010-11
2010-10,baseline,5,0.0017442644118536937,289,2010-11
2010-11,baseline,1,-0.027613768356180405,296,2010-12
2010-11,baseline,2,-0.019733802806494276,296,2010-12
2010-11,baseline,3,-0.015148730475785105,297,2010-12
2010-11,baseline,4,-0.021308692972868717,296,2010-12
2010-11,baseline,5,-0.015158500919292939,297,2010-12
2010-12,baseline,1,-0.06581477265392179,303,2011-01
2010-12,baseline,2,-0.05689200173587674,303,2011-01
2010-12,baseline,3,-0.037106720592630295,303,2011-01
2010-12,baseline,4,-0.0411466887864941,303,2011-01
2010-12,baseline,5,-0.0393115373474671,303,2011-01
2011-01,attention,1,0.025479024207220796,6,2011-02
2011-01,attention,2,0.06822606656651121,6,2011-02
2011-01,attention,3,0.08379046081096354,7,2011-02
2011-01,attention,4,0.10436790082920651,6,2011-02
2011-01,attention,5,0.07538952666964496,7,2011-02
2011-01,baseline,1,0.10622714361858528,297,2011-02
2011-01,baseline,2,0.10271043319335788,298,2011-02
2011-01,baseline,3,0.0996203367065168,297,2011-02
2011-01,baseline,4,0.1036165043834974,298,2011-02
2011-01,baseline,5,0.09963046475311242,298,2011-02
2011-01,information,1,0.02945286940914029,5,2011-02
2011-01,information,2,0.10841305162743328,5,2011-02
2011-01,information,3,0.0891652780173315,6,2011-02
2011-01,information,4,0.07860467637616715,5,2011-02
2011-01,information,5,0.09503537421726334,6,2011-02
2011-02,attention,1,-0.012482954364777053,22,2011-03
2011-02,attention,2,0.010846463217897506,23,2011-03
2011-02,attention,3,-0.01754231312738721,22,2011-03
2011-02,attention,4,0.02457028206901678,23,2011-03
2011-02,attention,5,0.002714003135374857,23,2011-03
2011-02,baseline,1,-0.013312133518400533,287,2011-03
2011-02,baseline,2,-0.0004400002346487927,289,2011-03
2011-02,baseline,3,-0.009157920296992266,288,2011-03
2011-02,baseline,4,0.0011202363006858427,289,2011-03
2011-02,baseline,5,-0.016607748546073282,289,2011-03
2011-02,information,1,-0.09393726604129876,2,2011-03
2011-02,information,2,-0.03144645649679256,3,2011-03
2011-02,information,3,0.0020093596636806175,3,2011-03
2011-02,information,4,-0.060680021500945834,3,2011-03
2011-02,information,5,-0.057632712327987355,3,2011-03
2011-03,attention,1,-0.008436976247443724,39,2011-04
2011-03,attention,2,-0.0344761811725125,39,2011-04
2011-03,attention,3,-0.028409040865780718,39,2011-04
2011-03,attention,4,-0.0015999674507277883,39,2011-04
2011-03,attention,5,-0.0031168094165581585,40,2011-04
2011-03,baseline,1,-0.037140468214658454,269,2011-04
2011-03,baseline,2,-0.029660406279850792,270,2011-04
2011-03,baseline,3,-0.04217816503305714,270,2011-04
2011-03,baseline,4,-0.028674723275990393,270,2011-04
2011-03,baseline,5,-0.032397630357938974,270,2011-04
2011-03,information,1,0.017359133090927358,10,2011-04
2011-03,information,2,-0.035645371752703846,10,2011-04
2011-03,information,3,-0.07521217617610734,10,2011-04
2011-03,information,4,-0.019228016552982362,10,2011-04
2011-03,information,5,0.012166804742935045,10,2011-04
2011-04,attention,1,-0.05381426832399838,19,2011-05
2011-04,attention,2,-0.037419406311249355,19,2011-05
2011-04,attention,3,-0.08103154979821958,20,2011-05
2011-04,attention,4,-0.0499448061991679,19,2011-05
2011-04,attention,5,-0.04810462362943348,20,2011-05
2011-04,baseline,1,-0.07714530982633323,288,2011-05
2011-04,baseline,2,-0.07208426994239919,288,2011-05
2011-04,baseline,3,-0.07224410453794483,288,2011-05
2011-04,baseline,4,-0.06635742748397164,288,2011-05
2011-04,baseline,5,-0.06341108353240305,288,2011-05
2011-04,information,1,-0.06859077750306729,19,2011-05
2011-04,information,2,-0.07951238190505802,19,2011-05
2011-04,information,3,-0.06191536526337962,19,2011-05
2011-04,information,4,-0.06170403814115715,19,2011-05
2011-04,information,5,-0.04134093314374822,19,2011-05
2011-05,attention,1,-0.03308118777715601,7,2011-06
2011-05,attention,2,-0.00264563980950318,7,2011-06
2011-05,attention,3,0.005148829593537098,7,2011-06
2011-05,attention,4,-0.03129748567709215,7,2011-06
2011-05,attention,5,-0.009931089404176498,7,2011-06
2011-05,baseline,1,0.04261344498935172,316,2011-06
2011-05,baseline,2,0.04443577807323682,316,2011-06
2011-05,baseline,3,0.027733830039485204,317,2011-06
2011-05,baseline,4,0.025789717189798077,316,2011-06
2011-05,baseline,5,0.030453218859076717,317,2011-06
2011-05,information,1,-0.01521222851298402,6,2011-06
2011-05,information,2,0.04407893671385131,7,2011-06
2011-05,information,3,0.041942878232044754,6,2011-06
2011-05,information,4,0.019014958399104182,7,2011-06
2011-05,information,5,-0.0012280497701339893,7,2011-06
2011-06,attention,1,-0.09529702970297038,1,2011-07
2011-06,attention,2,-0.048934490923441154,1,2011-07
2011-06,attention,3,-0.053050397877984046,1,2011-07
2011-06,attention,4,0.026120114394661664,1,2011-07
2011-06,attention,5,-0.060975056689342444,2,2011-07
2011-06,baseline,1,-0.0015569953161178555,332,2011-07
2011-06,baseline,2,0.009057586019812729,332,2011-07
2011-06,baseline,3,0.02389631480758547,332,2011-07
2011-06,baseline,4,0.015212471154749569,332,2011-07
2011-06,baseline,5,0.01715825779347546,333,2011-07
2011-06,information,1,0.06535826455965743,3,2011-07
2011-06,information,2,0.05236268411208037,3,2011-07
2011-06,information,3,-0.025153576706203513,3,2011-07
2011-06,information,4,-0.05914822855111046,3,2011-07
2011-06,information,5,0.041522655813913956,4,2011-07
2011-07,attention,1,-0.02379836203474107,10,2011-08
2011-07,attention,2,-0.0006335684132042441,10,2011-08
2011-07,attention,3,-0.019079376609661403,11,2011-08
2011-07,attention,4,-0.028641087684109844,10,2011-08
2011-07,attention,5,-0.07740046566056784,11,2011-08
2011-07,baseline,1,-0.044438522390884604,322,2011-08
2011-07,baseline,2,-0.028417935623185783,323,2011-08
2011-07,baseline,3,-0.03235930913718682,322,2011-08
2011-07,baseline,4,-0.03743735335389981,323,2011-08
2011-07,baseline,5,-0.029610355380133426,323,2011-08
2011-07,information,1,-0.038571258181033734,9,2011-08
2011-07,information,2,-0.04570023199556043,10,2011-08
2011-07,information,3,-0.012869538468453078,10,2011-08
2011-07,information,4,-0.05761584719662184,10,2011-08
2011-07,information,5,-0.009965760229084398,10,2011-08
2011-08,attention,1,-0.13827097206797428,22,2011-09
2011-08,attention,2,-0.14913128799080122,23,2011-09
2011-08,attention,3,-0.13806240889948865,22,2011-09
2011-08,attention,4,-0.12766198818421468,23,2011-09
2011-08,attention,5,-0.11398670935731298,23,2011-09
2011-08,baseline,1,-0.1322845783619472,312,2011-09
2011-08,baseline,2,-0.11938554245871344,312,2011-09
2011-08,baseline,3,-0.11454504118972693,312,2011-09
2011-08,baseline,4,-0.11528040749906861,312,2011-09
2011-08,baseline,5,-0.11199644467370887,311,2011-09
2011-08,information,1,-0.13110688359151276,15,2011-09
2011-08,information,2,-0.12356181490398378,15,2011-09
2011-08,information,3,-0.10600627009948675,16,2011-09
2011-08,information,4,-0.11858229765197331,15,2011-09
2011-08,information,5,-0.10320472946376147,16,2011-09
2011-09,attention,1,0.04320964374770148,15,2011-10
2011-09,attention,2,0.07158164221087528,16,2011-10
2011-09,attention,3,0.04383197514717758,15,2011-10
2011-09,attention,4,0.061858062175999824,16,2011-10
2011-09,attention,5,0.03675576452670686,16,2011-10
2011-09,baseline,1,0.0450741951335821,340,2011-10
2011-09,baseline,2,0.04005006423959522,340,2011-10
2011-09,baseline,3,0.041314662570268605,340,2011-10
2011-09,baseline,4,0.03764091949463507,340,2011-10
2011-09,baseline,5,0.04276327984692774,340,2011-10
2011-09,information,3,-0.0425702811244979,1,2011-10
2011-09,information,5,-0.017601760176017667,1,2011-10
2011-10,attention,1,-0.10521759047524896,13,2011-11
2011-10,attention,2,-0.03508837828301558,13,2011-11
2011-10,attention,3,-0.03854471492424869,14,2011-11
2011-10,attention,4,-0.06519905387189225,13,2011-11
2011-10,attention,5,-0.057611813013945405,14,2011-11
2011-10,baseline,1,-0.04599170699909875,333,2011-11
2011-10,baseline,2,-0.04270439052850521,333,2011-11
2011-10,baseline,3,-0.042564639037261584,333,2011-11
2011-10,baseline,4,-0.041844869012498405,333,2011-11
2011-10,baseline,5,-0.03503913702806079,333,2011-11
2011-10,information,1,-0.04133816712653758,13,2011-11
2011-10,information,2,-0.049154906972926946,14,2011-11
2011-10,information,3,-0.05245993569638841,13,2011-11
2011-10,information,4,-0.03614264527617593,14,2011-11
2011-10,information,5,-0.059037839403616954,14,2011-11
2011-11,attention,1,-0.16436359416387536,43,2011-12
2011-11,attention,2,-0.1736841965776188,44,2011-12
2011-11,attention,3,-0.16214753595365752,43,2011-12
2011-11,attention,4,-0.13890401286016898,44,2011-12
2011-11,attention,5,-0.14675703507061907,44,2011-12
2011-11,baseline,1,-0.1542208726182124,321,2011-12
2011-11,baseline,2,-0.14680028804933257,321,2011-12
2011-11,baseline,3,-0.1431268351697995,321,2011-12
2011-11,baseline,4,-0.14311695499989108,321,2011-12
2011-11,baseline,5,-0.1407343934004266,322,2011-12
2011-11,information,1,-0.1320224719101123,1,2011-12
2011-11,information,2,-0.2610966057441254,1,2011-12
2011-11,information,3,-0.1996461306416058,2,2011-12
2011-11,information,4,-0.36652977412731,1,2011-12
2011-11,information,5,-0.14101245491433728,2,2011-12
2011-12,attention,1,-0.05604052833994866,20,2012-01
2011-12,attention,2,-0.027035628743064956,20,2012-01
2011-12,attention,3,-0.019229568191758622,21,2012-01
2011-12,attention,4,0.020776768444995104,20,2012-01
2011-12,attention,5,-0.026992969202259416,21,2012-01
2011-12,baseline,1,-0.018900493537139604,352,2012-01
2011-12,baseline,2,-0.0008883775652606257,352,2012-01
2011-12,baseline,3,0.003504278691275683,353,2012-01
2011-12,baseline,4,0.012489564252039842,352,2012-01
2011-12,baseline,5,0.008888555210741984,353,2012-01
2012-01,attention,1,0.14021153086633553,13,2012-02
2012-01,attention,2,0.1150504199477986,14,2012-02
2012-01,attention,3,0.10099761641626087,13,2012-02
2012-01,attention,4,0.09361490791012503,14,2012-02
2012-01,attention,5,0.0605214127812015,14,2012-02
2012-01,baseline,1,0.15028633154907312,360,2012-02
2012-01,baseline,2,0.13246578030410572,360,2012-02
2012-01,baseline,3,0.12863915412120372,360,2012-02
2012-01,baseline,4,0.11494714698462956,360,2012-02
2012-01,baseline,5,0.12263676066232763,361,2012-02
2012-01,information,1,0.23853035688038604,6,2012-02
2012-01,information,2,0.14581686853748735,6,2012-02
2012-01,information,3,0.15244927121479449,6,2012-02
2012-01,information,4,0.11460667611367226,6,2012-02
2012-01,information,5,0.09457069749139164,6,2012-02
2012-02,attention,1,-0.07348016142855775,42,2012-03
2012-02,attention,2,-0.08546128310552366,43,2012-03
2012-02,attention,3,-0.07633488491673336,43,2012-03
2012-02,attention,4,-0.07866917871535786,43,2012-03
2012-02,attention,5,-0.07487205290570699,43,2012-03
2012-02,baseline,1,-0.09688490244051617,337,2012-03
2012-02,baseline,2,-0.06878616811183594,337,2012-03
2012-02,baseline,3,-0.07022101092298531,337,2012-03
2012-02,baseline,4,-0.0681570463170932,337,2012-03
2012-02,baseline,5,-0.06579187494213806,337,2012-03
2012-02,information,1,-0.021131881525167606,5,2012-03
2012-02,information,2,-0.06874573898083268,6,2012-03
2012-02,information,3,-0.07526969911698075,5,2012-03
2012-02,information,4,-0.028019436563297695,6,2012-03
2012-02,information,5,0.05591107604370501,6,2012-03
2012-03,attention,1,0.05623509141676191,63,2012-04
2012-03,attention,2,0.07755128944303416,64,2012-04
2012-03,attention,3,0.037063791736528115,63,2012-04
2012-03,attention,4,0.049488998255085306,64,2012-04
2012-03,attention,5,0.06422884973577521,64,2012-04
2012-03,baseline,1,0.06779688718280977,312,2012-04
2012-03,baseline,2,0.08513479945611477,313,2012-04
2012-03,baseline,3,0.08590064942384415,312,2012-04
2012-03,baseline,4,0.07630779107729344,313,2012-04
2012-03,baseline,5,0.06995574180323984,312,2012-04
2012-03,information,1,0.06633444631933332,16,2012-04
2012-03,information,2,0.07072818237143738,16,2012-04
2012-03,information,3,0.06513798944234282,17,2012-04
2012-03,information,4,0.0423167470961741,16,2012-04
2012-03,information,5,0.045189070824269054,17,2012-04
2012-04,attention,1,-0.030131712590335962,25,2012-05
2012-04,attention,2,0.00204519963258043,25,2012-05
2012-04,attention,3,-0.016992218909373767,25,2012-05
2012-04,attention,4,-0.0018699257271866053,25,2012-05
2012-04,attention,5,-0.0033878113530580586,26,2012-05
2012-04,baseline,1,0.015408290240473223,335,2012-05
2012-04,baseline,2,0.028217844182174476,335,2012-05
2012-04,baseline,3,0.025566352383014985,335,2012-05
2012-04,baseline,4,0.02316383111918845,335,2012-05
2012-04,baseline,5,0.028905615261232163,336,2012-05
2012-04,information,1,0.023412710040440363,35,2012-05
2012-04,information,2,0.0074598793295150845,35,2012-05
2012-04,information,3,0.0189636611076562,35,2012-05
2012-04,information,4,0.04429317130076401,35,2012-05
2012-04,information,5,0.014469790789799403,35,2012-05
2012-05,attention,1,-0.05875405108618005,18,2012-06
2012-05,attention,2,-0.06076842785442145,19,2012-06
2012-05,attention,3,-0.04309962573481773,19,2012-06
2012-05,attention,4,-0.035878251236583426,19,2012-06
2012-05,attention,5,-0.05969492860008868,19,2012-06
2012-05,baseline,1,-0.07393232279543788,371,2012-06
2012-05,baseline,2,-0.06413875617574245,372,2012-06
2012-05,baseline,3,-0.06149052803792389,371,2012-06
2012-05,baseline,4,-0.06336427225658278,372,2012-06
2012-05,baseline,5,-0.05575295024995532,372,2012-06
2012-05,information,1,-0.06993500020888022,10,2012-06
2012-05,information,2,-0.0669426938653521,11,2012-06
2012-05,information,3,-0.056602751350010715,11,2012-06
2012-05,information,4,-0.05225761883126306,11,2012-06
2012-05,information,5,-0.06679937765838433,11,2012-06
2012-06,attention,1,-0.1266640521603293,7,2012-07
2012-06,attention,2,-0.11359147652518585,7,2012-07
2012-06,attention,3,-0.13587212739739035,7,2012-07
2012-06,attention,4,-0.12724781425912227,7,2012-07
2012-06,attention,5,-0.11706463418396355,8,2012-07
2012-06,baseline,1,-0.09669451943303273,393,2012-07
2012-06,baseline,2,-0.08628231750934426,393,2012-07
2012-06,baseline,3,-0.09430895408264282,393,2012-07
2012-06,baseline,4,-0.0754045336304494,393,2012-07
2012-06,baseline,5,-0.09034995257018967,394,2012-07
2012-06,information,1,-0.036052378274154306,8,2012-07
2012-06,information,2,-0.1241057416788506,8,2012-07
2012-06,information,3,-0.060219477254177395,8,2012-07
2012-06,information,4,-0.12172330246530778,8,2012-07
2012-06,information,5,-0.09197969012951362,9,2012-07
2012-07,attention,1,0.02892701297613457,10,2012-08
2012-07,attention,2,0.05159807986470517,11,2012-08
2012-07,attention,3,0.010546116713842401,10,2012-08
2012-07,attention,4,-0.002515458995884214,11,2012-08
2012-07,attention,5,0.02819390263241733,11,2012-08
2012-07,baseline,1,0.019659169740705675,376,2012-08
2012-07,baseline,2,0.015263062905670645,376,2012-08
2012-07,baseline,3,0.012782686879558466,376,2012-08
2012-07,baseline,4,0.015607345603416546,376,2012-08
2012-07,baseline,5,0.015289915565487679,376,2012-08
2012-07,information,1,0.027281452710939378,27,2012-08
2012-07,information,2,-0.01403562827576567,28,2012-08
2012-07,information,3,-0.027395574440758238,27,2012-08
2012-07,information,4,0.03015899948540313,28,2012-08
2012-07,information,5,0.021482700146142484,28,2012-08
2012-08,attention,1,-0.025679340418434463,32,2012-09
2012-08,attention,2,-0.010519527698963343,32,2012-09
2012-08,attention,3,-0.007328233642452647,32,2012-09
2012-08,attention,4,0.011352077135211875,32,2012-09
2012-08,attention,5,-0.001633193426240414,33,2012-09
2012-08,baseline,1,0.00814866962178572,371,2012-09
2012-08,baseline,2,0.02149105868460224,371,2012-09
2012-08,baseline,3,0.01928952536930121,371,2012-09
2012-08,baseline,4,0.01421421330232759,371,2012-09
2012-08,baseline,5,0.013266513987621412,372,2012-09
2012-08,information,1,-0.010783178993647257,20,2012-09
2012-08,information,2,0.029182688448074912,20,2012-09
2012-08,information,3,0.009172498313192745,20,2012-09
2012-08,information,4,0.0036425335411373995,20,2012-09
2012-08,information,5,-0.0020974262773457548,21,2012-09
2012-09,attention,1,-0.023350222170993883,56,2012-10
2012-09,attention,2,-0.016149214991521454,56,2012-10
2012-09,attention,3,-0.008352074493992074,56,2012-10
2012-09,attention,4,-0.023445168473248772,56,2012-10
2012-09,attention,5,-0.028917584187890217,57,2012-10
2012-09,baseline,1,-0.0039426071668683185,371,2012-10
2012-09,baseline,2,0.010350645881416761,371,2012-10
2012-09,baseline,3,0.002146509011876837,371,2012-10
2012-09,baseline,4,-0.006903176264542174,371,2012-10
2012-09,baseline,5,-0.007912701320732992,372,2012-10
2012-09,information,1,0.19958634953464305,1,2012-10
2012-09,information,2,0.10202702702702715,1,2012-10
2012-09,information,3,0.03673635168998479,1,2012-10
2012-09,information,4,0.0,1,2012-10
2012-09,information,5,-0.09509803921568638,1,2012-10
2012-10,attention,1,-0.11480982858513274,45,2012-11
2012-10,attention,2,-0.07565874686351777,45,2012-11
2012-10,attention,3,-0.0971662066637946,45,2012-11
2012-10,attention,4,-0.08871571916714709,45,2012-11
2012-10,attention,5,-0.10470869413032423,45,2012-11
2012-10,baseline,1,-0.12650270000755737,367,2012-11
2012-10,baseline,2,-0.11784044972520397,368,2012-11
2012-10,baseline,3,-0.10956198923194055,368,2012-11
2012-10,baseline,4,-0.10324361476867526,368,2012-11
2012-10,baseline,5,-0.10633843771201215,368,2012-11
2012-10,information,1,-0.10300480583315369,18,2012-11
2012-10,information,2,-0.06866734689957023,18,2012-11
2012-10,information,3,-0.1149294806296084,18,2012-11
2012-10,information,4,-0.07835414940186737,18,2012-11
2012-10,information,5,-0.08270303957613277,19,2012-11
2012-11,attention,1,0.1404342965379819,42,2012-12
2012-11,attention,2,0.1654243090281313,42,2012-12
2012-11,attention,3,0.14180512974322076,42,2012-12
2012-11,attention,4,0.14034092907112253,42,2012-12
2012-11,attention,5,0.12150631909985654,42,2012-12
2012-11,baseline,1,0.1722425142742464,393,2012-12
2012-11,baseline,2,0.17246011870647998,394,2012-12
2012-11,baseline,3,0.17018764867231287,394,2012-12
2012-11,baseline,4,0.1643949912888938,394,2012-12
2012-11,baseline,5,0.15327412333374485,394,2012-12
2012-11,information,2,0.2208201892744479,1,2012-12
2012-11,information,4,0.09871244635193155,1,2012-12
2012-11,information,5,0.22254335260115599,1,2012-12
2012-12,attention,1,0.05383100125275805,89,2013-01
2012-12,attention,2,0.04893060899378,89,2013-01
2012-12,attention,3,0.050625580712852426,89,2013-01
2012-12,attention,4,0.04557001867009559,89,2013-01
2012-12,attention,5,0.06863784263915472,90,2013-01
2012-12,baseline,1,0.04819714671104882,350,2013-01
2012-12,baseline,2,0.06848252320652382,350,2013-01
2012-12,baseline,3,0.07051711558372084,350,2013-01
2012-12,baseline,4,0.06961556258462773,350,2013-01
2012-12,baseline,5,0.07762012539821969,350,2013-01
2012-12,information,3,0.2239280042350451,1,2013-01
2012-12,information,5,0.03353658536585358,1,2013-01
2013-01,attention,1,0.039078997904627634,138,2013-02
2013-01,attention,2,0.032110499104365794,139,2013-02
2013-01,attention,3,0.027654099365561607,139,2013-02
2013-01,attention,4,0.02779243135485673,139,2013-02
2013-01,attention,5,0.04033484252013438,139,2013-02
2013-01,baseline,1,0.03747094798897529,292,2013-02
2013-01,baseline,2,0.0422754789111187,292,2013-02
2013-01,baseline,3,0.03640899291059692,292,2013-02
2013-01,baseline,4,0.030491397712079874,292,2013-02
2013-01,baseline,5,0.042441770236985886,292,2013-02
2013-01,information,1,0.05062047104087364,10,2013-02
2013-01,information,2,0.08016142697989816,11,2013-02
2013-01,information,3,0.026904574033962535,10,2013-02
2013-01,information,4,0.02141491593925148,11,2013-02
2013-01,information,5,0.03438507685943937,11,2013-02
2013-02,attention,1,-0.0443604596797133,89,2013-03
2013-02,attention,2,-0.047804695747974385,90,2013-03
2013-02,attention,3,-0.04089276733596141,89,2013-03
2013-02,attention,4,-0.06179187024249329,90,2013-03
2013-02,attention,5,-0.04816827727209912,90,2013-03
2013-02,baseline,1,-0.04127637442096282,344,2013-03
2013-02,baseline,2,-0.02632185011424181,344,2013-03
2013-02,baseline,3,-0.03782760494044923,344,2013-03
2013-02,baseline,4,-0.03949229761597644,344,2013-03
2013-02,baseline,5,-0.026989261569627596,345,2013-03
2013-02,information,1,0.017018804439940072,10,2013-03
2013-02,information,2,-0.0503316301857237,11,2013-03
2013-02,information,3,-0.045795917093481193,11,2013-03
2013-02,information,4,-0.018359136714223987,11,2013-03
2013-02,information,5,-0.015418205748951697,11,2013-03
2013-03,attention,1,-0.05500444609512978,75,2013-04
2013-03,attention,2,-0.052622658187966284,75,2013-04
2013-03,attention,3,-0.03438720581089015,76,2013-04
2013-03,attention,4,-0.03490141061516438,75,2013-04
2013-03,attention,5,-0.04792454155711726,76,2013-04
2013-03,baseline,1,-0.029258814038291205,351,2013-04
2013-03,baseline,2,-0.028345128215118264,351,2013-04
2013-03,baseline,3,-0.026662236221358455,351,2013-04
2013-03,baseline,4,-0.029105046472808302,351,2013-04
2013-03,baseline,5,-0.020570064806137486,351,2013-04
2013-03,information,1,-0.007538723260312953,24,2013-04
2013-03,information,2,-0.0026610738663129844,24,2013-04
2013-03,information,3,-0.040710758038487914,24,2013-04
2013-03,information,4,-0.013467941653029327,24,2013-04
2013-03,information,5,-0.027005725760507224,25,2013-04
2013-04,attention,1,0.12019725378818265,30,2013-05
2013-04,attention,2,0.15723114934719654,31,2013-05
2013-04,attention,3,0.11598480700417321,31,2013-05
2013-04,attention,4,0.13936459101294602,31,2013-05
2013-04,attention,5,0.16632484120125826,31,2013-05
2013-04,baseline,1,0.14897406333718116,374,2013-05
2013-04,baseline,2,0.1521916108820188,375,2013-05
2013-04,baseline,3,0.14374530451889328,375,2013-05
2013-04,baseline,4,0.13309070840441714,375,2013-05
2013-04,baseline,5,0.13784792385295397,375,2013-05
2013-04,information,1,0.18779791988255876,49,2013-05
2013-04,information,2,0.18939096173653525,49,2013-05
2013-04,information,3,0.10310095738481984,49,2013-05
2013-04,information,4,0.11874200058931919,49,2013-05
2013-04,information,5,0.1379709103707919,50,2013-05
2013-05,attention,1,-0.13058935475873146,108,2013-06
2013-05,attention,2,-0.14970147062324823,109,2013-06
2013-05,attention,3,-0.14276108051863926,109,2013-06
2013-05,attention,4,-0.14621690566631357,109,2013-06
2013-05,attention,5,-0.14923495455918623,109,2013-06
2013-05,baseline,1,-0.13789797613290886,334,2013-06
2013-05,baseline,2,-0.16318287138098128,334,2013-06
2013-05,baseline,3,-0.16404049522396388,334,2013-06
2013-05,baseline,4,-0.1737529407246307,334,2013-06
2013-05,baseline,5,-0.16499730712888105,335,2013-06
2013-05,information,1,-0.09264646070492621,18,2013-06
2013-05,information,2,-0.13224126458185614,18,2013-06
2013-05,information,3,-0.076472420931206,19,2013-06
2013-05,information,4,-0.1278374128826067,18,2013-06
2013-05,information,5,-0.13681477707614315,19,2013-06
2013-06,attention,1,0.11783475572794443,60,2013-07
2013-06,attention,2,0.07519055479943233,60,2013-07
2013-06,attention,3,0.049578272065832825,61,2013-07
2013-06,attention,4,0.056946558419928656,60,2013-07
2013-06,attention,5,0.028623331212921474,61,2013-07
2013-06,baseline,1,0.09523737485706031,382,2013-07
2013-06,baseline,2,0.09183156374555221,382,2013-07
2013-06,baseline,3,0.06852732462845139,383,2013-07
2013-06,baseline,4,0.06310402557229677,382,2013-07
2013-06,baseline,5,0.04560652878608148,383,2013-07
2013-06,information,1,0.11093585152116303,19,2013-07
2013-06,information,2,0.08409641855670016,19,2013-07
2013-06,information,3,0.047729332993516,20,2013-07
2013-06,information,4,0.018529895442848044,19,2013-07
2013-06,information,5,0.030777102716894645,20,2013-07
2013-07,attention,1,0.05610111813774891,82,2013-08
2013-07,attention,2,0.0804148441344596,82,2013-08
2013-07,attention,3,0.07401406281771326,83,2013-08
2013-07,attention,4,0.10857458260793657,82,2013-08
2013-07,attention,5,0.1001224613521579,83,2013-08
2013-07,baseline,1,0.06446895580587038,362,2013-08
2013-07,baseline,2,0.08168516072906933,363,2013-08
2013-07,baseline,3,0.10019053612308673,362,2013-08
2013-07,baseline,4,0.09631881421600168,363,2013-08
2013-07,baseline,5,0.08783219474868098,363,2013-08
2013-07,information,1,0.05245286863434584,22,2013-08
2013-07,information,2,0.06972023936834836,22,2013-08
2013-07,information,3,0.04015841872495845,22,2013-08
2013-07,information,4,0.10755316986003818,22,2013-08
2013-07,information,5,0.042975707577970354,23,2013-08
2013-08,attention,1,0.040637635715456547,110,2013-09
2013-08,attention,2,0.022506937695088953,110,2013-09
2013-08,attention,3,0.04221962586358494,110,2013-09
2013-08,attention,4,0.05086262612777003,110,2013-09
2013-08,attention,5,0.028473118371518065,110,2013-09
2013-08,baseline,1,0.06746639731962706,334,2013-09
2013-08,baseline,2,0.061631836678800594,335,2013-09
2013-08,baseline,3,0.0710676479687985,334,2013-09
2013-08,baseline,4,0.050232390056639785,335,2013-09
2013-08,baseline,5,0.06807416181657719,335,2013-09
2013-08,information,1,0.08718126019676603,26,2013-09
2013-08,information,2,0.030481936895958205,26,2013-09
2013-08,information,3,0.06800249200031719,26,2013-09
2013-08,information,4,0.0457079101147313,26,2013-09
2013-08,information,5,0.014889935268163734,26,2013-09
2013-09,attention,1,-0.017816751253657927,100,2013-10
2013-09,attention,2,-0.02002384278809425,101,2013-10
2013-09,attention,3,-0.03265406435065866,100,2013-10
2013-09,attention,4,-0.006162137930770404,101,2013-10
2013-09,attention,5,-0.014689547973654472,101,2013-10
2013-09,baseline,1,-0.045603656845860346,367,2013-10
2013-09,baseline,2,-0.03799229308275543,367,2013-10
2013-09,baseline,3,-0.017249654520713795,367,2013-10
2013-09,baseline,4,-0.019654447830191758,367,2013-10
2013-09,baseline,5,-0.014165503702139173,368,2013-10
2013-09,information,1,0.03162539786433283,2,2013-10
2013-09,information,2,-0.10853547306881983,2,2013-10
2013-09,information,3,-0.03474002783780811,2,2013-10
2013-09,information,4,-0.012934714215261212,2,2013-10
2013-09,information,5,-0.0240245548695938,3,2013-10
2013-10,attention,1,0.05530012392381514,70,2013-11
2013-10,attention,2,0.05885361376458585,70,2013-11
2013-10,attention,3,0.10421122412451128,70,2013-11
2013-10,attention,4,0.07253007420094641,70,2013-11
2013-10,attention,5,0.07522374163258469,71,2013-11
2013-10,baseline,1,0.09113300840367897,363,2013-11
2013-10,baseline,2,0.09151727387477554,364,2013-11
2013-10,baseline,3,0.08234778937209444,363,2013-11
2013-10,baseline,4,0.09804469953514174,364,2013-11
2013-10,baseline,5,0.09374553386506294,364,2013-11
2013-10,information,1,0.06766994699906048,38,2013-11
2013-10,information,2,0.08320683290831074,38,2013-11
2013-10,information,3,0.06602550053603629,38,2013-11
2013-10,information,4,0.05901399265141279,38,2013-11
2013-10,information,5,0.07479094182745169,39,2013-11
2013-11,attention,1,-0.060654613387620446,52,2013-12
2013-11,attention,2,-0.020367425417891966,53,2013-12
2013-11,attention,3,-0.01398382643481858,53,2013-12
2013-11,attention,4,0.002053781580890807,53,2013-12
2013-11,attention,5,-0.047915761517488935,53,2013-12
2013-11,baseline,1,-0.054719408283618674,417,2013-12
2013-11,baseline,2,-0.029535951652995367,418,2013-12
2013-11,baseline,3,-0.021607882609530886,417,2013-12
2013-11,baseline,4,-0.02112585268222285,418,2013-12
2013-11,baseline,5,-0.0366195778653826,418,2013-12
2013-11,information,2,-0.19800332778702157,1,2013-12
2013-11,information,4,-0.0732984293193718,1,2013-12
2013-11,information,5,0.012380952380952381,1,2013-12
2013-12,attention,1,0.02535741378908011,66,2014-01
2013-12,attention,2,0.028716443005785623,66,2014-01
2013-12,attention,3,0.009523542196913896,66,2014-01
2013-12,attention,4,-0.014432284013689754,66,2014-01
2013-12,attention,5,-0.01743733325295145,67,2014-01
2013-12,baseline,1,0.08134820600850856,405,2014-01
2013-12,baseline,2,0.029824915631154438,406,2014-01
2013-12,baseline,3,0.008529844915678046,405,2014-01
2013-12,baseline,4,-0.0072164728808432246,406,2014-01
2013-12,baseline,5,0.00012117279055471582,406,2014-01
2013-12,information,5,0.046782823432569565,1,2014-01
2014-01,attention,1,0.044496688406998906,34,2014-02
2014-01,attention,2,0.03596763947848808,34,2014-02
2014-01,attention,3,0.035357384354608765,35,2014-02
2014-01,attention,4,0.023218579743559786,34,2014-02
2014-01,attention,5,0.021779599974037,35,2014-02
2014-01,baseline,1,0.02439826567743082,429,2014-02
2014-01,baseline,2,0.0343048095818911,429,2014-02
2014-01,baseline,3,0.036639046347004524,429,2014-02
2014-01,baseline,4,0.03508386737997883,429,2014-02
2014-01,baseline,5,0.04425453327882126,429,2014-02
2014-01,information,1,0.02765184003422845,8,2014-02
2014-01,information,2,0.013796733581824955,8,2014-02
2014-01,information,3,0.046611994276853586,8,2014-02
2014-01,information,4,0.035598775771576996,8,2014-02
2014-01,information,5,0.026859854911976094,8,2014-02
2014-02,attention,1,-0.023429127503215557,70,2014-03
2014-02,attention,2,-0.03236994176101301,70,2014-03
2014-02,attention,3,-0.003528766512533356,70,2014-03
2014-02,attention,4,-0.032851433389780284,70,2014-03
2014-02,attention,5,-0.04606550996803941,70,2014-03
2014-02,baseline,1,-0.04958550377916927,388,2014-03
2014-02,baseline,2,-0.019548011681072983,388,2014-03
2014-02,baseline,3,-0.00972668777141386,389,2014-03
2014-02,baseline,4,-0.008339356575043703,388,2014-03
2014-02,baseline,5,-0.04204035905994168,389,2014-03
2014-02,information,1,-0.07809802310828148,9,2014-03
2014-02,information,2,-0.026327831080486357,9,2014-03
2014-02,information,3,-0.016542622660013037,9,2014-03
2014-02,information,4,0.01237477825749067,9,2014-03
2014-02,information,5,-0.047317710309939885,10,2014-03
2014-03,attention,1,-0.0074266420441420145,69,2014-04
2014-03,attention,2,-0.026113140206252876,69,2014-04
2014-03,attention,3,-0.03137117322525824,69,2014-04
2014-03,attention,4,0.0035187355594887676,69,2014-04
2014-03,attention,5,-0.029260164464099712,70,2014-04
2014-03,baseline,1,-0.022841775316128937,390,2014-04
2014-03,baseline,2,-0.01290793681860768,390,2014-04
2014-03,baseline,3,-0.007401008026166192,390,2014-04
2014-03,baseline,4,-0.01229790074453971,390,2014-04
2014-03,baseline,5,-0.006801589528792118,390,2014-04
2014-03,information,1,-0.049497199297265905,11,2014-04
2014-03,information,2,0.012464919192184388,11,2014-04
2014-03,information,3,-0.037585656570586184,11,2014-04
2014-03,information,4,-0.0049085469930525835,11,2014-04
2014-03,information,5,-0.05069053295323777,11,2014-04
2014-04,attention,1,-0.0005240302202985191,38,2014-05
2014-04,attention,2,0.015279014957332472,39,2014-05
2014-04,attention,3,0.005121589566130212,38,2014-05
2014-04,attention,4,0.014361686738905838,39,2014-05
2014-04,attention,5,0.00943173264166207,39,2014-05
2014-04,baseline,1,0.04174038558358563,404,2014-05
2014-04,baseline,2,0.026926558263309423,405,2014-05
2014-04,baseline,3,0.03244553538212102,404,2014-05
2014-04,baseline,4,0.025130713804555165,405,2014-05
2014-04,baseline,5,0.025275654041131607,405,2014-05
2014-04,information,1,0.0007202375164165644,23,2014-05
2014-04,information,2,0.0114895704869264,23,2014-05
2014-04,information,3,0.04093080229908182,23,2014-05
2014-04,information,4,0.01793385963309817,23,2014-05
2014-04,information,5,0.038887685891459724,23,2014-05
2014-05,attention,1,0.0011741742064481126,28,2014-06
2014-05,attention,2,0.029657639392802648,28,2014-06
2014-05,attention,3,-0.005274276078653223,29,2014-06
2014-05,attention,4,0.059099174942309304,28,2014-06
2014-05,attention,5,0.047365059781812276,29,2014-06
2014-05,baseline,1,0.05384345444708062,425,2014-06
2014-05,baseline,2,0.050051457016951774,425,2014-06
2014-05,baseline,3,0.04286429846587265,425,2014-06
2014-05,baseline,4,0.04269768821483537,425,2014-06
2014-05,baseline,5,0.05217025112711344,425,2014-06
2014-05,information,1,-0.025322709831087042,5,2014-06
2014-05,information,2,0.024716505192765293,5,2014-06
2014-05,information,3,0.032026393628802975,5,2014-06
2014-05,information,4,0.09931104434786116,5,2014-06
2014-05,information,5,0.016707480414059117,5,2014-06
2014-06,attention,1,0.10012125726595192,40,2014-07
2014-06,attention,2,0.08103102428093042,40,2014-07
2014-06,attention,3,0.057965365643821175,40,2014-07
2014-06,attention,4,0.0768638710933984,40,2014-07
2014-06,attention,5,0.064674691848599,40,2014-07
2014-06,baseline,1,0.071996155898315,415,2014-07
2014-06,baseline,2,0.08575871408865687,415,2014-07
2014-06,baseline,3,0.08536454819874874,415,2014-07
2014-06,baseline,4,0.07276684470612864,415,2014-07
2014-06,baseline,5,0.06575333986900163,415,2014-07
2014-06,information,1,0.16201859987320036,5,2014-07
2014-06,information,2,0.06638699626173931,6,2014-07
2014-06,information,3,0.10687561427338887,6,2014-07
2014-06,information,4,0.052551805181974554,6,2014-07
2014-06,information,5,0.03370995005273949,6,2014-07
2014-07,attention,1,0.0341918831891117,74,2014-08
2014-07,attention,2,0.04821929652235577,75,2014-08
2014-07,attention,3,0.03986168179021143,74,2014-08
2014-07,attention,4,0.02566939566565948,75,2014-08
2014-07,attention,5,0.029534728100826236,75,2014-08
2014-07,baseline,1,0.05242705367161467,376,2014-08
2014-07,baseline,2,0.06947373525154768,376,2014-08
2014-07,baseline,3,0.05988325032386157,377,2014-08
2014-07,baseline,4,0.05038228805734843,376,2014-08
2014-07,baseline,5,0.05980986419816408,377,2014-08
2014-07,information,1,0.05960065298175194,11,2014-08
2014-07,information,2,0.07257967001129882,11,2014-08
2014-07,information,3,0.08823016705623031,11,2014-08
2014-07,information,4,0.015348912244530166,11,2014-08
2014-07,information,5,0.05528403163158844,11,2014-08
2014-08,attention,1,0.1368027759848036,69,2014-09
2014-08,attention,2,0.15633994845989502,69,2014-09
2014-08,attention,3,0.17375922078223247,70,2014-09
2014-08,attention,4,0.1255935736775097,69,2014-09
2014-08,attention,5,0.10187194162092475,70,2014-09
2014-08,baseline,1,0.13971381866800955,374,2014-09
2014-08,baseline,2,0.14807612674986823,375,2014-09
2014-08,baseline,3,0.1341537139412825,374,2014-09
2014-08,baseline,4,0.11894437780179397,375,2014-09
2014-08,baseline,5,0.12760437245167724,375,2014-09
2014-08,information,1,0.16091353746090747,16,2014-09
2014-08,information,2,0.11766408177476861,17,2014-09
2014-08,information,3,0.12160860461513182,17,2014-09
2014-08,information,4,0.16067303905277475,17,2014-09
2014-08,information,5,0.12909070661791322,17,2014-09
2014-09,attention,1,0.014649242595597925,92,2014-10
2014-09,attention,2,0.033341712900124755,93,2014-10
2014-09,attention,3,0.013328947666528706,93,2014-10
2014-09,attention,4,0.039266791501469424,93,2014-10
2014-09,attention,5,0.014236251957641017,93,2014-10
2014-09,baseline,1,0.0026299212056225497,369,2014-10
2014-09,baseline,2,0.012636751816004526,369,2014-10
2014-09,baseline,3,0.014217187031244232,370,2014-10
2014-09,baseline,4,0.019972177872611213,369,2014-10
2014-09,baseline,5,0.018970843214537795,370,2014-10
2014-09,information,1,-0.10603290676416799,1,2014-10
2014-09,information,2,-0.01727176594994706,1,2014-10
2014-09,information,3,0.02065812764597924,2,2014-10
2014-09,information,4,-0.03967327887981331,1,2014-10
2014-09,information,5,-0.006858395559304731,2,2014-10
2014-10,attention,1,0.0873893528677324,55,2014-11
2014-10,attention,2,0.05228152323879985,55,2014-11
2014-10,attention,3,0.08752043163018407,55,2014-11
2014-10,attention,4,0.04667693312139407,55,2014-11
2014-10,attention,5,0.05683188435341687,56,2014-11
2014-10,baseline,1,0.04598201182484613,370,2014-11
2014-10,baseline,2,0.06272529048801828,370,2014-11
2014-10,baseline,3,0.05787903166099857,370,2014-11
2014-10,baseline,4,0.05064805916743454,370,2014-11
2014-10,baseline,5,0.05826748494942865,370,2014-11
2014-10,information,1,0.0905447161645183,30,2014-11
2014-10,information,2,0.05671044865606357,30,2014-11
2014-10,information,3,0.09855113685425891,31,2014-11
2014-10,information,4,0.08161035125630399,30,2014-11
2014-10,information,5,0.08688050519286775,31,2014-11
2014-11,attention,1,0.002941757085565477,83,2014-12
2014-11,attention,2,0.04527487045256277,84,2014-12
2014-11,attention,3,0.026799864362758698,84,2014-12
2014-11,attention,4,0.13160516490155394,84,2014-12
2014-11,attention,5,0.19218584210101092,84,2014-12
2014-11,baseline,1,-0.08320490197784605,369,2014-12
2014-11,baseline,2,-0.07948344800185063,369,2014-12
2014-11,baseline,3,-0.061617857113774405,369,2014-12
2014-11,baseline,4,-0.03791075392671574,369,2014-12
2014-11,baseline,5,-0.005660661142138406,369,2014-12
2014-11,information,1,0.07325190497534739,2,2014-12
2014-11,information,2,0.10445004043820305,2,2014-12
2014-11,information,3,0.06450915802261475,2,2014-12
2014-11,information,4,0.05043723229849084,2,2014-12
2014-11,information,5,0.11974105747541408,3,2014-12
2014-12,attention,1,0.009956132294970124,118,2015-01
2014-12,attention,2,0.015510059885979496,118,2015-01
2014-12,attention,3,0.018205323248957905,118,2015-01
2014-12,attention,4,0.04003311036635733,118,2015-01
2014-12,attention,5,0.01048063512386063,118,2015-01
2014-12,baseline,1,0.10055287300198616,340,2015-01
2014-12,baseline,2,0.08094428917282422,341,2015-01
2014-12,baseline,3,0.09451571609939617,340,2015-01
2014-12,baseline,4,0.08719955776998031,341,2015-01
2014-12,baseline,5,0.09736764075988417,341,2015-01
2014-12,information,1,-0.06418485237483951,1,2015-01
2014-12,information,2,0.02195451607216309,2,2015-01
2014-12,information,3,0.0,1,2015-01
2014-12,information,4,0.12582744128205392,2,2015-01
2014-12,information,5,0.03416488983653165,2,2015-01
2015-01,attention,1,0.036554217972784395,40,2015-02
2015-01,attention,2,0.04454485888525295,40,2015-02
2015-01,attention,3,0.05594395462239602,40,2015-02
2015-01,attention,4,0.06236478507406804,40,2015-02
2015-01,attention,5,0.07215145476008253,40,2015-02
2015-01,baseline,1,0.07549911790335084,414,2015-02
2015-01,baseline,2,0.07835384266297424,414,2015-02
2015-01,baseline,3,0.074379721009997,414,2015-02
2015-01,baseline,4,0.08042135192368087,414,2015-02
2015-01,baseline,5,0.08127643883540142,415,2015-02
2015-01,information,1,0.08132636636276759,9,2015-02
2015-01,information,2,0.05492209436378518,10,2015-02
2015-01,information,3,0.0830346907951311,9,2015-02
2015-01,information,4,0.07423143658943225,10,2015-02
2015-01,information,5,0.08294969768326801,10,2015-02
2015-02,attention,1,0.2568887553707182,18,2015-03
2015-02,attention,2,0.2012018085312289,19,2015-03
2015-02,attention,3,0.18582542657136372,18,2015-03
2015-02,attention,4,0.18062622258159525,19,2015-03
2015-02,attention,5,0.16208007617566184,19,2015-03
2015-02,baseline,1,0.225775511975769,429,2015-03
2015-02,baseline,2,0.2333884775757572,430,2015-03
2015-02,baseline,3,0.2348343712206222,429,2015-03
2015-02,baseline,4,0.2214753408802895,430,2015-03
2015-02,baseline,5,0.22177982939539945,430,2015-03
2015-02,information,1,0.15973370919873767,10,2015-03
2015-02,information,2,0.17043580574860434,10,2015-03
2015-02,information,3,0.16313770446303136,10,2015-03
2015-02,information,4,0.18166672038572773,10,2015-03
2015-02,information,5,0.3437989443914083,11,2015-03
2015-03,attention,1,0.1773873922604422,109,2015-04
2015-03,attention,2,0.1433321923111011,109,2015-04
2015-03,attention,3,0.14987756680157388,110,2015-04
2015-03,attention,4,0.16761886731498085,109,2015-04
2015-03,attention,5,0.14454080610634776,110,2015-04
2015-03,baseline,1,0.16675866897375563,333,2015-04
2015-03,baseline,2,0.16675273602154056,334,2015-04
2015-03,baseline,3,0.16473834579905905,334,2015-04
2015-03,baseline,4,0.1671260073821577,334,2015-04
2015-03,baseline,5,0.18092528672092717,334,2015-04
2015-03,information,1,0.15878084977628748,20,2015-04
2015-03,information,2,0.1466621335182922,20,2015-04
2015-03,information,3,0.16194881586915547,20,2015-04
2015-03,information,4,0.16629632535119163,20,2015-04
2015-03,information,5,0.1781380790883617,21,2015-04
2015-04,attention,1,0.20704852889697298,98,2015-05
2015-04,attention,2,0.19810907175920017,99,2015-05
2015-04,attention,3,0.22270598577586612,98,2015-05
2015-04,attention,4,0.1791524719529999,99,2015-05
2015-04,attention,5,0.15975710481577865,99,2015-05
2015-04,baseline,1,0.24261497210755623,318,2015-05
2015-04,baseline,2,0.2595631857956684,318,2015-05
2015-04,baseline,3,0.22686731724869,319,2015-05
2015-04,baseline,4,0.23199382840257388,318,2015-05
2015-04,baseline,5,0.25975979654655323,319,2015-05
2015-04,information,1,0.2752107780739253,47,2015-05
2015-04,information,2,0.28394929643625044,47,2015-05
2015-04,information,3,0.24324241996327522,47,2015-05
2015-04,information,4,0.22449782135303517,47,2015-05
2015-04,information,5,0.2261174056837891,47,2015-05
2015-05,attention,1,-0.09381523392618603,40,2015-06
2015-05,attention,2,-0.05100753028881393,41,2015-06
2015-05,attention,3,-0.02214987520278129,40,2015-06
2015-05,attention,4,-0.034564637772544066,41,2015-06
2015-05,attention,5,-0.1262939004553004,41,2015-06
2015-05,baseline,1,-0.13117704983396677,397,2015-06
2015-05,baseline,2,-0.08415004667497285,398,2015-06
2015-05,baseline,3,-0.08293536869188098,399,2015-06
2015-05,baseline,4,-0.09482930068503308,398,2015-06
2015-05,baseline,5,-0.1228696254121299,399,2015-06
2015-05,information,1,-0.1136837820220173,17,2015-06
2015-05,information,2,-0.043181208041180454,17,2015-06
2015-05,information,3,-0.01628291938513388,17,2015-06
2015-05,information,4,-0.08134995408958844,17,2015-06
2015-05,information,5,-0.19835675711745324,17,2015-06
2015-06,attention,1,-0.23197667680758113,21,2015-07
2015-06,attention,2,-0.19628651834473929,22,2015-07
2015-06,attention,3,-0.20831949227791205,22,2015-07
2015-06,attention,4,-0.18099345121871382,22,2015-07
2015-06,attention,5,-0.11161440152005492,22,2015-07
2015-06,baseline,1,-0.20994468610831435,405,2015-07
2015-06,baseline,2,-0.19006917528693792,406,2015-07
2015-06,baseline,3,-0.18712015311182645,405,2015-07
2015-06,baseline,4,-0.16276444704463816,406,2015-07
2015-06,baseline,5,-0.14265677105993202,406,2015-07
2015-06,information,1,-0.18230774606064906,24,2015-07
2015-06,information,2,-0.2082222633031855,24,2015-07
2015-06,information,3,-0.20331043830282847,24,2015-07
2015-06,information,4,-0.19420135870582325,24,2015-07
2015-06,information,5,-0.1526265586850243,25,2015-07
2015-07,attention,1,-0.1687408245751352,12,2015-08
2015-07,attention,2,-0.07256827275623656,12,2015-08
2015-07,attention,3,-0.07740547032461685,12,2015-08
2015-07,attention,4,-0.1247312279246157,12,2015-08
2015-07,attention,5,-0.1270680991368032,12,2015-08
2015-07,baseline,1,-0.12556350052277904,392,2015-08
2015-07,baseline,2,-0.1230847409047305,392,2015-08
2015-07,baseline,3,-0.12263079654025455,392,2015-08
2015-07,baseline,4,-0.13309401198445778,392,2015-08
2015-07,baseline,5,-0.1545358174528535,392,2015-08
2015-07,information,1,-0.1154268277320697,33,2015-08
2015-07,information,2,-0.1537189600606626,33,2015-08
2015-07,information,3,-0.08059542163316755,33,2015-08
2015-07,information,4,-0.13708956621772841,33,2015-08
2015-07,information,5,-0.1737424394912355,33,2015-08
2015-08,attention,1,-0.015715473803552704,2,2015-09
2015-08,attention,2,-0.18361344484451483,3,2015-09
2015-08,attention,3,0.012539963620782857,2,2015-09
2015-08,attention,4,-0.076654392735516,3,2015-09
2015-08,attention,5,-0.05672655077850863,3,2015-09
2015-08,baseline,1,-0.023074184841396863,406,2015-09
2015-08,baseline,2,-0.030548553435004826,407,2015-09
2015-08,baseline,3,-0.023992391557239385,406,2015-09
2015-08,baseline,4,-0.025826515412577123,407,2015-09
2015-08,baseline,5,-0.034225285711461176,407,2015-09
2015-08,information,1,-0.08262140622062285,21,2015-09
2015-08,information,2,-0.04494214589810354,21,2015-09
2015-08,information,3,-0.0669672245935752,22,2015-09
2015-08,information,4,-0.05660086199544375,21,2015-09
2015-08,information,5,-0.05988126087996217,22,2015-09
2015-09,attention,1,0.4376996805111819,1,2015-10
2015-09,attention,2,0.4061158798283262,1,2015-10
2015-09,attention,3,0.20360360360360374,1,2015-10
2015-09,attention,4,0.3694620253164558,1,2015-10
2015-09,attention,5,0.18111753371868988,1,2015-10
2015-09,baseline,1,0.2357862518854512,426,2015-10
2015-09,baseline,2,0.22339041086551664,426,2015-10
2015-09,baseline,3,0.21978266638386637,427,2015-10
2015-09,baseline,4,0.23792391784109235,426,2015-10
2015-09,baseline,5,0.2510247063367726,427,2015-10
2015-09,information,1,0.10573317129436063,5,2015-10
2015-09,information,2,0.07787932400127655,5,2015-10
2015-09,information,3,0.09463157116707559,5,2015-10
2015-09,information,4,0.0774127836303327,5,2015-10
2015-09,information,5,0.08547663538356436,5,2015-10
2015-10,attention,1,-0.04230057410196038,5,2015-11
2015-10,attention,2,0.13787194283236998,5,2015-11
2015-10,attention,3,0.1343335390782867,5,2015-11
2015-10,attention,4,0.1931679727025269,5,2015-11
2015-10,attention,5,0.1329317955748513,5,2015-11
2015-10,baseline,1,0.10742607232817826,435,2015-11
2015-10,baseline,2,0.10370721670360084,436,2015-11
2015-10,baseline,3,0.09260527649012852,436,2015-11
2015-10,baseline,4,0.09191520633530184,436,2015-11
2015-10,baseline,5,0.09825698907296435,436,2015-11
2015-10,information,1,0.03309517832476442,3,2015-11
2015-10,information,2,0.07748567060291356,4,2015-11
2015-10,information,3,0.03744567658347627,3,2015-11
2015-10,information,4,0.07245911547947473,4,2015-11
2015-10,information,5,0.11118098935433601,4,2015-11
2015-11,attention,1,0.005869752334117605,7,2015-12
2015-11,attention,2,0.07569260167480422,7,2015-12
2015-11,attention,3,0.044612112326455865,7,2015-12
2015-11,attention,4,0.04971150616624912,7,2015-12
2015-11,attention,5,-0.014078851703468537,8,2015-12
2015-11,baseline,1,0.06685146119868265,452,2015-12
2015-11,baseline,2,0.07565836472984429,452,2015-12
2015-11,baseline,3,0.07997013934108352,452,2015-12
2015-11,baseline,4,0.07248862426974105,452,2015-12
2015-11,baseline,5,0.052133424237735156,452,2015-12
2015-11,information,1,0.09476439790575908,1,2015-12
2015-11,information,2,0.09846827133479197,1,2015-12
2015-11,information,3,0.13127753303964762,1,2015-12
2015-11,information,4,-0.16958041958041958,1,2015-12
2015-11,information,5,0.06417624521072796,1,2015-12
2015-12,attention,1,-0.3640651543281069,3,2016-01
2015-12,attention,2,-0.38976976619309617,4,2016-01
2015-12,attention,3,-0.3437963481784643,4,2016-01
2015-12,attention,4,-0.2923363641266188,4,2016-01
2015-12,attention,5,-0.2931561656743743,4,2016-01
2015-12,baseline,1,-0.2971706800093235,471,2016-01
2015-12,baseline,2,-0.2945226440695108,472,2016-01
2015-12,baseline,3,-0.2940845301718102,472,2016-01
2015-12,baseline,4,-0.29345556197904243,472,2016-01
2015-12,baseline,5,-0.2956180597826477,471,2016-01
2015-12,information,3,-0.22707595434868166,1,2016-01
2015-12,information,5,0.0,1,2016-01
2016-01,attention,1,0.03346608397140305,6,2016-02
2016-01,attention,2,-0.023078928747148595,7,2016-02
2016-01,attention,3,0.006418709749161829,6,2016-02
2016-01,attention,4,-0.0132278069788556,7,2016-02
2016-01,attention,5,0.014798595948795876,7,2016-02
2016-01,baseline,1,-0.029451555755391892,471,2016-02
2016-01,baseline,2,-0.019161162312670704,472,2016-02
2016-01,baseline,3,-0.014353943576251768,472,2016-02
2016-01,baseline,4,-0.011266438516156316,472,2016-02
2016-01,baseline,5,-0.0156505382328473,472,2016-02
2016-01,information,1,-0.07624427941595563,2,2016-02
2016-01,information,2,-0.12661999106211824,2,2016-02
2016-01,information,3,-0.06962909126459423,3,2016-02
2016-01,information,4,-0.05534368164755887,2,2016-02
2016-01,information,5,0.002317526720664431,3,2016-02
2016-02,attention,1,0.02847064212076522,5,2016-03
2016-02,attention,2,0.08646693190024483,5,2016-03
2016-02,attention,3,0.07122278466087029,5,2016-03
2016-02,attention,4,0.13977074818630414,5,2016-03
2016-02,attention,5,0.1108963587374392,6,2016-03
2016-02,baseline,1,0.20558191325282382,472,2016-03
2016-02,baseline,2,0.20562978694420347,473,2016-03
2016-02,baseline,3,0.2021496933448169,473,2016-03
2016-02,baseline,4,0.18606088279213803,473,2016-03
2016-02,baseline,5,0.18153790481316714,473,2016-03
2016-02,information,1,0.05393586268462325,4,2016-03
2016-02,information,2,0.1817422120195082,5,2016-03
2016-02,information,3,0.14093937152111963,5,2016-03
2016-02,information,4,0.07187075419650177,5,2016-03
2016-02,information,5,0.1293568532768217,5,2016-03
2016-03,attention,1,-0.004101120273875852,4,2016-04
2016-03,attention,2,0.031069432636409794,4,2016-04
2016-03,attention,3,-0.008104644072540102,5,2016-04
2016-03,attention,4,0.0016486861578993428,4,2016-04
2016-03,attention,5,-0.08186764670711635,5,2016-04
2016-03,baseline,1,-0.020786758661501564,485,2016-04
2016-03,baseline,2,-0.010210096268553036,485,2016-04
2016-03,baseline,3,-0.0021057034800784457,485,2016-04
2016-03,baseline,4,0.003271861790758109,485,2016-04
2016-03,baseline,5,-0.00405240082563143,486,2016-04
2016-03,information,1,0.09300699300699278,1,2016-04
2016-03,information,2,-0.07333333333333325,1,2016-04
2016-03,information,3,-0.031465848042977806,1,2016-04
2016-03,information,4,0.03653355989804585,1,2016-04
2016-03,information,5,-0.1285500747384155,1,2016-04
2016-04,attention,1,0.03092169173627603,6,2016-05
2016-04,attention,2,-0.0830302140652186,7,2016-05
2016-04,attention,3,-0.06219206766918985,6,2016-05
2016-04,attention,4,0.09145458803434707,7,2016-05
2016-04,attention,5,-0.025360490480994695,7,2016-05
2016-04,baseline,1,-0.020922577269080395,485,2016-05
2016-04,baseline,2,-0.025296016332575066,485,2016-05
2016-04,baseline,3,-0.010326449339174468,485,2016-05
2016-04,baseline,4,-0.012124961415097153,485,2016-05
2016-04,baseline,5,-0.009383480544983678,486,2016-05
2016-04,information,1,0.0019735017350885897,2,2016-05
2016-04,information,2,-0.12252884729948943,2,2016-05
2016-04,information,3,-0.012910919160919057,3,2016-05
2016-04,information,4,0.016368686361137252,2,2016-05
2016-04,information,5,-0.002413043866224059,3,2016-05
2016-05,attention,1,-0.00631348961642988,5,2016-06
2016-05,attention,2,0.04199807777324001,5,2016-06
2016-05,attention,3,0.09098186838721184,6,2016-06
2016-05,attention,4,0.12072945370823127,5,2016-06
2016-05,attention,5,0.016498735568120888,6,2016-06
2016-05,baseline,1,0.06910925106073418,489,2016-06
2016-05,baseline,2,0.06025722084582861,489,2016-06
2016-05,baseline,3,0.053566116795855157,489,2016-06
2016-05,baseline,4,0.0514309787434954,489,2016-06
2016-05,baseline,5,0.05887040471356517,489,2016-06
2016-05,information,2,0.08082706766917291,1,2016-06
2016-05,information,4,0.07964601769911495,1,2016-06
2016-05,information,5,0.0,1,2016-06
2016-06,attention,1,-0.018415113566151997,7,2016-07
2016-06,attention,2,0.02820730981224581,7,2016-07
2016-06,attention,3,0.02114849713217575,7,2016-07
2016-06,attention,4,-0.009311985169527026,7,2016-07
2016-06,attention,5,-0.07185965868387696,8,2016-07
2016-06,baseline,1,-0.04388198417614026,496,2016-07
2016-06,baseline,2,-0.012221177404541659,496,2016-07
2016-06,baseline,3,0.007066715578442776,496,2016-07
2016-06,baseline,4,0.02396074226178745,496,2016-07
2016-06,baseline,5,0.0007543997743222759,497,2016-07
2016-06,information,1,-0.0877192982456142,1,2016-07
2016-06,information,2,0.06842105263157894,1,2016-07
2016-06,information,3,-0.09897890295358647,2,2016-07
2016-06,information,4,-0.06184798807749625,1,2016-07
2016-06,information,5,-0.07094439410528441,2,2016-07
2016-07,attention,1,0.0360825275312492,19,2016-08
2016-07,attention,2,0.00324729995852423,20,2016-08
2016-07,attention,3,0.0011129482214199515,20,2016-08
2016-07,attention,4,0.029937432636216503,20,2016-08
2016-07,attention,5,0.014944592918758381,20,2016-08
2016-07,baseline,1,0.05236003355618355,488,2016-08
2016-07,baseline,2,0.04708933088218489,488,2016-08
2016-07,baseline,3,0.04919370627518311,488,2016-08
2016-07,baseline,4,0.0499199220437115,488,2016-08
2016-07,baseline,5,0.05074801815308049,488,2016-08
2016-07,information,1,0.0904650620804049,3,2016-08
2016-07,information,2,0.021078253879063553,3,2016-08
2016-07,information,3,0.04223238169298904,3,2016-08
2016-07,information,4,0.028965862540387983,3,2016-08
2016-07,information,5,0.014122648201809335,4,2016-08
2016-08,attention,1,-0.024095879489977497,17,2016-09
2016-08,attention,2,0.024761114202175055,17,2016-09
2016-08,attention,3,0.008350481019674323,17,2016-09
2016-08,attention,4,-0.00939622295700446,17,2016-09
2016-08,attention,5,-0.015998154278712637,17,2016-09
2016-08,baseline,1,-0.014402739122444087,490,2016-09
2016-08,baseline,2,-0.011193128305730441,491,2016-09
2016-08,baseline,3,-0.008209926811250039,491,2016-09
2016-08,baseline,4,-0.007668040948886524,491,2016-09
2016-08,baseline,5,-0.00013038700287776125,491,2016-09
2016-08,information,1,-0.010623974614842569,5,2016-09
2016-08,information,2,0.044004485671593895,6,2016-09
2016-08,information,3,-0.008764256743174225,5,2016-09
2016-08,information,4,-0.01985516215742622,6,2016-09
2016-08,information,5,-0.025223862030364214,6,2016-09
2016-09,attention,1,0.02103795353117115,23,2016-10
2016-09,attention,2,0.014597726579218182,23,2016-10
2016-09,attention,3,0.018437319398745117,24,2016-10
2016-09,attention,4,0.03615093097985071,23,2016-10
2016-09,attention,5,0.011439254518858563,24,2016-10
2016-09,baseline,1,0.04123055252846745,492,2016-10
2016-09,baseline,2,0.03644097213721018,492,2016-10
2016-09,baseline,3,0.0374372353066763,493,2016-10
2016-09,baseline,4,0.034071225818609094,492,2016-10
2016-09,baseline,5,0.031015389632867443,493,2016-10
2016-09,information,3,-0.08994708994708989,1,2016-10
2016-09,information,5,-0.059885512989872325,1,2016-10
2016-10,attention,1,0.009851365101272864,17,2016-11
2016-10,attention,2,0.051307577051952484,17,2016-11
2016-10,attention,3,0.054107765191112406,18,2016-11
2016-10,attention,4,0.016182670028050634,17,2016-11
2016-10,attention,5,0.01307055427548067,18,2016-11
2016-10,baseline,1,0.026082991247027103,490,2016-11
2016-10,baseline,2,0.03701406825905837,491,2016-11
2016-10,baseline,3,0.03437427658178119,490,2016-11
2016-10,baseline,4,0.02211119826500298,491,2016-11
2016-10,baseline,5,0.02354723323286742,491,2016-11
2016-10,information,1,0.025072203148135297,7,2016-11
2016-10,information,2,-0.0026943732464183023,7,2016-11
2016-10,information,3,0.0004837866884266668,7,2016-11
2016-10,information,4,0.013537628352261815,7,2016-11
2016-10,information,5,-0.023742560929908882,8,2016-11
2016-11,attention,1,-0.023247991004943465,53,2016-12
2016-11,attention,2,-0.0394641200763971,53,2016-12
2016-11,attention,3,-0.036600746955316794,53,2016-12
2016-11,attention,4,-0.046721153562135256,53,2016-12
2016-11,attention,5,-0.04221628291138381,53,2016-12
2016-11,baseline,1,-0.03684353415117419,466,2016-12
2016-11,baseline,2,-0.04854289989868198,467,2016-12
2016-11,baseline,3,-0.04924866660035614,466,2016-12
2016-11,baseline,4,-0.052943036133801365,467,2016-12
2016-11,baseline,5,-0.048462974326225254,467,2016-12
2016-11,information,1,0.004824259131633424,1,2016-12
2016-11,information,2,-0.07300884955752218,1,2016-12
2016-11,information,3,0.04042806183115344,1,2016-12
2016-11,information,4,-0.07277628032345007,1,2016-12
2016-11,information,5,-0.09525896261980304,2,2016-12
2016-12,attention,1,-0.028012819755249246,40,2017-01
2016-12,attention,2,0.001849808850679554,41,2017-01
2016-12,attention,3,0.015042255017428093,41,2017-01
2016-12,attention,4,-0.023819036220953976,41,2017-01
2016-12,attention,5,-0.007348935108226402,41,2017-01
2016-12,baseline,1,-0.032174754873151364,483,2017-01
2016-12,baseline,2,-0.022257038282923382,483,2017-01
2016-12,baseline,3,-0.02132498343154065,484,2017-01
2016-12,baseline,4,-0.019811252341721836,483,2017-01
2016-12,baseline,5,-0.019569606908804157,484,2017-01
2016-12,information,2,-0.040298507462686595,1,2017-01
2016-12,information,4,-0.05067920585161978,1,2017-01
2016-12,information,5,-0.05675853018372701,1,2017-01
2017-01,attention,1,0.051302634063726135,29,2017-02
2017-01,attention,2,0.04619497552598142,29,2017-02
2017-01,attention,3,0.012744773268270834,29,2017-02
2017-01,attention,4,0.018000056388277123,29,2017-02
2017-01,attention,5,0.023635308268311794,29,2017-02
2017-01,baseline,1,0.04194673712056326,488,2017-02
2017-01,baseline,2,0.04530041692245031,488,2017-02
2017-01,baseline,3,0.03862391752179832,488,2017-02
2017-01,baseline,4,0.03585990210450197,488,2017-02
2017-01,baseline,5,0.038800070802023294,488,2017-02
2017-01,information,1,0.07718775063164977,7,2017-02
2017-01,information,2,0.01134849180180099,7,2017-02
2017-01,information,3,0.04923100949046682,7,2017-02
2017-01,information,4,0.06369052441291682,7,2017-02
2017-01,information,5,0.04500835876151703,8,2017-02
2017-02,attention,1,-0.03701813141939331,35,2017-03
2017-02,attention,2,-0.02301227836263369,35,2017-03
2017-02,attention,3,-0.012551071824661239,35,2017-03
2017-02,attention,4,-0.005726501381020285,35,2017-03
2017-02,attention,5,0.0019049381142126065,36,2017-03
2017-02,baseline,1,-0.03215066863296566,482,2017-03
2017-02,baseline,2,-0.022868739175690832,482,2017-03
2017-02,baseline,3,-0.02126254099668596,482,2017-03
2017-02,baseline,4,-0.017124804190174397,482,2017-03
2017-02,baseline,5,-0.01617175209442339,482,2017-03
2017-02,information,1,-0.02594842164969997,5,2017-03
2017-02,information,2,-0.013873825051040622,5,2017-03
2017-02,information,3,0.03860980177298878,5,2017-03
2017-02,information,4,-0.0019613387966496143,5,2017-03
2017-02,information,5,-0.02857171596445779,6,2017-03
2017-03,attention,1,-0.050476031531978834,58,2017-04
2017-03,attention,2,-0.042546413441224666,59,2017-04
2017-03,attention,3,-0.04134612361238457,59,2017-04
2017-03,attention,4,-0.033576973844135743,59,2017-04
2017-03,attention,5,-0.061299617723756236,59,2017-04
2017-03,baseline,1,-0.08069344469682421,457,2017-04
2017-03,baseline,2,-0.05621455109580047,457,2017-04
2017-03,baseline,3,-0.05348504121973792,458,2017-04
2017-03,baseline,4,-0.05230384599147853,457,2017-04
2017-03,baseline,5,-0.050204772008798394,458,2017-04
2017-03,information,1,-0.050275794312643576,11,2017-04
2017-03,information,2,-0.05329432176390655,12,2017-04
2017-03,information,3,-0.03688980553638798,11,2017-04
2017-03,information,4,-0.021796865001526545,12,2017-04
2017-03,information,5,-0.06279635805365318,12,2017-04
2017-04,attention,1,-0.09750187966718432,51,2017-05
2017-04,attention,2,-0.07852042408183275,51,2017-05
2017-04,attention,3,-0.06709771134697888,51,2017-05
2017-04,attention,4,-0.04310703778525165,51,2017-05
2017-04,attention,5,-0.05776931543650923,52,2017-05
2017-04,baseline,1,-0.0896026568428327,446,2017-05
2017-04,baseline,2,-0.060795665562893945,446,2017-05
2017-04,baseline,3,-0.0672454770465899,446,2017-05
2017-04,baseline,4,-0.06976843622447201,446,2017-05
2017-04,baseline,5,-0.061977246115642225,447,2017-05
2017-04,information,1,-0.05254435999995431,33,2017-05
2017-04,information,2,-0.05554612873644157,33,2017-05
2017-04,information,3,-0.01704576915082684,33,2017-05
2017-04,information,4,-0.021558617382692213,33,2017-05
2017-04,information,5,-0.04641846171068878,33,2017-05
2017-05,attention,1,-0.0069530558964839935,35,2017-06
2017-05,attention,2,0.029823160812220223,35,2017-06
2017-05,attention,3,0.02629877956714951,35,2017-06
2017-05,attention,4,0.04699281554818814,35,2017-06
2017-05,attention,5,0.010498697525789226,36,2017-06
2017-05,baseline,1,0.032361535209022935,475,2017-06
2017-05,baseline,2,0.05092215435178299,475,2017-06
2017-05,baseline,3,0.048714189344103494,475,2017-06
2017-05,baseline,4,0.05126355134463655,475,2017-06
2017-05,baseline,5,0.04353207093319918,475,2017-06
2017-05,information,1,0.0046290522441094295,14,2017-06
2017-05,information,2,0.0532532303160921,15,2017-06
2017-05,information,3,0.05849473740646759,15,2017-06
2017-05,information,4,0.056860346536259626,15,2017-06
2017-05,information,5,0.020524989652198563,15,2017-06
2017-06,attention,1,0.006309137904550287,53,2017-07
2017-06,attention,2,-0.0022230628451763543,53,2017-07
2017-06,attention,3,-0.006989076422536145,54,2017-07
2017-06,attention,4,0.0018364469891535495,53,2017-07
2017-06,attention,5,0.03013662720964093,54,2017-07
2017-06,baseline,1,-0.019086031382382757,456,2017-07
2017-06,baseline,2,0.01252737769586406,456,2017-07
2017-06,baseline,3,0.01730803092764062,457,2017-07
2017-06,baseline,4,0.01509352428642516,456,2017-07
2017-06,baseline,5,-0.004806838463941146,457,2017-07
2017-06,information,1,0.028551573292074583,15,2017-07
2017-06,information,2,0.0027394166314140453,15,2017-07
2017-06,information,3,0.07247521402673643,16,2017-07
2017-06,information,4,0.027505640677942752,15,2017-07
2017-06,information,5,-0.007974052368568851,16,2017-07
2017-07,attention,1,0.00041977323816667634,120,2017-08
2017-07,attention,2,0.028229539868856606,120,2017-08
2017-07,attention,3,0.01455890867138779,120,2017-08
2017-07,attention,4,0.015528536129536648,120,2017-08
2017-07,attention,5,0.028475046064191798,121,2017-08
2017-07,baseline,1,0.03845694668066669,378,2017-08
2017-07,baseline,2,0.0434591557331205,379,2017-08
2017-07,baseline,3,0.03413855814330235,379,2017-08
2017-07,baseline,4,0.032099968925076945,379,2017-08
2017-07,baseline,5,0.03458699157853297,378,2017-08
2017-07,information,1,0.03760983486652561,30,2017-08
2017-07,information,2,0.02583423698332485,31,2017-08
2017-07,information,3,0.028964260513865338,31,2017-08
2017-07,information,4,0.04197316991852163,31,2017-08
2017-07,information,5,0.051412981592023746,31,2017-08
2017-08,attention,1,0.014644161885095978,116,2017-09
2017-08,attention,2,0.005671707749089577,116,2017-09
2017-08,attention,3,0.024825270391934644,116,2017-09
2017-08,attention,4,0.005834776798009736,116,2017-09
2017-08,attention,5,0.0167448066784532,117,2017-09
2017-08,baseline,1,0.006589173853710597,390,2017-09
2017-08,baseline,2,0.01827152112094677,391,2017-09
2017-08,baseline,3,0.012165333939267466,391,2017-09
2017-08,baseline,4,0.022990575705048286,391,2017-09
2017-08,baseline,5,0.02627503189801365,390,2017-09
2017-08,information,1,0.009648790799982888,28,2017-09
2017-08,information,2,0.02129041407951403,28,2017-09
2017-08,information,3,0.03239155168293605,29,2017-09
2017-08,information,4,0.003021266827322816,28,2017-09
2017-08,information,5,0.018926927491752545,29,2017-09
2017-09,attention,1,-0.06640954536839337,125,2017-10
2017-09,attention,2,-0.04431039343107407,126,2017-10
2017-09,attention,3,-0.014370368834707657,126,2017-10
2017-09,attention,4,-0.020138421078905993,126,2017-10
2017-09,attention,5,-0.023835112484608758,126,2017-10
2017-09,baseline,1,-0.043267413826740264,419,2017-10
2017-09,baseline,2,-0.019758139291851974,419,2017-10
2017-09,baseline,3,-0.012467234348111197,419,2017-10
2017-09,baseline,4,-0.0015473151105901658,419,2017-10
2017-09,baseline,5,-0.0054650355414240116,420,2017-10
2017-09,information,1,-0.2039180765805877,1,2017-10
2017-09,information,2,-0.09470047643778079,2,2017-10
2017-09,information,3,-0.0029235005253789303,2,2017-10
2017-09,information,4,-0.0827419952709823,2,2017-10
2017-09,information,5,0.2770625099159131,2,2017-10
2017-10,attention,1,-0.09440926097478332,63,2017-11
2017-10,attention,2,-0.07449626537568131,64,2017-11
2017-10,attention,3,-0.05792649985409405,64,2017-11
2017-10,attention,4,-0.07370935038012409,64,2017-11
2017-10,attention,5,-0.04936211013360312,64,2017-11
2017-10,baseline,1,-0.07555262550493465,446,2017-11
2017-10,baseline,2,-0.06633557378452917,446,2017-11
2017-10,baseline,3,-0.061340411189647184,446,2017-11
2017-10,baseline,4,-0.05815220543768205,446,2017-11
2017-10,baseline,5,-0.06147605825120092,447,2017-11
2017-10,information,1,-0.08784784692579728,41,2017-11
2017-10,information,2,-0.05779026600621917,41,2017-11
2017-10,information,3,-0.06124235931013741,41,2017-11
2017-10,information,4,-0.038085332204272765,41,2017-11
2017-10,information,5,-0.012369392228618322,42,2017-11
2017-11,attention,1,-0.005836861498818835,86,2017-12
2017-11,attention,2,-0.012835839937305941,87,2017-12
2017-11,attention,3,-0.006856691505398625,87,2017-12
2017-11,attention,4,0.0030299223451469796,87,2017-12
2017-11,attention,5,-0.012009941524652023,87,2017-12
2017-11,baseline,1,-0.019513120857005475,474,2017-12
2017-11,baseline,2,-0.021200109750885703,474,2017-12
2017-11,baseline,3,-0.01880262901601599,475,2017-12
2017-11,baseline,4,-0.015790734377589228,474,2017-12
2017-11,baseline,5,-0.019796666794417408,475,2017-12
2017-11,information,2,0.00588235294117645,1,2017-12
2017-11,information,3,-0.012068965517241237,1,2017-12
2017-11,information,4,-0.04858490566037732,1,2017-12
2017-11,information,5,-0.011566771819137678,1,2017-12
2017-12,attention,1,-0.0725872538309385,60,2018-01
2017-12,attention,2,-0.026221900534676913,60,2018-01
2017-12,attention,3,-0.026780823180327387,60,2018-01
2017-12,attention,4,-0.017037683289321728,60,2018-01
2017-12,attention,5,-0.012659316296834663,60,2018-01
2017-12,baseline,1,-0.03730361048962364,505,2018-01
2017-12,baseline,2,-0.01719646884951805,506,2018-01
2017-12,baseline,3,-0.016275782230741245,506,2018-01
2017-12,baseline,4,-0.021881883412132704,506,2018-01
2017-12,baseline,5,-0.023212083727987234,505,2018-01
2017-12,information,1,0.12716378162450082,1,2018-01
2017-12,information,2,0.06357388316151202,1,2018-01
2017-12,information,3,-0.21865443425076458,1,2018-01
2017-12,information,4,-0.1347647327546826,1,2018-01
2017-12,information,5,-0.0718874071914044,2,2018-01
2018-01,attention,1,-0.0475200368373106,111,2018-02
2018-01,attention,2,-0.05819351718923409,111,2018-02
2018-01,attention,3,-0.04933379109100123,112,2018-02
2018-01,attention,4,-0.059874405793731496,111,2018-02
2018-01,attention,5,-0.04929474484562164,112,2018-02
2018-01,baseline,1,-0.043430842854500974,446,2018-02
2018-01,baseline,2,-0.047229763719700515,446,2018-02
2018-01,baseline,3,-0.047420192768717555,446,2018-02
2018-01,baseline,4,-0.04573740081192701,446,2018-02
2018-01,baseline,5,-0.04083609841465759,447,2018-02
2018-01,information,1,-0.06068708381026518,19,2018-02
2018-01,information,2,-0.017361166960067884,19,2018-02
2018-01,information,3,-0.03359596690983807,19,2018-02
2018-01,information,4,-0.009738244031607958,19,2018-02
2018-01,information,5,-6.487604466209884e-05,20,2018-02
2018-02,attention,1,0.02459513870728572,51,2018-03
2018-02,attention,2,-0.002424743150715202,51,2018-03
2018-02,attention,3,0.029046975089363034,52,2018-03
2018-02,attention,4,0.027796168411100552,51,2018-03
2018-02,attention,5,0.030602706943170747,52,2018-03
2018-02,baseline,1,0.05514520707276481,500,2018-03
2018-02,baseline,2,0.0425663435586579,500,2018-03
2018-02,baseline,3,0.04752262267150039,501,2018-03
2018-02,baseline,4,0.043959465553847166,500,2018-03
2018-02,baseline,5,0.04706200563867206,501,2018-03
2018-02,information,1,0.0498970070104221,26,2018-03
2018-02,information,2,0.048188073479278164,26,2018-03
2018-02,information,3,0.0366290154887486,26,2018-03
2018-02,information,4,0.0717716350143492,26,2018-03
2018-02,information,5,0.06489213308811645,26,2018-03
2018-03,attention,1,-0.06113493523988063,128,2018-04
2018-03,attention,2,-0.04260597964433778,129,2018-04
2018-03,attention,3,-0.039117920174648,129,2018-04
2018-03,attention,4,-0.03792844504683448,129,2018-04
2018-03,attention,5,-0.03649124757568914,129,2018-04
2018-03,baseline,1,-0.0633100094136332,434,2018-04
2018-03,baseline,2,-0.041844487750879414,435,2018-04
2018-03,baseline,3,-0.03981366787753379,434,2018-04
2018-03,baseline,4,-0.03260804257748563,435,2018-04
2018-03,baseline,5,-0.028114857974829807,435,2018-04
2018-03,information,1,-0.06035655920236781,19,2018-04
2018-03,information,2,-0.02958932224139702,20,2018-04
2018-03,information,3,0.006425239372560781,19,2018-04
2018-03,information,4,-0.03162393071188492,20,2018-04
2018-03,information,5,-0.013906684638195704,20,2018-04
2018-04,attention,1,-0.03522162209387413,70,2018-05
2018-04,attention,2,-0.008728556812512335,71,2018-05
2018-04,attention,3,-0.017124904904077205,70,2018-05
2018-04,attention,4,-0.007872351010627516,71,2018-05
2018-04,attention,5,0.0021366306466278867,71,2018-05
2018-04,baseline,1,-0.029735252572225184,471,2018-05
2018-04,baseline,2,-0.014884374923387188,472,2018-05
2018-04,baseline,3,-0.0067289017229447325,471,2018-05
2018-04,baseline,4,-0.005141998647586494,472,2018-05
2018-04,baseline,5,0.002018192417032029,472,2018-05
2018-04,information,1,0.013214004823216908,49,2018-05
2018-04,information,2,-0.01404792366162988,49,2018-05
2018-04,information,3,0.031549510197293136,49,2018-05
2018-04,information,4,0.0012050362196138345,49,2018-05
2018-04,information,5,0.0037612714762139225,49,2018-05
2018-05,attention,1,-0.11959828881780743,92,2018-06
2018-05,attention,2,-0.11451586315791193,93,2018-06
2018-05,attention,3,-0.11796151626609624,92,2018-06
2018-05,attention,4,-0.11685939241870155,93,2018-06
2018-05,attention,5,-0.11051594651027731,93,2018-06
2018-05,baseline,1,-0.10735611996440857,490,2018-06
2018-05,baseline,2,-0.10603122938259472,490,2018-06
2018-05,baseline,3,-0.10431531932152036,490,2018-06
2018-05,baseline,4,-0.10330486496416534,490,2018-06
2018-05,baseline,5,-0.10375117037849367,490,2018-06
2018-05,information,1,-0.10212412077012084,22,2018-06
2018-05,information,2,-0.1199229858652759,22,2018-06
2018-05,information,3,-0.09049477079836772,23,2018-06
2018-05,information,4,-0.15323910301428956,22,2018-06
2018-05,information,5,-0.10003984496863079,23,2018-06
2018-06,attention,1,-0.027641903364704252,48,2018-07
2018-06,attention,2,0.01706266113468423,48,2018-07
2018-06,attention,3,0.015010790220696686,48,2018-07
2018-06,attention,4,0.01833558362637985,48,2018-07
2018-06,attention,5,-0.02729391162846574,48,2018-07
2018-06,baseline,1,-0.016880035477698178,542,2018-07
2018-06,baseline,2,0.013108233979121413,542,2018-07
2018-06,baseline,3,0.014452321343207867,542,2018-07
2018-06,baseline,4,0.01784976831917542,542,2018-07
2018-06,baseline,5,0.006347799468504095,542,2018-07
2018-06,information,1,0.014069384274149102,24,2018-07
2018-06,information,2,-0.007351619512900476,24,2018-07
2018-06,information,3,0.008578234131667884,24,2018-07
2018-06,information,4,0.02111951297117635,24,2018-07
2018-06,information,5,-0.03986261225158562,24,2018-07
2018-07,attention,1,-0.0930106840316454,76,2018-08
2018-07,attention,2,-0.07168620058756282,77,2018-08
2018-07,attention,3,-0.05527218772022057,77,2018-08
2018-07,attention,4,-0.06416361132466526,77,2018-08
2018-07,attention,5,-0.059137524143651865,77,2018-08
2018-07,baseline,1,-0.10023878072279689,522,2018-08
2018-07,baseline,2,-0.07816402301041885,522,2018-08
2018-07,baseline,3,-0.07618468241985064,523,2018-08
2018-07,baseline,4,-0.07053647505703799,521,2018-08
2018-07,baseline,5,-0.07497331979632542,521,2018-08
2018-07,information,1,-0.07391038181035872,22,2018-08
2018-07,information,2,-0.059886122695058795,23,2018-08
2018-07,information,3,-0.0702403312748432,22,2018-08
2018-07,information,4,-0.08287594049149115,23,2018-08
2018-07,information,5,-0.06988604328667893,23,2018-08
2018-08,attention,1,0.0011243477761545446,53,2018-09
2018-08,attention,2,0.0007477770145620264,53,2018-09
2018-08,attention,3,-0.010595080892377585,53,2018-09
2018-08,attention,4,-0.004250526918989901,53,2018-09
2018-08,attention,5,0.01901003756639392,53,2018-09
2018-08,baseline,1,-0.004266563231898288,555,2018-09
2018-08,baseline,2,-0.0020956526770838143,556,2018-09
2018-08,baseline,3,-0.0035593810442099095,555,2018-09
2018-08,baseline,4,-0.004541596228944565,556,2018-09
2018-08,baseline,5,-0.00013713334859921495,556,2018-09
2018-08,information,1,0.026574055738056445,27,2018-09
2018-08,information,2,-0.010463041507199981,27,2018-09
2018-08,information,3,-0.0022032855463590562,27,2018-09
2018-08,information,4,-0.002520747477116811,27,2018-09
2018-08,information,5,0.03334533745986077,28,2018-09
2018-09,attention,1,-0.11586534538758735,47,2018-10
2018-09,attention,2,-0.10930232883691644,48,2018-10
2018-09,attention,3,-0.08380476768134196,47,2018-10
2018-09,attention,4,-0.08408956968156252,48,2018-10
2018-09,attention,5,-0.08493708623712919,48,2018-10
2018-09,baseline,1,-0.09920680559367412,597,2018-10
2018-09,baseline,2,-0.09482005145876354,597,2018-10
2018-09,baseline,3,-0.08780721684874464,598,2018-10
2018-09,baseline,4,-0.09757221803177493,597,2018-10
2018-09,baseline,5,-0.09026342476855789,598,2018-10
2018-09,information,1,-0.11361227988156458,2,2018-10
2018-09,information,2,-0.05198105509738904,2,2018-10
2018-09,information,3,-0.08729135396374249,2,2018-10
2018-09,information,4,-0.09533059434604896,2,2018-10
2018-09,information,5,-0.11119122606927474,3,2018-10
2018-10,attention,1,0.03780686057200528,67,2018-11
2018-10,attention,2,0.030408066078436293,67,2018-11
2018-10,attention,3,0.03577950901963369,67,2018-11
2018-10,attention,4,0.06497192061144963,67,2018-11
2018-10,attention,5,0.04439269932513073,67,2018-11
2018-10,baseline,1,0.04447806332350593,546,2018-11
2018-10,baseline,2,0.06377958679905371,547,2018-11
2018-10,baseline,3,0.06012744815507586,546,2018-11
2018-10,baseline,4,0.06962362188829298,547,2018-11
2018-10,baseline,5,0.07131359364273368,547,2018-11
2018-10,information,1,0.030603169713293344,43,2018-11
2018-10,information,2,0.04484333281612369,44,2018-11
2018-10,information,3,0.06145795980435157,43,2018-11
2018-10,information,4,0.04791177941898999,44,2018-11
2018-10,information,5,0.04148969152653116,44,2018-11
2018-11,attention,1,-0.060059821998609084,150,2018-12
2018-11,attention,2,-0.041576171393406205,150,2018-12
2018-11,attention,3,-0.039246897272010854,150,2018-12
2018-11,attention,4,-0.045953559477450195,150,2018-12
2018-11,attention,5,-0.049313031445885405,150,2018-12
2018-11,baseline,1,-0.042762246286840035,518,2018-12
2018-11,baseline,2,-0.03812410986876992,518,2018-12
2018-11,baseline,3,-0.04278494094585675,519,2018-12
2018-11,baseline,4,-0.03551505136446076,517,2018-12
2018-11,baseline,5,-0.04365956071706746,519,2018-12
2018-11,information,2,-0.11860595840359756,1,2018-12
2018-11,information,3,-0.0781954887218046,1,2018-12
2018-11,information,4,-0.06236559139784936,1,2018-12
2018-11,information,5,-0.1134615384615385,1,2018-12
2018-12,attention,1,-0.031303513052704686,64,2019-01
2018-12,attention,2,-0.0014411714499569888,65,2019-01
2018-12,attention,3,-0.02111267294151337,65,2019-01
2018-12,attention,4,-0.010673975642746856,65,2019-01
2018-12,attention,5,0.01188579082829854,65,2019-01
2018-12,baseline,1,-0.0666738621266897,609,2019-01
2018-12,baseline,2,-0.01925809771082002,608,2019-01
2018-12,baseline,3,-0.00995429836348777,609,2019-01
2018-12,baseline,4,0.0008247160252382037,608,2019-01
2018-12,baseline,5,-0.012648026672286667,610,2019-01
2018-12,information,3,0.028901734104046284,1,2019-01
2018-12,information,5,0.168793749258487,1,2019-01
2019-01,attention,1,0.24413628938843696,80,2019-02
2019-01,attention,2,0.21124839308166976,80,2019-02
2019-01,attention,3,0.2146870194619371,81,2019-02
2019-01,attention,4,0.2048450002345239,80,2019-02
2019-01,attention,5,0.21704048567593734,81,2019-02
2019-01,baseline,1,0.28156654156982797,578,2019-02
2019-01,baseline,2,0.2278920575032946,579,2019-02
2019-01,baseline,3,0.2136753837513428,579,2019-02
2019-01,baseline,4,0.20696256643957178,579,2019-02
2019-01,baseline,5,0.20760674399484977,579,2019-02
2019-01,information,1,0.2184519470067497,19,2019-02
2019-01,information,2,0.1829000279003379,19,2019-02
2019-01,information,3,0.16583844935082806,19,2019-02
2019-01,information,4,0.14799769131064747,19,2019-02
2019-01,information,5,0.1662215776414694,19,2019-02
2019-02,attention,1,0.08455207327710951,104,2019-03
2019-02,attention,2,0.11252774868419799,104,2019-03
2019-02,attention,3,0.08637672045802672,105,2019-03
2019-02,attention,4,0.09557166718124653,104,2019-03
2019-02,attention,5,0.09811608675173451,105,2019-03
2019-02,baseline,1,0.09923807693603585,566,2019-03
2019-02,baseline,2,0.11050068969147228,566,2019-03
2019-02,baseline,3,0.09776264574245387,566,2019-03
2019-02,baseline,4,0.12000146261031414,566,2019-03
2019-02,baseline,5,0.11417007649011078,567,2019-03
2019-02,information,1,0.04392741564515999,9,2019-03
2019-02,information,2,0.09928525491018797,10,2019-03
2019-02,information,3,0.11680680287534972,10,2019-03
2019-02,information,4,0.08480095218018088,10,2019-03
2019-02,information,5,0.07973192235503994,10,2019-03
2019-03,attention,1,-0.04237313948452792,236,2019-04
2019-03,attention,2,-0.02288387038011104,236,2019-04
2019-03,attention,3,-0.030237853957979798,237,2019-04
2019-03,attention,4,-0.02185103705727563,236,2019-04
2019-03,attention,5,-0.03089834477204367,237,2019-04
2019-03,baseline,1,-0.07586199944435021,430,2019-04
2019-03,baseline,2,-0.044697553570244054,431,2019-04
2019-03,baseline,3,-0.03170091944744465,430,2019-04
2019-03,baseline,4,-0.022309546482220666,431,2019-04
2019-03,baseline,5,-0.037722233303826985,431,2019-04
2019-03,information,1,-0.04214980187906492,15,2019-04
2019-03,information,2,0.010989773691492729,15,2019-04
2019-03,information,3,-0.003802195725306549,15,2019-04
2019-03,information,4,-0.028384553387751484,15,2019-04
2019-03,information,5,-0.06149772907365654,16,2019-04
2019-04,attention,1,-0.0666571248999552,134,2019-05
2019-04,attention,2,-0.04215212185525711,134,2019-05
2019-04,attention,3,-0.06274759563301756,135,2019-05
2019-04,attention,4,-0.06261537100146308,134,2019-05
2019-04,attention,5,-0.05504379608377953,135,2019-05
2019-04,baseline,1,-0.06528574388624846,470,2019-05
2019-04,baseline,2,-0.04590900137371495,470,2019-05
2019-04,baseline,3,-0.041659371286215933,470,2019-05
2019-04,baseline,4,-0.04030998217714875,470,2019-05
2019-04,baseline,5,-0.03837667998683707,470,2019-05
2019-04,information,1,-0.05684216971278179,80,2019-05
2019-04,information,2,-0.0427855148286772,81,2019-05
2019-04,information,3,-0.04442312343809132,81,2019-05
2019-04,information,4,-0.06476245309536918,81,2019-05
2019-04,information,5,-0.06416843539668782,81,2019-05
2019-05,attention,1,-0.02729953489227421,22,2019-06
2019-05,attention,2,-0.014313474425135477,23,2019-06
2019-05,attention,3,0.03183744995049,23,2019-06
2019-05,attention,4,-0.006275516773959361,23,2019-06
2019-05,attention,5,-0.060309731667727115,23,2019-06
2019-05,baseline,1,-0.0006501468563477369,623,2019-06
2019-05,baseline,2,0.012711427467107954,623,2019-06
2019-05,baseline,3,0.011239950511020336,623,2019-06
2019-05,baseline,4,0.01376930198329852,623,2019-06
2019-05,baseline,5,0.011936179546547108,623,2019-06
2019-05,information,1,-0.011699536624433845,30,2019-06
2019-05,information,2,0.01882335558938966,30,2019-06
2019-05,information,3,0.023682597082094876,31,2019-06
2019-05,information,4,0.019741600260219767,30,2019-06
2019-05,information,5,0.0030521983076938586,31,2019-06
2019-06,attention,1,-0.04054774442587185,25,2019-07
2019-06,attention,2,-0.08241337019728426,26,2019-07
2019-06,attention,3,-0.03447610922660476,25,2019-07
2019-06,attention,4,-0.021033949767309268,26,2019-07
2019-06,attention,5,0.04012431055661847,26,2019-07
2019-06,baseline,1,-0.036074365138056584,639,2019-07
2019-06,baseline,2,-0.01157865323136423,640,2019-07
2019-06,baseline,3,-0.012973744955605016,640,2019-07
2019-06,baseline,4,-0.007795607599549617,640,2019-07
2019-06,baseline,5,-0.01086892739206327,640,2019-07
2019-06,information,1,-0.024632433829560676,11,2019-07
2019-06,information,2,0.04106109230583312,11,2019-07
2019-06,information,3,-0.029297362722373224,11,2019-07
2019-06,information,4,0.027811741815297362,11,2019-07
2019-06,information,5,-0.0077811048097977675,12,2019-07
2019-07,attention,1,-0.062176537874210756,53,2019-08
2019-07,attention,2,-0.027738725123358853,53,2019-08
2019-07,attention,3,0.002057276790854359,53,2019-08
2019-07,attention,4,-0.014718339135704802,53,2019-08
2019-07,attention,5,-0.005898265214443333,54,2019-08
2019-07,baseline,1,-0.008911641791772486,605,2019-08
2019-07,baseline,2,-0.022503392271244125,605,2019-08
2019-07,baseline,3,-0.015376961236414455,606,2019-08
2019-07,baseline,4,-0.014324248246508216,607,2019-08
2019-07,baseline,5,0.002842453439258528,607,2019-08
2019-07,information,1,0.016488418946993225,18,2019-08
2019-07,information,2,0.04740785952988683,18,2019-08
2019-07,information,3,0.0178073681757539,18,2019-08
2019-07,information,4,0.018517541302494406,18,2019-08
2019-07,information,5,-0.006351456907547453,18,2019-08
2019-08,attention,1,0.008762952310142813,59,2019-09
2019-08,attention,2,0.014746919543769966,59,2019-09
2019-08,attention,3,0.018759719672230973,59,2019-09
2019-08,attention,4,0.018464705785898754,59,2019-09
2019-08,attention,5,0.021067938113946427,60,2019-09
2019-08,baseline,1,0.007155161451458611,584,2019-09
2019-08,baseline,2,0.016181206361480065,584,2019-09
2019-08,baseline,3,0.01412865299643595,584,2019-09
2019-08,baseline,4,0.01632121224080998,584,2019-09
2019-08,baseline,5,0.018278339300093458,584,2019-09
2019-08,information,1,0.0004923385805366268,35,2019-09
2019-08,information,2,-0.0030548607637961873,35,2019-09
2019-08,information,3,0.026005688448383787,36,2019-09
2019-08,information,4,0.01688113808991175,35,2019-09
2019-08,information,5,0.016853622640713883,36,2019-09
2019-09,attention,1,0.013929260302721527,92,2019-10
2019-09,attention,2,-0.0026865834673754545,92,2019-10
2019-09,attention,3,-0.000672314359625146,92,2019-10
2019-09,attention,4,0.006642083901045392,92,2019-10
2019-09,attention,5,0.007733280301392608,93,2019-10
2019-09,baseline,1,-0.015432176285482723,585,2019-10
2019-09,baseline,2,-0.000272430490509933,585,2019-10
2019-09,baseline,3,0.0008240198030362732,586,2019-10
2019-09,baseline,4,0.002346708436081455,585,2019-10
2019-09,baseline,5,0.003968547465379313,586,2019-10
2019-09,information,1,-0.02485299401459984,2,2019-10
2019-09,information,2,-0.007286645567358511,3,2019-10
2019-09,information,3,-0.04127982632606031,3,2019-10
2019-09,information,4,-0.019415914863756784,3,2019-10
2019-09,information,5,-0.058470819240496096,3,2019-10
2019-10,attention,1,-0.07269691888855004,49,2019-11
2019-10,attention,2,-0.004115395656344469,50,2019-11
2019-10,attention,3,-0.00845393881547167,50,2019-11
2019-10,attention,4,0.007675864725709714,50,2019-11
2019-10,attention,5,-0.007478013791035707,50,2019-11
2019-10,baseline,1,-0.031200233172499776,598,2019-11
2019-10,baseline,2,-0.017838207167835927,598,2019-11
2019-10,baseline,3,-0.01901277140690571,598,2019-11
2019-10,baseline,4,-0.023822265032189958,598,2019-11
2019-10,baseline,5,-0.027999199594294488,598,2019-11
2019-10,information,1,-0.013922665875891752,33,2019-11
2019-10,information,2,-0.0018499876145876854,34,2019-11
2019-10,information,3,0.001083388545368981,34,2019-11
2019-10,information,4,0.016697418309344906,34,2019-11
2019-10,information,5,-0.003188208212230615,34,2019-11
2019-11,attention,1,0.1461452069759426,72,2019-12
2019-11,attention,2,0.08902855376896725,72,2019-12
2019-11,attention,3,0.09590010330157223,72,2019-12
2019-11,attention,4,0.06585890988442122,72,2019-12
2019-11,attention,5,0.10032174122212575,73,2019-12
2019-11,baseline,1,0.08537556525542335,608,2019-12
2019-11,baseline,2,0.08215190164391756,609,2019-12
2019-11,baseline,3,0.08023577141757691,610,2019-12
2019-11,baseline,4,0.0730833736527386,609,2019-12
2019-11,baseline,5,0.08025887054852542,608,2019-12
2019-11,information,1,0.13637151273609427,1,2019-12
2019-11,information,2,0.1155988857938719,1,2019-12
2019-11,information,3,0.1315046741181014,2,2019-12
2019-11,information,4,-0.013961605584642212,1,2019-12
2019-11,information,5,0.10788431686237931,2,2019-12
2019-12,attention,1,0.020361264233586227,85,2020-01
2019-12,attention,2,0.00324316463502637,85,2020-01
2019-12,attention,3,-0.011729206181857806,85,2020-01
2019-12,attention,4,0.021946396145102263,85,2020-01
2019-12,attention,5,0.014333349886479935,86,2020-01
2019-12,baseline,1,0.012915340422389721,597,2020-01
2019-12,baseline,2,-0.002069600140963788,598,2020-01
2019-12,baseline,3,-0.0061368525215861015,598,2020-01
2019-12,baseline,4,0.0001765638179512148,598,2020-01
2019-12,baseline,5,0.014941923938693227,598,2020-01
2019-12,information,3,0.006628787878788067,1,2020-01
2019-12,information,5,-0.00888099467140313,1,2020-01
2020-01,attention,1,0.020408763572938318,107,2020-02
2020-01,attention,2,0.007492655525096207,107,2020-02
2020-01,attention,3,0.011417024142376941,108,2020-02
2020-01,attention,4,0.01843160676058003,107,2020-02
2020-01,attention,5,0.05645602849074715,108,2020-02
2020-01,baseline,1,0.009795250779789474,558,2020-02
2020-01,baseline,2,-0.00705866960658691,559,2020-02
2020-01,baseline,3,-0.01714039706584187,557,2020-02
2020-01,baseline,4,-0.01726096739817056,559,2020-02
2020-01,baseline,5,0.010829197523359988,559,2020-02
2020-01,information,1,0.030281104731284945,19,2020-02
2020-01,information,2,-0.0193563741002006,20,2020-02
2020-01,information,3,0.0010039171944063072,19,2020-02
2020-01,information,4,0.13585791938854394,20,2020-02
2020-01,information,5,0.13851731080293514,20,2020-02
2020-02,attention,1,-0.0613569657327195,194,2020-03
2020-02,attention,2,-0.031896757730182655,194,2020-03
2020-02,attention,3,-0.022921320333063964,194,2020-03
2020-02,attention,4,-0.02583472100870765,194,2020-03
2020-02,attention,5,-0.04241291435201825,194,2020-03
2020-02,baseline,1,-0.0985780686337154,473,2020-03
2020-02,baseline,2,-0.036904612947565044,473,2020-03
2020-02,baseline,3,-0.01631636820252374,473,2020-03
2020-02,baseline,4,-0.0036782593692579533,473,2020-03
2020-02,baseline,5,-0.032880274292853735,474,2020-03
2020-02,information,1,-0.019097779253671593,19,2020-03
2020-02,information,2,-0.061547335137745726,20,2020-03
2020-02,information,3,-0.0048265266739268824,19,2020-03
2020-02,information,4,-0.07492381470344023,20,2020-03
2020-02,information,5,-0.07424684939213286,20,2020-03
2020-03,attention,1,-0.012855704405285946,122,2020-04
2020-03,attention,2,-0.009187688591957066,123,2020-04
2020-03,attention,3,0.012656044671549828,122,2020-04
2020-03,attention,4,0.028249927226337755,123,2020-04
2020-03,attention,5,0.026507250299426754,123,2020-04
2020-03,baseline,1,-0.0033504557557045493,551,2020-04
2020-03,baseline,2,0.0125979321993992,551,2020-04
2020-03,baseline,3,0.027985897914343076,551,2020-04
2020-03,baseline,4,0.029057723214920395,551,2020-04
2020-03,baseline,5,0.06279650306762606,552,2020-04
2020-03,information,1,0.03499481051786797,15,2020-04
2020-03,information,2,0.010959265285478378,15,2020-04
2020-03,information,3,-0.014013642369459872,16,2020-04
2020-03,information,4,0.05860582402160846,15,2020-04
2020-03,information,5,0.0614526862155689,16,2020-04
2020-04,attention,1,0.025651008879413358,39,2020-05
2020-04,attention,2,0.041370765511213214,40,2020-05
2020-04,attention,3,0.01871304878689729,40,2020-05
2020-04,attention,4,0.03324433678521823,40,2020-05
2020-04,attention,5,0.02770008267803493,40,2020-05
2020-04,baseline,1,-0.003504561730530413,573,2020-05
2020-04,baseline,2,0.021614659639652825,574,2020-05
2020-04,baseline,3,0.023655500418359815,573,2020-05
2020-04,baseline,4,0.017141884648711272,574,2020-05
2020-04,baseline,5,0.03205383091635205,574,2020-05
2020-04,information,1,0.015443177547884553,78,2020-05
2020-04,information,2,0.046387255751831946,78,2020-05
2020-04,information,3,0.028388562845990322,78,2020-05
2020-04,information,4,0.029893211743278886,78,2020-05
2020-04,information,5,0.03062290190951009,79,2020-05
2020-05,attention,1,0.058129930234171436,55,2020-06
2020-05,attention,2,0.03447797951108877,56,2020-06
2020-05,attention,3,0.05948759994765168,55,2020-06
2020-05,attention,4,0.08653615131939442,56,2020-06
2020-05,attention,5,0.08084382553905563,56,2020-06
2020-05,baseline,1,0.05910292096813356,612,2020-06
2020-05,baseline,2,0.06137659216937617,613,2020-06
2020-05,baseline,3,0.06503214692941181,612,2020-06
2020-05,baseline,4,0.07289324085337148,613,2020-06
2020-05,baseline,5,0.08994033141260364,613,2020-06
2020-05,information,1,-0.014585107708947553,12,2020-06
2020-05,information,2,0.14450842197279837,13,2020-06
2020-05,information,3,0.034796471064604456,13,2020-06
2020-05,information,4,0.032818792635305155,13,2020-06
2020-05,information,5,0.1515440767546188,13,2020-06
2020-06,attention,1,0.1188973271130129,85,2020-07
2020-06,attention,2,0.12401115400497294,86,2020-07
2020-06,attention,3,0.14242664240385913,85,2020-07
2020-06,attention,4,0.14746884601117927,86,2020-07
2020-06,attention,5,0.17364765433044177,86,2020-07
2020-06,baseline,1,0.11918184578945677,586,2020-07
2020-06,baseline,2,0.14868395429181278,586,2020-07
2020-06,baseline,3,0.15135368406819058,587,2020-07
2020-06,baseline,4,0.14223885519939009,586,2020-07
2020-06,baseline,5,0.13521069648288694,587,2020-07
2020-06,information,1,0.11580870402378023,12,2020-07
2020-06,information,2,0.1248657547762521,12,2020-07
2020-06,information,3,0.1542008733648765,12,2020-07
2020-06,information,4,0.20132974892713326,12,2020-07
2020-06,information,5,0.12023963126221279,13,2020-07
2020-07,attention,1,0.009337054032950692,168,2020-08
2020-07,attention,2,0.030331003091720786,169,2020-08
2020-07,attention,3,0.029606742216598498,168,2020-08
2020-07,attention,4,0.06173550049705204,169,2020-08
2020-07,attention,5,0.03560309089056089,169,2020-08
2020-07,baseline,1,0.025136466412968593,488,2020-08
2020-07,baseline,2,0.031414724380670875,487,2020-08
2020-07,baseline,3,0.05013598589191755,488,2020-08
2020-07,baseline,4,0.04141279587505699,489,2020-08
2020-07,baseline,5,0.02694606939247218,488,2020-08
2020-07,information,1,0.05505903812585794,31,2020-08
2020-07,information,2,0.06543602295479292,31,2020-08
2020-07,information,3,0.08246911981963793,32,2020-08
2020-07,information,4,0.08419869943547605,31,2020-08
2020-07,information,5,0.02496481825683525,32,2020-08
2020-08,attention,1,-0.05807636144279289,113,2020-09
2020-08,attention,2,-0.04723870913161974,113,2020-09
2020-08,attention,3,-0.06402786505417311,113,2020-09
2020-08,attention,4,-0.05757488774282211,113,2020-09
2020-08,attention,5,-0.07406110780755645,113,2020-09
2020-08,baseline,1,-0.06628948785114418,538,2020-09
2020-08,baseline,2,-0.0827490448928589,540,2020-09
2020-08,baseline,3,-0.0692764289200014,538,2020-09
2020-08,baseline,4,-0.06858175859626849,540,2020-09
2020-08,baseline,5,-0.07118739875786936,537,2020-09
2020-08,information,1,-0.0703036477333828,38,2020-09
2020-08,information,2,-0.05509418184989034,38,2020-09
2020-08,information,3,-0.07657981560765995,38,2020-09
2020-08,information,4,-0.04079049774814735,38,2020-09
2020-08,information,5,-0.04229334454950701,39,2020-09
2020-09,attention,1,0.0965539309727275,95,2020-10
2020-09,attention,2,0.04859958685590489,95,2020-10
2020-09,attention,3,0.05235728715396058,95,2020-10
2020-09,attention,4,0.014630997626206614,95,2020-10
2020-09,attention,5,0.03595025781581717,95,2020-10
2020-09,baseline,1,0.002833095612624252,593,2020-10
2020-09,baseline,2,-0.016507567464894003,594,2020-10
2020-09,baseline,3,-0.014595692705126406,594,2020-10
2020-09,baseline,4,-0.0041223323399478375,594,2020-10
2020-09,baseline,5,0.0027644540413287004,594,2020-10
2020-09,information,1,0.03942822254481937,3,2020-10
2020-09,information,2,0.10536658108864243,3,2020-10
2020-09,information,3,-0.001771045298937864,3,2020-10
2020-09,information,4,0.1532410872410872,3,2020-10
2020-09,information,5,0.08500793932055495,3,2020-10
2020-10,attention,1,-0.069359745809597,38,2020-11
2020-10,attention,2,0.004569957577243232,38,2020-11
2020-10,attention,3,-0.0014938528509709694,38,2020-11
2020-10,attention,4,0.01910549994776938,38,2020-11
2020-10,attention,5,0.05622411396960059,38,2020-11
2020-10,baseline,1,0.01702941322924452,617,2020-11
2020-10,baseline,2,0.04457184147977734,617,2020-11
2020-10,baseline,3,0.044061976593586176,617,2020-11
2020-10,baseline,4,0.034995741726644165,617,2020-11
2020-10,baseline,5,0.017885924573210355,617,2020-11
2020-10,information,1,0.020440468033161734,38,2020-11
2020-10,information,2,0.0435348714649897,39,2020-11
2020-10,information,3,0.02172327342422497,39,2020-11
2020-10,information,4,0.06502982716168275,39,2020-11
2020-10,information,5,-0.0018115127687670439,39,2020-11
2020-11,attention,1,0.007730178820190589,91,2020-12
2020-11,attention,2,-0.011237031711570295,91,2020-12
2020-11,attention,3,-0.016928022692833413,91,2020-12
2020-11,attention,4,-0.05318362562681731,91,2020-12
2020-11,attention,5,-0.027175578428881828,91,2020-12
2020-11,baseline,1,-0.02887410334158336,602,2020-12
2020-11,baseline,2,-0.046139290159799555,601,2020-12
2020-11,baseline,3,-0.03862268064618428,602,2020-12
2020-11,baseline,4,-0.03327512337710596,602,2020-12
2020-11,baseline,5,-0.020289754705031682,602,2020-12
2020-11,information,1,-0.04544504818674365,7,2020-12
2020-11,information,2,-0.11033348288590135,8,2020-12
2020-11,information,3,-0.013013564962427615,8,2020-12
2020-11,information,4,0.11591032430730987,8,2020-12
2020-11,information,5,0.017968024882253797,8,2020-12
2020-12,attention,1,-0.1311228552330461,83,2021-01
2020-12,attention,2,-0.1039829334462608,84,2021-01
2020-12,attention,3,-0.04988407178718928,84,2021-01
2020-12,attention,4,-0.06203745537556937,84,2021-01
2020-12,attention,5,-0.019089972590848468,84,2021-01
2020-12,baseline,1,-0.09616854175899893,622,2021-01
2020-12,baseline,2,-0.07609429666309414,622,2021-01
2020-12,baseline,3,-0.06167154779917314,622,2021-01
2020-12,baseline,4,-0.05267662168773471,622,2021-01
2020-12,baseline,5,-0.046892589308811655,621,2021-01
2020-12,information,5,0.10030395136778125,1,2021-01
2021-01,attention,1,0.022405428492508022,93,2021-02
2021-01,attention,2,0.022823893075295674,93,2021-02
2021-01,attention,3,0.02696675731701429,93,2021-02
2021-01,attention,4,0.025424653503800746,93,2021-02
2021-01,attention,5,0.00841557877116475,93,2021-02
2021-01,baseline,1,0.02889872071027064,593,2021-02
2021-01,baseline,2,0.03778302594865299,595,2021-02
2021-01,baseline,3,0.03990758003189019,594,2021-02
2021-01,baseline,4,0.04042787410873703,595,2021-02
2021-01,baseline,5,0.02874537252914481,595,2021-02
2021-01,information,1,0.015948414565840067,22,2021-02
2021-01,information,2,0.013461701270457538,22,2021-02
2021-01,information,3,0.03648080787018064,22,2021-02
2021-01,information,4,0.038435991160960796,22,2021-02
2021-01,information,5,0.04312774650324773,22,2021-02
2021-02,attention,1,0.0009513256349761714,51,2021-03
2021-02,attention,2,0.030330045432532093,51,2021-03
2021-02,attention,3,0.04489197906191341,51,2021-03
2021-02,attention,4,0.031052941467412276,51,2021-03
2021-02,attention,5,0.013281105544376557,52,2021-03
2021-02,baseline,1,0.007409801690356153,653,2021-03
2021-02,baseline,2,0.017154935923637264,653,2021-03
2021-02,baseline,3,0.023608088581958456,653,2021-03
2021-02,baseline,4,0.027950398246620007,653,2021-03
2021-02,baseline,5,-0.001532128047793746,653,2021-03
2021-02,information,1,-0.02990736711001829,9,2021-03
2021-02,information,2,-0.029515742097569155,9,2021-03
2021-02,information,3,0.03766213365740594,9,2021-03
2021-02,information,4,-0.0581154796794594,9,2021-03
2021-02,information,5,-0.05190645913680488,10,2021-03
2021-03,attention,1,-0.06086678152192661,87,2021-04
2021-03,attention,2,-0.024912120465955662,87,2021-04
2021-03,attention,3,0.011467042453276122,87,2021-04
2021-03,attention,4,-0.03587811678868332,87,2021-04
2021-03,attention,5,-0.011932207717157431,87,2021-04
2021-03,baseline,1,-0.010611864175775098,614,2021-04
2021-03,baseline,2,0.007584639261072514,615,2021-04
2021-03,baseline,3,0.010086809836500402,615,2021-04
2021-03,baseline,4,0.015437550020428145,615,2021-04
2021-03,baseline,5,0.03123152880404375,616,2021-04
2021-03,information,1,-0.02249623196616312,15,2021-04
2021-03,information,2,-0.011377382125197167,15,2021-04
2021-03,information,3,-0.0450794112319306,15,2021-04
2021-03,information,4,-0.026749584627643666,15,2021-04
2021-03,information,5,0.039128335215569375,16,2021-04
2021-04,attention,1,0.113560941239645,57,2021-05
2021-04,attention,2,0.0351945840920248,57,2021-05
2021-04,attention,3,0.03406143783918348,58,2021-05
2021-04,attention,4,0.07048764461550999,57,2021-05
2021-04,attention,5,0.049936491376003034,58,2021-05
2021-04,baseline,1,0.07630950125292425,615,2021-05
2021-04,baseline,2,0.05959501139179655,615,2021-05
2021-04,baseline,3,0.051051338589620215,616,2021-05
2021-04,baseline,4,0.05501273322263693,615,2021-05
2021-04,baseline,5,0.06148760511086371,614,2021-05
2021-04,information,1,0.05985807880288849,54,2021-05
2021-04,information,2,0.02472070619436546,54,2021-05
2021-04,information,3,0.10788362641909312,54,2021-05
2021-04,information,4,0.08333898059798457,54,2021-05
2021-04,information,5,0.03639997666236662,54,2021-05
2021-05,attention,1,0.027482812304675294,89,2021-06
2021-05,attention,2,0.044069365005392123,89,2021-06
2021-05,attention,3,0.016199702452642052,89,2021-06
2021-05,attention,4,0.06908982558110671,89,2021-06
2021-05,attention,5,0.08575052963579004,90,2021-06
2021-05,baseline,1,0.010877356963450765,622,2021-06
2021-05,baseline,2,0.029982925054259393,622,2021-06
2021-05,baseline,3,0.02916185643476792,622,2021-06
2021-05,baseline,4,0.0237425778755251,621,2021-06
2021-05,baseline,5,0.032474930004073484,622,2021-06
2021-05,information,1,0.07593807250939785,13,2021-06
2021-05,information,2,-0.0024356207372049354,13,2021-06
2021-05,information,3,0.01089019070513955,13,2021-06
2021-05,information,4,0.05404744633971933,13,2021-06
2021-05,information,5,0.11252625619000807,14,2021-06
2021-06,attention,1,0.0031352446012079017,117,2021-07
2021-06,attention,2,0.031207707677234953,117,2021-07
2021-06,attention,3,0.03517689128595321,117,2021-07
2021-06,attention,4,0.04510217891928985,117,2021-07
2021-06,attention,5,0.06633064688878772,117,2021-07
2021-06,baseline,1,0.015317175325291312,600,2021-07
2021-06,baseline,2,0.001198704447306879,601,2021-07
2021-06,baseline,3,-0.022209551089192595,601,2021-07
2021-06,baseline,4,-0.014292901019950687,601,2021-07
2021-06,baseline,5,0.004367249369939789,601,2021-07
2021-06,information,1,0.02370356336899734,15,2021-07
2021-06,information,2,-0.002521537541891705,15,2021-07
2021-06,information,3,0.06921977432316698,16,2021-07
2021-06,information,4,0.04684212007251281,15,2021-07
2021-06,information,5,-0.007426960751220735,16,2021-07
2021-07,attention,1,0.014200229290843948,136,2021-08
2021-07,attention,2,0.041166222627496384,136,2021-08
2021-07,attention,3,0.04756769519651712,137,2021-08
2021-07,attention,4,0.02281667090454232,136,2021-08
2021-07,attention,5,0.07990916209945033,137,2021-08
2021-07,baseline,1,0.0404089578939664,576,2021-08
2021-07,baseline,2,0.05922147681196929,580,2021-08
2021-07,baseline,3,0.08601416038945267,580,2021-08
2021-07,baseline,4,0.08332481609256827,580,2021-08
2021-07,baseline,5,0.09691790300688677,579,2021-08
2021-07,information,1,0.016849902307211437,26,2021-08
2021-07,information,2,0.07822042025785682,26,2021-08
2021-07,information,3,0.07846112671317981,27,2021-08
2021-07,information,4,0.09919090464166508,26,2021-08
2021-07,information,5,0.1219881083369641,27,2021-08
2021-08,attention,1,-0.05538560227924488,147,2021-09
2021-08,attention,2,-0.017074335560512376,148,2021-09
2021-08,attention,3,-0.013215074725614182,147,2021-09
2021-08,attention,4,-0.0020487225918310354,148,2021-09
2021-08,attention,5,-0.030796882979043788,148,2021-09
2021-08,baseline,1,-0.030017207539046405,557,2021-09
2021-08,baseline,2,-0.002963976215662237,558,2021-09
2021-08,baseline,3,0.004050236578783285,557,2021-09
2021-08,baseline,4,-0.00517016396401353,558,2021-09
2021-08,baseline,5,-0.026910233105414776,557,2021-09
2021-08,information,1,-0.04910449223687613,49,2021-09
2021-08,information,2,-0.012997333071491656,50,2021-09
2021-08,information,3,0.0223383874474605,50,2021-09
2021-08,information,4,-0.0066308375177636545,50,2021-09
2021-08,information,5,-0.00444641487117988,50,2021-09
2021-09,attention,1,-0.02190568354753118,152,2021-10
2021-09,attention,2,-0.041254842795128206,153,2021-10
2021-09,attention,3,-0.05490631965886367,152,2021-10
2021-09,attention,4,-0.045574379328937854,153,2021-10
2021-09,attention,5,-0.041178079977768386,153,2021-10
2021-09,baseline,1,-0.009714976414200866,611,2021-10
2021-09,baseline,2,-0.011508757990463175,612,2021-10
2021-09,baseline,3,-0.021465715744531284,612,2021-10
2021-09,baseline,4,-0.02303041642782125,612,2021-10
2021-09,baseline,5,-0.014237115604815723,611,2021-10
2021-09,information,1,-0.030093978578218345,3,2021-10
2021-09,information,2,0.011715528546245607,4,2021-10
2021-09,information,3,-0.0371961526944156,3,2021-10
2021-09,information,4,-0.0069884051194922525,4,2021-10
2021-09,information,5,-0.05755488102111753,4,2021-10
2021-10,attention,1,0.09663623577913437,44,2021-11
2021-10,attention,2,0.09942250754992561,45,2021-11
2021-10,attention,3,0.06265605685345904,45,2021-11
2021-10,attention,4,0.05730999214382518,45,2021-11
2021-10,attention,5,0.10596492594568309,45,2021-11
2021-10,baseline,1,0.07485250357795449,681,2021-11
2021-10,baseline,2,0.09628841284515276,682,2021-11
2021-10,baseline,3,0.1082488144293203,682,2021-11
2021-10,baseline,4,0.09645310432114756,682,2021-11
2021-10,baseline,5,0.12468465133481486,682,2021-11
2021-10,information,1,0.10858343285310199,45,2021-11
2021-10,information,2,0.14731303279226116,46,2021-11
2021-10,information,3,0.0979981539534946,45,2021-11
2021-10,information,4,0.12882910077970489,46,2021-11
2021-10,information,5,0.10598669830839666,46,2021-11
2021-11,attention,1,0.026400600892254773,118,2021-12
2021-11,attention,2,0.05699934492835946,118,2021-12
2021-11,attention,3,0.050248738735111674,119,2021-12
2021-11,attention,4,0.054742796997327654,118,2021-12
2021-11,attention,5,0.013883564392929855,119,2021-12
2021-11,baseline,1,0.007244569037393617,646,2021-12
2021-11,baseline,2,0.057947220863244275,646,2021-12
2021-11,baseline,3,0.0465547200975624,646,2021-12
2021-11,baseline,4,0.04600258096558534,646,2021-12
2021-11,baseline,5,0.02658677427487302,646,2021-12
2021-11,information,1,0.048959638018370395,12,2021-12
2021-11,information,2,0.08867183433250865,12,2021-12
2021-11,information,3,0.05544894149838198,12,2021-12
2021-11,information,4,0.06063597284663775,12,2021-12
2021-11,information,5,0.09162542776527255,13,2021-12
2021-12,attention,1,-0.08997335167030018,150,2022-01
2021-12,attention,2,-0.06332948909664217,151,2022-01
2021-12,attention,3,-0.06855688472441478,150,2022-01
2021-12,attention,4,-0.07512928376289417,151,2022-01
2021-12,attention,5,-0.09169465350769901,151,2022-01
2021-12,baseline,1,-0.11263132854983907,637,2022-01
2021-12,baseline,2,-0.09708634045823633,637,2022-01
2021-12,baseline,3,-0.08216701198817476,637,2022-01
2021-12,baseline,4,-0.08779755244736498,637,2022-01
2021-12,baseline,5,-0.08908962879902964,638,2022-01
2021-12,information,5,0.04088586030664376,1,2022-01
2022-01,attention,1,0.051163226669078674,117,2022-02
2022-01,attention,2,0.03986580764045917,118,2022-02
2022-01,attention,3,0.06802800998223736,118,2022-02
2022-01,attention,4,0.02337597251593013,118,2022-02
2022-01,attention,5,0.052039364819409524,118,2022-02
2022-01,baseline,1,0.04696234134984845,661,2022-02
2022-01,baseline,2,0.04651459820412803,661,2022-02
2022-01,baseline,3,0.04878637695752778,661,2022-02
2022-01,baseline,4,0.05137595054423178,661,2022-02
2022-01,baseline,5,0.05401163465118435,662,2022-02
2022-01,information,1,0.03187667800741347,15,2022-02
2022-01,information,2,0.03420980076309388,15,2022-02
2022-01,information,3,0.009939181615721953,15,2022-02
2022-01,information,4,0.0376119061419108,15,2022-02
2022-01,information,5,0.07114816455297492,16,2022-02
2022-02,attention,1,-0.017768687354502228,69,2022-03
2022-02,attention,2,-0.040969460816904835,69,2022-03
2022-02,attention,3,-0.012129104719374237,69,2022-03
2022-02,attention,4,-0.030549581199923265,69,2022-03
2022-02,attention,5,-0.06487074941939971,70,2022-03
2022-02,baseline,1,-0.029063462234071878,721,2022-03
2022-02,baseline,2,-0.05517254062171976,721,2022-03
2022-02,baseline,3,-0.053867642055574524,721,2022-03
2022-02,baseline,4,-0.049658907068481466,721,2022-03
2022-02,baseline,5,-0.0662734575404746,721,2022-03
2022-02,information,1,-0.006967611037600142,9,2022-03
2022-02,information,2,0.11948122284564847,10,2022-03
2022-02,information,3,-0.07815057685303892,9,2022-03
2022-02,information,4,0.06442877663340067,10,2022-03
2022-02,information,5,-0.0908435039706817,10,2022-03
2022-03,attention,1,-0.18769175904508303,94,2022-04
2022-03,attention,2,-0.14487449087560836,95,2022-04
2022-03,attention,3,-0.12338365502185857,95,2022-04
2022-03,attention,4,-0.13773196647253474,95,2022-04
2022-03,attention,5,-0.1576158744519672,95,2022-04
2022-03,baseline,1,-0.17929349998840424,701,2022-04
2022-03,baseline,2,-0.13726334407683435,701,2022-04
2022-03,baseline,3,-0.13389150559002644,702,2022-04
2022-03,baseline,4,-0.1396840300265859,701,2022-04
2022-03,baseline,5,-0.15959610301184166,702,2022-04
2022-03,information,1,-0.14594657718659088,12,2022-04
2022-03,information,2,-0.11265728285344927,12,2022-04
2022-03,information,3,-0.10466969747992179,12,2022-04
2022-03,information,4,-0.03336247828428224,12,2022-04
2022-03,information,5,-0.06305658282148996,12,2022-04
2022-04,attention,1,0.08579517426795996,78,2022-05
2022-04,attention,2,0.06187189958920118,79,2022-05
2022-04,attention,3,0.11995173258231456,78,2022-05
2022-04,attention,4,0.07402539654652868,79,2022-05
2022-04,attention,5,0.06850486676723995,79,2022-05
2022-04,baseline,1,0.10377461475589646,667,2022-05
2022-04,baseline,2,0.1164781399762806,667,2022-05
2022-04,baseline,3,0.11967844018005955,668,2022-05
2022-04,baseline,4,0.11399219048098506,667,2022-05
2022-04,baseline,5,0.11723515955564226,667,2022-05
2022-04,information,1,0.05143230949348267,75,2022-05
2022-04,information,2,0.07418199673846278,75,2022-05
2022-04,information,3,0.08075667023012119,75,2022-05
2022-04,information,4,0.08654011772437499,75,2022-05
2022-04,information,5,0.10743815148612396,75,2022-05
2022-05,attention,1,0.051763068750319746,58,2022-06
2022-05,attention,2,0.08072942064971941,58,2022-06
2022-05,attention,3,0.07167447210770542,59,2022-06
2022-05,attention,4,0.06763191301421509,58,2022-06
2022-05,attention,5,0.0779770388880448,59,2022-06
2022-05,baseline,1,0.05913553997105249,754,2022-06
2022-05,baseline,2,0.0827998754105958,755,2022-06
2022-05,baseline,3,0.0865872043445151,754,2022-06
2022-05,baseline,4,0.09360228590404146,754,2022-06
2022-05,baseline,5,0.09726547877669461,752,2022-06
2022-05,information,1,0.029253045119604772,14,2022-06
2022-05,information,2,0.05866590502171339,14,2022-06
2022-05,information,3,0.13476263355603546,14,2022-06
2022-05,information,4,0.03726421665484635,14,2022-06
2022-05,information,5,0.08611827798687037,15,2022-06
2022-06,attention,1,0.03693294038847614,103,2022-07
2022-06,attention,2,0.051259154154208016,103,2022-07
2022-06,attention,3,0.01173298913460499,103,2022-07
2022-06,attention,4,0.03192335467044616,103,2022-07
2022-06,attention,5,0.05197427749061464,103,2022-07
2022-06,baseline,1,0.018551829662333236,710,2022-07
2022-06,baseline,2,0.020956616708760197,725,2022-07
2022-06,baseline,3,0.01760916629549089,728,2022-07
2022-06,baseline,4,0.034646349583321835,726,2022-07
2022-06,baseline,5,0.049295201933362086,721,2022-07
2022-06,information,1,-0.03319634894449421,11,2022-07
2022-06,information,2,0.013846809523246108,11,2022-07
2022-06,information,3,-0.014022764052127535,11,2022-07
2022-06,information,4,0.04018538196411934,11,2022-07
2022-06,information,5,0.05853824617284584,11,2022-07
2022-07,attention,1,-0.07505021414379506,93,2022-08
2022-07,attention,2,-0.04609437051417527,94,2022-08
2022-07,attention,3,-0.03838377877267397,93,2022-08
2022-07,attention,4,-0.0417381478464661,94,2022-08
2022-07,attention,5,-0.04011195139890886,94,2022-08
2022-07,baseline,1,-0.05604601992998771,730,2022-08
2022-07,baseline,2,-0.030334042694116936,732,2022-08
2022-07,baseline,3,-0.013738528574721865,731,2022-08
2022-07,baseline,4,-0.019312980290920607,732,2022-08
2022-07,baseline,5,-0.028121645977552696,732,2022-08
2022-07,information,1,-0.03440923293573407,19,2022-08
2022-07,information,2,-0.0026325526471906334,20,2022-08
2022-07,information,3,-0.05133459133158265,19,2022-08
2022-07,information,4,-0.016214885660480384,20,2022-08
2022-07,information,5,-0.07374946185104911,20,2022-08
2022-08,attention,1,-0.1160828760604755,101,2022-09
2022-08,attention,2,-0.09489979144354214,101,2022-09
2022-08,attention,3,-0.07483872161234306,102,2022-09
2022-08,attention,4,-0.094660400216907,101,2022-09
2022-08,attention,5,-0.08216851127666178,102,2022-09
2022-08,baseline,1,-0.09596244720455847,710,2022-09
2022-08,baseline,2,-0.08869153360482539,711,2022-09
2022-08,baseline,3,-0.083402275938393,711,2022-09
2022-08,baseline,4,-0.08322323547741868,711,2022-09
2022-08,baseline,5,-0.08391857170196622,711,2022-09
2022-08,information,1,-0.10047379295834763,41,2022-09
2022-08,information,2,-0.08280060980956565,42,2022-09
2022-08,information,3,-0.07378069253423224,42,2022-09
2022-08,information,4,-0.08130947251172993,42,2022-09
2022-08,information,5,-0.06892339788066258,42,2022-09
2022-09,attention,1,-0.015313046863571312,58,2022-10
2022-09,attention,2,0.03296563759707624,59,2022-10
2022-09,attention,3,0.035334436963194334,59,2022-10
2022-09,attention,4,0.05827436768494546,59,2022-10
2022-09,attention,5,0.06380538376303789,59,2022-10
2022-09,baseline,1,0.012859241086956482,802,2022-10
2022-09,baseline,2,0.02958355178005294,802,2022-10
2022-09,baseline,3,0.041744824749880644,802,2022-10
2022-09,baseline,4,0.04452438464823652,802,2022-10
2022-09,baseline,5,0.051216699576388615,802,2022-10
2022-09,information,1,0.0,1,2022-10
2022-09,information,2,-0.04155748949358723,2,2022-10
2022-09,information,3,0.08903805837768097,2,2022-10
2022-09,information,4,-0.05315053281126858,2,2022-10
2022-09,information,5,0.08346961422772536,2,2022-10
2022-10,attention,1,-0.003772933668334814,58,2022-11
2022-10,attention,2,0.029921535325521713,58,2022-11
2022-10,attention,3,0.05928562730158494,58,2022-11
2022-10,attention,4,0.012982836025113525,58,2022-11
2022-10,attention,5,0.033978584781082774,58,2022-11
2022-10,baseline,1,0.09034589278971088,759,2022-11
2022-10,baseline,2,0.0935194636775066,760,2022-11
2022-10,baseline,3,0.09278138818226017,759,2022-11
2022-10,baseline,4,0.08429955159222283,760,2022-11
2022-10,baseline,5,0.06995400748525406,760,2022-11
2022-10,information,1,0.02200816730229776,51,2022-11
2022-10,information,2,0.08981036649080495,51,2022-11
2022-10,information,3,0.053675712123767046,52,2022-11
2022-10,information,4,0.04612127208618362,51,2022-11
2022-10,information,5,0.027054454685818054,52,2022-11
2022-11,attention,1,-0.05833538511027063,132,2022-12
2022-11,attention,2,-0.0169693767026714,133,2022-12
2022-11,attention,3,-0.03538905205441194,132,2022-12
2022-11,attention,4,-0.042582666020436505,133,2022-12
2022-11,attention,5,-0.053799691555735975,133,2022-12
2022-11,baseline,1,-0.036081688708873794,741,2022-12
2022-11,baseline,2,-0.03288988313211292,742,2022-12
2022-11,baseline,3,-0.030128261634074806,741,2022-12
2022-11,baseline,4,-0.03917698762825734,742,2022-12
2022-11,baseline,5,-0.04789531818046635,742,2022-12
2022-11,information,1,0.034401210312267616,2,2022-12
2022-11,information,2,0.2554542623368534,2,2022-12
2022-11,information,3,-0.03715496450021616,2,2022-12
2022-11,information,4,0.07292838632197707,2,2022-12
2022-11,information,5,-0.0027569651232684325,3,2022-12
2022-12,attention,1,0.038289567186274326,110,2023-01
2022-12,attention,2,0.07126850351337433,110,2023-01
2022-12,attention,3,0.06437774497014545,110,2023-01
2022-12,attention,4,0.05206949183268024,110,2023-01
2022-12,attention,5,0.05022881023156047,110,2023-01
2022-12,baseline,1,0.06647862329332818,774,2023-01
2022-12,baseline,2,0.08701870153838276,775,2023-01
2022-12,baseline,3,0.09061695742618622,774,2023-01
2022-12,baseline,4,0.09101231899603254,775,2023-01
2022-12,baseline,5,0.08331750160121726,775,2023-01
2022-12,information,2,0.10495626822157433,1,2023-01
2022-12,information,4,0.07687074829931984,1,2023-01
2022-12,information,5,0.09864036256998143,1,2023-01
2023-01,attention,1,0.025026820017777295,60,2023-02
2023-01,attention,2,0.04574672962002585,61,2023-02
2023-01,attention,3,0.03416033516556716,61,2023-02
2023-01,attention,4,0.03479357914939867,61,2023-02
2023-01,attention,5,0.019244731269830485,61,2023-02
2023-01,baseline,1,0.021852320089456444,814,2023-02
2023-01,baseline,2,0.043966517055050225,814,2023-02
2023-01,baseline,3,0.03536036623246306,815,2023-02
2023-01,baseline,4,0.03847684471002355,814,2023-02
2023-01,baseline,5,0.033057699956399574,815,2023-02
2023-01,information,1,0.008076406407609107,16,2023-02
2023-01,information,2,0.08608830883992402,16,2023-02
2023-01,information,3,0.021940652220310317,16,2023-02
2023-01,information,4,0.05454655407042905,16,2023-02
2023-01,information,5,0.02465039559134322,17,2023-02
2023-02,attention,1,0.03371882778011177,130,2023-03
2023-02,attention,2,0.06134219940697808,130,2023-03
2023-02,attention,3,0.028967592145964585,131,2023-03
2023-02,attention,4,0.013449616974860594,130,2023-03
2023-02,attention,5,0.04292986877545303,131,2023-03
2023-02,baseline,1,-0.02431789967832983,758,2023-03
2023-02,baseline,2,-0.018102614865830015,758,2023-03
2023-02,baseline,3,-0.015354548152611914,759,2023-03
2023-02,baseline,4,-0.023472328573992243,758,2023-03
2023-02,baseline,5,-0.019249726153761238,759,2023-03
2023-02,information,1,0.002887012858189908,5,2023-03
2023-02,information,2,0.026680104978393532,6,2023-03
2023-02,information,3,-0.02706066235822453,5,2023-03
2023-02,information,4,0.03551159114633987,6,2023-03
2023-02,information,5,-0.03385535903414496,6,2023-03
2023-03,attention,1,-0.019898331344399525,165,2023-04
2023-03,attention,2,0.019669201053685283,165,2023-04
2023-03,attention,3,-0.006755492629631572,166,2023-04
2023-03,attention,4,-0.008635531702401923,165,2023-04
2023-03,attention,5,-0.005020368695815826,166,2023-04
2023-03,baseline,1,-0.04333476266413006,725,2023-04
2023-03,baseline,2,-0.03825862103795756,725,2023-04
2023-03,baseline,3,-0.03345575483805442,725,2023-04
2023-03,baseline,4,-0.026139968960362952,725,2023-04
2023-03,baseline,5,-0.027972657546128956,725,2023-04
2023-03,information,1,0.016091879104532834,11,2023-04
2023-03,information,2,0.01940276900628244,11,2023-04
2023-03,information,3,0.08581357377733533,11,2023-04
2023-03,information,4,0.08077394024788481,11,2023-04
2023-03,information,5,-0.033317193154343755,11,2023-04
2023-04,attention,1,0.010579035217205912,136,2023-05
2023-04,attention,2,0.010646556334966454,137,2023-05
2023-04,attention,3,0.005034202758929354,136,2023-05
2023-04,attention,4,-0.0008527799461526029,137,2023-05
2023-04,attention,5,0.015147635945792248,137,2023-05
2023-04,baseline,1,-0.00667436135028544,698,2023-05
2023-04,baseline,2,-0.009094395042164128,698,2023-05
2023-04,baseline,3,-0.0012607665641804248,698,2023-05
2023-04,baseline,4,2.15987171416995e-05,699,2023-05
2023-04,baseline,5,0.009833094198240992,699,2023-05
2023-04,information,1,0.02290982679892919,73,2023-05
2023-04,information,2,-0.003873900096346844,74,2023-05
2023-04,information,3,0.00589216832112798,74,2023-05
2023-04,information,4,0.011683459302994782,74,2023-05
2023-04,information,5,0.009822272763464196,74,2023-05
2023-05,attention,1,0.03649986057411545,115,2023-06
2023-05,attention,2,0.040148908739554075,115,2023-06
2023-05,attention,3,0.03351011669511285,116,2023-06
2023-05,attention,4,0.031609430747557114,115,2023-06
2023-05,attention,5,0.016812387492791833,116,2023-06
2023-05,baseline,1,0.016542617082972867,755,2023-06
2023-05,baseline,2,0.02494380765598851,757,2023-06
2023-05,baseline,3,0.020293535786658948,755,2023-06
2023-05,baseline,4,0.02915973252401816,757,2023-06
2023-05,baseline,5,0.030737792026671793,757,2023-06
2023-05,information,1,0.025188149598417302,31,2023-06
2023-05,information,2,0.00373938081897714,32,2023-06
2023-05,information,3,0.032422526511961654,31,2023-06
2023-05,information,4,0.021515658487726592,32,2023-06
2023-05,information,5,0.041160837658964416,32,2023-06
2023-06,attention,1,-0.03385249287337849,121,2023-07
2023-06,attention,2,0.009925562213300477,122,2023-07
2023-06,attention,3,0.010836588431926914,122,2023-07
2023-06,attention,4,-0.007381856018456258,122,2023-07
2023-06,attention,5,-0.03760582909626795,122,2023-07
2023-06,baseline,1,-0.022043424337760652,766,2023-07
2023-06,baseline,2,0.02677163749592125,770,2023-07
2023-06,baseline,3,0.029546825610068658,769,2023-07
2023-06,baseline,4,0.034591169931564886,770,2023-07
2023-06,baseline,5,0.016385345147398464,769,2023-07
2023-06,information,1,-0.01864687858726283,21,2023-07
2023-06,information,2,-0.017457318690352715,22,2023-07
2023-06,information,3,0.01121914940018995,22,2023-07
2023-06,information,4,0.04502677010475971,22,2023-07
2023-06,information,5,-0.02576423219992936,22,2023-07
2023-07,attention,1,-0.0046781426185395015,141,2023-08
2023-07,attention,2,-0.039374256510543576,142,2023-08
2023-07,attention,3,-0.05410186951994662,141,2023-08
2023-07,attention,4,-0.05156528725446503,142,2023-08
2023-07,attention,5,-0.050180629714673054,142,2023-08
2023-07,baseline,1,-0.04717824822591425,753,2023-08
2023-07,baseline,2,-0.04940426528968047,752,2023-08
2023-07,baseline,3,-0.04859527243122222,755,2023-08
2023-07,baseline,4,-0.04116407132228077,757,2023-08
2023-07,baseline,5,-0.03663361643603438,753,2023-08
2023-07,information,1,0.016601587291377565,19,2023-08
2023-07,information,2,-0.04411801396232436,20,2023-08
2023-07,information,3,-0.016177985759919626,20,2023-08
2023-07,information,4,-0.04529077701579206,20,2023-08
2023-07,information,5,-0.033740131173526054,20,2023-08
2023-08,attention,1,-0.056044488064025136,110,2023-09
2023-08,attention,2,-0.014576479273638485,110,2023-09
2023-08,attention,3,0.019546809882222974,110,2023-09
2023-08,attention,4,0.005767490282993295,110,2023-09
2023-08,attention,5,0.0053192545397894656,111,2023-09
2023-08,baseline,1,-0.012806982655635178,754,2023-09
2023-08,baseline,2,0.0031280310115166794,754,2023-09
2023-08,baseline,3,0.009292457280776548,754,2023-09
2023-08,baseline,4,-0.0005560019377397602,754,2023-09
2023-08,baseline,5,0.007996841015331203,755,2023-09
2023-08,information,1,-0.008408792381897163,60,2023-09
2023-08,information,2,0.006630165426508716,60,2023-09
2023-08,information,3,0.02214299390912779,61,2023-09
2023-08,information,4,0.012752768456778694,60,2023-09
2023-08,information,5,0.027194467256095613,61,2023-09
2023-09,attention,1,0.01939190806525646,108,2023-10
2023-09,attention,2,0.012199980657495375,109,2023-10
2023-09,attention,3,0.04265025134403035,109,2023-10
2023-09,attention,4,0.017595650954531257,109,2023-10
2023-09,attention,5,-0.0011578378522441829,109,2023-10
2023-09,baseline,1,-0.01324904955699213,818,2023-10
2023-09,baseline,2,-0.013889645938121328,818,2023-10
2023-09,baseline,3,-0.007873752162889613,818,2023-10
2023-09,baseline,4,-0.016785001935175098,818,2023-10
2023-09,baseline,5,-0.0032841111576989305,819,2023-10
2023-09,information,1,-0.01859944118414647,5,2023-10
2023-09,information,2,0.06806661859116289,5,2023-10
2023-09,information,3,-0.007188734158874577,5,2023-10
2023-09,information,4,-0.02894443580759436,5,2023-10
2023-09,information,5,-0.03435390610756741,6,2023-10
2023-10,attention,1,0.03449846623046891,100,2023-11
2023-10,attention,2,0.023148315187800944,100,2023-11
2023-10,attention,3,0.026483246467838294,101,2023-11
2023-10,attention,4,0.052003153144456096,100,2023-11
2023-10,attention,5,0.033039721568330654,101,2023-11
2023-10,baseline,1,0.042062804180529434,756,2023-11
2023-10,baseline,2,0.03894978286417236,757,2023-11
2023-10,baseline,3,0.03475985566360217,756,2023-11
2023-10,baseline,4,0.03129896689894388,757,2023-11
2023-10,baseline,5,0.041152007078933024,757,2023-11
2023-10,information,1,0.03519094366859682,81,2023-11
2023-10,information,2,0.034376554719094024,81,2023-11
2023-10,information,3,0.031136220145805988,82,2023-11
2023-10,information,4,0.020652670909652383,81,2023-11
2023-10,information,5,0.015860824009176412,82,2023-11
2023-11,attention,1,-0.02394971635802391,148,2023-12
2023-11,attention,2,-0.028015488351609146,149,2023-12
2023-11,attention,3,-0.029434033867001358,149,2023-12
2023-11,attention,4,-0.02150346714985853,149,2023-12
2023-11,attention,5,-0.0355137494114189,149,2023-12
2023-11,baseline,1,-0.021300830763716527,792,2023-12
2023-11,baseline,2,-0.02058433591745186,792,2023-12
2023-11,baseline,3,-0.019853121433979458,792,2023-12
2023-11,baseline,4,-0.01599517173754787,792,2023-12
2023-11,baseline,5,-0.01769610451568046,793,2023-12
2023-11,information,1,-0.06662072082250597,2,2023-12
2023-11,information,2,0.09130329064678233,2,2023-12
2023-11,information,3,-0.009269330341046786,3,2023-12
2023-11,information,4,-0.028901668820080106,2,2023-12
2023-11,information,5,-0.05337007627015881,3,2023-12
2023-12,attention,1,-0.21012599579240754,132,2024-01
2023-12,attention,2,-0.1691146459640879,132,2024-01
2023-12,attention,3,-0.1727493846683379,132,2024-01
2023-12,attention,4,-0.18513682229095973,132,2024-01
2023-12,attention,5,-0.184774260992023,132,2024-01
2023-12,baseline,1,-0.20439691735443188,815,2024-01
2023-12,baseline,2,-0.17002156356795203,816,2024-01
2023-12,baseline,3,-0.16260801297691072,815,2024-01
2023-12,baseline,4,-0.1699914940700674,816,2024-01
2023-12,baseline,5,-0.21331795836510387,816,2024-01
2023-12,information,2,-0.19216417910447758,1,2024-01
2023-12,information,3,-0.21906802356722022,1,2024-01
2023-12,information,4,0.0253623188405796,1,2024-01
2023-12,information,5,-0.07928388746803061,1,2024-01
2024-01,attention,1,0.04737094858602477,131,2024-02
2024-01,attention,2,0.04924187074117674,131,2024-02
2024-01,attention,3,0.037422104294743484,132,2024-02
2024-01,attention,4,0.03511480306823089,131,2024-02
2024-01,attention,5,-0.00562670545904096,132,2024-02
2024-01,baseline,1,0.08350362417046532,773,2024-02
2024-01,baseline,2,0.0855590711304407,773,2024-02
2024-01,baseline,3,0.07285535189279707,773,2024-02
2024-01,baseline,4,0.05935702243724291,773,2024-02
2024-01,baseline,5,0.019613457500383347,774,2024-02
2024-01,information,1,0.06643682459634112,45,2024-02
2024-01,information,2,0.059334113007736354,45,2024-02
2024-01,information,3,0.07689628014354648,46,2024-02
2024-01,information,4,0.08123798342544751,45,2024-02
2024-01,information,5,0.04117542198228089,46,2024-02
2024-02,attention,1,0.0405686234320467,315,2024-03
2024-02,attention,2,0.022678021560136444,315,2024-03
2024-02,attention,3,0.02307445259649589,316,2024-03
2024-02,attention,4,0.024685009703687723,315,2024-03
2024-02,attention,5,0.03979304214521116,316,2024-03
2024-02,baseline,1,0.05611786381255215,620,2024-03
2024-02,baseline,2,0.056039014923343795,621,2024-03
2024-02,baseline,3,0.05426093927328283,621,2024-03
2024-02,baseline,4,0.05051837012075854,621,2024-03
2024-02,baseline,5,0.06767740451910267,621,2024-03
2024-02,information,1,0.032833224374460006,16,2024-03
2024-02,information,2,0.05924065483747751,17,2024-03
2024-02,information,3,0.028631014727692805,16,2024-03
2024-02,information,4,0.013961382699227812,17,2024-03
2024-02,information,5,0.040643562475003746,17,2024-03
2024-03,attention,1,-0.06797320066564518,180,2024-04
2024-03,attention,2,-0.02939058657414708,180,2024-04
2024-03,attention,3,0.009745237391308413,181,2024-04
2024-03,attention,4,-0.009912069817746312,180,2024-04
2024-03,attention,5,-0.0156953435526862,181,2024-04
2024-03,baseline,1,-0.05561717436632079,763,2024-04
2024-03,baseline,2,-0.007711818673694342,763,2024-04
2024-03,baseline,3,0.002652009273352629,764,2024-04
2024-03,baseline,4,0.004013876717832965,763,2024-04
2024-03,baseline,5,-0.014367270447721323,764,2024-04
2024-03,information,1,0.03340756035146165,14,2024-04
2024-03,information,2,0.05064252223414227,14,2024-04
2024-03,information,3,0.020608816442265167,14,2024-04
2024-03,information,4,0.02522064070266905,14,2024-04
2024-03,information,5,0.04768013538562315,14,2024-04
2024-04,attention,1,-0.021806245470457224,128,2024-05
2024-04,attention,2,0.010398506093280618,129,2024-05
2024-04,attention,3,-0.005014116678085563,129,2024-05
2024-04,attention,4,0.0015017878207994107,129,2024-05
2024-04,attention,5,0.008059442128057544,129,2024-05
2024-04,baseline,1,-0.03469878943958857,698,2024-05
2024-04,baseline,2,-0.027110083031338574,699,2024-05
2024-04,baseline,3,-0.02015057681883388,700,2024-05
2024-04,baseline,4,-0.012103983019794522,698,2024-05
2024-04,baseline,5,-0.007886910187928248,700,2024-05
2024-04,information,1,0.0033523209945089684,134,2024-05
2024-04,information,2,-0.006650987200777543,135,2024-05
2024-04,information,3,-0.0042903064524163715,135,2024-05
2024-04,information,4,0.011929560627103363,135,2024-05
2024-04,information,5,0.011915468453250474,135,2024-05
2024-05,attention,1,-0.09314375379093187,141,2024-06
2024-05,attention,2,-0.0851728999263343,141,2024-06
2024-05,attention,3,-0.07529099748362932,142,2024-06
2024-05,attention,4,-0.09347698904145581,141,2024-06
2024-05,attention,5,-0.0876819521639868,142,2024-06
2024-05,baseline,1,-0.08730413576889248,790,2024-06
2024-05,baseline,2,-0.08485022301148851,790,2024-06
2024-05,baseline,3,-0.07033224728587865,790,2024-06
2024-05,baseline,4,-0.08603748769890947,790,2024-06
2024-05,baseline,5,-0.08528148494398895,791,2024-06
2024-05,information,1,-0.08974735645728567,23,2024-06
2024-05,information,2,-0.08803592328338576,24,2024-06
2024-05,information,3,-0.07096225458482701,23,2024-06
2024-05,information,4,-0.08912155475304362,24,2024-06
2024-05,information,5,-0.10017314469262499,24,2024-06
2024-06,attention,1,-0.0019149906997845449,85,2024-07
2024-06,attention,2,-0.01859434795168201,85,2024-07
2024-06,attention,3,-0.014684468338203808,85,2024-07
2024-06,attention,4,-0.00397803783888836,85,2024-07
2024-06,attention,5,0.010209489685221432,85,2024-07
2024-06,baseline,1,0.003546096023520451,850,2024-07
2024-06,baseline,2,0.005671736241738783,852,2024-07
2024-06,baseline,3,0.005778233772020411,852,2024-07
2024-06,baseline,4,0.013398854294619851,851,2024-07
2024-06,baseline,5,0.008218948042212886,852,2024-07
2024-06,information,1,-0.008987254895837531,28,2024-07
2024-06,information,2,-0.027101000344346846,28,2024-07
2024-06,information,3,0.008937123344572109,28,2024-07
2024-06,information,4,-0.015798292183762403,28,2024-07
2024-06,information,5,-0.009372535038396024,28,2024-07
2024-07,attention,1,-0.0713455003079266,84,2024-08
2024-07,attention,2,-0.03426973715673839,85,2024-08
2024-07,attention,3,-0.04809839285879525,84,2024-08
2024-07,attention,4,-0.053327533499788776,85,2024-08
2024-07,attention,5,-0.05948493121381998,85,2024-08
2024-07,baseline,1,-0.04969346968382737,849,2024-08
2024-07,baseline,2,-0.04130349358999086,852,2024-08
2024-07,baseline,3,-0.03127874084290457,851,2024-08
2024-07,baseline,4,-0.03473360500740399,852,2024-08
2024-07,baseline,5,-0.023725284378404016,850,2024-08
2024-07,information,1,-0.04955171840957949,36,2024-08
2024-07,information,2,-0.052767141612903794,36,2024-08
2024-07,information,3,-0.04258370952480102,36,2024-08
2024-07,information,4,-0.009651843022922426,36,2024-08
2024-07,information,5,-0.017100747318456875,36,2024-08
2024-08,attention,1,0.2794370587953171,96,2024-09
2024-08,attention,2,0.2626327667174653,97,2024-09
2024-08,attention,3,0.2679181458518726,96,2024-09
2024-08,attention,4,0.23057598451321693,97,2024-09
2024-08,attention,5,0.2269626938515137,97,2024-09
2024-08,baseline,1,0.23961698973356776,832,2024-09
2024-08,baseline,2,0.24205426607059025,833,2024-09
2024-08,baseline,3,0.22445012574208997,833,2024-09
2024-08,baseline,4,0.22555691103071257,833,2024-09
2024-08,baseline,5,0.22400262716774902,833,2024-09
2024-08,information,1,0.26456328040640026,46,2024-09
2024-08,information,2,0.2445549392539012,47,2024-09
2024-08,information,3,0.2355030099162662,46,2024-09
2024-08,information,4,0.2161693909830525,47,2024-09
2024-08,information,5,0.2636805809615215,47,2024-09
2024-09,attention,1,0.1167096712825559,195,2024-10
2024-09,attention,2,0.07415602754600668,196,2024-10
2024-09,attention,3,0.05965421514399962,196,2024-10
2024-09,attention,4,0.045790943625894504,196,2024-10
2024-09,attention,5,0.06273154694841583,196,2024-10
2024-09,baseline,1,0.10295273472512824,767,2024-10
2024-09,baseline,2,0.05643282674781419,767,2024-10
2024-09,baseline,3,0.056921633053805,767,2024-10
2024-09,baseline,4,0.062133681836177804,767,2024-10
2024-09,baseline,5,0.07321174972164349,767,2024-10
2024-09,information,1,0.03054555068865376,15,2024-10
2024-09,information,2,0.04899373340800282,16,2024-10
2024-09,information,3,0.042585253016539634,16,2024-10
2024-09,information,4,0.0120563864508473,16,2024-10
2024-09,information,5,0.01351963321479932,16,2024-10
2024-10,attention,1,0.020597673118969803,328,2024-11
2024-10,attention,2,0.04542713787894226,329,2024-11
2024-10,attention,3,0.036621353308535616,328,2024-11
2024-10,attention,4,0.04996943796462629,329,2024-11
2024-10,attention,5,0.04793223876203467,329,2024-11
2024-10,baseline,1,0.025976486411700722,594,2024-11
2024-10,baseline,2,0.06066665004380832,594,2024-11
2024-10,baseline,3,0.05986796401190507,594,2024-11
2024-10,baseline,4,0.06652415295866287,594,2024-11
2024-10,baseline,5,0.04117541176082693,594,2024-11
2024-10,information,1,0.016428101334518993,57,2024-11
2024-10,information,2,0.022716082119794923,58,2024-11
2024-10,information,3,0.04437628630632049,57,2024-11
2024-10,information,4,0.023181445789601993,58,2024-11
2024-10,information,5,0.03436299583072024,58,2024-11
2024-11,attention,1,-0.06098232051662084,250,2024-12
2024-11,attention,2,-0.0380107822881019,251,2024-12
2024-11,attention,3,-0.03592110221381779,250,2024-12
2024-11,attention,4,-0.032478153120999595,251,2024-12
2024-11,attention,5,-0.06597916938765552,251,2024-12
2024-11,baseline,1,-0.07208437469030343,715,2024-12
2024-11,baseline,2,-0.037853129152702544,716,2024-12
2024-11,baseline,3,-0.029204027436391625,716,2024-12
2024-11,baseline,4,-0.028613055240792225,716,2024-12
2024-11,baseline,5,-0.04850767566820094,716,2024-12
2024-11,information,1,-0.06484404230689457,15,2024-12
2024-11,information,2,0.013898345371104332,15,2024-12
2024-11,information,3,-0.0063680295619495215,15,2024-12
2024-11,information,4,-0.018899060879965505,15,2024-12
2024-11,information,5,-0.09191396294544678,15,2024-12
2024-12,attention,1,-0.021865898699423646,135,2025-01
2024-12,attention,2,-0.007571390556461615,136,2025-01
2024-12,attention,3,0.005701750695421896,135,2025-01
2024-12,attention,4,-0.00842655840655218,136,2025-01
2024-12,attention,5,0.004842591345907149,136,2025-01
2024-12,baseline,1,-0.02740061729044314,843,2025-01
2024-12,baseline,2,-0.019772862656243242,844,2025-01
2024-12,baseline,3,-0.011188393890948903,843,2025-01
2024-12,baseline,4,-0.01743451973706703,844,2025-01
2024-12,baseline,5,-0.011015761619706325,844,2025-01
2024-12,information,1,-0.05732923814125873,4,2025-01
2024-12,information,2,0.05664190175675408,5,2025-01
2024-12,information,3,-0.03820925597609964,4,2025-01
2024-12,information,4,-0.039830665867331486,5,2025-01
2024-12,information,5,-0.03665897935598776,5,2025-01
2025-01,attention,1,0.13506306244064378,45,2025-02
2025-01,attention,2,0.07563947507489385,45,2025-02
2025-01,attention,3,0.05608025523997095,45,2025-02
2025-01,attention,4,0.05987109235968731,45,2025-02
2025-01,attention,5,0.11177991089740769,46,2025-02
2025-01,baseline,1,0.0985141105612271,920,2025-02
2025-01,baseline,2,0.0739636880241102,920,2025-02
2025-01,baseline,3,0.062397541427240466,919,2025-02
2025-01,baseline,4,0.06035962014781591,920,2025-02
2025-01,baseline,5,0.08673074418883685,921,2025-02
2025-01,information,1,0.09777873098919887,19,2025-02
2025-01,information,2,0.054671638570971445,20,2025-02
2025-01,information,3,0.10891093461663968,19,2025-02
2025-01,information,4,0.06652358331965044,20,2025-02
2025-01,information,5,0.05421758673740353,20,2025-02
2025-02,attention,1,0.002958389362857542,138,2025-03
2025-02,attention,2,0.009239231318568944,138,2025-03
2025-02,attention,3,0.0008880307371255412,138,2025-03
2025-02,attention,4,0.02663097783714037,138,2025-03
2025-02,attention,5,-0.030956688483416598,139,2025-03
2025-02,baseline,1,-0.027851709649496525,839,2025-03
2025-02,baseline,2,0.008477172301687222,839,2025-03
2025-02,baseline,3,0.015293730968756978,839,2025-03
2025-02,baseline,4,0.011761541746760699,838,2025-03
2025-02,baseline,5,-0.003237402792221216,839,2025-03
2025-02,information,1,0.024900169775448313,9,2025-03
2025-02,information,2,0.02344793908582225,9,2025-03
2025-02,information,3,-0.006610995349704095,9,2025-03
2025-02,information,4,-0.03386513260244544,9,2025-03
2025-02,information,5,-0.01654494965276089,9,2025-03
2025-03,attention,1,-0.03345267154294146,162,2025-04
2025-03,attention,2,-0.03194446721614008,162,2025-04
2025-03,attention,3,-0.03801464294926457,162,2025-04
2025-03,attention,4,-0.01695171418737342,162,2025-04
2025-03,attention,5,-0.011883361349751112,162,2025-04
2025-03,baseline,1,-0.0399219476495719,813,2025-04
2025-03,baseline,2,-0.027943343328922846,814,2025-04
2025-03,baseline,3,-0.025146125441646745,813,2025-04
2025-03,baseline,4,-0.011382291841157207,814,2025-04
2025-03,baseline,5,-0.01844462579237872,814,2025-04
2025-03,information,1,-0.046952173539736644,11,2025-04
2025-03,information,2,-0.03502971184338846,11,2025-04
2025-03,information,3,-0.05170386949724078,12,2025-04
2025-03,information,4,-0.04730841413776636,11,2025-04
2025-03,information,5,0.017843058714178506,12,2025-04
2025-04,attention,1,0.06324469950902882,112,2025-05
2025-04,attention,2,0.061820979379866234,113,2025-05
2025-04,attention,3,0.075458226837399,113,2025-05
2025-04,attention,4,0.05040620741423818,113,2025-05
2025-04,attention,5,0.05629551386620514,113,2025-05
2025-04,baseline,1,0.06082442715952136,802,2025-05
2025-04,baseline,2,0.04118435623593042,803,2025-05
2025-04,baseline,3,0.04697285831751388,803,2025-05
2025-04,baseline,4,0.04552973744819658,803,2025-05
2025-04,baseline,5,0.05132218239563947,803,2025-05
2025-04,information,1,0.05757526288905625,71,2025-05
2025-04,information,2,0.03442492509778189,71,2025-05
2025-04,information,3,0.04809105487165884,71,2025-05
2025-04,information,4,0.041940818107279725,71,2025-05
2025-04,information,5,0.06791067783846409,71,2025-05
2025-05,attention,1,0.04627699914899574,109,2025-06
2025-05,attention,2,0.04767135126146134,110,2025-06
2025-05,attention,3,0.05898856059722692,109,2025-06
2025-05,attention,4,0.06053950064224991,110,2025-06
2025-05,attention,5,0.07989422679247307,110,2025-06
2025-05,baseline,1,0.05751878451949329,849,2025-06
2025-05,baseline,2,0.059655197467156584,850,2025-06
2025-05,baseline,3,0.05430938392009916,849,2025-06
2025-05,baseline,4,0.0676422838950396,850,2025-06
2025-05,baseline,5,0.07875861471078995,849,2025-06
2025-05,information,1,0.05303617049050182,14,2025-06
2025-05,information,2,0.05824028664924718,14,2025-06
2025-05,information,3,0.05661738749167631,15,2025-06
2025-05,information,4,0.021009978204593254,14,2025-06
2025-05,information,5,0.054222818744323206,15,2025-06
2025-06,attention,1,0.03687463119585326,130,2025-07
2025-06,attention,2,0.06161692222003079,130,2025-07
2025-06,attention,3,0.10507806428401749,130,2025-07
2025-06,attention,4,0.06272794179869937,130,2025-07
2025-06,attention,5,0.0865472910698772,131,2025-07
2025-06,baseline,1,0.030877398119935354,833,2025-07
2025-06,baseline,2,0.049697607256630964,834,2025-07
2025-06,baseline,3,0.061809377247874886,834,2025-07
2025-06,baseline,4,0.059430015817099516,834,2025-07
2025-06,baseline,5,0.07250455992589179,835,2025-07
2025-06,information,1,0.04004803323388911,14,2025-07
2025-06,information,2,0.08895402875312897,14,2025-07
2025-06,information,3,0.1300054143720099,15,2025-07
2025-06,information,4,0.0673732932284928,14,2025-07
2025-06,information,5,0.07277122433919246,15,2025-07
2025-07,attention,1,0.09221571618791599,181,2025-08
2025-07,attention,2,0.10874660765850482,182,2025-08
2025-07,attention,3,0.07920066832813273,182,2025-08
2025-07,attention,4,0.06998270083589295,182,2025-08
2025-07,attention,5,0.09973837174162112,182,2025-08
2025-07,baseline,1,0.10451575380574317,780,2025-08
2025-07,baseline,2,0.10028248074743391,781,2025-08
2025-07,baseline,3,0.07888847268825469,780,2025-08
2025-07,baseline,4,0.07292562845112265,781,2025-08
2025-07,baseline,5,0.06965090189618092,777,2025-08
2025-07,information,1,0.07094293680811271,17,2025-08
2025-07,information,2,0.1477451864877479,17,2025-08
2025-07,information,3,0.09650723227364795,17,2025-08
2025-07,information,4,0.07370861236997592,17,2025-08
2025-07,information,5,0.13912239203231708,17,2025-08
2025-08,attention,1,-0.0005758073485742262,165,2025-09
2025-08,attention,2,0.034645320609872146,165,2025-09
2025-08,attention,3,0.02322190217437921,165,2025-09
2025-08,attention,4,0.0498040240734058,165,2025-09
2025-08,attention,5,0.04221306519578507,165,2025-09
2025-08,baseline,1,-0.014627928428129721,764,2025-09
2025-08,baseline,2,-0.001921582703300396,764,2025-09
2025-08,baseline,3,0.00585921528418063,765,2025-09
2025-08,baseline,4,0.013405262004266071,764,2025-09
2025-08,baseline,5,0.03419268075421556,765,2025-09
2025-08,information,1,-0.035589768637074304,50,2025-09
2025-08,information,2,0.020137117754477157,50,2025-09
2025-08,information,3,0.03911416462341968,50,2025-09
2025-08,information,4,0.044839921029303155,50,2025-09
2025-08,information,5,0.06502853263071792,51,2025-09
2025-09,attention,1,0.00523078094001339,155,2025-10
2025-09,attention,2,-0.008539853427843884,155,2025-10
2025-09,attention,3,0.007037726696503474,155,2025-10
2025-09,attention,4,0.004346959287042323,155,2025-10
2025-09,attention,5,0.007448631568820944,155,2025-10
2025-09,baseline,1,0.006651316924507747,812,2025-10
2025-09,baseline,2,0.025497406442236,813,2025-10
2025-09,baseline,3,0.020742776085972362,812,2025-10
2025-09,baseline,4,0.02091947425618797,813,2025-10
2025-09,baseline,5,0.007470250637591484,813,2025-10
2025-09,information,1,-0.014521940120417699,13,2025-10
2025-09,information,2,0.019482912136302273,13,2025-10
2025-09,information,3,0.013426912496549013,14,2025-10
2025-09,information,4,0.04546964563585614,13,2025-10
2025-09,information,5,0.020484775294889162,14,2025-10
2025-10,attention,1,-0.016296797268445122,78,2025-11
2025-10,attention,2,0.017146704804729747,79,2025-11
2025-10,attention,3,0.018553728609039588,78,2025-11
2025-10,attention,4,-0.007583685156716692,79,2025-11
2025-10,attention,5,0.017883353091234636,79,2025-11
2025-10,baseline,1,-0.012519500679471881,843,2025-11
2025-10,baseline,2,-0.009461167330462978,845,2025-11
2025-10,baseline,3,0.0004144968194374826,845,2025-11
2025-10,baseline,4,0.0019967259318534394,845,2025-11
2025-10,baseline,5,0.001945662873656066,845,2025-11
2025-10,information,1,-0.013808491378388466,58,2025-11
2025-10,information,2,-0.00579031203939845,58,2025-11
2025-10,information,3,-0.02070494346971675,58,2025-11
2025-10,information,4,0.0023957936329648283,58,2025-11
2025-10,information,5,-0.009883049438021886,58,2025-11
2025-11,attention,1,-0.010940158953346619,111,2025-12
2025-11,attention,2,0.016200759581107137,111,2025-12
2025-11,attention,3,0.04376827499636858,112,2025-12
2025-11,attention,4,0.0019472006925472136,111,2025-12
2025-11,attention,5,0.016571165952549573,112,2025-12
2025-11,baseline,1,0.02928828926706739,865,2025-12
2025-11,baseline,2,0.02745304350602762,865,2025-12
2025-11,baseline,3,0.02047518779046595,865,2025-12
2025-11,baseline,4,0.01418740083439743,865,2025-12
2025-11,baseline,5,0.016517101710503034,866,2025-12
2025-11,information,1,0.0850434854692061,5,2025-12
2025-11,information,2,0.1456790915340632,5,2025-12
2025-11,information,3,0.1304526574173277,6,2025-12
2025-11,information,4,-0.017869841024205746,5,2025-12
2025-11,information,5,0.016260888342960116,6,2025-12
2025-12,attention,1,0.040506891862701996,129,2026-01
2025-12,attention,2,0.0838861749642588,129,2026-01
2025-12,attention,3,0.09977517294423643,130,2026-01
2025-12,attention,4,0.0718006249921812,129,2026-01
2025-12,attention,5,0.10930778254696537,130,2026-01
2025-12,baseline,1,0.0669438688381773,853,2026-01
2025-12,baseline,2,0.0710960030290909,854,2026-01
2025-12,baseline,3,0.07227397769707501,854,2026-01
2025-12,baseline,4,0.08226721902011702,854,2026-01
2025-12,baseline,5,0.10933333432154574,854,2026-01
2025-12,information,1,0.1348314606741574,1,2026-01
2025-12,information,2,0.08385305441781354,1,2026-01
2025-12,information,3,0.04961926547038775,1,2026-01
2025-12,information,4,0.14156626506024095,1,2026-01
2025-12,information,5,0.02368232019394817,2,2026-01
2026-01,attention,1,0.040467179194199385,260,2026-02
2026-01,attention,2,0.03754483072770239,260,2026-02
2026-01,attention,3,0.029161708720081475,261,2026-02
2026-01,attention,4,0.0443554080665332,260,2026-02
2026-01,attention,5,0.03900074313199767,261,2026-02
2026-01,baseline,1,0.04448160850030794,700,2026-02
2026-01,baseline,2,0.039214794880158804,701,2026-02
2026-01,baseline,3,0.03617454374041131,700,2026-02
2026-01,baseline,4,0.044000538861823174,701,2026-02
2026-01,baseline,5,0.04620782915316872,700,2026-02
2026-01,information,1,0.0508188467961456,24,2026-02
2026-01,information,2,0.04306826759622706,25,2026-02
2026-01,information,3,0.03158588782130398,24,2026-02
2026-01,information,4,0.04809300165308965,25,2026-02
2026-01,information,5,0.03760089517261109,25,2026-02
2026-02,attention,1,-0.13133756738597333,103,2026-03
2026-02,attention,2,-0.10139494490514253,103,2026-03
2026-02,attention,3,-0.09748346509653177,104,2026-03
2026-02,attention,4,-0.08468919956048618,103,2026-03
2026-02,attention,5,-0.09873160140154266,104,2026-03
2026-02,baseline,1,-0.11401898725502102,871,2026-03
2026-02,baseline,2,-0.09137294297326226,871,2026-03
2026-02,baseline,3,-0.0882796140820036,871,2026-03
2026-02,baseline,4,-0.08639272953209702,871,2026-03
2026-02,baseline,5,-0.09034784722487774,871,2026-03
2026-02,information,1,-0.09725798063194845,10,2026-03
2026-02,information,2,-0.133312637609982,11,2026-03
2026-02,information,3,-0.09416913363821554,10,2026-03
2026-02,information,4,-0.12537805125191268,11,2026-03
2026-02,information,5,-0.07409505595635173,11,2026-03
2026-03,attention,1,0.04294661933791874,161,2026-04
2026-03,attention,2,0.059103455582447555,161,2026-04
2026-03,attention,3,0.05387457788593849,161,2026-04
2026-03,attention,4,0.05318745285954252,161,2026-04
2026-03,attention,5,0.06958466836493611,161,2026-04
2026-03,baseline,1,0.0833001390118904,805,2026-04
2026-03,baseline,2,0.07035421608030905,805,2026-04
2026-03,baseline,3,0.057095683074605025,805,2026-04
2026-03,baseline,4,0.06262707181344128,805,2026-04
2026-03,baseline,5,0.08485656106652359,806,2026-04
2026-03,information,1,0.09535876971267995,21,2026-04
2026-03,information,2,0.14297423372619214,22,2026-04
2026-03,information,3,0.050138437890510444,22,2026-04
2026-03,information,4,0.01638883033700528,22,2026-04
2026-03,information,5,0.05730429208349735,22,2026-04
2026-04,attention,1,-0.06485788182876394,100,2026-05
2026-04,attention,2,-0.03372401295647775,101,2026-05
2026-04,attention,3,0.014842408731961129,101,2026-05
2026-04,attention,4,-0.018756302952306663,101,2026-05
2026-04,attention,5,0.051088483992803024,101,2026-05
2026-04,baseline,1,-0.05240538189562151,776,2026-05
2026-04,baseline,2,-0.049168253424613236,779,2026-05
2026-04,baseline,3,-0.038209138309129725,779,2026-05
2026-04,baseline,4,-0.041626083099988755,779,2026-05
2026-04,baseline,5,0.017503273860379556,779,2026-05
2026-04,information,1,-0.03339668637267566,111,2026-05
2026-04,information,2,-0.0326754918927624,111,2026-05
2026-04,information,3,-0.047780121934440034,111,2026-05
2026-04,information,4,-0.02641148649430783,111,2026-05
2026-04,information,5,0.005719860975451738,112,2026-05
2026-05,attention,1,0.005219629311508771,183,2026-06
2026-05,attention,2,-0.03576530951464375,183,2026-06
2026-05,attention,3,-0.012820305017695703,184,2026-06
2026-05,attention,4,-0.010026085384460832,183,2026-06
2026-05,attention,5,0.14931300872209355,184,2026-06
2026-05,baseline,1,-0.04544733828045831,752,2026-06
2026-05,baseline,2,-0.06158561360898163,752,2026-06
2026-05,baseline,3,-0.06899539950877323,753,2026-06
2026-05,baseline,4,-0.05778157155168855,752,2026-06
2026-05,baseline,5,-0.012467326042677822,753,2026-06
2026-05,information,1,0.013450533359428517,39,2026-06
2026-05,information,2,-0.08426624254420753,39,2026-06
2026-05,information,3,-0.05939750619455384,40,2026-06
2026-05,information,4,-0.02072608686510038,39,2026-06
2026-05,information,5,0.020499178245821002,40,2026-06
2026-06,attention,1,-0.23244573379103084,158,2026-07
2026-06,attention,2,-0.1462529502627638,158,2026-07
2026-06,attention,3,-0.09558033446080663,158,2026-07
2026-06,attention,4,-0.10268626849456668,158,2026-07
2026-06,attention,5,-0.1838466374358287,158,2026-07
2026-06,baseline,1,-0.13213903813257682,772,2026-07
2026-06,baseline,2,-0.08716664157856062,777,2026-07
2026-06,baseline,3,-0.04579309343214829,777,2026-07
2026-06,baseline,4,-0.05494927143595442,777,2026-07
2026-06,baseline,5,-0.11805393571564858,778,2026-07
2026-06,information,1,-0.17229979395263947,49,2026-07
2026-06,information,2,-0.09560408619297704,49,2026-07
2026-06,information,3,-0.05126358505360506,49,2026-07
2026-06,information,4,-0.021369182580033334,49,2026-07
2026-06,information,5,-0.18503373649407454,49,2026-07
