formation_month,holding_month,decile,n,ew_return,ew_market_return,ew_market_adjusted,vw_return,vw_available,effective_bins
2010-01,2010-02,1,143,0.055471145925885056,0.062226113666990865,-0.006754967741105809,0.04068762407566439,True,10
2010-01,2010-02,2,144,0.07377455853927911,0.062226113666990865,0.011548444872288247,0.06169696860069126,True,10
2010-01,2010-02,3,144,0.06382500841493087,0.062226113666990865,0.001598894747940005,0.06520269796513987,True,10
2010-01,2010-02,4,143,0.07840549965638051,0.062226113666990865,0.016179385989389644,0.058930670683907165,True,10
2010-01,2010-02,5,144,0.05935436924741038,0.062226113666990865,-0.002871744419580484,0.0378822264598142,True,10
2010-01,2010-02,6,144,0.062260857148692304,0.062226113666990865,3.474348170143943e-05,0.05720522177840751,True,10
2010-01,2010-02,7,143,0.05648380890035174,0.062226113666990865,-0.005742304766639124,0.044945558064673256,True,10
2010-01,2010-02,8,144,0.05378464500042574,0.062226113666990865,-0.008441468666565123,0.020285541761771074,True,10
2010-01,2010-02,9,144,0.06309909110773701,0.062226113666990865,0.0008729774407461449,0.021567875554002632,True,10
2010-01,2010-02,10,144,0.05582772296132735,0.062226113666990865,-0.0063983907056635175,0.007329512546192993,True,10
2010-02,2010-03,1,143,0.018301730641900067,0.035366546448602106,-0.01706481580670204,0.008983086646777579,True,10
2010-02,2010-03,2,144,0.03182107268088412,0.035366546448602106,-0.0035454737677179868,0.021759758998386624,True,10
2010-02,2010-03,3,144,0.049239031866605595,0.035366546448602106,0.01387248541800349,0.028845176832698417,True,10
2010-02,2010-03,4,145,0.038481027635041874,0.035366546448602106,0.0031144811864397687,0.03609177407312755,True,10
2010-02,2010-03,5,143,0.04058236623195411,0.035366546448602106,0.005215819783352005,0.04677174458747803,True,10
2010-02,2010-03,6,144,0.03021118915956022,0.035366546448602106,-0.005155357289041887,0.023738597994537126,True,10
2010-02,2010-03,7,145,0.026256284723653444,0.035366546448602106,-0.009110261724948662,0.019492007827393198,True,10
2010-02,2010-03,8,144,0.03243053025994946,0.035366546448602106,-0.0029360161886526487,0.007658057753979422,True,10
2010-02,2010-03,9,144,0.05432553104701338,0.035366546448602106,0.018958984598411277,0.006751398155715376,True,10
2010-02,2010-03,10,145,0.03199943562376435,0.035366546448602106,-0.003367110824837753,0.02361528074245089,True,10
2010-03,2010-04,1,143,-0.09493635219389611,-0.06871231173095442,-0.02622404046294169,-0.09656386757604796,True,10
2010-03,2010-04,2,144,-0.07579912083282649,-0.06871231173095442,-0.007086809101872066,-0.055228026898751406,True,10
2010-03,2010-04,3,144,-0.07120683152462827,-0.06871231173095442,-0.0024945197936738495,-0.07578647383184028,True,10
2010-03,2010-04,4,144,-0.07401674730433343,-0.06871231173095442,-0.005304435573379007,-0.053051053748093095,True,10
2010-03,2010-04,5,144,-0.06739252804248831,-0.06871231173095442,0.0013197836884661085,-0.0763191485488168,True,10
2010-03,2010-04,6,144,-0.056211424562227906,-0.06871231173095442,0.012500887168726514,-0.10001392215044173,True,10
2010-03,2010-04,7,144,-0.065464623496112,-0.06871231173095442,0.003247688234842422,-0.09495811371196741,True,10
2010-03,2010-04,8,144,-0.063538486263812,-0.06871231173095442,0.005173825467142415,-0.07679121526929354,True,10
2010-03,2010-04,9,144,-0.05579001475120003,-0.06871231173095442,0.012922296979754389,-0.06426668288359445,True,10
2010-03,2010-04,10,144,-0.06294909973012336,-0.06871231173095442,0.005763212000831061,-0.045122085904208534,True,10
2010-04,2010-05,1,143,-0.08676831898698914,-0.08619348845511753,-0.0005748305318716146,-0.09803635155403818,True,10
2010-04,2010-05,2,144,-0.0832275784297761,-0.08619348845511753,0.0029659100253414256,-0.061872177283829696,True,10
2010-04,2010-05,3,144,-0.09573971244306102,-0.08619348845511753,-0.009546223987943497,-0.0914592920521375,True,10
2010-04,2010-05,4,143,-0.0892447066782998,-0.08619348845511753,-0.0030512182231822726,-0.08718889140225329,True,10
2010-04,2010-05,5,144,-0.08452497143458272,-0.08619348845511753,0.0016685170205348043,-0.0736220538704579,True,10
2010-04,2010-05,6,144,-0.07975067476155208,-0.08619348845511753,0.006442813693565447,-0.08612662741951801,True,10
2010-04,2010-05,7,143,-0.08998576105924071,-0.08619348845511753,-0.0037922726041231813,-0.050496920457300545,True,10
2010-04,2010-05,8,144,-0.08555969927785607,-0.08619348845511753,0.0006337891772614512,-0.10658318734817213,True,10
2010-04,2010-05,9,144,-0.08563964564073553,-0.08619348845511753,0.0005538428143819912,-0.11784259273013976,True,10
2010-04,2010-05,10,144,-0.0815453319596319,-0.08619348845511753,0.004648156495485625,-0.08440422995280099,True,10
2010-05,2010-06,1,141,-0.08544905525726022,-0.09533580055686082,0.009886745299600597,-0.07381018849173353,True,10
2010-05,2010-06,2,141,-0.09696491660802238,-0.09533580055686082,-0.001629116051161561,-0.10030135498134564,True,10
2010-05,2010-06,3,141,-0.09984710510989922,-0.09533580055686082,-0.0045113045530384005,-0.11298329344729148,True,10
2010-05,2010-06,4,141,-0.10029572709287059,-0.09533580055686082,-0.004959926536009768,-0.10232440567960625,True,10
2010-05,2010-06,5,141,-0.10064537844244228,-0.09533580055686082,-0.005309577885581465,-0.08390778801809799,True,10
2010-05,2010-06,6,141,-0.09418946817392118,-0.09533580055686082,0.0011463323829396382,-0.08640151900738231,True,10
2010-05,2010-06,7,141,-0.08725100376366553,-0.09533580055686082,0.008084796793195292,-0.018777082265626473,True,10
2010-05,2010-06,8,141,-0.09779542516212429,-0.09533580055686082,-0.002459624605263472,-0.09781797134936467,True,10
2010-05,2010-06,9,141,-0.09640293739766494,-0.09533580055686082,-0.001067136840804117,-0.08454243914124752,True,10
2010-05,2010-06,10,142,-0.09452275484240037,-0.09533580055686082,0.0008130457144604475,-0.06231514446019586,True,10
2010-06,2010-07,1,141,0.17966014643000716,0.15987421656541556,0.0197859298645916,0.16132649700312812,True,10
2010-06,2010-07,2,142,0.16182306165900845,0.15987421656541556,0.001948845093592888,0.10414983453180776,True,10
2010-06,2010-07,3,141,0.16110973951799698,0.15987421656541556,0.0012355229525814193,0.14658516580988765,True,10
2010-06,2010-07,4,142,0.1649454017017904,0.15987421656541556,0.005071185136374834,0.15701279954440311,True,10
2010-06,2010-07,5,142,0.15841055643571716,0.15987421656541556,-0.0014636601296983964,0.14711413542383217,True,10
2010-06,2010-07,6,141,0.1647221019014311,0.15987421656541556,0.004847885336015545,0.14731260856209508,True,10
2010-06,2010-07,7,142,0.15471860488620065,0.15987421656541556,-0.005155611679214911,0.13636980530580664,True,10
2010-06,2010-07,8,141,0.15312642604443719,0.15987421656541556,-0.006747790520978375,0.08208394241736691,True,10
2010-06,2010-07,9,142,0.15831571012974346,0.15987421656541556,-0.0015585064356720968,0.1079263255091078,True,10
2010-06,2010-07,10,142,0.14204507573396527,0.15987421656541556,-0.01782914083145029,0.1090509829078758,True,10
2010-07,2010-08,1,141,0.08875690305981056,0.09044898010077788,-0.001692077040967327,0.06923931615135472,True,10
2010-07,2010-08,2,142,0.08321991991495696,0.09044898010077788,-0.007229060185820924,0.0004341460114830358,True,10
2010-07,2010-08,3,142,0.08128940626091984,0.09044898010077788,-0.009159573839858048,0.036639082275248716,True,10
2010-07,2010-08,4,142,0.08793752483822831,0.09044898010077788,-0.002511455262549575,0.03074676977068268,True,10
2010-07,2010-08,5,142,0.089803633387469,0.09044898010077788,-0.0006453467133088892,0.03774842773297194,True,10
2010-07,2010-08,6,141,0.0810385551355204,0.09044898010077788,-0.009410424965257486,0.004481731695179622,True,10
2010-07,2010-08,7,142,0.08894953490149306,0.09044898010077788,-0.0014994451992848268,-0.00955122832362127,True,10
2010-07,2010-08,8,142,0.10295718519782837,0.09044898010077788,0.012508205097050487,-0.016445697464136207,True,10
2010-07,2010-08,9,142,0.09065642066709868,0.09044898010077788,0.000207440566320799,0.07145484748514987,True,10
2010-07,2010-08,10,142,0.10980253101060714,0.09044898010077788,0.01935355090982925,0.09020705100664658,True,10
2010-08,2010-09,1,142,-0.0025432288976002413,0.016219722767716518,-0.01876295166531676,-0.0011244441138316757,True,10
2010-08,2010-09,2,143,0.012880188609193769,0.016219722767716518,-0.0033395341585227487,0.021263563045232782,True,10
2010-08,2010-09,3,143,0.012656937840176756,0.016219722767716518,-0.0035627849275397614,0.015639988375658807,True,10
2010-08,2010-09,4,142,0.004799080382025921,0.016219722767716518,-0.011420642385690596,-0.0040485595168904915,True,10
2010-08,2010-09,5,143,0.016698396725720238,0.016219722767716518,0.0004786739580037204,-0.01717735961692004,True,10
2010-08,2010-09,6,143,0.012770854610966892,0.016219722767716518,-0.003448868156749626,-0.008176507933222872,True,10
2010-08,2010-09,7,142,0.020880587805898056,0.016219722767716518,0.004660865038181538,0.014906393485508691,True,10
2010-08,2010-09,8,143,0.0241588063631663,0.016219722767716518,0.007939083595449783,0.032991044751003756,True,10
2010-08,2010-09,9,143,0.03365989680630541,0.016219722767716518,0.017440174038588895,0.028814721740356534,True,10
2010-08,2010-09,10,143,0.026057226808844768,0.016219722767716518,0.00983750404112825,0.04624013156432707,True,10
2010-09,2010-10,1,144,0.0801791710179191,0.10050507745240518,-0.020325906434486077,0.06385290992655918,True,10
2010-09,2010-10,2,144,0.07704270817196414,0.10050507745240518,-0.023462369280441042,0.09372671089035355,True,10
2010-09,2010-10,3,144,0.06225876102332655,0.10050507745240518,-0.03824631642907863,0.05574321867474894,True,10
2010-09,2010-10,4,144,0.09505562769753902,0.10050507745240518,-0.005449449754866165,0.0923934085894228,True,10
2010-09,2010-10,5,145,0.08957833081558915,0.10050507745240518,-0.010926746636816032,0.13791869701078713,True,10
2010-09,2010-10,6,144,0.09470189794095302,0.10050507745240518,-0.005803179511452164,0.08865389529614458,True,10
2010-09,2010-10,7,144,0.13096590963092203,0.10050507745240518,0.030460832178516847,0.1210556939925347,True,10
2010-09,2010-10,8,144,0.11530825983669551,0.10050507745240518,0.014803182384290334,0.1664451705444792,True,10
2010-09,2010-10,9,144,0.1247668359706456,0.10050507745240518,0.024261758518240417,0.16786341267528196,True,10
2010-09,2010-10,10,145,0.13502940036105443,0.10050507745240518,0.03452432290864925,0.17533756060420425,True,10
2010-10,2010-11,1,144,-0.06006778955079988,-0.0019046097382336136,-0.05816317981256627,-0.10533815712476996,True,10
2010-10,2010-11,2,144,-0.005684826829136038,-0.0019046097382336136,-0.0037802170909024243,-0.06214305452016628,True,10
2010-10,2010-11,3,144,0.0031398150570037023,-0.0019046097382336136,0.005044424795237316,0.03181483943075668,True,10
2010-10,2010-11,4,145,-0.010403226441319732,-0.0019046097382336136,-0.00849861670308612,-0.05351482185633546,True,10
2010-10,2010-11,5,144,-0.0038092663142164007,-0.0019046097382336136,-0.001904656575982787,-0.030216380118499583,True,10
2010-10,2010-11,6,144,0.007503605245136824,-0.0019046097382336136,0.009408214983370437,-0.030344049391516803,True,10
2010-10,2010-11,7,145,0.012900396144357524,-0.0019046097382336136,0.014805005882591137,-0.06287083821442187,True,10
2010-10,2010-11,8,144,0.033817532709808314,-0.0019046097382336136,0.03572214244804193,-0.02773213881104053,True,10
2010-10,2010-11,9,144,0.0055728923901516726,-0.0019046097382336136,0.007477502128385286,-0.08002624551577561,True,10
2010-10,2010-11,10,145,-0.0020579592355594693,-0.0019046097382336136,-0.00015334949732585573,-0.043401442990298106,True,10
2010-11,2010-12,1,148,-0.030716211039536093,-0.01978643853472269,-0.010929772504813404,-0.005505337674679993,True,10
2010-11,2010-12,2,148,-0.024511325672824717,-0.01978643853472269,-0.004724887138102027,-0.018106858022435904,True,10
2010-11,2010-12,3,148,-0.020414950735852082,-0.01978643853472269,-0.0006285122011293921,-0.014517998000111412,True,10
2010-11,2010-12,4,148,-0.019052654877136466,-0.01978643853472269,0.0007337836575862233,0.0034384034171975604,True,10
2010-11,2010-12,5,149,-0.01937272208890954,-0.01978643853472269,0.0004137164458131483,-0.016461626533763967,True,10
2010-11,2010-12,6,148,-0.010896198378788207,-0.01978643853472269,0.008890240155934483,-5.630191843503923e-06,True,10
2010-11,2010-12,7,148,-0.01872839508359155,-0.01978643853472269,0.001058043451131141,-0.005187934359602461,True,10
2010-11,2010-12,8,148,-0.023888990862145888,-0.01978643853472269,-0.0041025523274231986,-0.031148047656762934,True,10
2010-11,2010-12,9,148,-0.01603509662513091,-0.01978643853472269,0.0037513419095917787,-0.01626225936630021,True,10
2010-11,2010-12,10,149,-0.014287788406111591,-0.01978643853472269,0.005498650128611098,-0.0006021674109719523,True,10
2010-12,2011-01,1,151,-0.06717475879168336,-0.048054344223278,-0.01912041456840536,-0.052195125473832586,True,10
2010-12,2011-01,2,152,-0.06446373379338233,-0.048054344223278,-0.016409389570104328,-0.06618370433605877,True,10
2010-12,2011-01,3,151,-0.0636169674031074,-0.048054344223278,-0.015562623179829406,-0.04995886574874493,True,10
2010-12,2011-01,4,152,-0.050211279263825216,-0.048054344223278,-0.002156935040547217,-0.007526620036228266,True,10
2010-12,2011-01,5,151,-0.04034916241745763,-0.048054344223278,0.007705181805820367,-0.033932478803674886,True,10
2010-12,2011-01,6,152,-0.03388561062191366,-0.048054344223278,0.014168733601364336,0.0017827316610779067,True,10
2010-12,2011-01,7,151,-0.04408681468357804,-0.048054344223278,0.003967529539699956,0.004689722158581767,True,10
2010-12,2011-01,8,152,-0.038225905822943614,-0.048054344223278,0.009828438400334386,-0.0071423586790088514,True,10
2010-12,2011-01,9,151,-0.042800995417783844,-0.048054344223278,0.0052533488054941554,-0.031213993396545445,True,10
2010-12,2011-01,10,152,-0.03584503623813928,-0.048054344223278,0.012209307985138716,-0.04396984727769745,True,10
2011-01,2011-02,1,154,0.09130838440663286,0.10135892845076848,-0.01005054404413562,0.055585130591678356,True,10
2011-01,2011-02,2,155,0.11205142097783145,0.10135892845076848,0.010692492527062974,0.08042833432657452,True,10
2011-01,2011-02,3,155,0.10664021469562898,0.10135892845076848,0.005281286244860503,0.03575227867940933,True,10
2011-01,2011-02,4,154,0.09971862453343498,0.10135892845076848,-0.0016403039173334966,0.042361694326656776,True,10
2011-01,2011-02,5,155,0.09845201627220954,0.10135892845076848,-0.002906912178558943,0.018386968676514577,True,10
2011-01,2011-02,6,155,0.10190755944710962,0.10135892845076848,0.0005486309963411429,0.05939473239843211,True,10
2011-01,2011-02,7,154,0.10184253546880671,0.10135892845076848,0.0004836070180382346,0.07551452911387697,True,10
2011-01,2011-02,8,155,0.10490301814241007,0.10135892845076848,0.0035440896916415915,0.07697528195598703,True,10
2011-01,2011-02,9,155,0.09771240296791012,0.10135892845076848,-0.003646525482858362,0.05393675414959994,True,10
2011-01,2011-02,10,155,0.09898080281543034,0.10135892845076848,-0.002378125635338138,0.09646615090941696,True,10
2011-02,2011-03,1,156,-0.025135851828536997,-0.007314077225767299,-0.017821774602769697,-0.03882111739613478,True,10
2011-02,2011-03,2,157,0.00016862745697226268,-0.007314077225767299,0.007482704682739562,-0.026637457220701797,True,10
2011-02,2011-03,3,157,-0.015515398207732317,-0.007314077225767299,-0.008201320981965018,-0.034547993213718486,True,10
2011-02,2011-03,4,157,0.011750652505914824,-0.007314077225767299,0.019064729731682124,0.025707253712227218,True,10
2011-02,2011-03,5,157,-0.006575410621078816,-0.007314077225767299,0.0007386666046884831,0.01167459571543377,True,10
2011-02,2011-03,6,157,-0.014165436186769926,-0.007314077225767299,-0.0068513589610026265,-0.005003248968572771,True,10
2011-02,2011-03,7,157,0.011916868769492139,-0.007314077225767299,0.019230945995259437,0.015249599926273782,True,10
2011-02,2011-03,8,157,-0.0048395753055559595,-0.007314077225767299,0.00247450192021134,-0.013204406080113475,True,10
2011-02,2011-03,9,157,-0.0033347109322311506,-0.007314077225767299,0.003979366293536148,0.017195416085155207,True,10
2011-02,2011-03,10,157,-0.02752405239606278,-0.007314077225767299,-0.02020997517029548,0.01621227378658151,True,10
2011-03,2011-04,1,159,-0.02806949221549077,-0.03125452588855985,0.00318503367306908,-0.03827707269086564,True,10
2011-03,2011-04,2,160,-0.036064910751023194,-0.03125452588855985,-0.004810384862463345,-0.039208956361764365,True,10
2011-03,2011-04,3,159,-0.03502850679708573,-0.03125452588855985,-0.0037739809085258827,-0.01560219959991169,True,10
2011-03,2011-04,4,160,-0.030036621926301688,-0.03125452588855985,0.0012179039622581614,-0.03744518144007357,True,10
2011-03,2011-04,5,159,-0.04165108439478222,-0.03125452588855985,-0.01039655850622237,-0.03313720007613572,True,10
2011-03,2011-04,6,160,-0.033505703872538144,-0.03125452588855985,-0.0022511779839782947,-0.013643119200837429,True,10
2011-03,2011-04,7,159,-0.031800228672495545,-0.03125452588855985,-0.0005457027839356962,-0.028504647092921744,True,10
2011-03,2011-04,8,160,-0.016602246877619065,-0.03125452588855985,0.014652279010940784,-0.00319843204485577,True,10
2011-03,2011-04,9,159,-0.026413011310628037,-0.03125452588855985,0.004841514577931812,-0.008321848084507656,True,10
2011-03,2011-04,10,160,-0.03341526265480711,-0.03125452588855985,-0.0021607367662472635,-0.0009742842910079492,True,10
2011-04,2011-05,1,163,-0.07902910822673619,-0.068854824314104,-0.010174283912632184,-0.07541487263620916,True,10
2011-04,2011-05,2,163,-0.06435583705579086,-0.068854824314104,0.004498987258313145,-0.08192493361549527,True,10
2011-04,2011-05,3,163,-0.07453448515762816,-0.068854824314104,-0.005679660843524156,-0.07630221834617626,True,10
2011-04,2011-05,4,163,-0.07456047526805586,-0.068854824314104,-0.005705650953951855,-0.07941846137799949,True,10
2011-04,2011-05,5,164,-0.06790348748836143,-0.068854824314104,0.0009513368257425686,-0.07318361061883788,True,10
2011-04,2011-05,6,163,-0.0726850372816562,-0.068854824314104,-0.0038302129675522045,-0.0699118050024556,True,10
2011-04,2011-05,7,163,-0.0665701644973926,-0.068854824314104,0.0022846598167114013,-0.03362670863734369,True,10
2011-04,2011-05,8,163,-0.06801094431892582,-0.068854824314104,0.0008438799951781817,-0.06530861686972238,True,10
2011-04,2011-05,9,163,-0.05808756452324251,-0.068854824314104,0.010767259790861489,-0.05331103684896285,True,10
2011-04,2011-05,10,164,-0.06285379189530271,-0.068854824314104,0.006001032418801289,-0.04729496256779576,True,10
2011-05,2011-06,1,165,0.025523329232937396,0.03284436268169193,-0.007321033448754531,0.029137869781228235,True,10
2011-05,2011-06,2,165,0.04950328328032242,0.03284436268169193,0.016658920598630493,0.028264634578936944,True,10
2011-05,2011-06,3,165,0.04991211254992258,0.03284436268169193,0.017067749868230654,0.04307954715592658,True,10
2011-05,2011-06,4,165,0.03677507726324996,0.03284436268169193,0.003930714581558033,0.03860821496811312,True,10
2011-05,2011-06,5,165,0.035243442373475695,0.03284436268169193,0.0023990796917837676,0.036448681321904104,True,10
2011-05,2011-06,6,165,0.021962053284339506,0.03284436268169193,-0.010882309397352422,0.020556887440090016,True,10
2011-05,2011-06,7,165,0.025413706309489578,0.03284436268169193,-0.0074306563722023496,0.015868259648591947,True,10
2011-05,2011-06,8,165,0.023852827628332407,0.03284436268169193,-0.00899153505335952,0.020511048535880764,True,10
2011-05,2011-06,9,165,0.03026980171792278,0.03284436268169193,-0.002574560963769148,0.01239299421285651,True,10
2011-05,2011-06,10,165,0.02998799317692694,0.03284436268169193,-0.0028563695047649877,0.02354555220047257,True,10
2011-06,2011-07,1,168,-0.0021266813249333737,0.012573528838003426,-0.0147002101629368,-0.01893963888762993,True,10
2011-06,2011-07,2,168,-0.0004261633369001644,0.012573528838003426,-0.01299969217490359,-0.0014152693085577662,True,10
2011-06,2011-07,3,168,0.0024646249003661878,0.012573528838003426,-0.010108903937637238,-0.019464738742320176,True,10
2011-06,2011-07,4,169,0.014814328185238639,0.012573528838003426,0.0022407993472352127,-0.007787718921035065,True,10
2011-06,2011-07,5,168,0.018675692113319906,0.012573528838003426,0.00610216327531648,0.015603923702412268,True,10
2011-06,2011-07,6,168,0.027967335395961596,0.012573528838003426,0.01539380655795817,-0.021387802811680196,True,10
2011-06,2011-07,7,169,0.017141583754543263,0.012573528838003426,0.004568054916539837,0.0018154578372952654,True,10
2011-06,2011-07,8,168,0.012981079106742541,0.012573528838003426,0.0004075502687391156,-0.01335236108571747,True,10
2011-06,2011-07,9,168,0.016733714688297027,0.012573528838003426,0.004160185850293601,-0.024850535912717152,True,10
2011-06,2011-07,10,169,0.01744027726235031,0.012573528838003426,0.004866748424346883,-0.013818910161572969,True,10
2011-07,2011-08,1,171,-0.04947900772585376,-0.0342852791296618,-0.01519372859619196,-0.04425177121757489,True,10
2011-07,2011-08,2,171,-0.03757052060003949,-0.0342852791296618,-0.0032852414703776964,-0.05560169230623292,True,10
2011-07,2011-08,3,172,-0.029032719779521956,-0.0342852791296618,0.005252559350139841,-0.03535869908164892,True,10
2011-07,2011-08,4,171,-0.027087167686404377,-0.0342852791296618,0.0071981114432574204,-0.04754579024297339,True,10
2011-07,2011-08,5,172,-0.03728096490317642,-0.0342852791296618,-0.0029956857735146253,-0.06336148829056386,True,10
2011-07,2011-08,6,171,-0.027387943034966226,-0.0342852791296618,0.006897336094695571,-0.0357356334806631,True,10
2011-07,2011-08,7,171,-0.03576077435012379,-0.0342852791296618,-0.0014754952204619962,-0.04565458919961321,True,10
2011-07,2011-08,8,172,-0.03801914690538658,-0.0342852791296618,-0.003733867775724785,-0.051315544747532145,True,10
2011-07,2011-08,9,171,-0.031492019872210425,-0.0342852791296618,0.002793259257451372,-0.0460560009753381,True,10
2011-07,2011-08,10,172,-0.029760350616211816,-0.0342852791296618,0.004524928513449981,-0.03052503119625708,True,10
2011-08,2011-09,1,175,-0.1380959377089383,-0.11953740821282192,-0.018558529496116374,-0.13612847687645072,True,10
2011-08,2011-09,2,175,-0.12629976011171068,-0.11953740821282192,-0.006762351898888755,-0.10518418019385527,True,10
2011-08,2011-09,3,175,-0.12896093761274663,-0.11953740821282192,-0.009423529399924704,-0.13338166518084085,True,10
2011-08,2011-09,4,175,-0.11582786740941023,-0.11953740821282192,0.0037095408034116956,-0.12143657138501897,True,10
2011-08,2011-09,5,175,-0.12343450763505864,-0.11953740821282192,-0.003897099422236719,-0.11114216114046972,True,10
2011-08,2011-09,6,175,-0.10434049736031333,-0.11953740821282192,0.0151969108525086,-0.08734200900974318,True,10
2011-08,2011-09,7,175,-0.12428421158286077,-0.11953740821282192,-0.004746803370038841,-0.12000922100376703,True,10
2011-08,2011-09,8,175,-0.10812930000106247,-0.11953740821282192,0.011408108211759457,-0.10113584285490618,True,10
2011-08,2011-09,9,174,-0.11454797497924102,-0.11953740821282192,0.004989433233580906,-0.07851116502407215,True,10
2011-08,2011-09,10,175,-0.1114245766798282,-0.11953740821282192,0.00811283153299372,-0.05028539383857299,True,10
2011-09,2011-10,1,178,0.044188709789747316,0.0417388994278893,0.0024498103618580125,0.044234587341677636,True,10
2011-09,2011-10,2,178,0.047271509863936946,0.0417388994278893,0.005532610436047643,0.04624585159851796,True,10
2011-09,2011-10,3,178,0.04471767714843794,0.0417388994278893,0.0029787777205486365,0.03730803275591487,True,10
2011-09,2011-10,4,178,0.03837453500894341,0.0417388994278893,-0.0033643644189458935,0.05329910849084068,True,10
2011-09,2011-10,5,178,0.038793416859998923,0.0417388994278893,-0.00294548256789038,0.03490258767733757,True,10
2011-09,2011-10,6,178,0.04273896359462386,0.0417388994278893,0.0010000641667345586,0.06750302842185571,True,10
2011-09,2011-10,7,178,0.03690568028726798,0.0417388994278893,-0.00483321914062132,0.037617644331436675,True,10
2011-09,2011-10,8,178,0.03904611486263471,0.0417388994278893,-0.0026927845652545968,0.03877777993936148,True,10
2011-09,2011-10,9,178,0.0462974188050002,0.0417388994278893,0.004558519377110895,0.03436565669878815,True,10
2011-09,2011-10,10,178,0.03905496805830173,0.0417388994278893,-0.0026839313695875763,0.057244785588576014,True,10
2011-10,2011-11,1,180,-0.05478587421905937,-0.04253890377376073,-0.012246970445298641,-0.06563393123402182,True,10
2011-10,2011-11,2,180,-0.042659013757414106,-0.04253890377376073,-0.00012010998365337422,-0.042960079980210966,True,10
2011-10,2011-11,3,180,-0.04796417850052535,-0.04253890377376073,-0.0054252747267646145,-0.06102205627870193,True,10
2011-10,2011-11,4,180,-0.03598476458586822,-0.04253890377376073,0.0065541391878925145,-0.041461851002427046,True,10
2011-10,2011-11,5,180,-0.045508968666646964,-0.04253890377376073,-0.0029700648928862317,-0.03711622042135008,True,10
2011-10,2011-11,6,180,-0.03964973218385692,-0.04253890377376073,0.0028891715899038092,-0.05470554264967566,True,10
2011-10,2011-11,7,180,-0.0416735498531522,-0.04253890377376073,0.0008653539206085331,-0.042786339208075924,True,10
2011-10,2011-11,8,180,-0.0461813923587795,-0.04253890377376073,-0.003642488585018769,-0.06221582581047605,True,10
2011-10,2011-11,9,180,-0.031058605428164892,-0.04253890377376073,0.01148029834559584,-0.0553283895407139,True,10
2011-10,2011-11,10,180,-0.03992295818413973,-0.04253890377376073,0.0026159455896209993,-0.0742068312733053,True,10
2011-11,2011-12,1,183,-0.15366644402773744,-0.1471986123812164,-0.006467831646521038,-0.1467296419130928,True,10
2011-11,2011-12,2,183,-0.16422868056284415,-0.1471986123812164,-0.01703006818162775,-0.13627888294558918,True,10
2011-11,2011-12,3,183,-0.13950903357613803,-0.1471986123812164,0.0076895788050783676,-0.053292913035740984,True,10
2011-11,2011-12,4,183,-0.15403149066879396,-0.1471986123812164,-0.0068328782875775596,-0.10916053207844058,True,10
2011-11,2011-12,5,183,-0.150533575112104,-0.1471986123812164,-0.0033349627308875973,-0.13988586976741002,True,10
2011-11,2011-12,6,183,-0.14062255340010335,-0.1471986123812164,0.006576058981113048,-0.06034592745768714,True,10
2011-11,2011-12,7,183,-0.1416655735682202,-0.1471986123812164,0.005533038812996188,-0.052391162522651157,True,10
2011-11,2011-12,8,183,-0.1471594872738211,-0.1471986123812164,3.912510739528807e-05,-0.09261638008975427,True,10
2011-11,2011-12,9,183,-0.13183841304976854,-0.1471986123812164,0.01536019933144786,-0.02009100923559264,True,10
2011-11,2011-12,10,184,-0.14872254507159288,-0.1471986123812164,-0.0015239326903764838,-0.10481334003930141,True,10
2011-12,2012-01,1,186,-0.02531477756236093,-0.00022067956113163589,-0.025094098001229293,-0.0284489090808044,True,10
2011-12,2012-01,2,186,-0.018443486540498447,-0.00022067956113163589,-0.01822280697936681,-0.01522653028982829,True,10
2011-12,2012-01,3,187,-0.001345929263085415,-0.00022067956113163589,-0.0011252497019537792,0.02137831039240094,True,10
2011-12,2012-01,4,186,-0.00462742643803513,-0.00022067956113163589,-0.004406746876903495,0.04408823006427283,True,10
2011-12,2012-01,5,187,0.005808303245011787,-0.00022067956113163589,0.006028982806143422,0.027542428295399275,True,10
2011-12,2012-01,6,186,0.002942740993899034,-0.00022067956113163589,0.00316342055503067,0.020339104800147962,True,10
2011-12,2012-01,7,186,0.013047380783780272,-0.00022067956113163589,0.013268060344911908,0.03701437611248866,True,10
2011-12,2012-01,8,187,0.011431751084207423,-0.00022067956113163589,0.011652430645339058,0.05475114498819513,True,10
2011-12,2012-01,9,186,0.012358648116912656,-0.00022067956113163589,0.012579327678044292,0.03517557161861333,True,10
2011-12,2012-01,10,187,0.0018359312882132842,-0.00022067956113163589,0.0020566108493449203,0.039488476709264045,True,10
2012-01,2012-02,1,189,0.15939960193852976,0.1290857692308544,0.030313832707675348,0.16478583597170074,True,10
2012-01,2012-02,2,190,0.14199517013510823,0.1290857692308544,0.012909400904253826,0.13011822957892588,True,10
2012-01,2012-02,3,190,0.13489863629460416,0.1290857692308544,0.005812867063749755,0.11301017026268159,True,10
2012-01,2012-02,4,190,0.12882575742425417,0.1290857692308544,-0.0002600118066002355,0.09939967313968234,True,10
2012-01,2012-02,5,190,0.12671036334821614,0.1290857692308544,-0.002375405882638265,0.09709382818377688,True,10
2012-01,2012-02,6,190,0.13002484985262247,0.1290857692308544,0.0009390806217680625,0.09040158228973552,True,10
2012-01,2012-02,7,190,0.1149636409998963,0.1290857692308544,-0.014122128230958111,0.04489010833523508,True,10
2012-01,2012-02,8,190,0.11333490773292171,0.1290857692308544,-0.0157508614979327,0.05129804357202252,True,10
2012-01,2012-02,9,190,0.11604871787397851,0.1290857692308544,-0.013037051356875898,0.045402281245416946,True,10
2012-01,2012-02,10,190,0.12481559319634782,0.1290857692308544,-0.0042701760345065926,0.09085289014454391,True,10
2012-02,2012-03,1,192,-0.09945923932666458,-0.07369446050151801,-0.025764778825146564,-0.10296837252247212,True,10
2012-02,2012-03,2,193,-0.08659336723395272,-0.07369446050151801,-0.012898906732434712,-0.07188884149499582,True,10
2012-02,2012-03,3,193,-0.07261690915713667,-0.07369446050151801,0.001077551344381339,-0.07111996989054578,True,10
2012-02,2012-03,4,193,-0.06822580710982659,-0.07369446050151801,0.005468653391691419,-0.06991166685097158,True,10
2012-02,2012-03,5,193,-0.07050702815446601,-0.07369446050151801,0.003187432347052002,-0.050436815176382765,True,10
2012-02,2012-03,6,192,-0.07201932316720079,-0.07369446050151801,0.00167513733431722,-0.0655300674326311,True,10
2012-02,2012-03,7,193,-0.0687604561427202,-0.07369446050151801,0.004934004358797817,-0.07485169838253665,True,10
2012-02,2012-03,8,193,-0.07153299153379755,-0.07369446050151801,0.002161468967720459,-0.06665898532473016,True,10
2012-02,2012-03,9,192,-0.06011398340533208,-0.07369446050151801,0.013580477096185928,-0.0800110803663576,True,10
2012-02,2012-03,10,193,-0.06716995141307072,-0.07369446050151801,0.006524509088447289,-0.07920739698439729,True,10
2012-03,2012-04,1,196,0.051340878455573655,0.07297453525606201,-0.021633656800488357,0.056020622243761836,True,10
2012-03,2012-04,2,196,0.07701458006883212,0.07297453525606201,0.004040044812770108,0.0805266261210806,True,10
2012-03,2012-04,3,196,0.0830706406625702,0.07297453525606201,0.010096105406508182,0.07848583252557943,True,10
2012-03,2012-04,4,197,0.08924990688869057,0.07297453525606201,0.016275371632628557,0.09366801111797508,True,10
2012-03,2012-04,5,196,0.07007171174489471,0.07297453525606201,-0.0029028235111673018,0.06241317474035612,True,10
2012-03,2012-04,6,196,0.0793438148823933,0.07297453525606201,0.006369279626331284,0.0763030652788156,True,10
2012-03,2012-04,7,197,0.07189795011530492,0.07297453525606201,-0.0010765851407570914,0.043143026709581644,True,10
2012-03,2012-04,8,196,0.07505780071628922,0.07297453525606201,0.0020832654602272044,0.06346406628150532,True,10
2012-03,2012-04,9,196,0.06404312420866123,0.07297453525606201,-0.008931411047400778,0.04543039134601453,True,10
2012-03,2012-04,10,196,0.06857739998837005,0.07297453525606201,-0.004397135267691962,0.0726160901452406,True,10
2012-04,2012-05,1,197,0.013553078915029264,0.02184664953841571,-0.008293570623386447,0.022626548274001665,True,10
2012-04,2012-05,2,198,0.01095017199273289,0.02184664953841571,-0.01089647754568282,0.024769190999925132,True,10
2012-04,2012-05,3,198,0.023193301388537323,0.02184664953841571,0.0013466518501216128,0.016056198433283948,True,10
2012-04,2012-05,4,197,0.02481980111134506,0.02184664953841571,0.00297315157292935,-0.0059657412589794925,True,10
2012-04,2012-05,5,198,0.02402246317754915,0.02184664953841571,0.0021758136391334393,0.008861369464085205,True,10
2012-04,2012-05,6,198,0.023006120338430486,0.02184664953841571,0.001159470800014776,-0.0037758937447794154,True,10
2012-04,2012-05,7,197,0.02128250112161886,0.02184664953841571,-0.0005641484167968509,-0.008543231403295862,True,10
2012-04,2012-05,8,198,0.024352025256542734,0.02184664953841571,0.0025053757181270238,-0.02067821124036475,True,10
2012-04,2012-05,9,198,0.0255842183575639,0.02184664953841571,0.0037375688191481904,0.0175941989693651,True,10
2012-04,2012-05,10,198,0.027673093687094023,0.02184664953841571,0.005826444148678313,0.007981429607335706,True,10
2012-05,2012-06,1,200,-0.06945562290801054,-0.06312464354161168,-0.006330979366398856,-0.07301535459576858,True,10
2012-05,2012-06,2,201,-0.07721767511654194,-0.06312464354161168,-0.014093031574930262,-0.10316016123607312,True,10
2012-05,2012-06,3,200,-0.07069347280182527,-0.06312464354161168,-0.007568829260213586,-0.0772135564780878,True,10
2012-05,2012-06,4,201,-0.05441831737062711,-0.06312464354161168,0.008706326170984567,-0.044905012679982155,True,10
2012-05,2012-06,5,201,-0.061121613250903914,-0.06312464354161168,0.0020030302907077663,-0.05120569857609486,True,10
2012-05,2012-06,6,200,-0.0606758548940009,-0.06312464354161168,0.002448788647610778,-0.05333716893512571,True,10
2012-05,2012-06,7,201,-0.06174828932806842,-0.06312464354161168,0.0013763542135432627,-0.031007849582737727,True,10
2012-05,2012-06,8,200,-0.0623192018291212,-0.06312464354161168,0.0008054417124904803,-0.04223912569309239,True,10
2012-05,2012-06,9,201,-0.05342581174426446,-0.06312464354161168,0.009698831797347221,-0.056282789223835616,True,10
2012-05,2012-06,10,201,-0.06022353924870595,-0.06312464354161168,0.002901104292905729,-0.07702366139875186,True,10
2012-06,2012-07,1,204,-0.11338857210138112,-0.08919723381138794,-0.024191338289993175,-0.08283522500553098,True,10
2012-06,2012-07,2,204,-0.07933412291099845,-0.08919723381138794,0.009863110900389493,-0.06438616247603665,True,10
2012-06,2012-07,3,204,-0.08483076581106126,-0.08919723381138794,0.0043664680003266815,-0.06468981601431946,True,10
2012-06,2012-07,4,205,-0.09131979235191319,-0.08919723381138794,-0.002122558540525246,-0.048973275667645234,True,10
2012-06,2012-07,5,204,-0.0947704742461687,-0.08919723381138794,-0.00557324043478076,-0.05320913568148348,True,10
2012-06,2012-07,6,204,-0.09261905651449742,-0.08919723381138794,-0.0034218227031094783,-0.06519560365430115,True,10
2012-06,2012-07,7,205,-0.07146501325801667,-0.08919723381138794,0.017732220553371272,-0.03037071829906098,True,10
2012-06,2012-07,8,204,-0.08355877596155001,-0.08919723381138794,0.005638457849837936,-0.04881122104762286,True,10
2012-06,2012-07,9,204,-0.08820358612402314,-0.08919723381138794,0.0009936476873648042,-0.06552158274906607,True,10
2012-06,2012-07,10,205,-0.09254229940495219,-0.08919723381138794,-0.0033450655935642476,-0.07875125046245375,True,10
2012-07,2012-08,1,207,0.022528099347364366,0.015378600534973242,0.007149498812391124,-0.018192299282831455,True,10
2012-07,2012-08,2,207,0.01670787958592987,0.015378600534973242,0.001329279050956627,-0.019213724784476412,True,10
2012-07,2012-08,3,207,0.023557461929667144,0.015378600534973242,0.008178861394693902,-0.045612022424991246,True,10
2012-07,2012-08,4,207,0.005569549795769214,0.015378600534973242,-0.009809050739204028,-0.048229927115255075,True,10
2012-07,2012-08,5,207,0.01808171142353457,0.015378600534973242,0.002703110888561327,-0.04896889921452205,True,10
2012-07,2012-08,6,207,0.00479162313089726,0.015378600534973242,-0.010586977404075982,-0.05069720520929051,True,10
2012-07,2012-08,7,207,0.015301793724800391,0.015378600534973242,-7.680681017285113e-05,-0.029461623423797156,True,10
2012-07,2012-08,8,207,0.016070471654359573,0.015378600534973242,0.0006918711193863308,-0.02645569142178355,True,10
2012-07,2012-08,9,207,0.015062221917028296,0.015378600534973242,-0.00031637861794494605,-0.002816762078434166,True,10
2012-07,2012-08,10,208,0.016111651531221134,0.015378600534973242,0.0007330509962478922,-0.013919764553957766,True,10
2012-08,2012-09,1,211,-0.00745992055432441,0.013153030290621297,-0.02061295084494571,-0.004667558716214979,True,10
2012-08,2012-09,2,212,0.017437055792030844,0.013153030290621297,0.004284025501409546,0.031432325416135734,True,10
2012-08,2012-09,3,212,0.01385795390340957,0.013153030290621297,0.0007049236127882729,0.03675230400763818,True,10
2012-08,2012-09,4,212,0.023653760179031143,0.013153030290621297,0.010500729888409846,0.05184799502968405,True,10
2012-08,2012-09,5,212,0.020118685971522717,0.013153030290621297,0.00696565568090142,0.05613572118588323,True,10
2012-08,2012-09,6,211,0.014906799825620508,0.013153030290621297,0.0017537695349992104,0.038172423726558574,True,10
2012-08,2012-09,7,212,0.011171027662410373,0.013153030290621297,-0.0019820026282109243,0.01223901281341275,True,10
2012-08,2012-09,8,212,0.014033608777805028,0.013153030290621297,0.0008805784871837308,0.017213153345817005,True,10
2012-08,2012-09,9,212,0.012098441289534143,0.013153030290621297,-0.0010545890010871545,0.014788151285430004,True,10
2012-08,2012-09,10,212,0.011623931656767662,0.013153030290621297,-0.0015290986338536358,0.015287628520675,True,10
2012-09,2012-10,1,214,-0.009945237371658991,-0.003608090931789991,-0.006337146439869,-0.006850592399404997,True,10
2012-09,2012-10,2,214,-0.0025673219196561234,-0.003608090931789991,0.0010407690121338677,0.004047488486254131,True,10
2012-09,2012-10,3,214,0.005765888670325264,-0.003608090931789991,0.009373979602115255,0.003083608884493858,True,10
2012-09,2012-10,4,214,0.007036070294090729,-0.003608090931789991,0.01064416122588072,-0.004200071911994093,True,10
2012-09,2012-10,5,215,0.0035701565955314927,-0.003608090931789991,0.007178247527321484,0.006646728548770624,True,10
2012-09,2012-10,6,214,-0.0022092603000957913,-0.003608090931789991,0.0013988306316941998,-0.011481881807224543,True,10
2012-09,2012-10,7,214,-0.00739375260535522,-0.003608090931789991,-0.003785661673565229,-0.012974162829725498,True,10
2012-09,2012-10,8,214,-0.00911798550883451,-0.003608090931789991,-0.0055098945770445185,-0.02335141699517754,True,10
2012-09,2012-10,9,214,-0.009466431119312887,-0.003608090931789991,-0.005858340187522896,-0.010021121413454003,True,10
2012-09,2012-10,10,215,-0.011748539785055636,-0.003608090931789991,-0.008140448853265644,-0.02454377306479646,True,10
2012-10,2012-11,1,215,-0.11867944427727627,-0.10998840342786267,-0.008691040849413592,-0.08655949648402335,True,10
2012-10,2012-11,2,216,-0.1226540940290927,-0.10998840342786267,-0.012665690601230031,-0.11398467319699579,True,10
2012-10,2012-11,3,215,-0.11922890258022739,-0.10998840342786267,-0.009240499152364717,-0.09793345555704443,True,10
2012-10,2012-11,4,216,-0.11399169967908322,-0.10998840342786267,-0.004003296251220548,-0.09537727325073449,True,10
2012-10,2012-11,5,215,-0.10771085533257091,-0.10998840342786267,0.002277548095291765,-0.039662248683827055,True,10
2012-10,2012-11,6,216,-0.10561223431646563,-0.10998840342786267,0.0043761691113970436,-0.05266748280335924,True,10
2012-10,2012-11,7,215,-0.10519048167666564,-0.10998840342786267,0.004797921751197032,-0.0372616189275667,True,10
2012-10,2012-11,8,216,-0.09770562538526768,-0.10998840342786267,0.012282778042594991,-0.03668954344554223,True,10
2012-10,2012-11,9,215,-0.10398103108946902,-0.10998840342786267,0.006007372338393657,-0.071001537043086,True,10
2012-10,2012-11,10,216,-0.10515211358758647,-0.10998840342786267,0.004836289840276203,-0.09151239974609887,True,10
2012-11,2012-12,1,218,0.1664553087720748,0.16416026439630776,0.0022950443757670247,0.14967251501145384,True,10
2012-11,2012-12,2,218,0.16786231503576193,0.16416026439630776,0.0037020506394541686,0.12174253420917451,True,10
2012-11,2012-12,3,218,0.17177359485595117,0.16416026439630776,0.007613330459643408,0.11315505050694886,True,10
2012-11,2012-12,4,218,0.17206142407356245,0.16416026439630776,0.007901159677254688,0.1867044342977141,True,10
2012-11,2012-12,5,219,0.16938637778291982,0.16416026439630776,0.005226113386612052,0.1817104184524945,True,10
2012-11,2012-12,6,218,0.165694814305598,0.16416026439630776,0.0015345499092902226,0.16474682896174378,True,10
2012-11,2012-12,7,218,0.16045092808591893,0.16416026439630776,-0.0037093363103888333,0.11123936141110656,True,10
2012-11,2012-12,8,218,0.16383138927077678,0.16416026439630776,-0.00032887512553098075,0.19100927366048942,True,10
2012-11,2012-12,9,218,0.1543350456969722,0.16416026439630776,-0.009825218699335558,0.16041050961211828,True,10
2012-11,2012-12,10,219,0.1497933762430216,0.16416026439630776,-0.014366888153286156,0.14230547377661154,True,10
2012-12,2013-01,1,219,0.03812713754139332,0.06423722830009025,-0.026110090758696934,-0.017739712698537847,True,10
2012-12,2013-01,2,220,0.06057420442080549,0.06423722830009025,-0.0036630238792847644,0.047452830944419794,True,10
2012-12,2013-01,3,220,0.07096565050732649,0.06423722830009025,0.00672842220723624,0.033935905518654906,True,10
2012-12,2013-01,4,220,0.05812293969033246,0.06423722830009025,-0.006114288609757788,0.04638155898552315,True,10
2012-12,2013-01,5,220,0.0703480136773079,0.06423722830009025,0.0061107853772176535,0.03796177093283709,True,10
2012-12,2013-01,6,219,0.0582041713095097,0.06423722830009025,-0.00603305699058055,0.04652219245684036,True,10
2012-12,2013-01,7,220,0.07338925644667246,0.06423722830009025,0.009152028146582211,0.09463995781263893,True,10
2012-12,2013-01,8,220,0.06014844803145325,0.06423722830009025,-0.004088780268637002,0.051214715680959935,True,10
2012-12,2013-01,9,220,0.07436533346688053,0.06423722830009025,0.010128105166790274,0.06442473634570346,True,10
2012-12,2013-01,10,220,0.0779810226921788,0.06423722830009025,0.013743794392088546,0.04756930734000151,True,10
2013-01,2013-02,1,220,0.042954999379823174,0.03654488702353605,0.00641011235628712,0.020120639453881,True,10
2013-01,2013-02,2,221,0.03476708145287496,0.03654488702353605,-0.0017778055706610951,0.022487805925799277,True,10
2013-01,2013-02,3,221,0.038274704779260066,0.03654488702353605,0.0017298177557240127,0.035659546884029426,True,10
2013-01,2013-02,4,220,0.04073138507223093,0.03654488702353605,0.004186498048694878,0.028695433911995836,True,10
2013-01,2013-02,5,221,0.03541691662638385,0.03654488702353605,-0.001127970397152206,-0.0006890831768808022,True,10
2013-01,2013-02,6,221,0.03079704457569252,0.03654488702353605,-0.005747842447843533,-0.004262481213850088,True,10
2013-01,2013-02,7,220,0.025397355960842895,0.03654488702353605,-0.011147531062693158,-0.02470917090639826,True,10
2013-01,2013-02,8,221,0.03624383074280427,0.03654488702353605,-0.000301056280731786,-0.0044032945556439695,True,10
2013-01,2013-02,9,221,0.03208421647926546,0.03654488702353605,-0.004460670544270594,-0.005211500768756762,True,10
2013-01,2013-02,10,221,0.048778842312527625,0.03654488702353605,0.012233955288991571,0.022249828731033698,True,10
2013-02,2013-03,1,222,-0.049408171674699124,-0.03698077813847737,-0.012427393536221756,-0.06615555022260479,True,10
2013-02,2013-03,2,222,-0.03276431286843625,-0.03698077813847737,0.004216465270041117,-0.048667492618601184,True,10
2013-02,2013-03,3,222,-0.02412378673857643,-0.03698077813847737,0.012856991399900937,-0.0353382982104595,True,10
2013-02,2013-03,4,223,-0.03498514723514738,-0.03698077813847737,0.0019956309033299854,-0.06199255176312224,True,10
2013-02,2013-03,5,222,-0.04268186501414216,-0.03698077813847737,-0.005701086875664792,-0.0665132748660534,True,10
2013-02,2013-03,6,222,-0.035807076645273626,-0.03698077813847737,0.001173701493203741,-0.058361522917268066,True,10
2013-02,2013-03,7,223,-0.03840218488363834,-0.03698077813847737,-0.0014214067451609746,-0.04426354708710186,True,10
2013-02,2013-03,8,222,-0.05067284027138208,-0.03698077813847737,-0.013692062132904713,-0.06649940517313381,True,10
2013-02,2013-03,9,222,-0.031730779835358956,-0.03698077813847737,0.005249998303118411,-0.04014008854247838,True,10
2013-02,2013-03,10,223,-0.029268940819368316,-0.03698077813847737,0.007711837319109051,-0.02314275627784576,True,10
2013-03,2013-04,1,225,-0.04185766656290721,-0.029373702258561795,-0.012483964304345414,-0.014766760390573905,True,10
2013-03,2013-04,2,225,-0.02433000212153815,-0.029373702258561795,0.005043700137023644,-0.019636560685282738,True,10
2013-03,2013-04,3,225,-0.036554008723808436,-0.029373702258561795,-0.007180306465246641,-0.029864660788825062,True,10
2013-03,2013-04,4,226,-0.026835809072194183,-0.029373702258561795,0.0025378931863676117,-0.012155848589918647,True,10
2013-03,2013-04,5,225,-0.018722268787996366,-0.029373702258561795,0.010651433470565429,-0.018628871850117797,True,10
2013-03,2013-04,6,225,-0.03573075524934768,-0.029373702258561795,-0.006357052990785882,-0.0382137450688036,True,10
2013-03,2013-04,7,226,-0.030658318626764502,-0.029373702258561795,-0.0012846163682027067,-0.0280503786254288,True,10
2013-03,2013-04,8,225,-0.026251445745910575,-0.029373702258561795,0.0031222565126512204,-0.029541395219536696,True,10
2013-03,2013-04,9,225,-0.020059522720012816,-0.029373702258561795,0.009314179538548979,-0.02105094086197733,True,10
2013-03,2013-04,10,226,-0.032727887603906144,-0.029373702258561795,-0.0033541853453443495,-0.032100920608978414,True,10
2013-04,2013-05,1,227,0.133448090043109,0.1434026914589922,-0.009954601415883196,0.10840030081150182,True,10
2013-04,2013-05,2,227,0.1656795829845745,0.1434026914589922,0.022276891525582293,0.11621918492144828,True,10
2013-04,2013-05,3,228,0.161426021832132,0.1434026914589922,0.0180233303731398,0.1317706609135948,True,10
2013-04,2013-05,4,227,0.15790007586083452,0.1434026914589922,0.014497384401842311,0.08731204280624791,True,10
2013-04,2013-05,5,228,0.13813515271330526,0.1434026914589922,-0.005267538745686945,0.11457035580360618,True,10
2013-04,2013-05,6,227,0.12994700133137246,0.1434026914589922,-0.01345569012761974,0.06102672738740829,True,10
2013-04,2013-05,7,227,0.1394352240058855,0.1434026914589922,-0.003967467453106693,0.0772206765531973,True,10
2013-04,2013-05,8,228,0.13106081554130666,0.1434026914589922,-0.01234187591768554,0.07503750171786938,True,10
2013-04,2013-05,9,227,0.13441955363286753,0.1434026914589922,-0.00898313782612467,0.038529414512249324,True,10
2013-04,2013-05,10,228,0.14257720971078308,0.1434026914589922,-0.0008254817482091226,0.0996331151426821,True,10
2013-05,2013-06,1,230,-0.12573066599677118,-0.15485302946112783,0.02912236346435665,-0.13505591225285254,True,10
2013-05,2013-06,2,231,-0.142047722135866,-0.15485302946112783,0.012805307325261833,-0.1372134546840414,True,10
2013-05,2013-06,3,231,-0.16013613475244634,-0.15485302946112783,-0.005283105291318507,-0.14828890479599216,True,10
2013-05,2013-06,4,230,-0.15845885850370914,-0.15485302946112783,-0.0036058290425813044,-0.16041085436918776,True,10
2013-05,2013-06,5,231,-0.16225614780813172,-0.15485302946112783,-0.007403118347003884,-0.1586284951554465,True,10
2013-05,2013-06,6,231,-0.14984610486531066,-0.15485302946112783,0.005006924595817169,-0.12009645245668227,True,10
2013-05,2013-06,7,230,-0.17495533260650956,-0.15485302946112783,-0.020102303145381722,-0.10504213267748583,True,10
2013-05,2013-06,8,231,-0.15506869812520108,-0.15485302946112783,-0.00021566866407324303,-0.13575763460638152,True,10
2013-05,2013-06,9,231,-0.16424613520324047,-0.15485302946112783,-0.009393105742112634,-0.14540823246353876,True,10
2013-05,2013-06,10,231,-0.15576105638345852,-0.15485302946112783,-0.0009080269223306903,-0.15517557938583496,True,10
2013-06,2013-07,1,231,0.11316365351233798,0.071257359570976,0.041906293941361986,0.09925652749976198,True,10
2013-06,2013-07,2,231,0.0853413058128478,0.071257359570976,0.0140839462418718,0.04612739487230599,True,10
2013-06,2013-07,3,231,0.09255162919667245,0.071257359570976,0.021294269625696458,0.07805612013261318,True,10
2013-06,2013-07,4,231,0.07657916132824094,0.071257359570976,0.005321801757264946,0.056993168955020115,True,10
2013-06,2013-07,5,231,0.07888098178863034,0.071257359570976,0.0076236222176543494,0.05707034041772262,True,10
2013-06,2013-07,6,231,0.0640870924305848,0.071257359570976,-0.007170267140391193,0.019541943962729496,True,10
2013-06,2013-07,7,231,0.05725496010807929,0.071257359570976,-0.014002399462896706,0.030208870909290555,True,10
2013-06,2013-07,8,231,0.05698963663764475,0.071257359570976,-0.014267722933331242,-0.0015794352619273064,True,10
2013-06,2013-07,9,231,0.049719126887009565,0.071257359570976,-0.02153823268396643,0.03547294092115505,True,10
2013-06,2013-07,10,232,0.03814937262651911,0.071257359570976,-0.03310798694445689,-0.005157234503975845,True,10
2013-07,2013-08,1,233,0.06621201814776316,0.08458130413639048,-0.018369285988627318,0.06559316385581108,True,10
2013-07,2013-08,2,234,0.05639063445954397,0.08458130413639048,-0.02819066967684651,0.02755309973338806,True,10
2013-07,2013-08,3,233,0.07881749121751466,0.08458130413639048,-0.005763812918875816,0.011498420696685207,True,10
2013-07,2013-08,4,234,0.08394390211036878,0.08458130413639048,-0.0006374020260216939,0.05790011573720631,True,10
2013-07,2013-08,5,234,0.08885962155713346,0.08458130413639048,0.004278317420742986,0.07508709109075985,True,10
2013-07,2013-08,6,233,0.10236036263955094,0.08458130413639048,0.017779058503160458,0.0856567091751628,True,10
2013-07,2013-08,7,234,0.09515989038111139,0.08458130413639048,0.010578586244720911,0.05903346759124904,True,10
2013-07,2013-08,8,233,0.09715132082618783,0.08458130413639048,0.012570016689797348,0.05329831926465447,True,10
2013-07,2013-08,9,234,0.09186911461814642,0.08458130413639048,0.007287810481755946,0.05551545068812373,True,10
2013-07,2013-08,10,234,0.08507524940780409,0.08458130413639048,0.0004939452714136094,0.08307256594312543,True,10
2013-08,2013-09,1,235,0.07009991812287533,0.05663815427229511,0.013461763850580219,0.08943032140258755,True,10
2013-08,2013-09,2,235,0.05366090615486931,0.05663815427229511,-0.0029772481174258,0.04323715676274248,True,10
2013-08,2013-09,3,235,0.05138341846014784,0.05663815427229511,-0.0052547358121472765,0.03494478282561982,True,10
2013-08,2013-09,4,236,0.0499412326554708,0.05663815427229511,-0.006696921616824315,0.04859968927059434,True,10
2013-08,2013-09,5,235,0.06355027318045627,0.05663815427229511,0.006912118908161152,0.04923485183070461,True,10
2013-08,2013-09,6,235,0.06654892020239536,0.05663815427229511,0.009910765930100249,0.043420661667123266,True,10
2013-08,2013-09,7,236,0.052731818338774966,0.05663815427229511,-0.003906335933520147,0.05439033566309975,True,10
2013-08,2013-09,8,235,0.049166720122673785,0.05663815427229511,-0.007471434149621328,0.026929975501349727,True,10
2013-08,2013-09,9,235,0.0407585586265835,0.05663815427229511,-0.015879595645711612,0.024785633131229667,True,10
2013-08,2013-09,10,236,0.06853427531194105,0.05663815427229511,0.011896121039645935,0.059130931509090365,True,10
2013-09,2013-10,1,235,-0.048564132177434265,-0.02507794800275384,-0.023486184174680423,-0.07001969659461446,True,10
2013-09,2013-10,2,235,-0.029780891231057104,-0.02507794800275384,-0.004702943228303263,-0.030198909011702947,True,10
2013-09,2013-10,3,235,-0.04533366128948346,-0.02507794800275384,-0.02025571328672962,-0.04497690185022669,True,10
2013-09,2013-10,4,235,-0.02316656326291252,-0.02507794800275384,0.0019113847398413222,-0.015323938975698845,True,10
2013-09,2013-10,5,235,-0.02105679723641496,-0.02507794800275384,0.004021150766338882,-0.014020694880521482,True,10
2013-09,2013-10,6,235,-0.022830664055658832,-0.02507794800275384,0.0022472839470950093,-0.014816796307809727,True,10
2013-09,2013-10,7,235,-0.01584138702588552,-0.02507794800275384,0.00923656097686832,-0.0003235476846149711,True,10
2013-09,2013-10,8,235,-0.016499850912274548,-0.02507794800275384,0.008578097090479294,-0.01553445194768067,True,10
2013-09,2013-10,9,235,-0.016228522608951627,-0.02507794800275384,0.008849425393802214,-0.009503932771706263,True,10
2013-09,2013-10,10,235,-0.011477010227465573,-0.02507794800275384,0.013600937775288268,-0.023897185995626184,True,10
2013-10,2013-11,1,236,0.08540170845063279,0.08695028200273557,-0.0015485735521027777,0.053798331064640756,True,10
2013-10,2013-11,2,236,0.07999431605176266,0.08695028200273557,-0.006955965950972906,0.053343603060913826,True,10
2013-10,2013-11,3,236,0.08631384981669847,0.08695028200273557,-0.0006364321860370947,0.048466374892002353,True,10
2013-10,2013-11,4,236,0.08521688064780354,0.08695028200273557,-0.0017334013549320237,0.05351223405175957,True,10
2013-10,2013-11,5,236,0.09062426512209287,0.08695028200273557,0.0036739831193573075,0.05084680884815987,True,10
2013-10,2013-11,6,236,0.08029794379722034,0.08695028200273557,-0.006652338205515224,0.025540565805809913,True,10
2013-10,2013-11,7,236,0.09282145501492504,0.08695028200273557,0.005871173012189479,0.044454756085201885,True,10
2013-10,2013-11,8,236,0.09243068521453944,0.08695028200273557,0.005480403211803875,0.04066803168701687,True,10
2013-10,2013-11,9,236,0.08686747132051643,0.08695028200273557,-8.281068221913102e-05,0.042184498125022035,True,10
2013-10,2013-11,10,236,0.08953424459116416,0.08695028200273557,0.0025839625884285927,0.05683324775066967,True,10
2013-11,2013-12,1,235,-0.06327959534020827,-0.03226172401189366,-0.031017871328314614,-0.05888642751991663,True,10
2013-11,2013-12,2,236,-0.047580148716234574,-0.03226172401189366,-0.015318424704340916,-0.0516422744311977,True,10
2013-11,2013-12,3,235,-0.030316514340195284,-0.03226172401189366,0.0019452096716983738,-0.04139599471003084,True,10
2013-11,2013-12,4,236,-0.0271449712254288,-0.03226172401189366,0.005116752786464857,-0.037497857566676784,True,10
2013-11,2013-12,5,235,-0.019688325320873355,-0.03226172401189366,0.012573398691020303,-0.03977821076469446,True,10
2013-11,2013-12,6,236,-0.021338438933933286,-0.03226172401189366,0.010923285077960372,-0.030519699179463136,True,10
2013-11,2013-12,7,235,-0.01691200997488529,-0.03226172401189366,0.015349714037008369,-0.04469571812882905,True,10
2013-11,2013-12,8,236,-0.020432890158800905,-0.03226172401189366,0.011828833853092753,-0.03436036495470018,True,10
2013-11,2013-12,9,235,-0.030973386820925295,-0.03226172401189366,0.0012883371909683632,-0.029750365135451966,True,10
2013-11,2013-12,10,236,-0.044950371201594,-0.03226172401189366,-0.012688647189700343,-0.05889238341834545,True,10
2013-12,2014-01,1,236,0.07601285211276677,0.02023398882115504,0.05577886329161173,0.10110548879642386,True,10
2013-12,2014-01,2,236,0.06812419636836552,0.02023398882115504,0.047890207547210475,0.03772175596051116,True,10
2013-12,2014-01,3,236,0.04584603767328221,0.02023398882115504,0.025612048852127166,0.04978885076000612,True,10
2013-12,2014-01,4,236,0.018051602905541902,0.02023398882115504,-0.0021823859156131394,-0.017569437090739423,True,10
2013-12,2014-01,5,236,0.014749644270538065,0.02023398882115504,-0.005484344550616976,-0.00863554759662059,True,10
2013-12,2014-01,6,236,0.0007715244709779562,0.02023398882115504,-0.019462464350177084,-0.03637213250372906,True,10
2013-12,2014-01,7,236,-0.003135596654125972,0.02023398882115504,-0.023369585475281014,-0.03560248784414546,True,10
2013-12,2014-01,8,236,-0.013535029218401223,0.02023398882115504,-0.033769018039556266,-0.044400620055459514,True,10
2013-12,2014-01,9,236,-0.013735312003908744,0.02023398882115504,-0.03396930082506379,-0.04822155717347655,True,10
2013-12,2014-01,10,236,0.009189968286513937,0.02023398882115504,-0.011044020534641104,-0.038869416044611756,True,10
2014-01,2014-02,1,235,0.021509204901681983,0.03464875305525717,-0.013139548153575188,-0.005727051444247626,True,10
2014-01,2014-02,2,236,0.029941103020017377,0.03464875305525717,-0.0047076500352397944,-0.0002569465873453373,True,10
2014-01,2014-02,3,236,0.04106557104706845,0.03464875305525717,0.006416817991811277,0.04287576470635033,True,10
2014-01,2014-02,4,235,0.029566239405174447,0.03464875305525717,-0.005082513650082724,0.00957720216812169,True,10
2014-01,2014-02,5,236,0.035238018333072225,0.03464875305525717,0.0005892652778150542,0.007385280748813784,True,10
2014-01,2014-02,6,236,0.03517465474595267,0.03464875305525717,0.0005259016906954961,-0.00028201939613756383,True,10
2014-01,2014-02,7,235,0.03087036553071924,0.03464875305525717,-0.0037783875245379316,0.004995233102235923,True,10
2014-01,2014-02,8,236,0.03620678861232282,0.03464875305525717,0.0015580355570656498,0.023080813852686483,True,10
2014-01,2014-02,9,236,0.036119067353665976,0.03464875305525717,0.001470314298408805,0.014562699972535563,True,10
2014-01,2014-02,10,236,0.05070329535998045,0.03464875305525717,0.01605454230472328,0.02803729181856281,True,10
2014-02,2014-03,1,233,-0.055266848504137676,-0.02622947412186911,-0.029037374382268565,-0.06612567292552608,True,10
2014-02,2014-03,2,234,-0.037686189921184096,-0.02622947412186911,-0.011456715799314985,-0.04985632563622954,True,10
2014-02,2014-03,3,234,-0.02236698818087198,-0.02622947412186911,0.0038624859409971297,-0.016983452961325897,True,10
2014-02,2014-03,4,234,-0.019086739963849922,-0.02622947412186911,0.007142734158019189,0.005395808399617354,True,10
2014-02,2014-03,5,234,-0.013122148363313357,-0.02622947412186911,0.013107325758555754,0.001888077094920493,True,10
2014-02,2014-03,6,233,-0.009801749947810077,-0.02622947412186911,0.016427724174059036,-0.0001423492352782285,True,10
2014-02,2014-03,7,234,-0.010830614340071602,-0.02622947412186911,0.01539885978179751,-0.01308410908636003,True,10
2014-02,2014-03,8,234,-0.009969998259420326,-0.02622947412186911,0.016259475862448785,-0.019504249036435748,True,10
2014-02,2014-03,9,234,-0.03282644612962168,-0.02622947412186911,-0.0065969720077525655,-0.03961005294176534,True,10
2014-02,2014-03,10,234,-0.05139090500246256,-0.02622947412186911,-0.025161430880593447,-0.05814739785018944,True,10
2014-03,2014-04,1,235,-0.02021099019192331,-0.01360878091828812,-0.006602209273635189,-0.03024204140720162,True,10
2014-03,2014-04,2,235,-0.023304906099228452,-0.01360878091828812,-0.009696125180940332,-0.01830453704780345,True,10
2014-03,2014-04,3,235,-0.016384837636172118,-0.01360878091828812,-0.0027760567178839977,-0.0051178476086024115,True,10
2014-03,2014-04,4,235,-0.011080375336398095,-0.01360878091828812,0.002528405581890025,-0.005727630266759028,True,10
2014-03,2014-04,5,235,-0.0194186635798631,-0.01360878091828812,-0.005809882661574981,-0.018514877073700527,True,10
2014-03,2014-04,6,235,-0.0036020555190582736,-0.01360878091828812,0.010006725399229846,-0.003706324663164365,True,10
2014-03,2014-04,7,235,-0.01270434283604952,-0.01360878091828812,0.0009044380822386001,-0.009337683872486648,True,10
2014-03,2014-04,8,235,-0.0077846187406428475,-0.01360878091828812,0.0058241621776452725,0.002117694538826788,True,10
2014-03,2014-04,9,235,-0.014328291585081967,-0.01360878091828812,-0.0007195106667938472,0.0018304258104951203,True,10
2014-03,2014-04,10,236,-0.007295592290920398,-0.01360878091828812,0.006313188627367722,0.000737600305232153,True,10
2014-04,2014-05,1,233,0.033538817448013014,0.02810751133531929,0.005431306112693723,0.015876428664031505,True,10
2014-04,2014-05,2,233,0.03765888118128874,0.02810751133531929,0.009551369845969448,0.03715705036111225,True,10
2014-04,2014-05,3,233,0.032283923612623396,0.02810751133531929,0.004176412277304104,0.008639069571634395,True,10
2014-04,2014-05,4,233,0.019157619869970107,0.02810751133531929,-0.008949891465349184,-0.010156600796234663,True,10
2014-04,2014-05,5,233,0.030209834230423713,0.02810751133531929,0.0021023228951044214,0.009145984139800691,True,10
2014-04,2014-05,6,233,0.02961076916059539,0.02810751133531929,0.0015032578252760984,0.017877950758187062,True,10
2014-04,2014-05,7,233,0.028899915655835724,0.02810751133531929,0.0007924043205164329,0.018122269048601435,True,10
2014-04,2014-05,8,233,0.02061552494546364,0.02810751133531929,-0.00749198638985565,0.01833697484176658,True,10
2014-04,2014-05,9,233,0.023895370190101753,0.02810751133531929,-0.0042121411452175385,0.00795928441794022,True,10
2014-04,2014-05,10,234,0.025216863273734017,0.02810751133531929,-0.002890648061585274,0.005451423400768551,True,10
2014-05,2014-06,1,229,0.04037769282100192,0.046757169465905406,-0.006379476644903487,0.02456678634229899,True,10
2014-05,2014-06,2,229,0.04956955492172788,0.046757169465905406,0.0028123854558224776,0.019397916583601595,True,10
2014-05,2014-06,3,229,0.05318264546211754,0.046757169465905406,0.0064254759962121336,0.039600521648995496,True,10
2014-05,2014-06,4,229,0.044463052886111236,0.046757169465905406,-0.00229411657979417,0.027500867632444557,True,10
2014-05,2014-06,5,230,0.04109142053451649,0.046757169465905406,-0.005665748931388916,0.02072778995579901,True,10
2014-05,2014-06,6,229,0.04639517398210734,0.046757169465905406,-0.00036199548379806795,0.02619072551879379,True,10
2014-05,2014-06,7,229,0.04476010888701295,0.046757169465905406,-0.0019970605788924567,0.013912293772239464,True,10
2014-05,2014-06,8,229,0.04108798743262063,0.046757169465905406,-0.0056691820332847725,0.018508343096257433,True,10
2014-05,2014-06,9,229,0.0513443779874699,0.046757169465905406,0.004587208521564495,0.03380687823658618,True,10
2014-05,2014-06,10,230,0.055287172086337405,0.046757169465905406,0.008530002620432,0.04526223014919456,True,10
2014-06,2014-07,1,230,0.07291893258440658,0.07637757063587075,-0.0034586380514641663,0.08162516717177785,True,10
2014-06,2014-07,2,231,0.07671950163260599,0.07637757063587075,0.0003419309967352402,0.0790374198754965,True,10
2014-06,2014-07,3,230,0.08072896773300894,0.07637757063587075,0.004351397097138193,0.08940607977374337,True,10
2014-06,2014-07,4,231,0.09041192012363639,0.07637757063587075,0.014034349487765635,0.09246331444478297,True,10
2014-06,2014-07,5,230,0.08199428001330847,0.07637757063587075,0.0056167093774377175,0.09528435951355428,True,10
2014-06,2014-07,6,231,0.0850106012666184,0.07637757063587075,0.008633030630747648,0.06732707447427,True,10
2014-06,2014-07,7,230,0.0773181420552698,0.07637757063587075,0.0009405714193990444,0.08567590852895647,True,10
2014-06,2014-07,8,231,0.06769583811202393,0.07637757063587075,-0.008681732523846825,0.0892679239796288,True,10
2014-06,2014-07,9,230,0.07317152997642133,0.07637757063587075,-0.003206040659449419,0.08543049607924176,True,10
2014-06,2014-07,10,230,0.05774369904144511,0.07637757063587075,-0.018633871594425644,0.0609599404563699,True,10
2014-07,2014-08,1,231,0.040642999586642525,0.054693047282592264,-0.014050047695949738,0.028889764562993126,True,10
2014-07,2014-08,2,231,0.05855926075367924,0.054693047282592264,0.0038662134710869753,0.045533880578458884,True,10
2014-07,2014-08,3,231,0.0691955781669385,0.054693047282592264,0.014502530884346235,0.042402913268721684,True,10
2014-07,2014-08,4,231,0.0626419889152463,0.054693047282592264,0.007948941632654041,0.02847812697844357,True,10
2014-07,2014-08,5,231,0.05823904918178016,0.054693047282592264,0.0035460018991878978,0.029716492382532832,True,10
2014-07,2014-08,6,231,0.057229408796906536,0.054693047282592264,0.0025363615143142726,0.009053641441237659,True,10
2014-07,2014-08,7,231,0.050430731324255504,0.054693047282592264,-0.00426231595833676,-0.0053563320081207845,True,10
2014-07,2014-08,8,231,0.04036471655518756,0.054693047282592264,-0.014328330727404706,-0.009767382049159445,True,10
2014-07,2014-08,9,231,0.05703686191081817,0.054693047282592264,0.0023438146282259084,0.017865654380788666,True,10
2014-07,2014-08,10,231,0.05258987763446815,0.054693047282592264,-0.002103169648124112,0.032774905097891494,True,10
2014-08,2014-09,1,230,0.1297043110295982,0.13462066317499366,-0.004916352145395458,0.11014640887924586,True,10
2014-08,2014-09,2,230,0.1516989217869419,0.13462066317499366,0.017078258611948227,0.11242751932771441,True,10
2014-08,2014-09,3,231,0.14818786174211324,0.13462066317499366,0.013567198567119576,0.12004837248895911,True,10
2014-08,2014-09,4,230,0.14612995732873335,0.13462066317499366,0.011509294153739691,0.11618991898567461,True,10
2014-08,2014-09,5,231,0.14171720746200453,0.13462066317499366,0.00709654428701087,0.06213683363531051,True,10
2014-08,2014-09,6,230,0.14219237925350692,0.13462066317499366,0.0075717160785132576,0.06528337015721078,True,10
2014-08,2014-09,7,230,0.12156497788170699,0.13462066317499366,-0.01305568529328667,0.05006694942715112,True,10
2014-08,2014-09,8,231,0.11471720286305835,0.13462066317499366,-0.01990346031193531,0.05053077689678359,True,10
2014-08,2014-09,9,230,0.1256082835244956,0.13462066317499366,-0.009012379650498059,0.07159398168142424,True,10
2014-08,2014-09,10,231,0.12472524685074313,0.13462066317499366,-0.009895416324250533,0.09398739578390189,True,10
2014-09,2014-10,1,231,0.0034792858793053936,0.015449186141796268,-0.011969900262490875,0.00729170310469968,True,10
2014-09,2014-10,2,232,0.010127011393661081,0.015449186141796268,-0.0053221747481351864,0.03637231490505017,True,10
2014-09,2014-10,3,232,0.013441504825182105,0.015449186141796268,-0.0020076813166141627,0.02052208620529037,True,10
2014-09,2014-10,4,232,0.014823225043872788,0.015449186141796268,-0.0006259610979234796,0.031594424445214965,True,10
2014-09,2014-10,5,232,0.018626453773709296,0.015449186141796268,0.003177267631913028,0.011448960311176365,True,10
2014-09,2014-10,6,231,0.019494382719200093,0.015449186141796268,0.004045196577403825,0.02017489799649403,True,10
2014-09,2014-10,7,232,0.01821258355747748,0.015449186141796268,0.0027633974156812107,0.0257931756713937,True,10
2014-09,2014-10,8,232,0.022364104798352782,0.015449186141796268,0.006914918656556515,0.021973970191730734,True,10
2014-09,2014-10,9,232,0.006039778841829024,0.015449186141796268,-0.009409407299967244,0.002920499113871787,True,10
2014-09,2014-10,10,232,0.027849372379833474,0.015449186141796268,0.012400186238037207,0.03273992632258699,True,10
2014-10,2014-11,1,227,0.045429569646661005,0.058294723463706594,-0.012865153817045588,0.06426382349037112,True,10
2014-10,2014-11,2,228,0.06193976102896151,0.058294723463706594,0.003645037565254916,0.0727561757305023,True,10
2014-10,2014-11,3,228,0.05436250317910314,0.058294723463706594,-0.003932220284603452,0.09279682777101347,True,10
2014-10,2014-11,4,228,0.06702467075652598,0.058294723463706594,0.008729947292819382,0.12524204353177854,True,10
2014-10,2014-11,5,228,0.052973786844949085,0.058294723463706594,-0.005320936618757509,0.05882608178610784,True,10
2014-10,2014-11,6,227,0.07148476045247265,0.058294723463706594,0.013190036988766057,0.10000754553818628,True,10
2014-10,2014-11,7,228,0.0531411352734169,0.058294723463706594,-0.005153588190289694,0.12041714094807644,True,10
2014-10,2014-11,8,228,0.056420720544891244,0.058294723463706594,-0.0018740029188153498,0.09259024358826526,True,10
2014-10,2014-11,9,228,0.05859490980841631,0.058294723463706594,0.00030018634470971306,0.07982904134361639,True,10
2014-10,2014-11,10,228,0.061576842027859784,0.058294723463706594,0.00328211856415319,0.06380579078385493,True,10
2014-11,2014-12,1,227,-0.07392840649930384,-0.02831008113547168,-0.04561832536383216,-0.016023396315981178,True,10
2014-11,2014-12,2,228,-0.061762290219721405,-0.02831008113547168,-0.03345220908424973,0.014539846896522995,True,10
2014-11,2014-12,3,227,-0.0583598461747054,-0.02831008113547168,-0.030049765039233723,0.09383593056020685,True,10
2014-11,2014-12,4,228,-0.057968765051806294,-0.02831008113547168,-0.029658683916334614,0.11531091219322141,True,10
2014-11,2014-12,5,227,-0.052416426150143865,-0.02831008113547168,-0.024106345014672185,0.1968119952198493,True,10
2014-11,2014-12,6,228,-0.03371715428781948,-0.02831008113547168,-0.005407073152347803,0.028778291991173446,True,10
2014-11,2014-12,7,227,-0.033208742649319736,-0.02831008113547168,-0.0048986615138480565,0.07228129873969111,True,10
2014-11,2014-12,8,228,0.004904455469832178,-0.02831008113547168,0.03321453660530386,0.1305824252107039,True,10
2014-11,2014-12,9,227,0.02762150284730969,-0.02831008113547168,0.05593158398278137,0.1941613753180265,True,10
2014-11,2014-12,10,228,0.05552108279539641,-0.02831008113547168,0.08383116393086809,0.2860885682894211,True,10
2014-12,2015-01,1,230,0.0815183858504413,0.07313181539837824,0.008386570452063064,-0.0032028934166121324,True,10
2014-12,2015-01,2,230,0.07188765671236425,0.07313181539837824,-0.0012441586860139908,0.0036433135386790398,True,10
2014-12,2015-01,3,230,0.06139322245595763,0.07313181539837824,-0.011738592942420606,0.033226857527734216,True,10
2014-12,2015-01,4,230,0.06737460586592121,0.07313181539837824,-0.005757209532457022,0.03390233384762666,True,10
2014-12,2015-01,5,230,0.07512820693895726,0.07313181539837824,0.001996391540579026,-0.02789111329398956,True,10
2014-12,2015-01,6,230,0.07603477417698999,0.07313181539837824,0.0029029587786117556,-0.0023509229148962344,True,10
2014-12,2015-01,7,230,0.06840658238577915,0.07313181539837824,-0.004725233012599084,0.026404453544013603,True,10
2014-12,2015-01,8,230,0.08586748705594678,0.07313181539837824,0.012735671657568545,0.03680126917817825,True,10
2014-12,2015-01,9,230,0.07058725595665093,0.07313181539837824,-0.0025445594417273093,-0.001481659639297949,True,10
2014-12,2015-01,10,231,0.07312002783504915,0.07313181539837824,-1.1787563329090922e-05,0.014049109747258436,True,10
2015-01,2015-02,1,231,0.07163671977193133,0.07588406409618892,-0.004247344324257593,0.013889658814422438,True,10
2015-01,2015-02,2,232,0.07510792859898918,0.07588406409618892,-0.000776135497199737,0.046774186577984427,True,10
2015-01,2015-02,3,232,0.0779975838902697,0.07588406409618892,0.0021135197940807815,0.06130269036204001,True,10
2015-01,2015-02,4,232,0.06938516223676278,0.07588406409618892,-0.006498901859426143,0.037731980520883446,True,10
2015-01,2015-02,5,232,0.0696182966749731,0.07588406409618892,-0.006265767421215818,0.06635405268948558,True,10
2015-01,2015-02,6,232,0.07648903529162902,0.07588406409618892,0.0006049711954401044,0.06405109461181568,True,10
2015-01,2015-02,7,232,0.07712052477914945,0.07588406409618892,0.0012364606829605301,0.052735752868628714,True,10
2015-01,2015-02,8,232,0.08054881807708782,0.07588406409618892,0.0046647539808988975,0.06571495129377103,True,10
2015-01,2015-02,9,232,0.0626123867283979,0.07588406409618892,-0.013271677367791015,0.058836388779725995,True,10
2015-01,2015-02,10,232,0.09830587739405985,0.07588406409618892,0.022421813297870935,0.09216283123878401,True,10
2015-02,2015-03,1,229,0.2313377387963708,0.22573867607638692,0.005599062719983866,0.1534124024665483,True,10
2015-02,2015-03,2,229,0.21984922317775862,0.22573867607638692,-0.0058894528986283,0.15967341211566727,True,10
2015-02,2015-03,3,229,0.23712046714595378,0.22573867607638692,0.011381791069566854,0.16125945464252905,True,10
2015-02,2015-03,4,229,0.22425364706086676,0.22573867607638692,-0.0014850290155201673,0.1992977626847918,True,10
2015-02,2015-03,5,230,0.22413021664868343,0.22573867607638692,-0.0016084594277034903,0.192878225002348,True,10
2015-02,2015-03,6,229,0.235782561635403,0.22573867607638692,0.010043885559016086,0.1532037741127721,True,10
2015-02,2015-03,7,229,0.21199077324007587,0.22573867607638692,-0.013747902836311054,0.16769299889630968,True,10
2015-02,2015-03,8,229,0.2332801027827988,0.22573867607638692,0.007541426706411863,0.11005412869913528,True,10
2015-02,2015-03,9,229,0.20563940687843565,0.22573867607638692,-0.02009926919795127,0.14425943976113165,True,10
2015-02,2015-03,10,230,0.23397368649363828,0.22573867607638692,0.00823501041725136,0.15503966925706422,True,10
2015-03,2015-04,1,231,0.17637572318667213,0.16595915613009404,0.010416567056578091,0.1632753701428073,True,10
2015-03,2015-04,2,232,0.15735597581204647,0.16595915613009404,-0.008603180318047576,0.1695371876465091,True,10
2015-03,2015-04,3,232,0.15700089780795637,0.16595915613009404,-0.008958258322137674,0.17834392735045237,True,10
2015-03,2015-04,4,231,0.16986374616781857,0.16595915613009404,0.0039045900377245313,0.15199945080385965,True,10
2015-03,2015-04,5,232,0.15571625091007846,0.16595915613009404,-0.010242905220015586,0.14941918115368064,True,10
2015-03,2015-04,6,232,0.16709661984586463,0.16595915613009404,0.001137463715770587,0.17195827295963081,True,10
2015-03,2015-04,7,231,0.16751641656033384,0.16595915613009404,0.001557260430239793,0.14102156734607332,True,10
2015-03,2015-04,8,232,0.15969765059172675,0.16595915613009404,-0.006261505538367296,0.16855428582624996,True,10
2015-03,2015-04,9,232,0.16923313046515354,0.16595915613009404,0.003273974335059493,0.24966641671883077,True,10
2015-03,2015-04,10,232,0.17980359140813676,0.16595915613009404,0.013844435278042716,0.1449074748697507,True,10
2015-04,2015-05,1,232,0.2663247022994166,0.23399713900824032,0.03232756329117631,0.11365880946117232,True,10
2015-04,2015-05,2,232,0.21223290994992505,0.23399713900824032,-0.021764229058315265,0.08522538084012206,True,10
2015-04,2015-05,3,232,0.25733061393301304,0.23399713900824032,0.023333474924772724,0.17036812317466796,True,10
2015-04,2015-05,4,232,0.24006874695397606,0.23399713900824032,0.006071607945735746,0.10679829297152119,True,10
2015-04,2015-05,5,232,0.23352917910592233,0.23399713900824032,-0.0004679599023179881,0.10628998021425222,True,10
2015-04,2015-05,6,232,0.21296060077687293,0.23399713900824032,-0.02103653823136739,0.012078132455487181,True,10
2015-04,2015-05,7,232,0.2082545139620035,0.23399713900824032,-0.02574262504623681,0.027120311293904204,True,10
2015-04,2015-05,8,232,0.22884728715255218,0.23399713900824032,-0.005149851855688142,0.07134345851705058,True,10
2015-04,2015-05,9,232,0.1943945022584999,0.23399713900824032,-0.039602636749740405,0.05229081027201441,True,10
2015-04,2015-05,10,232,0.28602833369022157,0.23399713900824032,0.05203119468198125,0.09076589865517053,True,10
2015-05,2015-06,1,227,-0.1603203776835229,-0.09936415243806518,-0.06095622524545771,-0.14866284180791747,True,10
2015-05,2015-06,2,228,-0.1030470034725435,-0.09936415243806518,-0.003682851034478324,-0.11787006396359995,True,10
2015-05,2015-06,3,228,-0.08885233347511928,-0.09936415243806518,0.010511818962945896,-0.07042390036535298,True,10
2015-05,2015-06,4,228,-0.06148271437748014,-0.09936415243806518,0.03788143806058504,-0.04186028314107206,True,10
2015-05,2015-06,5,228,-0.07055021870662866,-0.09936415243806518,0.028813933731436522,-0.016791741450294495,True,10
2015-05,2015-06,6,228,-0.07592903030319526,-0.09936415243806518,0.023435122134869923,-0.040118603018039455,True,10
2015-05,2015-06,7,228,-0.08851901577214455,-0.09936415243806518,0.01084513666592063,-0.06548705395759113,True,10
2015-05,2015-06,8,228,-0.09557123435619418,-0.09936415243806518,0.0037929180818710023,-0.08283663991530409,True,10
2015-05,2015-06,9,228,-0.1049075870613359,-0.09936415243806518,-0.0055434346232707266,-0.11376778149443637,True,10
2015-05,2015-06,10,228,-0.14472936103759912,-0.09936415243806518,-0.04536520859953394,-0.16275054053445187,True,10
2015-06,2015-07,1,225,-0.21239286244260216,-0.17932650227107397,-0.0330663601715282,-0.21622498170718776,True,10
2015-06,2015-07,2,226,-0.20897197501464534,-0.17932650227107397,-0.029645472743571377,-0.18584985121263842,True,10
2015-06,2015-07,3,226,-0.19377346438061127,-0.17932650227107397,-0.014446962109537304,-0.16103917648154642,True,10
2015-06,2015-07,4,226,-0.18538086893794864,-0.17932650227107397,-0.006054366666874672,-0.16591561573998298,True,10
2015-06,2015-07,5,226,-0.19258617316265272,-0.17932650227107397,-0.013259670891578756,-0.18748522937969606,True,10
2015-06,2015-07,6,225,-0.18008044529693779,-0.17932650227107397,-0.000753943025863818,-0.11757308529387452,True,10
2015-06,2015-07,7,226,-0.17194456879657197,-0.17932650227107397,0.0073819334745020004,-0.15787951701369254,True,10
2015-06,2015-07,8,226,-0.16219820872170676,-0.17932650227107397,0.017128293549367207,-0.1443834993614108,True,10
2015-06,2015-07,9,226,-0.1381310700090672,-0.17932650227107397,0.04119543226200678,-0.11273521773638337,True,10
2015-06,2015-07,10,226,-0.1479550333072764,-0.17932650227107397,0.031371468963797555,-0.11463138010964631,True,10
2015-07,2015-08,1,218,-0.14011343634334875,-0.13132144570199036,-0.008791990641358383,-0.1830988597897551,True,10
2015-07,2015-08,2,219,-0.1108111260440252,-0.13132144570199036,0.020510319657965168,-0.10047696046508008,True,10
2015-07,2015-08,3,218,-0.11933840209285275,-0.13132144570199036,0.011983043609137614,-0.11709306509185088,True,10
2015-07,2015-08,4,219,-0.12831644996668481,-0.13132144570199036,0.003004995735305549,-0.14201282790081546,True,10
2015-07,2015-08,5,219,-0.11539556133267662,-0.13132144570199036,0.015925884369313748,-0.13407874181050763,True,10
2015-07,2015-08,6,218,-0.1192324030293607,-0.13132144570199036,0.012089042672629668,-0.10587390565317534,True,10
2015-07,2015-08,7,219,-0.12884891216886685,-0.13132144570199036,0.0024725335331235165,-0.12537463303558413,True,10
2015-07,2015-08,8,218,-0.1412985877338428,-0.13132144570199036,-0.009977142031852432,-0.12471239031836984,True,10
2015-07,2015-08,9,219,-0.1591389555936265,-0.13132144570199036,-0.027817509891636144,-0.16574063325018118,True,10
2015-07,2015-08,10,218,-0.1507852842898667,-0.13132144570199036,-0.019463838587876342,-0.17121183100760803,True,10
2015-08,2015-09,1,215,-0.020078772562989712,-0.02953963208807869,0.009460859525088978,-0.05448858256349357,True,10
2015-08,2015-09,2,215,-0.034039648651797955,-0.02953963208807869,-0.004500016563719265,-0.04983134109765818,True,10
2015-08,2015-09,3,215,-0.029732506690065143,-0.02953963208807869,-0.00019287460198645287,-0.06760033333275163,True,10
2015-08,2015-09,4,216,-0.0321762966431942,-0.02953963208807869,-0.0026366645551155095,-0.0669870300073218,True,10
2015-08,2015-09,5,215,-0.020903942237222976,-0.02953963208807869,0.008635689850855714,-0.03985433807647106,True,10
2015-08,2015-09,6,215,-0.032461292298236744,-0.02953963208807869,-0.0029216602101580537,-0.0554603398251835,True,10
2015-08,2015-09,7,216,-0.023992304802631894,-0.02953963208807869,0.005547327285446796,-0.02490216198235088,True,10
2015-08,2015-09,8,215,-0.029381493238844644,-0.02953963208807869,0.0001581388492340463,-0.023569629958660087,True,10
2015-08,2015-09,9,215,-0.03064139679806796,-0.02953963208807869,-0.0011017647099892704,-0.035013184774927646,True,10
2015-08,2015-09,10,216,-0.041944507827461015,-0.02953963208807869,-0.012404875739382325,-0.052974529581328755,True,10
2015-09,2015-10,1,216,0.23199598735292207,0.23210141611206836,-0.00010542875914629213,0.18446068680486424,True,10
2015-09,2015-10,2,216,0.2342699648662185,0.23210141611206836,0.0021685487541501514,0.13469717326027422,True,10
2015-09,2015-10,3,216,0.22024313354034344,0.23210141611206836,-0.011858282571724915,0.15001733624923833,True,10
2015-09,2015-10,4,216,0.22221804264705086,0.23210141611206836,-0.009883373465017498,0.09114435447578068,True,10
2015-09,2015-10,5,217,0.20853239626490397,0.23210141611206836,-0.02356901984716439,0.1487595385272566,True,10
2015-09,2015-10,6,216,0.22137476784388566,0.23210141611206836,-0.010726648268182704,0.12021057666793925,True,10
2015-09,2015-10,7,216,0.23689264664540421,0.23210141611206836,0.004791230533335855,0.1986974440087993,True,10
2015-09,2015-10,8,216,0.2443702649083003,0.23210141611206836,0.01226884879623194,0.19518245733187578,True,10
2015-09,2015-10,9,216,0.2484840227790366,0.23210141611206836,0.016382606666968252,0.20294526322647954,True,10
2015-09,2015-10,10,217,0.252646931976243,0.23210141611206836,0.020545515864174635,0.21122708609264382,True,10
2015-10,2015-11,1,222,0.08216422677891674,0.09868308494155247,-0.01651885816263572,0.04467340934829708,True,10
2015-10,2015-11,2,222,0.12487836931829939,0.09868308494155247,0.026195284376746925,0.05377567507117259,True,10
2015-10,2015-11,3,222,0.1043224990571884,0.09868308494155247,0.005639414115635941,0.02335438767158371,True,10
2015-10,2015-11,4,222,0.10552545537909389,0.09868308494155247,0.00684237043754142,0.03328223549873864,True,10
2015-10,2015-11,5,223,0.10783967501520253,0.09868308494155247,0.009156590073650064,0.03352982355232366,True,10
2015-10,2015-11,6,222,0.07717080854270203,0.09868308494155247,-0.021512276398850436,0.022335000092686498,True,10
2015-10,2015-11,7,222,0.0719190426410095,0.09868308494155247,-0.026764042300542967,0.010232825240695912,True,10
2015-10,2015-11,8,222,0.11476049076756187,0.09868308494155247,0.016077405826009403,0.04894050827734168,True,10
2015-10,2015-11,9,222,0.08899110237784459,0.09868308494155247,-0.009691982563707874,0.0380746198198365,True,10
2015-10,2015-11,10,223,0.1091706921625049,0.09868308494155247,0.010487607220952433,0.06609875070014257,True,10
2015-11,2015-12,1,230,0.04693639409605216,0.06876479237246297,-0.02182839827641081,0.021912832172007436,True,10
2015-11,2015-12,2,230,0.08688946837568605,0.06876479237246297,0.01812467600322308,0.05317545929299445,True,10
2015-11,2015-12,3,230,0.07216224250063803,0.06876479237246297,0.003397450128175064,0.045712006743582424,True,10
2015-11,2015-12,4,230,0.0775426373665229,0.06876479237246297,0.008777844994059938,0.05123667911537541,True,10
2015-11,2015-12,5,230,0.0782104129162138,0.06876479237246297,0.009445620543750838,0.03868556144002217,True,10
2015-11,2015-12,6,230,0.07802555586314179,0.06876479237246297,0.009260763490678822,0.02214975617592581,True,10
2015-11,2015-12,7,230,0.0710375020545334,0.06876479237246297,0.0022727096820704257,0.04247273625968028,True,10
2015-11,2015-12,8,230,0.06858749462328538,0.06876479237246297,-0.0001772977491775879,0.0569288927331415,True,10
2015-11,2015-12,9,230,0.05471482355247776,0.06876479237246297,-0.014049968819985208,0.03474953536081359,True,10
2015-11,2015-12,10,231,0.05360729454056499,0.06876479237246297,-0.01515749783189798,0.046778549277110136,True,10
2015-12,2016-01,1,238,-0.29223218458894523,-0.2951377107742973,0.0029055261853520586,-0.27042711025782185,True,10
2015-12,2016-01,2,238,-0.30354247354498204,-0.2951377107742973,-0.008404762770684748,-0.2456231936565182,True,10
2015-12,2016-01,3,238,-0.29749030135273336,-0.2951377107742973,-0.0023525905784360646,-0.21149536550075243,True,10
2015-12,2016-01,4,238,-0.2927429939129117,-0.2951377107742973,0.002394716861385593,-0.2165494040348524,True,10
2015-12,2016-01,5,238,-0.28927598420987166,-0.2951377107742973,0.005861726564425629,-0.20919358638292193,True,10
2015-12,2016-01,6,238,-0.29726801908633443,-0.2951377107742973,-0.0021303083120371435,-0.2622845846800337,True,10
2015-12,2016-01,7,238,-0.29882713787154475,-0.2951377107742973,-0.003689427097247455,-0.2544721226591612,True,10
2015-12,2016-01,8,238,-0.2885754466619699,-0.2951377107742973,0.0065622641123274095,-0.26555790465553486,True,10
2015-12,2016-01,9,238,-0.2964083946261232,-0.2951377107742973,-0.0012706838518258823,-0.2723538670098517,True,10
2015-12,2016-01,10,237,-0.29501365062643076,-0.2951377107742973,0.00012406014786653374,-0.2954325834884769,True,10
2016-01,2016-02,1,240,-0.02414713835303702,-0.0178973479949629,-0.006249790358074117,-0.03205246873311857,True,10
2016-01,2016-02,2,240,-0.03402178864977217,-0.0178973479949629,-0.01612444065480927,-0.05024710351267125,True,10
2016-01,2016-02,3,241,-0.022961318991335706,-0.0178973479949629,-0.005063970996372805,-0.027149319502823097,True,10
2016-01,2016-02,4,240,-0.015610206226964218,-0.0178973479949629,0.0022871417679986832,-0.019960349009744763,True,10
2016-01,2016-02,5,241,-0.0194750416787435,-0.0178973479949629,-0.0015776936837805997,-0.030294738107853,True,10
2016-01,2016-02,6,240,-0.009172245114527881,-0.0178973479949629,0.00872510288043502,-0.02145161959777716,True,10
2016-01,2016-02,7,240,-0.014339486524193378,-0.0178973479949629,0.003557861470769523,-0.015251361658264753,True,10
2016-01,2016-02,8,241,-0.010008150228987529,-0.0178973479949629,0.007889197765975372,-0.015582572772740486,True,10
2016-01,2016-02,9,240,-0.018942927236612294,-0.0178973479949629,-0.0010455792416493928,-0.017940769869469835,True,10
2016-01,2016-02,10,241,-0.010331897709502328,-0.0178973479949629,0.007565450285460573,-0.007405866111421837,True,10
2016-02,2016-03,1,241,0.17976829674436107,0.19424975429242858,-0.014481457548067511,0.1539222268620733,True,10
2016-02,2016-03,2,241,0.22834791080756817,0.19424975429242858,0.03409815651513959,0.19576691238369653,True,10
2016-02,2016-03,3,242,0.20208987828117508,0.19424975429242858,0.007840123988746506,0.18874026448324638,True,10
2016-02,2016-03,4,241,0.20480384605077795,0.19424975429242858,0.010554091758349371,0.1700617294074138,True,10
2016-02,2016-03,5,242,0.2080090384796997,0.19424975429242858,0.013759284187271126,0.18278795017621663,True,10
2016-02,2016-03,6,241,0.18949752009419987,0.19424975429242858,-0.004752234198228705,0.12272041805089196,True,10
2016-02,2016-03,7,241,0.18794151848045268,0.19424975429242858,-0.0063082358119758986,0.10533887025805527,True,10
2016-02,2016-03,8,242,0.18435747275475933,0.19424975429242858,-0.009892281537669245,0.13154994877510504,True,10
2016-02,2016-03,9,241,0.17426344569008548,0.19424975429242858,-0.0199863086023431,0.13861533563537412,True,10
2016-02,2016-03,10,242,0.18341499575654907,0.19424975429242858,-0.010834758535879507,0.13861878220256463,True,10
2016-03,2016-04,1,245,-0.02489756610162934,-0.006879966092409277,-0.018017600009220064,-0.03925926722444368,True,10
2016-03,2016-04,2,245,-0.015349607292449429,-0.006879966092409277,-0.008469641200040151,-0.026424418612645485,True,10
2016-03,2016-04,3,245,-0.008071075049584016,-0.006879966092409277,-0.0011911089571747394,-0.025883862311301378,True,10
2016-03,2016-04,4,246,-0.012198311377642027,-0.006879966092409277,-0.00531834528523275,-0.013338353524792863,True,10
2016-03,2016-04,5,245,-0.00044486198104979767,-0.006879966092409277,0.0064351041113594794,-0.017998699143782246,True,10
2016-03,2016-04,6,245,-0.004439059407338682,-0.006879966092409277,0.0024409066850705945,-0.0005735594134261704,True,10
2016-03,2016-04,7,246,0.008831026539607973,-0.006879966092409277,0.01571099263201725,-0.009576414493362821,True,10
2016-03,2016-04,8,245,-0.0035052212355348635,-0.006879966092409277,0.0033747448568744133,-0.020395731686455622,True,10
2016-03,2016-04,9,245,-0.0022244290485469932,-0.006879966092409277,0.004655537043862283,-0.01815847301743722,True,10
2016-03,2016-04,10,246,-0.006544344821426677,-0.006879966092409277,0.00033562127098259956,-0.022344241043045086,True,10
2016-04,2016-05,1,247,-0.02009746114719845,-0.015550725996015865,-0.0045467351511825835,-0.012876607937538368,True,10
2016-04,2016-05,2,247,-0.023318180645473013,-0.015550725996015865,-0.007767454649457148,-0.018109521291213158,True,10
2016-04,2016-05,3,247,-0.020089199400310998,-0.015550725996015865,-0.004538473404295133,-0.00600973094267202,True,10
2016-04,2016-05,4,247,-0.026579241398918527,-0.015550725996015865,-0.011028515402902662,-0.01561423902035272,True,10
2016-04,2016-05,5,247,-0.014135198213196068,-0.015550725996015865,0.0014155277828197966,-0.004600045691380981,True,10
2016-04,2016-05,6,247,-0.008799021672166774,-0.015550725996015865,0.006751704323849091,0.007165483843724784,True,10
2016-04,2016-05,7,247,-0.015843040009814575,-0.015550725996015865,-0.00029231401379871055,0.0029261072168722925,True,10
2016-04,2016-05,8,247,-0.008264411794064718,-0.015550725996015865,0.007286314201951147,-0.005709518606509112,True,10
2016-04,2016-05,9,247,-0.010818045282271323,-0.015550725996015865,0.004732680713744542,-0.007510965105936357,True,10
2016-04,2016-05,10,248,-0.007595667112870309,-0.015550725996015865,0.007955058883145556,-0.011945472955496948,True,10
2016-05,2016-06,1,247,0.07277964680392893,0.058577308809862824,0.014202337994066103,0.06209830787387784,True,10
2016-05,2016-06,2,248,0.06334755185762896,0.058577308809862824,0.004770243047766132,0.053372554253079255,True,10
2016-05,2016-06,3,247,0.06342445927261148,0.058577308809862824,0.004847150462748653,0.04950478325771163,True,10
2016-05,2016-06,4,248,0.05785858585654728,0.058577308809862824,-0.0007187229533155426,0.03541133752624141,True,10
2016-05,2016-06,5,248,0.057563905594350685,0.058577308809862824,-0.001013403215512139,0.02353301114986612,True,10
2016-05,2016-06,6,247,0.05101546695477109,0.058577308809862824,-0.007561841855091733,0.020898188160420068,True,10
2016-05,2016-06,7,248,0.048815797000221935,0.058577308809862824,-0.00976151180964089,0.017998562541147747,True,10
2016-05,2016-06,8,247,0.05398251522781358,0.058577308809862824,-0.004594793582049242,0.016370778243621504,True,10
2016-05,2016-06,9,248,0.04427428967393152,0.058577308809862824,-0.014303019135931301,0.017925446057460045,True,10
2016-05,2016-06,10,247,0.07279599703927875,0.058577308809862824,0.014218688229415924,0.01031902809154025,True,10
2016-06,2016-07,1,252,-0.05759699465789001,-0.005113740692252362,-0.05248325396563765,-0.06127295503876388,True,10
2016-06,2016-07,2,252,-0.028984132086600074,-0.005113740692252362,-0.023870391394347712,-0.03477499991947053,True,10
2016-06,2016-07,3,253,-0.02142556806999263,-0.005113740692252362,-0.016311827377740267,-0.02374903127287615,True,10
2016-06,2016-07,4,252,-0.003093683543965281,-0.005113740692252362,0.0020200571482870805,-0.0012738556973360788,True,10
2016-06,2016-07,5,253,0.0008320979466908757,-0.005113740692252362,0.005945838638943237,0.011198179276465844,True,10
2016-06,2016-07,6,252,0.014480442230481385,-0.005113740692252362,0.019594182922733745,0.026904640510512296,True,10
2016-06,2016-07,7,252,0.0204071761067452,-0.005113740692252362,0.02552091679899756,0.04384525352626071,True,10
2016-06,2016-07,8,253,0.0249082941282181,-0.005113740692252362,0.030022034820470462,0.0338824347203916,True,10
2016-06,2016-07,9,252,0.018527234146818193,-0.005113740692252362,0.023640974839070555,0.03479397222108314,True,10
2016-06,2016-07,10,253,-0.019214318631530943,-0.005113740692252362,-0.014100577939278582,0.004404252936770905,True,10
2016-07,2016-08,1,255,0.04985012691230705,0.048508376553982595,0.001341750358324456,0.07299883141415511,True,10
2016-07,2016-08,2,256,0.05336851851949573,0.048508376553982595,0.004860141965513133,0.04007556927162432,True,10
2016-07,2016-08,3,255,0.04109634065508668,0.048508376553982595,-0.007412035898895913,0.035123613085904254,True,10
2016-07,2016-08,4,256,0.05014882912218155,0.048508376553982595,0.0016404525681989537,0.03656691868399213,True,10
2016-07,2016-08,5,255,0.05151467569204184,0.048508376553982595,0.0030062991380592485,0.037317135392419834,True,10
2016-07,2016-08,6,256,0.04323352030103862,0.048508376553982595,-0.005274856252943973,0.03529423810361084,True,10
2016-07,2016-08,7,255,0.052816061343744086,0.048508376553982595,0.0043076847897614914,0.04563981810163057,True,10
2016-07,2016-08,8,256,0.044908747859704064,0.048508376553982595,-0.003599628694278531,0.04068604014143572,True,10
2016-07,2016-08,9,255,0.045571081942150246,0.048508376553982595,-0.0029372946118323487,0.03690389577339348,True,10
2016-07,2016-08,10,256,0.05256924758182383,0.048508376553982595,0.004060871027841237,0.04142269178271451,True,10
2016-08,2016-09,1,256,-0.01958278336256055,-0.008100933381458479,-0.011481849981102072,-0.02884259830870778,True,10
2016-08,2016-09,2,257,-0.008538720007780732,-0.008100933381458479,-0.0004377866263222535,-0.02434016236991731,True,10
2016-08,2016-09,3,257,-0.00995865935893195,-0.008100933381458479,-0.0018577259774734713,-0.024153266845896994,True,10
2016-08,2016-09,4,256,-0.01032847568145959,-0.008100933381458479,-0.0022275423000011115,-0.025875699985938087,True,10
2016-08,2016-09,5,257,-0.010928688063877985,-0.008100933381458479,-0.0028277546824195064,-0.020993475751915888,True,10
2016-08,2016-09,6,257,-0.003039343960414579,-0.008100933381458479,0.005061589421043899,-0.013692360431064643,True,10
2016-08,2016-09,7,256,-0.00471869567508557,-0.008100933381458479,0.0033822377063729087,-0.024459921787613706,True,10
2016-08,2016-09,8,257,-0.011730734880723988,-0.008100933381458479,-0.0036298014992655094,-0.01573587942976417,True,10
2016-08,2016-09,9,257,-0.004642442096081801,-0.008100933381458479,0.003458491285376678,-0.016840833588660564,True,10
2016-08,2016-09,10,257,0.00241902579149643,-0.008100933381458479,0.01051995917295491,-0.013821181152902904,True,10
2016-09,2016-10,1,258,0.04790796400020863,0.035235519007991156,0.012672444992217473,0.02461114530367356,True,10
2016-09,2016-10,2,258,0.031989265179671926,0.035235519007991156,-0.00324625382831923,0.023622107902519042,True,10
2016-09,2016-10,3,258,0.03488503579138424,0.035235519007991156,-0.00035048321660691856,0.04623335417972654,True,10
2016-09,2016-10,4,258,0.0340392767335815,0.035235519007991156,-0.0011962422744096549,0.015166327430280483,True,10
2016-09,2016-10,5,258,0.039481787172363586,0.035235519007991156,0.00424626816437243,0.02953183597651706,True,10
2016-09,2016-10,6,258,0.03619411647697837,0.035235519007991156,0.0009585974689872157,0.02763927190582027,True,10
2016-09,2016-10,7,258,0.03244402889550584,0.035235519007991156,-0.0027914901124853134,0.03252685813176292,True,10
2016-09,2016-10,8,258,0.03511509488646173,0.035235519007991156,-0.00012042412152942633,0.030084319016499664,True,10
2016-09,2016-10,9,258,0.028263138276545016,0.035235519007991156,-0.00697238073144614,0.020791263918327925,True,10
2016-09,2016-10,10,259,0.03204783801987785,0.035235519007991156,-0.0031876809881133047,0.020342511480446614,True,10
2016-10,2016-11,1,257,0.021681369334260417,0.028262861025390537,-0.00658149169113012,0.04818113797935149,True,10
2016-10,2016-11,2,258,0.029098177988517507,0.028262861025390537,0.0008353169631269697,0.0526005454741048,True,10
2016-10,2016-11,3,257,0.039411539039849335,0.028262861025390537,0.011148678014458797,0.06218106147768988,True,10
2016-10,2016-11,4,258,0.03760984931242566,0.028262861025390537,0.009346988287035125,0.06197297049792754,True,10
2016-10,2016-11,5,258,0.03245165999157667,0.028262861025390537,0.004188798966186132,0.03432799087619855,True,10
2016-10,2016-11,6,257,0.03348945804899125,0.028262861025390537,0.005226597023600711,0.04850356405737541,True,10
2016-10,2016-11,7,258,0.01975531594346419,0.028262861025390537,-0.008507545081926346,0.03123461207745835,True,10
2016-10,2016-11,8,257,0.02344213041974452,0.028262861025390537,-0.004820730605646018,0.04502865016818743,True,10
2016-10,2016-11,9,258,0.02159854397168774,0.028262861025390537,-0.006664317053702799,0.01952022672638502,True,10
2016-10,2016-11,10,258,0.02410984160161011,0.028262861025390537,-0.004153019423780428,0.026748092409394367,True,10
2016-11,2016-12,1,260,-0.03687736774538012,-0.04624171391356651,0.009364346168186391,-0.046784205985220345,True,10
2016-11,2016-12,2,260,-0.03329180428568001,-0.04624171391356651,0.012949909627886502,-0.03605133356146421,True,10
2016-11,2016-12,3,261,-0.048011548489685266,-0.04624171391356651,-0.0017698345761187548,-0.02647923043564045,True,10
2016-11,2016-12,4,260,-0.0449167361768821,-0.04624171391356651,0.0013249777366844129,-0.03726318008729824,True,10
2016-11,2016-12,5,261,-0.049137977223703576,-0.04624171391356651,-0.002896263310137065,-0.046114548222327176,True,10
2016-11,2016-12,6,260,-0.0480985429551843,-0.04624171391356651,-0.0018568290416177899,-0.056773132497965624,True,10
2016-11,2016-12,7,260,-0.05554747657236617,-0.04624171391356651,-0.009305762658799656,-0.05944038372151671,True,10
2016-11,2016-12,8,261,-0.04898460756621445,-0.04624171391356651,-0.002742893652647939,-0.05287852507247651,True,10
2016-11,2016-12,9,260,-0.049297937517943966,-0.04624171391356651,-0.0030562236043774546,-0.05123367617324607,True,10
2016-11,2016-12,10,261,-0.048217047046196164,-0.04624171391356651,-0.001975333132629653,-0.07403532063587666,True,10
2016-12,2017-01,1,262,-0.035876611018223356,-0.021915371166072645,-0.013961239852150711,0.0073908802152026255,True,10
2016-12,2017-01,2,262,-0.026281984538596634,-0.021915371166072645,-0.004366613372523989,-0.001730373190134421,True,10
2016-12,2017-01,3,263,-0.02449302772397205,-0.021915371166072645,-0.002577656557899405,0.009711925803809774,True,10
2016-12,2017-01,4,262,-0.012460488921128462,-0.021915371166072645,0.009454882244944183,0.031733377397045535,True,10
2016-12,2017-01,5,263,-0.022063975281550137,-0.021915371166072645,-0.00014860411547749225,0.002439650226049722,True,10
2016-12,2017-01,6,262,-0.018275047014514514,-0.021915371166072645,0.003640324151558131,0.008848367122570817,True,10
2016-12,2017-01,7,262,-0.02211486184733027,-0.021915371166072645,-0.00019949068125762678,0.007143525673004137,True,10
2016-12,2017-01,8,263,-0.014530278070605727,-0.021915371166072645,0.007385093095466918,0.013793426893319638,True,10
2016-12,2017-01,9,262,-0.014967848929212196,-0.021915371166072645,0.006947522236860449,0.02606683985485585,True,10
2016-12,2017-01,10,263,-0.028083826396477413,-0.021915371166072645,-0.006168455230404768,-0.017050632225157313,True,10
2017-01,2017-02,1,262,0.04388807187993609,0.03969243635421021,0.004195635525725883,0.04091731609016025,True,10
2017-01,2017-02,2,262,0.04139379362148532,0.03969243635421021,0.0017013572672751123,0.03649487526669152,True,10
2017-01,2017-02,3,262,0.04193663375628796,0.03969243635421021,0.0022441974020777494,0.004369815310907138,True,10
2017-01,2017-02,4,262,0.046527418644282885,0.03969243635421021,0.0068349822900726775,0.023212848231342537,True,10
2017-01,2017-02,5,262,0.035741651459416414,0.03969243635421021,-0.0039507848947937935,0.032333774367383716,True,10
2017-01,2017-02,6,262,0.04037732087244667,0.03969243635421021,0.0006848845182364643,0.03215918789431367,True,10
2017-01,2017-02,7,262,0.03317594598461389,0.03969243635421021,-0.006516490369596319,0.016245504139213655,True,10
2017-01,2017-02,8,262,0.0366688882166452,0.03969243635421021,-0.003023548137565009,0.018405921849698803,True,10
2017-01,2017-02,9,262,0.04236448984446247,0.03969243635421021,0.002672053490252263,0.03374305565047406,True,10
2017-01,2017-02,10,263,0.0348685610005164,0.03969243635421021,-0.004823875353693809,0.033463090110238264,True,10
2017-02,2017-03,1,261,-0.03754587532160795,-0.02131559735842959,-0.016230277963178358,-0.02352320152818201,True,10
2017-02,2017-03,2,261,-0.0267810111211514,-0.02131559735842959,-0.005465413762721808,-0.02259816710114358,True,10
2017-02,2017-03,3,261,-0.02217033728656517,-0.02131559735842959,-0.000854739928135579,-0.01567996745113236,True,10
2017-02,2017-03,4,261,-0.023137726875091084,-0.02131559735842959,-0.0018221295166614936,-0.028390230662593413,True,10
2017-02,2017-03,5,262,-0.024602560608066,-0.02131559735842959,-0.003286963249636409,-0.011915324359155554,True,10
2017-02,2017-03,6,261,-0.018970933708957454,-0.02131559735842959,0.002344663649472136,0.00566478927827873,True,10
2017-02,2017-03,7,261,-0.0171444341664461,-0.02131559735842959,0.00417116319198349,-0.009807528721565541,True,10
2017-02,2017-03,8,261,-0.012850922449832802,-0.02131559735842959,0.008464674908596788,0.015340325102331893,True,10
2017-02,2017-03,9,261,-0.011406506588957756,-0.02131559735842959,0.009909090769471834,0.00015780154605192186,True,10
2017-02,2017-03,10,262,-0.01854369205552544,-0.02131559735842959,0.0027719053029041513,-0.001777580105353353,True,10
2017-03,2017-04,1,263,-0.08874032826559583,-0.056857979048009294,-0.031882349217586536,-0.05475751513983901,True,10
2017-03,2017-04,2,264,-0.06451758350822243,-0.056857979048009294,-0.007659604460213132,-0.03956452873472793,True,10
2017-03,2017-04,3,264,-0.05175577637652588,-0.056857979048009294,0.005102202671483411,-0.019246237190874326,True,10
2017-03,2017-04,4,264,-0.05939295830941853,-0.056857979048009294,-0.0025349792614092342,-0.018444981797544297,True,10
2017-03,2017-04,5,264,-0.05311181275426411,-0.056857979048009294,0.003746166293745183,-0.02271860395142971,True,10
2017-03,2017-04,6,264,-0.04890637030630049,-0.056857979048009294,0.007951608741708804,-0.024441751814364757,True,10
2017-03,2017-04,7,264,-0.048892780646039205,-0.056857979048009294,0.007965198401970089,-0.008397248267034476,True,10
2017-03,2017-04,8,264,-0.051313108034801304,-0.056857979048009294,0.00554487101320799,-0.02940489706702634,True,10
2017-03,2017-04,9,264,-0.04401936449331166,-0.056857979048009294,0.012838614554697633,-0.019548775293724882,True,10
2017-03,2017-04,10,264,-0.05805047425992255,-0.056857979048009294,-0.0011924952119132595,-0.012053962877030602,True,10
2017-04,2017-05,1,265,-0.10461583296791341,-0.06782202501717262,-0.03679380795074079,-0.08340265472818033,True,10
2017-04,2017-05,2,265,-0.07235187732297181,-0.06782202501717262,-0.004529852305799192,-0.04500854876004877,True,10
2017-04,2017-05,3,265,-0.05640054113505072,-0.06782202501717262,0.0114214838821219,-0.007796856409401732,True,10
2017-04,2017-05,4,265,-0.06820292487603138,-0.06782202501717262,-0.00038089985885876587,0.010095777485170607,True,10
2017-04,2017-05,5,266,-0.06290575403385544,-0.06782202501717262,0.004916270983317178,0.00023869207165736636,True,10
2017-04,2017-05,6,265,-0.06496080555199858,-0.06782202501717262,0.0028612194651740364,-0.006996764899597652,True,10
2017-04,2017-05,7,265,-0.06714065057393338,-0.06782202501717262,0.0006813744432392355,0.00039953032382524076,True,10
2017-04,2017-05,8,265,-0.06362122841430357,-0.06782202501717262,0.004200796602869053,-0.02363727661168656,True,10
2017-04,2017-05,9,265,-0.0683527219828112,-0.06782202501717262,-0.0005306969656385802,-0.026394767477645725,True,10
2017-04,2017-05,10,266,-0.049754644074840294,-0.06782202501717262,0.018067380942332324,-0.042562976751735995,True,10
2017-05,2017-06,1,262,0.01139264771463507,0.04357041217672486,-0.03217776446208979,0.018674211680513402,True,10
2017-05,2017-06,2,263,0.047175737364656536,0.04357041217672486,0.0036053251879316767,0.03524421547093171,True,10
2017-05,2017-06,3,262,0.04435357241552778,0.04357041217672486,0.0007831602388029199,0.014932216348045743,True,10
2017-05,2017-06,4,263,0.05154795175477242,0.04357041217672486,0.00797753957804756,0.04781316261431164,True,10
2017-05,2017-06,5,262,0.046577484671354155,0.04357041217672486,0.0030070724946292954,0.04333746995823236,True,10
2017-05,2017-06,6,263,0.04954461613706382,0.04357041217672486,0.0059742039603389585,0.06215655402034948,True,10
2017-05,2017-06,7,262,0.053260139503355244,0.04357041217672486,0.009689727326630385,0.06548701779499512,True,10
2017-05,2017-06,8,263,0.049953931491624144,0.04357041217672486,0.006383519314899284,0.06772418452970178,True,10
2017-05,2017-06,9,262,0.0416140871123631,0.04357041217672486,-0.001956325064361761,0.05800462065596425,True,10
2017-05,2017-06,10,263,0.040205420790237006,0.04357041217672486,-0.0033649913864878533,0.05122076880031571,True,10
2017-06,2017-07,1,262,-0.028551079872976323,0.004982016529358634,-0.033533096402334955,-0.010257428020128434,True,10
2017-06,2017-07,2,263,-0.0031561086307083457,0.004982016529358634,-0.00813812516006698,0.020970142624363215,True,10
2017-06,2017-07,3,262,0.006228457623499202,0.004982016529358634,0.0012464410941405678,0.03357676140189495,True,10
2017-06,2017-07,4,263,0.01614061182948958,0.004982016529358634,0.011158595300130946,0.02417004086827779,True,10
2017-06,2017-07,5,263,0.015121391085556135,0.004982016529358634,0.0101393745561975,0.039855904439175784,True,10
2017-06,2017-07,6,262,0.019092314420047277,0.004982016529358634,0.014110297890688643,0.04766456887297902,True,10
2017-06,2017-07,7,263,0.0164281609784125,0.004982016529358634,0.011446144449053867,0.059395329450434964,True,10
2017-06,2017-07,8,262,0.009886236510828216,0.004982016529358634,0.004904219981469582,0.02905557250856355,True,10
2017-06,2017-07,9,263,0.0008924144304097132,0.004982016529358634,-0.004089602098948921,0.01578370654462437,True,10
2017-06,2017-07,10,263,-0.0023126974818691035,0.004982016529358634,-0.007294714011227737,0.006321474355446501,True,10
2017-07,2017-08,1,264,0.030415013048322424,0.03225148834278792,-0.0018364752944654943,0.028099286624767086,True,10
2017-07,2017-08,2,265,0.03040959186983632,0.03225148834278792,-0.0018418964729515971,0.0282473987464524,True,10
2017-07,2017-08,3,265,0.03544013611947149,0.03225148834278792,0.0031886477766835744,0.04066903998781894,True,10
2017-07,2017-08,4,265,0.03935408573749381,0.03225148834278792,0.007102597394705895,0.030491542824063706,True,10
2017-07,2017-08,5,265,0.033087040297787605,0.03225148834278792,0.0008355519549996873,0.018319680249770216,True,10
2017-07,2017-08,6,265,0.02558995137017688,0.03225148834278792,-0.0066615369726110395,0.023586351176624592,True,10
2017-07,2017-08,7,265,0.02522565157234694,0.03225148834278792,-0.007025836770440979,0.014036310397941239,True,10
2017-07,2017-08,8,265,0.033550639395310354,0.03225148834278792,0.0012991510525224362,0.02563740516909845,True,10
2017-07,2017-08,9,265,0.039381980340062885,0.03225148834278792,0.007130491997274967,0.027336666310951014,True,10
2017-07,2017-08,10,264,0.030045539245403076,0.03225148834278792,-0.002205949097384842,0.026859851518237398,True,10
2017-08,2017-09,1,267,-0.0014150421556822232,0.016449418351728372,-0.017864460507410595,-0.02413707693521241,True,10
2017-08,2017-09,2,268,0.016107203085168165,0.016449418351728372,-0.0003422152665602078,0.010005311043000596,True,10
2017-08,2017-09,3,268,0.020812617641391667,0.016449418351728372,0.004363199289663295,0.006924311889905473,True,10
2017-08,2017-09,4,267,0.008615542112597041,0.016449418351728372,-0.007833876239131331,0.007165066173367675,True,10
2017-08,2017-09,5,268,0.021162038834500036,0.016449418351728372,0.004712620482771664,0.012493733097730789,True,10
2017-08,2017-09,6,268,0.01377221122375025,0.016449418351728372,-0.002677207127978122,-0.0016386753538582357,True,10
2017-08,2017-09,7,267,0.017984378166064092,0.016449418351728372,0.0015349598143357193,0.010504272199701776,True,10
2017-08,2017-09,8,268,0.017450305719028947,0.016449418351728372,0.0010008873673005743,0.00022481477135555242,True,10
2017-08,2017-09,9,268,0.016727690767489388,0.016449418351728372,0.00027827241576101544,0.013174707617680376,True,10
2017-08,2017-09,10,267,0.03324976412611884,0.016449418351728372,0.016800345774390466,0.030746980333831442,True,10
2017-09,2017-10,1,273,-0.058334195750949336,-0.020417438681068645,-0.037916757069880694,-0.04763561220192936,True,10
2017-09,2017-10,2,273,-0.03973656829848011,-0.020417438681068645,-0.019319129617411463,-0.019694249416613626,True,10
2017-09,2017-10,3,274,-0.02958478780686426,-0.020417438681068645,-0.009167349125795615,0.007563435362347252,True,10
2017-09,2017-10,4,273,-0.01953073513373268,-0.020417438681068645,0.0008867035473359638,0.013241081791025596,True,10
2017-09,2017-10,5,274,-0.01909789710220182,-0.020417438681068645,0.0013195415788668265,0.0014627280626662781,True,10
2017-09,2017-10,6,273,-0.008651011414751783,-0.020417438681068645,0.011766427266316862,0.03725684253629518,True,10
2017-09,2017-10,7,273,-0.0005980170937602388,-0.020417438681068645,0.019819421587308407,0.02319971303478631,True,10
2017-09,2017-10,8,274,-0.006131985725148257,-0.020417438681068645,0.014285452955920389,0.03805104393171281,True,10
2017-09,2017-10,9,273,-0.00813210260225931,-0.020417438681068645,0.012285336078809335,0.030462215693972797,True,10
2017-09,2017-10,10,274,-0.014422626021982167,-0.020417438681068645,0.0059948126590864785,0.029105134098777137,True,10
2017-10,2017-11,1,275,-0.08769397950556249,-0.0641938201313779,-0.023500159374184593,-0.07612144407104661,True,10
2017-10,2017-11,2,276,-0.06852002239414179,-0.0641938201313779,-0.004326202262763895,-0.04284267425974505,True,10
2017-10,2017-11,3,275,-0.0677448774503713,-0.0641938201313779,-0.0035510573189934114,-0.0613112813367656,True,10
2017-10,2017-11,4,276,-0.06605160983286326,-0.0641938201313779,-0.0018577897014853684,-0.03077540911240813,True,10
2017-10,2017-11,5,276,-0.0603751657201561,-0.0641938201313779,0.0038186544112217904,-0.044647605490053935,True,10
2017-10,2017-11,6,275,-0.0625572614782262,-0.0641938201313779,0.0016365586531516957,-0.03840713927259944,True,10
2017-10,2017-11,7,276,-0.06202813528101456,-0.0641938201313779,0.0021656848503633364,-0.023522604066680844,True,10
2017-10,2017-11,8,275,-0.05569172794631138,-0.0641938201313779,0.008502092185066513,-0.009420811449992504,True,10
2017-10,2017-11,9,276,-0.0529881451555388,-0.0641938201313779,0.011205674975839096,-0.010283897111223277,True,10
2017-10,2017-11,10,276,-0.05834855396211106,-0.0641938201313779,0.0058452661692668315,-0.002173959739959678,True,10
2017-11,2017-12,1,281,-0.018324601271145227,-0.017146037436355805,-0.0011785638347894221,0.019663908309326295,True,10
2017-11,2017-12,2,281,-0.015771880298279372,-0.017146037436355805,0.001374157138076433,-0.006706719368372764,True,10
2017-11,2017-12,3,281,-0.015076342087759643,-0.017146037436355805,0.0020696953485961622,0.027087418263838273,True,10
2017-11,2017-12,4,281,-0.023654854990083195,-0.017146037436355805,-0.00650881755372739,-0.021249386642467054,True,10
2017-11,2017-12,5,281,-0.014719771059496988,-0.017146037436355805,0.0024262663768588166,0.010839168764031328,True,10
2017-11,2017-12,6,281,-0.014646899591611102,-0.017146037436355805,0.0024991378447447032,-0.00942512678734878,True,10
2017-11,2017-12,7,281,-0.012375743440264854,-0.017146037436355805,0.004770293996090951,-0.004272338505613026,True,10
2017-11,2017-12,8,281,-0.019284719521657723,-0.017146037436355805,-0.0021386820853019177,-0.01347587026247494,True,10
2017-11,2017-12,9,281,-0.016440012557904504,-0.017146037436355805,0.0007060248784513008,0.0025370382648320857,True,10
2017-11,2017-12,10,281,-0.02116554954535543,-0.017146037436355805,-0.004019512108999625,0.0026220728932988564,True,10
2017-12,2018-01,1,283,-0.05854077182691709,-0.024062559131112222,-0.034478212695804866,-0.047707904360235906,True,10
2017-12,2018-01,2,284,-0.02239364062305029,-0.024062559131112222,0.0016689185080619312,0.035389022445189766,True,10
2017-12,2018-01,3,283,-0.027766045963303978,-0.024062559131112222,-0.0037034868321917554,0.054768361431197524,True,10
2017-12,2018-01,4,284,-0.01238282806027199,-0.024062559131112222,0.011679731070840232,0.031070377963297518,True,10
2017-12,2018-01,5,283,-0.015059067381627822,-0.024062559131112222,0.0090034917494844,0.04378112069261186,True,10
2017-12,2018-01,6,284,-0.012128718562659459,-0.024062559131112222,0.011933840568452763,0.090469797532757,True,10
2017-12,2018-01,7,283,-0.025879082439600513,-0.024062559131112222,-0.001816523308488291,0.06771224952876705,True,10
2017-12,2018-01,8,284,-0.01692038948538201,-0.024062559131112222,0.007142169645730213,0.010355960152950962,True,10
2017-12,2018-01,9,283,-0.018014045152039828,-0.024062559131112222,0.0060485139790723945,0.04301410118196055,True,10
2017-12,2018-01,10,283,-0.03165557658585612,-0.024062559131112222,-0.007593017454743896,0.021936655007759993,True,10
2018-01,2018-02,1,288,-0.042823245115420946,-0.04575966612995241,0.002936421014531461,-0.036223947194205325,True,10
2018-01,2018-02,2,288,-0.047340862438570545,-0.04575966612995241,-0.001581196308618138,-0.015393682710165406,True,10
2018-01,2018-02,3,289,-0.04167737923169729,-0.04575966612995241,0.0040822868982551205,-0.013650982983433877,True,10
2018-01,2018-02,4,288,-0.05554956088725904,-0.04575966612995241,-0.009789894757306634,-0.06442269286240161,True,10
2018-01,2018-02,5,289,-0.04678909644254213,-0.04575966612995241,-0.0010294303125897228,-0.054714763334282365,True,10
2018-01,2018-02,6,288,-0.04701614187393081,-0.04575966612995241,-0.0012564757439783997,-0.05468046295930993,True,10
2018-01,2018-02,7,288,-0.05265856933195931,-0.04575966612995241,-0.006898903202006902,-0.07450387112405729,True,10
2018-01,2018-02,8,289,-0.04214502542222159,-0.04575966612995241,0.0036146407077308207,-0.0558318255897112,True,10
2018-01,2018-02,9,288,-0.04725540185842252,-0.04575966612995241,-0.0014957357284701156,-0.061407872329606865,True,10
2018-01,2018-02,10,289,-0.03440395926748551,-0.04575966612995241,0.011355706862466897,-0.05700324821985062,True,10
2018-02,2018-03,1,288,0.05069928949999791,0.04531959486679754,0.0053796946332003714,-0.00533936958080209,True,10
2018-02,2018-03,2,289,0.05074069799551018,0.04531959486679754,0.005421103128712641,-0.0447274095705196,True,10
2018-02,2018-03,3,289,0.03926685406960585,0.04531959486679754,-0.0060527407971916886,-0.03548649784766373,True,10
2018-02,2018-03,4,289,0.041609064113440355,0.04531959486679754,-0.0037105307533571857,-0.010299514625312835,True,10
2018-02,2018-03,5,289,0.040175545831837384,0.04531959486679754,-0.0051440490349601575,-0.017103643084504495,True,10
2018-02,2018-03,6,289,0.04922347226502776,0.04531959486679754,0.0039038773982302197,-0.0007780978427903483,True,10
2018-02,2018-03,7,289,0.04511514691108073,0.04531959486679754,-0.00020444795571681468,0.009867138958590205,True,10
2018-02,2018-03,8,289,0.04145026774311778,0.04531959486679754,-0.0038693271236797597,0.0028727551593762607,True,10
2018-02,2018-03,9,289,0.0544609806323309,0.04531959486679754,0.00914138576553336,0.011856758090760639,True,10
2018-02,2018-03,10,289,0.040473244466349034,0.04531959486679754,-0.004846350400448507,0.004867219481831875,True,10
2018-03,2018-04,1,291,-0.07454492235926734,-0.041120884672559706,-0.03342403768670763,-0.06337793114489246,True,10
2018-03,2018-04,2,292,-0.04702041435203735,-0.041120884672559706,-0.005899529679477641,-0.02813045527524474,True,10
2018-03,2018-04,3,291,-0.04047834372135128,-0.041120884672559706,0.0006425409512084285,-0.04930455487805988,True,10
2018-03,2018-04,4,292,-0.04800176513259444,-0.041120884672559706,-0.0068808804600347315,-0.027021270505133435,True,10
2018-03,2018-04,5,291,-0.04307982442017543,-0.041120884672559706,-0.001958939747615726,-0.05443961196924941,True,10
2018-03,2018-04,6,292,-0.034809239182415394,-0.041120884672559706,0.006311645490144312,-0.03120345057078453,True,10
2018-03,2018-04,7,291,-0.03615797328865996,-0.041120884672559706,0.004962911383899746,-0.03739741336818082,True,10
2018-03,2018-04,8,292,-0.029246163675269412,-0.041120884672559706,0.011874720997290294,-0.024935305168514697,True,10
2018-03,2018-04,9,291,-0.029897328098327645,-0.041120884672559706,0.01122355657423206,-0.020372430664155568,True,10
2018-03,2018-04,10,292,-0.02803641348359812,-0.041120884672559706,0.013084471188961586,-0.02332028508765782,True,10
2018-04,2018-05,1,295,-0.03551631280563872,-0.009681084470024947,-0.025835228335613768,-0.062487839872598545,True,10
2018-04,2018-05,2,296,-0.01849496613378,-0.009681084470024947,-0.008813881663755052,-0.022518132983933348,True,10
2018-04,2018-05,3,295,-0.011849526513721008,-0.009681084470024947,-0.0021684420436960603,-0.001259687252032388,True,10
2018-04,2018-05,4,296,-0.01365755312416122,-0.009681084470024947,-0.003976468654136273,-0.016999255281834408,True,10
2018-04,2018-05,5,296,-0.014092626793099465,-0.009681084470024947,-0.004411542323074518,-0.008930611024354182,True,10
2018-04,2018-05,6,295,0.00044967258397443795,-0.009681084470024947,0.010130757053999385,-0.0009308505350788274,True,10
2018-04,2018-05,7,296,0.0014661520244701389,-0.009681084470024947,0.011147236494495087,-0.003914260758030615,True,10
2018-04,2018-05,8,295,-0.010063504532861079,-0.009681084470024947,-0.00038242006283613177,,False,10
2018-04,2018-05,9,296,0.001547551854491872,-0.009681084470024947,0.01122863632451682,0.01255203036624311,True,10
2018-04,2018-05,10,296,0.0033385953164669527,-0.009681084470024947,0.0130196797864919,0.040492566610588525,True,10
2018-05,2018-06,1,302,-0.10678527679796676,-0.10691627821560779,0.00013100141764102458,-0.10561590722074041,True,10
2018-05,2018-06,2,303,-0.11229154924743746,-0.10691627821560779,-0.005375271031829679,-0.09108661644497583,True,10
2018-05,2018-06,3,302,-0.11194062129912107,-0.10691627821560779,-0.00502434308351328,-0.09737859283744178,True,10
2018-05,2018-06,4,303,-0.10308654147907793,-0.10691627821560779,0.0038297367365298512,-0.07697158994708968,True,10
2018-05,2018-06,5,302,-0.11165560549344024,-0.10691627821560779,-0.004739327277832453,-0.07790278242631658,True,10
2018-05,2018-06,6,303,-0.1034303610462424,-0.10691627821560779,0.003485917169365388,-0.06243421416946319,True,10
2018-05,2018-06,7,302,-0.09947839592243067,-0.10691627821560779,0.007437882293177114,-0.06165027151053463,True,10
2018-05,2018-06,8,303,-0.10841943382930577,-0.10691627821560779,-0.0015031556136979873,,False,10
2018-05,2018-06,9,302,-0.10815037249666591,-0.10691627821560779,-0.0012340942810581262,-0.07330142893027632,True,10
2018-05,2018-06,10,303,-0.10393594098310774,-0.10691627821560779,0.0029803372325000466,-0.08524695720076779,True,10
2018-06,2018-07,1,307,-0.027491578814065328,0.006059904770965761,-0.033551483585031086,-0.022600395046379083,True,10
2018-06,2018-07,2,307,-0.004252110658175431,0.006059904770965761,-0.010312015429141192,0.004498446505372327,True,10
2018-06,2018-07,3,307,0.015595322654769404,0.006059904770965761,0.009535417883803642,0.02669160613113209,True,10
2018-06,2018-07,4,307,0.0077174080575676636,0.006059904770965761,0.0016575032866019022,-0.009582368624787027,True,10
2018-06,2018-07,5,307,0.009571800250248742,0.006059904770965761,0.0035118954792829806,,False,10
2018-06,2018-07,6,307,0.021689890039893207,0.006059904770965761,0.015629985268927445,0.04739148509719206,True,10
2018-06,2018-07,7,307,0.02154406274182492,0.006059904770965761,0.015484157970859159,0.034279974489295706,True,10
2018-06,2018-07,8,307,0.012428440250289118,0.006059904770965761,0.006368535479323357,0.003413945922600467,True,10
2018-06,2018-07,9,307,0.008599499379969436,0.006059904770965761,0.002539594609003675,-0.009837818950451032,True,10
2018-06,2018-07,10,307,-0.004803686192664125,0.006059904770965761,-0.010863590963629887,-0.0035093612674834073,True,10
2018-07,2018-08,1,310,-0.10966906393575646,-0.078294421451013,-0.03137464248474346,-0.09842666058169518,True,10
2018-07,2018-08,2,311,-0.08827765293285393,-0.078294421451013,-0.009983231481840937,-0.08160755552263285,True,10
2018-07,2018-08,3,311,-0.08321239994088175,-0.078294421451013,-0.00491797848986876,-0.07866478330541857,True,10
2018-07,2018-08,4,311,-0.06863826117306723,-0.078294421451013,0.00965616027794576,,False,10
2018-07,2018-08,5,311,-0.0767711308627595,-0.078294421451013,0.001523290588253498,-0.04769942656087229,True,10
2018-07,2018-08,6,311,-0.0693694971106737,-0.078294421451013,0.0089249243403393,-0.04607504017556469,True,10
2018-07,2018-08,7,311,-0.07294160904429192,-0.078294421451013,0.005352812406721072,-0.054012116008279126,True,10
2018-07,2018-08,8,310,-0.06739326485010935,-0.078294421451013,0.010901156600903641,-0.058964838132757984,True,10
2018-07,2018-08,9,310,-0.07290846633017317,-0.078294421451013,0.005385955120839822,-0.04662180629157636,True,10
2018-07,2018-08,10,310,-0.07379691987034204,-0.078294421451013,0.004497501580670957,-0.05675636810085774,True,10
2018-08,2018-09,1,317,-0.0029582130714857022,-0.0020600504166131597,-0.0008981626548725426,-0.011884728444410577,True,10
2018-08,2018-09,2,318,-0.004174732814815039,-0.0020600504166131597,-0.002114682398201879,-0.0007858764748859985,True,10
2018-08,2018-09,3,318,-0.00271987865997968,-0.0020600504166131597,-0.0006598282433665204,0.004737307221358019,True,10
2018-08,2018-09,4,318,-0.0006659676203991863,-0.0020600504166131597,0.0013940827962139733,0.006850328884030407,True,10
2018-08,2018-09,5,318,-0.00317911742270231,-0.0020600504166131597,-0.0011190670060891505,0.0563653279576868,True,10
2018-08,2018-09,6,318,-0.0037497386870488404,-0.0020600504166131597,-0.0016896882704356807,0.01073844271931212,True,10
2018-08,2018-09,7,318,-0.00364368694825089,-0.0020600504166131597,-0.0015836365316377302,0.023334620596510182,True,10
2018-08,2018-09,8,318,-0.007081748062171618,-0.0020600504166131597,-0.0050216976455584586,,False,10
2018-08,2018-09,9,318,0.0055814841602560075,-0.0020600504166131597,0.007641534576869167,0.045834268454644535,True,10
2018-08,2018-09,10,318,0.0019882705496012823,-0.0020600504166131597,0.004048320966214442,0.044581390530381536,True,10
2018-09,2018-10,1,323,-0.10883826800730367,-0.09404980912846601,-0.01478845887883766,-0.12019229613076934,True,10
2018-09,2018-10,2,324,-0.09511670512929532,-0.09404980912846601,-0.0010668960008293066,-0.09810809364814015,True,10
2018-09,2018-10,3,323,-0.09489787160730943,-0.09404980912846601,-0.0008480624788434199,,False,10
2018-09,2018-10,4,324,-0.09459625095640237,-0.09404980912846601,-0.0005464418279363531,-0.08167921249107346,True,10
2018-09,2018-10,5,324,-0.08889114969709215,-0.09404980912846601,0.005158659431373863,-0.05465328507800239,True,10
2018-09,2018-10,6,323,-0.08558831135639132,-0.09404980912846601,0.008461497772074694,-0.07040939371322345,True,10
2018-09,2018-10,7,324,-0.09532519675601205,-0.09404980912846601,-0.0012753876275460319,-0.08503954467175244,True,10
2018-09,2018-10,8,323,-0.09758987846101834,-0.09404980912846601,-0.003540069332552326,-0.09266813601326575,True,10
2018-09,2018-10,9,324,-0.08780099400146191,-0.09404980912846601,0.0062488151270041065,-0.12528115339151946,True,10
2018-09,2018-10,10,324,-0.0918865365868123,-0.09404980912846601,0.0021632725416537157,-0.1068027066289823,True,10
2018-10,2018-11,1,328,0.029855625783625814,0.058811672794362946,-0.028956047010737132,-0.0039023505461759883,True,10
2018-10,2018-11,2,329,0.054545875653316506,0.058811672794362946,-0.00426579714104644,0.035521397138515334,True,10
2018-10,2018-11,3,328,0.06160332467008878,0.058811672794362946,0.0027916518757258313,0.03949471882847964,True,10
2018-10,2018-11,4,329,0.058675777732505804,0.058811672794362946,-0.0001358950618571414,0.002355925437790643,True,10
2018-10,2018-11,5,329,0.05823291405372334,0.058811672794362946,-0.0005787587406396039,,False,10
2018-10,2018-11,6,328,0.05712616955364377,0.058811672794362946,-0.0016855032407191786,-0.021137886783419643,True,10
2018-10,2018-11,7,329,0.06311398985284643,0.058811672794362946,0.004302317058483482,0.008113209820078454,True,10
2018-10,2018-11,8,328,0.07114170134141835,0.058811672794362946,0.012330028547055408,0.03851454660971584,True,10
2018-10,2018-11,9,329,0.06119024388579211,0.058811672794362946,0.002378571091429166,0.018295907647021437,True,10
2018-10,2018-11,10,329,0.0725839325600465,0.058811672794362946,0.013772259765683553,0.010504015807780197,True,10
2018-11,2018-12,1,334,-0.04928882732343007,-0.042128598272699214,-0.007160229050730854,-0.049236860828588774,True,10
2018-11,2018-12,2,335,-0.044302382464636886,-0.042128598272699214,-0.002173784191937672,,False,10
2018-11,2018-12,3,334,-0.03873328455648865,-0.042128598272699214,0.003395313716210567,-0.048299608567419,True,10
2018-11,2018-12,4,335,-0.03978206405181578,-0.042128598272699214,0.002346534220883434,-0.046124633613312226,True,10
2018-11,2018-12,5,335,-0.04538542004688558,-0.042128598272699214,-0.003256821774186368,-0.031924868592953036,True,10
2018-11,2018-12,6,334,-0.039127036218903434,-0.042128598272699214,0.0030015620537957796,-0.020534686158176392,True,10
2018-11,2018-12,7,334,-0.03424794059282888,-0.042128598272699214,0.007880657679870333,-0.04127478433658957,True,10
2018-11,2018-12,8,334,-0.04194056906088157,-0.042128598272699214,0.00018802921181764604,-0.047199189822418504,True,10
2018-11,2018-12,9,335,-0.04498034085883454,-0.042128598272699214,-0.002851742586135325,-0.031979816911852144,True,10
2018-11,2018-12,10,335,-0.04347631058628393,-0.042128598272699214,-0.0013477123135847147,-0.041320627486296405,True,10
2018-12,2019-01,1,337,-0.08544376858479016,-0.02041017902784628,-0.06503358955694388,-0.07488265677070743,True,10
2018-12,2019-01,2,337,-0.03666205435390065,-0.02041017902784628,-0.01625187532605437,,False,10
2018-12,2019-01,3,336,-0.025640263055601895,-0.02041017902784628,-0.005230084027755613,0.045113687314356846,True,10
2018-12,2019-01,4,338,-0.0123530704567828,-0.02041017902784628,0.008057108571063482,0.030471439088904432,True,10
2018-12,2019-01,5,336,-0.015121087991383744,-0.02041017902784628,0.005289091036462537,0.04342481825649575,True,10
2018-12,2019-01,6,337,-0.00864512826238839,-0.02041017902784628,0.01176505076545789,0.05338726188063761,True,10
2018-12,2019-01,7,338,-0.003132461789655695,-0.02041017902784628,0.017277717238190587,0.04029890917785674,True,10
2018-12,2019-01,8,336,0.003662939484815915,-0.02041017902784628,0.024073118512662195,0.02897442518177704,True,10
2018-12,2019-01,9,337,-0.010571343694536996,-0.02041017902784628,0.009838835333309285,0.03404769944447482,True,10
2018-12,2019-01,10,338,-0.010229330650396686,-0.02041017902784628,0.010180848377449595,0.014723173047195484,True,10
2019-01,2019-02,1,339,0.30561628768157845,0.22500257356498218,0.08061371411659626,0.3277571488625606,True,10
2019-01,2019-02,2,339,0.24462853896346073,0.22500257356498218,0.01962596539847855,0.23538204156189121,True,10
2019-01,2019-02,3,339,0.22769524038226263,0.22500257356498218,0.002692666817280448,0.2096866175266568,True,10
2019-01,2019-02,4,339,0.22562912215948197,0.22500257356498218,0.0006265485944997873,0.19640987473114732,True,10
2019-01,2019-02,5,339,0.21145132872851718,0.22500257356498218,-0.013551244836464998,0.19430315815256952,True,10
2019-01,2019-02,6,339,0.21546090878355034,0.22500257356498218,-0.009541664781431841,0.21694242404058012,True,10
2019-01,2019-02,7,339,0.20375695312795683,0.22500257356498218,-0.021245620437025353,0.15682629506870036,True,10
2019-01,2019-02,8,339,0.20303586974615767,0.22500257356498218,-0.021966703818824512,,False,10
2019-01,2019-02,9,339,0.1995310040008044,0.22500257356498218,-0.025471569564177787,0.10976078432096756,True,10
2019-01,2019-02,10,340,0.2132551352863131,0.22500257356498218,-0.011747438278669087,0.10039904492158643,True,10
2019-02,2019-03,1,340,0.09557128004469491,0.10602885252809925,-0.010457572483404343,0.06970588861082032,True,10
2019-02,2019-03,2,340,0.0995119239487966,0.10602885252809925,-0.006516928579302653,0.07681319721702097,True,10
2019-02,2019-03,3,340,0.11027242124083188,0.10602885252809925,0.004243568712732626,0.019607276627662883,True,10
2019-02,2019-03,4,340,0.10837485548491572,0.10602885252809925,0.002346002956816473,0.03767886319983391,True,10
2019-02,2019-03,5,341,0.09386288685559456,0.10602885252809925,-0.012165965672504692,0.07330365541539918,True,10
2019-02,2019-03,6,340,0.09763073908332286,0.10602885252809925,-0.008398113444776395,,False,10
2019-02,2019-03,7,340,0.11730232890096116,0.10602885252809925,0.011273476372861913,0.10260723769992157,True,10
2019-02,2019-03,8,340,0.11533775166372517,0.10602885252809925,0.009308899135625923,0.09731101452607617,True,10
2019-02,2019-03,9,340,0.11569131464143484,0.10602885252809925,0.009662462113335588,0.08304841162637036,True,10
2019-02,2019-03,10,341,0.10676663571813384,0.10602885252809925,0.000737783190034591,0.08143304454489442,True,10
2019-03,2019-04,1,341,-0.07044642387323442,-0.037634518117065044,-0.03281190575616938,-0.06782532473540268,True,10
2019-03,2019-04,2,341,-0.060557258327681246,-0.037634518117065044,-0.022922740210616202,-0.0346250840220341,True,10
2019-03,2019-04,3,341,-0.03699176673100055,-0.037634518117065044,0.0006427513860644968,-0.03521758691111102,True,10
2019-03,2019-04,4,341,-0.0371947346605995,-0.037634518117065044,0.00043978345646554506,,False,10
2019-03,2019-04,5,341,-0.022058159373592758,-0.037634518117065044,0.015576358743472286,0.010298821675131799,True,10
2019-03,2019-04,6,341,-0.03488592488961783,-0.037634518117065044,0.0027485932274472144,-0.008530297944742473,True,10
2019-03,2019-04,7,341,-0.02986720318392089,-0.037634518117065044,0.007767314933144153,0.00026560880079174695,True,10
2019-03,2019-04,8,341,-0.016527371061070047,-0.037634518117065044,0.021107147055994997,-0.008068897563982214,True,10
2019-03,2019-04,9,341,-0.037787017083527434,-0.037634518117065044,-0.0001524989664623902,0.01781270341021609,True,10
2019-03,2019-04,10,342,-0.030051559401992535,-0.037634518117065044,0.007582958715072509,-7.832480801935832e-05,True,10
2019-04,2019-05,1,342,-0.08100879781536316,-0.04954803791576975,-0.03146075989959341,-0.0811989423710404,True,10
2019-04,2019-05,2,343,-0.04605212019681199,-0.04954803791576975,0.0034959177189577556,-0.055043024312203606,True,10
2019-04,2019-05,3,342,-0.04548227785242053,-0.04954803791576975,0.004065760063349216,-0.05904971348748575,True,10
2019-04,2019-05,4,343,-0.04863504493678185,-0.04954803791576975,0.000912992978987899,-0.0594983455618635,True,10
2019-04,2019-05,5,343,-0.04421348978098129,-0.04954803791576975,0.00533454813478846,-0.03467859565939595,True,10
2019-04,2019-05,6,342,-0.04426166508640027,-0.04954803791576975,0.00528637282936948,-0.05258252651234614,True,10
2019-04,2019-05,7,343,-0.04618621752989501,-0.04954803791576975,0.0033618203858747364,-0.0631843443174875,True,10
2019-04,2019-05,8,342,-0.04612095055578547,-0.04954803791576975,0.0034270873599842808,-0.06961354444499228,True,10
2019-04,2019-05,9,343,-0.04739324451596784,-0.04954803791576975,0.002154793399801909,-0.07250831731235335,True,10
2019-04,2019-05,10,343,-0.04618103601745593,-0.04954803791576975,0.0033670018983138206,,False,10
2019-05,2019-06,1,338,-0.01883300044516591,0.009002343735905402,-0.027835344181071312,,False,10
2019-05,2019-06,2,338,0.015214577372134686,0.009002343735905402,0.006212233636229284,0.08005312957888117,True,10
2019-05,2019-06,3,338,0.005090124006353556,0.009002343735905402,-0.003912219729551846,0.029790115162885947,True,10
2019-05,2019-06,4,338,0.020549741766761487,0.009002343735905402,0.011547398030856085,0.05333551906857836,True,10
2019-05,2019-06,5,338,0.009596869489966103,0.009002343735905402,0.0005945257540607013,0.027088748226292984,True,10
2019-05,2019-06,6,338,0.012787578242567967,0.009002343735905402,0.0037852345066625645,0.024745381652635862,True,10
2019-05,2019-06,7,338,0.01421168578809648,0.009002343735905402,0.005209342052191078,0.03379290415334388,True,10
2019-05,2019-06,8,338,0.013139728969082037,0.009002343735905402,0.004137385233176635,0.03127447142865217,True,10
2019-05,2019-06,9,338,0.012881610306931836,0.009002343735905402,0.0038792665710264337,0.02432591675773882,True,10
2019-05,2019-06,10,339,0.005395193903250789,0.009002343735905402,-0.0036071498326546133,-0.006849990412561206,True,10
2019-06,2019-07,1,338,-0.048643244073977125,-0.01600985840611481,-0.032633385667862315,-0.03959335430946361,True,10
2019-06,2019-07,2,338,-0.025824626274585687,-0.01600985840611481,-0.009814767868470877,-0.017708377894495243,True,10
2019-06,2019-07,3,338,-0.017181858846766165,-0.01600985840611481,-0.0011720004406513551,-0.011846109227488383,True,10
2019-06,2019-07,4,339,-0.009302871566152995,-0.01600985840611481,0.006706986839961815,-0.004671100815364298,True,10
2019-06,2019-07,5,338,-0.019094908616957038,-0.01600985840611481,-0.003085050210842228,,False,10
2019-06,2019-07,6,338,-0.008021475797948123,-0.01600985840611481,0.007988382608166688,0.006534009781400138,True,10
2019-06,2019-07,7,339,-0.003706776950514853,-0.01600985840611481,0.012303081455599957,0.011425919867263339,True,10
2019-06,2019-07,8,338,-0.010237320359306966,-0.01600985840611481,0.005772538046807845,0.0015074446808712586,True,10
2019-06,2019-07,9,338,-0.005511684772888083,-0.01600985840611481,0.010498173633226728,0.0030010996593431206,True,10
2019-06,2019-07,10,339,-0.012640029515619267,-0.01600985840611481,0.0033698288904955437,0.014775359153181846,True,10
2019-07,2019-08,1,337,-0.013728008138419737,-0.011624152383716632,-0.0021038557547031055,-0.014182101337856672,True,10
2019-07,2019-08,2,339,-0.01546028082974694,-0.011624152383716632,-0.0038361284460303076,-0.0051740392023180756,True,10
2019-07,2019-08,3,339,-0.015240122134596742,-0.011624152383716632,-0.00361596975088011,-0.02860946797069029,True,10
2019-07,2019-08,4,337,-0.02340428250786386,-0.011624152383716632,-0.011780130124147229,-0.03523824396033394,True,10
2019-07,2019-08,5,339,-0.009339495258792477,-0.011624152383716632,0.002284657124924155,0.012714016884237464,True,10
2019-07,2019-08,6,339,-0.01807549107571705,-0.011624152383716632,-0.006451338692000418,-0.0004709305855660418,True,10
2019-07,2019-08,7,339,-0.019101379410370906,-0.011624152383716632,-0.007477227026654274,-0.009215055129265364,True,10
2019-07,2019-08,8,339,-0.004823606204333854,-0.011624152383716632,0.006800546179382778,,False,10
2019-07,2019-08,9,339,-0.00699541663446349,-0.011624152383716632,0.0046287357492531414,-0.0136846693082719,True,10
2019-07,2019-08,10,339,0.00984464693602457,-0.011624152383716632,0.021468799319741202,0.013477008074921354,True,10
2019-08,2019-09,1,339,-0.004164381120012749,0.01443477655076629,-0.018599157670779038,0.006883068030422293,True,10
2019-08,2019-09,2,339,0.016409036324796022,0.01443477655076629,0.0019742597740297317,0.020125406317175437,True,10
2019-08,2019-09,3,339,0.023981936748314107,0.01443477655076629,0.009547160197547817,0.01323283781794811,True,10
2019-08,2019-09,4,340,0.00979201702025936,0.01443477655076629,-0.00464275953050693,,False,10
2019-08,2019-09,5,339,0.008114565374157265,0.01443477655076629,-0.006320211176609025,0.01505288860669785,True,10
2019-08,2019-09,6,339,0.019070315282642334,0.01443477655076629,0.004635538731876044,0.011625854818152224,True,10
2019-08,2019-09,7,340,0.014494795416161414,0.01443477655076629,6.001886539512384e-05,0.013909220847678535,True,10
2019-08,2019-09,8,339,0.021237123455997108,0.01443477655076629,0.006802346905230818,0.0016889882667564886,True,10
2019-08,2019-09,9,339,0.020070554163252128,0.01443477655076629,0.005635777612485838,0.021552234791101164,True,10
2019-08,2019-09,10,340,0.015352613766724687,0.01443477655076629,0.0009178372159583965,-0.01598425967707103,True,10
2019-09,2019-10,1,340,-0.02169507221770667,-0.0009207088715128512,-0.02077436334619382,-0.02175508990426848,True,10
2019-09,2019-10,2,340,-0.0007821770368637378,-0.0009207088715128512,0.0001385318346491134,0.024626351475452713,True,10
2019-09,2019-10,3,340,0.0008044988475094919,-0.0009207088715128512,0.001725207719022343,0.007078182276416763,True,10
2019-09,2019-10,4,340,-0.002376490755488644,-0.0009207088715128512,-0.001455781883975793,0.029417434004191164,True,10
2019-09,2019-10,5,341,-0.0010044925198199881,-0.0009207088715128512,-8.378364830713696e-05,,False,10
2019-09,2019-10,6,340,0.002953839860443806,-0.0009207088715128512,0.003874548731956657,0.007215417054549881,True,10
2019-09,2019-10,7,340,0.0007422362617204659,-0.0009207088715128512,0.001662945133233317,0.023653117805035907,True,10
2019-09,2019-10,8,340,0.004001577262773116,-0.0009207088715128512,0.0049222861342859674,0.0070555490130466995,True,10
2019-09,2019-10,9,340,0.009530298468946409,-0.0009207088715128512,0.01045100734045926,0.006926437729747473,True,10
2019-09,2019-10,10,341,-0.001379710459477253,-0.0009207088715128512,-0.0004590015879644019,0.008001101587706885,True,10
2019-10,2019-11,1,340,-0.04197426084692007,-0.022268422204471863,-0.019705838642448206,-0.026913761663895596,True,10
2019-10,2019-11,2,341,-0.024549974169547763,-0.022268422204471863,-0.002281551965075901,-0.018504501675699128,True,10
2019-10,2019-11,3,341,-0.01717558301121106,-0.022268422204471863,0.0050928391932608015,-0.014874347869713039,True,10
2019-10,2019-11,4,341,-0.01579975292738173,-0.022268422204471863,0.006468669277090132,-0.0043498113453394,True,10
2019-10,2019-11,5,341,-0.018474126755624355,-0.022268422204471863,0.0037942954488475074,-0.013156010803361595,True,10
2019-10,2019-11,6,341,-0.01565344645155343,-0.022268422204471863,0.006614975752918431,,False,10
2019-10,2019-11,7,341,-0.019299054713070366,-0.022268422204471863,0.0029693674914014964,-0.007678149735578624,True,10
2019-10,2019-11,8,341,-0.02215518090438086,-0.022268422204471863,0.00011324130009100417,-0.021296234419856078,True,10
2019-10,2019-11,9,341,-0.02169343155628633,-0.022268422204471863,0.0005749906481855339,-0.012875570384458902,True,10
2019-10,2019-11,10,340,-0.02597807784740947,-0.022268422204471863,-0.0037096556429376086,-0.013131433507752728,True,10
2019-11,2019-12,1,340,0.09208354609048257,0.08229990439517376,0.009783641695308806,0.09388403283790796,True,10
2019-11,2019-12,2,342,0.08813697239213215,0.08229990439517376,0.005837067996958392,0.08039055550761642,True,10
2019-11,2019-12,3,341,0.0874769849228685,0.08229990439517376,0.005177080527694736,0.07555152272190457,True,10
2019-11,2019-12,4,342,0.08394746833151533,0.08229990439517376,0.0016475639363415645,0.09554922340135141,True,10
2019-11,2019-12,5,341,0.0813125954951832,0.08229990439517376,-0.0009873088999905605,0.05393702579988699,True,10
2019-11,2019-12,6,342,0.08047782307188726,0.08229990439517376,-0.001822081323286498,0.06989077402585848,True,10
2019-11,2019-12,7,341,0.0720533523647583,0.08229990439517376,-0.010246552030415468,,False,10
2019-11,2019-12,8,342,0.074141094443725,0.08229990439517376,-0.008158809951448756,0.07092969964896874,True,10
2019-11,2019-12,9,341,0.07887670261135563,0.08229990439517376,-0.003423201783818136,0.06207499596318375,True,10
2019-11,2019-12,10,340,0.08453507040685729,0.08229990439517376,0.002235166011683526,0.0801646378950451,True,10
2019-12,2020-01,1,340,0.0061271456327036,0.004667576442080104,0.0014595691906234961,0.09101600178140738,True,10
2019-12,2020-01,2,342,0.022599135195572422,0.004667576442080104,0.017931558753492317,0.054748081332983846,True,10
2019-12,2020-01,3,342,-0.006876835682463757,0.004667576442080104,-0.011544412124543862,0.014744252848111039,True,10
2019-12,2020-01,4,342,0.0015949725704524687,0.004667576442080104,-0.0030726038716276352,-0.016137737841856646,True,10
2019-12,2020-01,5,342,-0.004094873553270618,0.004667576442080104,-0.008762449995350722,-0.017140046586667654,True,10
2019-12,2020-01,6,342,-0.00839471992512618,0.004667576442080104,-0.013062296367206284,,False,10
2019-12,2020-01,7,342,0.008328064664410275,0.004667576442080104,0.0036604882223301707,-0.023731787057123067,True,10
2019-12,2020-01,8,342,-0.002603382849889847,0.004667576442080104,-0.00727095929196995,-0.017010801962890423,True,10
2019-12,2020-01,9,341,0.011659428703951522,0.004667576442080104,0.006991852261871418,-0.009960133101770314,True,10
2019-12,2020-01,10,342,0.0183658091692656,0.004667576442080104,0.013698232727185494,-0.035853155307904755,True,10
2020-01,2020-02,1,342,0.013227122307008257,0.0018558824304086008,0.011371239876599656,0.027561127194063572,True,10
2020-01,2020-02,2,343,0.011823681366929767,0.0018558824304086008,0.009967798936521166,0.0114291630038022,True,10
2020-01,2020-02,3,343,-0.0006828870079408003,0.0018558824304086008,-0.0025387694383494012,0.003933363456000997,True,10
2020-01,2020-02,4,343,-0.009846433245548982,0.0018558824304086008,-0.011702315675957583,-0.043196882738936467,True,10
2020-01,2020-02,5,343,-0.004417033801896461,0.0018558824304086008,-0.006272916232305061,-0.013953635063161158,True,10
2020-01,2020-02,6,341,-0.02462426503845889,0.0018558824304086008,-0.026480147468867492,-0.035836015295674775,True,10
2020-01,2020-02,7,343,-0.017302231474998705,0.0018558824304086008,-0.019158113905407306,,False,10
2020-01,2020-02,8,343,-0.01218733650779099,0.0018558824304086008,-0.01404321893819959,-0.03283092703606112,True,10
2020-01,2020-02,9,343,0.004716409315126291,0.0018558824304086008,0.00286052688471769,0.006170468233213606,True,10
2020-01,2020-02,10,343,0.05773054750226546,0.0018558824304086008,0.05587466507185686,0.032580285994113715,True,10
2020-02,2020-03,1,343,-0.11362974430045626,-0.03773236423934189,-0.07589738006111438,-0.1495010116999228,True,10
2020-02,2020-03,2,343,-0.06121536377700458,-0.03773236423934189,-0.02348299953766269,,False,10
2020-02,2020-03,3,344,-0.03473703457615529,-0.03773236423934189,0.002995329663186601,-0.055293487398387915,True,10
2020-02,2020-03,4,343,-0.031806605869738554,-0.03773236423934189,0.005925758369603337,-0.0541636281392223,True,10
2020-02,2020-03,5,344,-0.019543069942754034,-0.03773236423934189,0.018189294296587857,-0.06744637422938159,True,10
2020-02,2020-03,6,343,-0.014904418583764335,-0.03773236423934189,0.022827945655577556,-0.0434748885266354,True,10
2020-02,2020-03,7,343,-0.011376338271359733,-0.03773236423934189,0.026356025967982158,-0.06884794550176505,True,10
2020-02,2020-03,8,344,-0.01460236195414639,-0.03773236423934189,0.023130002285195503,-0.044308285743809774,True,10
2020-02,2020-03,9,343,-0.027113179472407708,-0.03773236423934189,0.010619184766934183,-0.013208616041833978,True,10
2020-02,2020-03,10,344,-0.04849334967132586,-0.03773236423934189,-0.01076098543198397,-0.038651341616755014,True,10
2020-03,2020-04,1,344,-0.014663015631876821,0.022953620518364505,-0.03761663615024133,-0.004439419170172188,True,10
2020-03,2020-04,2,345,0.0044237887373939095,0.022953620518364505,-0.018529831780970597,0.043304795495849126,True,10
2020-03,2020-04,3,344,0.005835937100398167,0.022953620518364505,-0.017117683417966337,0.046901230504478884,True,10
2020-03,2020-04,4,345,0.015068862495671227,0.022953620518364505,-0.007884758022693278,0.056424676990813494,True,10
2020-03,2020-04,5,345,0.019099891370520844,0.022953620518364505,-0.003853729147843661,,False,10
2020-03,2020-04,6,344,0.029269696424540012,0.022953620518364505,0.006316075906175507,0.03410996502373562,True,10
2020-03,2020-04,7,345,0.018964619046387902,0.022953620518364505,-0.003989001471976603,0.047071467216857836,True,10
2020-03,2020-04,8,344,0.037692212757284786,0.022953620518364505,0.014738592238920281,0.0500207303519336,True,10
2020-03,2020-04,9,345,0.04198478802310248,0.022953620518364505,0.019031167504737975,0.06285605189385797,True,10
2020-03,2020-04,10,345,0.07176180268218454,0.022953620518364505,0.04880818216382004,0.08260962008974704,True,10
2020-04,2020-05,1,345,-0.004740965171681522,0.020191186639264655,-0.024932151810946178,-0.004479965980941601,True,10
2020-04,2020-05,2,346,0.004315382601635589,0.020191186639264655,-0.015875804037629067,-0.003180260809809351,True,10
2020-04,2020-05,3,346,0.021073558315412716,0.020191186639264655,0.000882371676148061,0.005636948265946325,True,10
2020-04,2020-05,4,346,0.03378049815581689,0.020191186639264655,0.013589311516552238,,False,10
2020-04,2020-05,5,346,0.025579224052185535,0.020191186639264655,0.00538803741292088,-0.014315447703198446,True,10
2020-04,2020-05,6,345,0.016886006006572155,0.020191186639264655,-0.0033051806326925004,-0.0058912616206197805,True,10
2020-04,2020-05,7,346,0.02020104878804313,0.020191186639264655,9.862148778475022e-06,-0.014356630064564698,True,10
2020-04,2020-05,8,346,0.02312125455038636,0.020191186639264655,0.002930067911121704,-0.001978745502023647,True,10
2020-04,2020-05,9,346,0.018459072284209455,0.020191186639264655,-0.0017321143550552004,0.024592139970017423,True,10
2020-04,2020-05,10,346,0.043155176022656866,0.020191186639264655,0.02296398938339221,0.026784143069318096,True,10
2020-05,2020-06,1,340,0.052175638687245,0.06923264660437899,-0.017057007917133986,0.10692228358726007,True,10
2020-05,2020-06,2,341,0.06256510572628514,0.06923264660437899,-0.006667540878093847,0.07900081717506005,True,10
2020-05,2020-06,3,340,0.05671625288138908,0.06923264660437899,-0.012516393722989905,0.07082040913953179,True,10
2020-05,2020-06,4,341,0.06392157226186641,0.06923264660437899,-0.005311074342512573,0.06002145763706313,True,10
2020-05,2020-06,5,340,0.06709067670809923,0.06923264660437899,-0.0021419698962797523,0.07221580932430748,True,10
2020-05,2020-06,6,341,0.06627421281457091,0.06923264660437899,-0.0029584337898080765,0.061048310655326926,True,10
2020-05,2020-06,7,340,0.07094023994236391,0.06923264660437899,0.001707593337984925,0.04932338067324759,True,10
2020-05,2020-06,8,341,0.07052858218745443,0.06923264660437899,0.001295935583075447,0.06903862297840409,True,10
2020-05,2020-06,9,340,0.08964799173577483,0.06923264660437899,0.02041534513139584,0.09488180716825012,True,10
2020-05,2020-06,10,341,0.0924380627964916,0.06923264660437899,0.02320541619211261,,False,10
2020-06,2020-07,1,342,0.10970045995465202,0.13965089483782622,-0.0299504348831742,0.19418665731803675,True,10
2020-06,2020-07,2,342,0.1314574100671661,0.13965089483782622,-0.00819348477066012,0.11819647557936543,True,10
2020-06,2020-07,3,342,0.13717683430672853,0.13965089483782622,-0.0024740605310976937,,False,10
2020-06,2020-07,4,342,0.15231110055235597,0.13965089483782622,0.012660205714529749,0.1711492175402582,True,10
2020-06,2020-07,5,342,0.15366280400260837,0.13965089483782622,0.01401190916478215,0.10508576365861275,True,10
2020-06,2020-07,6,342,0.13932956931522508,0.13965089483782622,-0.0003213255226011402,0.0857326412131889,True,10
2020-06,2020-07,7,342,0.1520199627166322,0.13965089483782622,0.012369067878805984,0.1305252054998382,True,10
2020-06,2020-07,8,342,0.14345336671537445,0.13965089483782622,0.0038024718775482302,0.1398315543999053,True,10
2020-06,2020-07,9,342,0.1306017057107853,0.13965089483782622,-0.009049189127040919,0.1379009467692551,True,10
2020-06,2020-07,10,343,0.14677490459883655,0.13965089483782622,0.007124009761010325,0.1555861541714951,True,10
2020-07,2020-08,1,344,0.007026310404608926,0.03585307510929627,-0.028826764704687344,0.021853995089593407,True,10
2020-07,2020-08,2,344,0.03756636994627098,0.03585307510929627,0.001713294836974709,0.03005348047902729,True,10
2020-07,2020-08,3,344,0.02874418214606924,0.03585307510929627,-0.0071088929632270315,,False,10
2020-07,2020-08,4,343,0.035911828886428396,0.03585307510929627,5.875377713212421e-05,0.03437762321614658,True,10
2020-07,2020-08,5,344,0.049897432402228215,0.03585307510929627,0.014044357292931943,0.02775654612403265,True,10
2020-07,2020-08,6,344,0.04327739351805209,0.03585307510929627,0.00742431840875582,0.05457428805669552,True,10
2020-07,2020-08,7,345,0.046773681594877804,0.03585307510929627,0.010920606485581533,0.032601688494386404,True,10
2020-07,2020-08,8,344,0.051855887623345996,0.03585307510929627,0.016002812514049725,0.022093095347356508,True,10
2020-07,2020-08,9,344,0.03163556962731078,0.03585307510929627,-0.00421750548198549,0.013205155853909026,True,10
2020-07,2020-08,10,344,0.025810519790548072,0.03585307510929627,-0.0100425553187482,0.011820369883371566,True,10
2020-08,2020-09,1,344,-0.07060278511707585,-0.06893765709838207,-0.0016651280186937845,-0.05926540822489,True,10
2020-08,2020-09,2,345,-0.057882719010110634,-0.06893765709838207,0.011054938088271432,-0.04727109530756357,True,10
2020-08,2020-09,3,346,-0.07574376528798062,-0.06893765709838207,-0.00680610818959855,,False,10
2020-08,2020-09,4,345,-0.07577241498595066,-0.06893765709838207,-0.006834757887568599,-0.07820699816973849,True,10
2020-08,2020-09,5,345,-0.07170659645984043,-0.06893765709838207,-0.0027689393614583613,-0.058077426835566805,True,10
2020-08,2020-09,6,345,-0.0643813493649374,-0.06893765709838207,0.004556307733444662,-0.05784815526405711,True,10
2020-08,2020-09,7,345,-0.06746185208199702,-0.06893765709838207,0.0014758050163850428,-0.03884244262948554,True,10
2020-08,2020-09,8,346,-0.06764268879724368,-0.06893765709838207,0.0012949683011383856,-0.06522517104073232,True,10
2020-08,2020-09,9,345,-0.06785093067897642,-0.06893765709838207,0.0010867264194056453,-0.061080299384893795,True,10
2020-08,2020-09,10,343,-0.07032838352137814,-0.06893765709838207,-0.0013907264229960775,-0.04338025774314574,True,10
2020-09,2020-10,1,345,0.04361883675500285,0.0020557020939408446,0.041563134661062005,0.01701088073949143,True,10
2020-09,2020-10,2,346,0.00872610019025375,0.0020557020939408446,0.0066703980963129066,0.03256075804087899,True,10
2020-09,2020-10,3,346,-0.0005458048770554592,0.0020557020939408446,-0.0026015069709963037,0.02012644963873536,True,10
2020-09,2020-10,4,346,-0.016116718524323958,0.0020557020939408446,-0.018172420618264802,-0.024204251357267125,True,10
2020-09,2020-10,5,346,-0.010612934871703634,0.0020557020939408446,-0.012668636965644478,,False,10
2020-09,2020-10,6,346,-0.013527304664427454,0.0020557020939408446,-0.015583006758368299,-0.007126623877616456,True,10
2020-09,2020-10,7,346,-0.007044542124130749,0.0020557020939408446,-0.009100244218071594,0.018508425972214082,True,10
2020-09,2020-10,8,346,0.005377015143637139,0.0020557020939408446,0.0033213130496962946,0.01986921255129582,True,10
2020-09,2020-10,9,346,-0.006253667106323125,0.0020557020939408446,-0.008309369200263969,-0.009979254148380086,True,10
2020-09,2020-10,10,346,0.017056165685129562,0.0020557020939408446,0.015000463591188718,0.03469864930548017,True,10
2020-10,2020-11,1,346,-0.006866947354948693,0.029966350096764585,-0.03683329745171328,0.02040099757275893,True,10
2020-10,2020-11,2,347,0.025276380353347085,0.029966350096764585,-0.0046899697434175,0.039751414278170076,True,10
2020-10,2020-11,3,347,0.03834374244331997,0.029966350096764585,0.008377392346555386,0.044371254092236745,True,10
2020-10,2020-11,4,347,0.046269135856257824,0.029966350096764585,0.01630278575949324,0.056982677891627885,True,10
2020-10,2020-11,5,347,0.0426044290853666,0.029966350096764585,0.012638078988602017,0.0573955861349472,True,10
2020-10,2020-11,6,347,0.04538426533160361,0.029966350096764585,0.015417915234839027,,False,10
2020-10,2020-11,7,347,0.031103548021684874,0.029966350096764585,0.0011371979249202892,0.039245901894173645,True,10
2020-10,2020-11,8,347,0.03445346272273586,0.029966350096764585,0.004487112625971276,0.034905503715388614,True,10
2020-10,2020-11,9,347,0.031590980203568576,0.029966350096764585,0.0016246301068039912,0.036549646443685614,True,10
2020-10,2020-11,10,347,0.011398356473437187,0.029966350096764585,-0.018567993623327398,0.0283894957281423,True,10
2020-11,2020-12,1,350,-0.02579928438384085,-0.031405926384793566,0.0056066420009527156,0.04817984500418689,True,10
2020-11,2020-12,2,350,-0.019587905594921285,-0.031405926384793566,0.01181802078987228,0.10072925589086912,True,10
2020-11,2020-12,3,351,-0.044814927749079976,-0.031405926384793566,-0.01340900136428641,-0.01218078769733159,True,10
2020-11,2020-12,4,349,-0.04641354829195019,-0.031405926384793566,-0.015007621907156626,-0.03865014698916105,True,10
2020-11,2020-12,5,351,-0.035496671572480744,-0.031405926384793566,-0.004090745187687178,0.023716822886393398,True,10
2020-11,2020-12,6,350,-0.032137876716017234,-0.031405926384793566,-0.0007319503312236686,-0.003480419977698569,True,10
2020-11,2020-12,7,350,-0.03437006097509372,-0.031405926384793566,-0.002964134590300156,0.009060699846173057,True,10
2020-11,2020-12,8,351,-0.033967040096366995,-0.031405926384793566,-0.002561113711573429,0.059297784332909914,True,10
2020-11,2020-12,9,350,-0.03906670839990788,-0.031405926384793566,-0.0076607820151143174,0.005150865166015054,True,10
2020-11,2020-12,10,351,-0.00247346641574152,-0.031405926384793566,0.028932459969052048,,False,10
2020-12,2021-01,1,353,-0.11852865832695944,-0.06741705024140962,-0.05111160808554982,-0.06605478157858971,True,10
2020-12,2021-01,2,353,-0.08799251722687793,-0.06741705024140962,-0.020575466985468305,-0.055293452192365165,True,10
2020-12,2021-01,3,353,-0.07076088544431854,-0.06741705024140962,-0.0033438352029089152,0.01349224346061265,True,10
2020-12,2021-01,4,353,-0.0803677344304686,-0.06741705024140962,-0.01295068418905898,-0.03982751192893438,True,10
2020-12,2021-01,5,353,-0.0633251825608096,-0.06741705024140962,0.00409186768060002,-0.00396471604468129,True,10
2020-12,2021-01,6,353,-0.059304439356001756,-0.06741705024140962,0.008112610885407864,-0.0008654302746177591,True,10
2020-12,2021-01,7,353,-0.05036254835283467,-0.06741705024140962,0.01705450188857495,-0.003072860910847988,True,10
2020-12,2021-01,8,353,-0.05970638798490739,-0.06741705024140962,0.007710662256502229,,False,10
2020-12,2021-01,9,353,-0.053202590514318485,-0.06741705024140962,0.014214459727091136,0.016402234130072732,True,10
2020-12,2021-01,10,352,-0.030515019886983876,-0.06741705024140962,0.03690203035442574,0.03800807440872325,True,10
2021-01,2021-02,1,353,0.022192385533584658,0.0331509460380988,-0.010958560504514145,-0.031208030619365005,True,10
2021-01,2021-02,2,355,0.03357263562494723,0.0331509460380988,0.0004216895868484269,-0.0007587796199873807,True,10
2021-01,2021-02,3,355,0.034403029256622655,0.0331509460380988,0.0012520832185238528,-0.010754440160153894,True,10
2021-01,2021-02,4,355,0.03343671023757944,0.0331509460380988,0.00028576419948063425,-0.011719882708737837,True,10
2021-01,2021-02,5,355,0.04203672814833514,0.0331509460380988,0.008885782110236336,0.005233258373074979,True,10
2021-01,2021-02,6,354,0.037957995919008086,0.0331509460380988,0.004807049880909284,0.01731069465539679,True,10
2021-01,2021-02,7,355,0.037280803845779496,0.0331509460380988,0.004129857807680694,,False,10
2021-01,2021-02,8,355,0.038563380960586785,0.0331509460380988,0.0054124349224879825,0.020106352082272332,True,10
2021-01,2021-02,9,355,0.03187894371441299,0.0331509460380988,-0.0012720023236858155,-0.004983270471888828,True,10
2021-01,2021-02,10,355,0.020138649756672056,0.0331509460380988,-0.013012296281426746,-0.003964586189533996,True,10
2021-02,2021-03,1,356,-0.007192321791166137,0.015034816825652204,-0.02222713861681834,-0.04284410616256026,True,10
2021-02,2021-03,2,357,0.017098974122921703,0.015034816825652204,0.0020641572972694994,-0.027364977627279116,True,10
2021-02,2021-03,3,357,0.02042061270484087,0.015034816825652204,0.005385795879188667,-0.027145139419398872,True,10
2021-02,2021-03,4,356,0.023676806481710083,0.015034816825652204,0.008641989656057879,,False,10
2021-02,2021-03,5,357,0.01763341989286023,0.015034816825652204,0.002598603067208027,-0.032068147234057834,True,10
2021-02,2021-03,6,357,0.029693985916800582,0.015034816825652204,0.014659169091148378,5.686393204707996e-05,True,10
2021-02,2021-03,7,356,0.02769235292970667,0.015034816825652204,0.012657536104054465,-0.01943985850656948,True,10
2021-02,2021-03,8,357,0.026586027930884912,0.015034816825652204,0.011551211105232708,0.023257762427009353,True,10
2021-02,2021-03,9,357,0.012872550381766703,0.015034816825652204,-0.0021622664438855008,-0.02143633626723971,True,10
2021-02,2021-03,10,357,-0.01813683866914449,0.015034816825652204,-0.03317165549479669,-0.06173290933050515,True,10
2021-03,2021-04,1,357,-0.01794570120003886,0.005995776854322895,-0.023941478054361753,0.028505993393533224,True,10
2021-03,2021-04,2,359,-0.01669223638507195,0.005995776854322895,-0.022688013239394844,0.0043507591809316465,True,10
2021-03,2021-04,3,359,0.011355584436247347,0.005995776854322895,0.0053598075819244525,0.04648582272922552,True,10
2021-03,2021-04,4,358,-0.00047809753810452104,0.005995776854322895,-0.006473874392427416,-0.009644714168741585,True,10
2021-03,2021-04,5,359,-0.0008824137495972614,0.005995776854322895,-0.006878190603920156,0.0059691774860853065,True,10
2021-03,2021-04,6,359,0.007503231458285257,0.005995776854322895,0.001507454603962362,-0.01437951228406054,True,10
2021-03,2021-04,7,358,0.013714920165063127,0.005995776854322895,0.007719143310740232,0.005705631442332139,True,10
2021-03,2021-04,8,359,0.011978535694967457,0.005995776854322895,0.005982758840644562,,False,10
2021-03,2021-04,9,359,0.01149860976506499,0.005995776854322895,0.0055028329107420955,0.00863801868460319,True,10
2021-03,2021-04,10,359,0.03977542590423951,0.005995776854322895,0.03377964904991662,0.05192677798509859,True,10
2021-04,2021-05,1,363,0.09029368949707381,0.0608047177334012,0.029488971763672607,0.10120721113391666,True,10
2021-04,2021-05,2,363,0.06542108419558561,0.0608047177334012,0.0046163664621844056,0.07472269234194737,True,10
2021-04,2021-05,3,364,0.054770111978631485,0.0608047177334012,-0.006034605754769717,0.06525481302396434,True,10
2021-04,2021-05,4,363,0.05705370406309614,0.0608047177334012,-0.003751013670305059,,False,10
2021-04,2021-05,5,364,0.045626370410638654,0.0608047177334012,-0.015178347322762548,0.042658935070448864,True,10
2021-04,2021-05,6,363,0.05409649960090624,0.0608047177334012,-0.006708218132494961,0.03536923734068138,True,10
2021-04,2021-05,7,363,0.05710002996171276,0.0608047177334012,-0.0037046877716884405,0.02735169928239837,True,10
2021-04,2021-05,8,364,0.06584628795757806,0.0608047177334012,0.00504157022417686,0.04231953735191275,True,10
2021-04,2021-05,9,363,0.06661339193201646,0.0608047177334012,0.005808674198615256,0.056498856671308155,True,10
2021-04,2021-05,10,362,0.051244219540244364,0.0608047177334012,-0.009560498193156838,0.032131886844229324,True,10
2021-05,2021-06,1,362,-0.0015501069256906562,0.02859675935508939,-0.030146866280780046,0.0035675183196120955,True,10
2021-05,2021-06,2,362,0.031496208408414404,0.02859675935508939,0.002899449053325013,0.05057943737567269,True,10
2021-05,2021-06,3,362,0.029259382199739177,0.02859675935508939,0.0006626228446497857,0.004872370607197296,True,10
2021-05,2021-06,4,362,0.03235619553189804,0.02859675935508939,0.0037594361768086455,0.0003550832560862442,True,10
2021-05,2021-06,5,363,0.028027846772901262,0.02859675935508939,-0.0005689125821881288,-0.015705283323498218,True,10
2021-05,2021-06,6,362,0.025133223466242187,0.02859675935508939,-0.0034635358888472044,0.008749410809904793,True,10
2021-05,2021-06,7,361,0.030672989376805605,0.02859675935508939,0.002076230021716214,0.00642671989507198,True,10
2021-05,2021-06,8,362,0.027027345805641596,0.02859675935508939,-0.001569413549447795,,False,10
2021-05,2021-06,9,362,0.039118932301909215,0.02859675935508939,0.010522172946819824,-0.030998823176373157,True,10
2021-05,2021-06,10,363,0.04438925795007431,0.02859675935508939,0.01579249859498492,0.04011295414149201,True,10
2021-06,2021-07,1,366,0.02354844608290027,0.0037583140327249725,0.019790132050175296,0.03369577392158427,True,10
2021-06,2021-07,2,367,0.001196104183009592,0.0037583140327249725,-0.0025622098497153807,-0.035864941695740345,True,10
2021-06,2021-07,3,366,0.00972990653326065,0.0037583140327249725,0.005971592500535677,-0.06297905743099037,True,10
2021-06,2021-07,4,367,0.010876014918930959,0.0037583140327249725,0.0071177008862059864,0.011002182163567279,True,10
2021-06,2021-07,5,367,-0.01507718508662912,0.0037583140327249725,-0.018835499119354095,-0.07602873241401871,True,10
2021-06,2021-07,6,366,-0.00982153736312466,0.0037583140327249725,-0.013579851395849633,-0.04310050061130648,True,10
2021-06,2021-07,7,367,-0.010602612896706179,0.0037583140327249725,-0.014360926929431151,-0.06995988755714708,True,10
2021-06,2021-07,8,366,-0.004325222074418453,0.0037583140327249725,-0.008083536107143425,-0.06877364678466708,True,10
2021-06,2021-07,9,367,-0.004962039145895386,0.0037583140327249725,-0.008720353178620358,,False,10
2021-06,2021-07,10,367,0.03703243230684227,0.0037583140327249725,0.0332741182741173,0.012009708014787549,True,10
2021-07,2021-08,1,369,0.028475156611020208,0.06754279965101509,-0.03906764303999488,5.7694482142412045e-06,True,10
2021-07,2021-08,2,369,0.038862230938575736,0.06754279965101509,-0.028680568712439354,-0.012594642197467006,True,10
2021-07,2021-08,3,372,0.053590281451476006,0.06754279965101509,-0.013952518199539084,0.0562618545293838,True,10
2021-07,2021-08,4,371,0.0568690058961158,0.06754279965101509,-0.01067379375489929,0.021713716299818085,True,10
2021-07,2021-08,5,372,0.07908556136755315,0.06754279965101509,0.011542761716538064,0.03916990213209726,True,10
2021-07,2021-08,6,371,0.07974289173770399,0.06754279965101509,0.012200092086688902,0.03409953786007933,True,10
2021-07,2021-08,7,371,0.07626490856321619,0.06754279965101509,0.008722108912201099,0.05788887979680069,True,10
2021-07,2021-08,8,372,0.074211428641575,0.06754279965101509,0.006668628990559908,0.048312192221311404,True,10
2021-07,2021-08,9,371,0.07816005266575819,0.06754279965101509,0.010617253014743103,0.06304901525051082,True,10
2021-07,2021-08,10,371,0.10978977972607191,0.06754279965101509,0.042246980075056825,,False,10
2021-08,2021-09,1,377,-0.044373410539750816,-0.01429698826503893,-0.030076422274711884,0.021877275470479702,True,10
2021-08,2021-09,2,378,-0.025172582996321396,-0.01429698826503893,-0.010875594731282466,-0.03249440279948207,True,10
2021-08,2021-09,3,377,-0.01602155339754952,-0.01429698826503893,-0.0017245651325105884,-0.017572110664915725,True,10
2021-08,2021-09,4,378,-0.00042772774230759254,-0.01429698826503893,0.013869260522731337,0.00834651383346499,True,10
2021-08,2021-09,5,377,0.001262541571610278,-0.01429698826503893,0.015559529836649207,0.04321757271751905,True,10
2021-08,2021-09,6,378,0.0016633438945094661,-0.01429698826503893,0.015960332159548396,0.022470728228062637,True,10
2021-08,2021-09,7,377,-0.0012317950322429288,-0.01429698826503893,0.013065193232796,,False,10
2021-08,2021-09,8,378,-0.006637448837578695,-0.01429698826503893,0.007659539427460235,0.0029387265422235903,True,10
2021-08,2021-09,9,377,-0.013291859174777928,-0.01429698826503893,0.0010051290902610022,-0.004979827255324447,True,10
2021-08,2021-09,10,377,-0.038809983333323556,-0.01429698826503893,-0.024512995068284624,-0.0501624069148777,True,10
2021-09,2021-10,1,384,-0.014781366100423013,-0.020990738248609114,0.006209372148186102,0.007990420645547204,True,10
2021-09,2021-10,2,384,-0.011406377811474184,-0.020990738248609114,0.00958436043713493,0.011095112558263974,True,10
2021-09,2021-10,3,384,-0.01420785347420612,-0.020990738248609114,0.006782884774402994,0.008071332107518342,True,10
2021-09,2021-10,4,384,-0.01920091155966354,-0.020990738248609114,0.0017898266889455755,-0.005435582833198873,True,10
2021-09,2021-10,5,384,-0.03111574479226939,-0.020990738248609114,-0.010125006543660275,-0.02355337541157787,True,10
2021-09,2021-10,6,384,-0.023915280918438166,-0.020990738248609114,-0.002924542669829052,-0.0031102759643591737,True,10
2021-09,2021-10,7,384,-0.0229616502778289,-0.020990738248609114,-0.0019709120292197846,-0.012678437958121484,True,10
2021-09,2021-10,8,384,-0.03282829642360902,-0.020990738248609114,-0.011837558174999908,,False,10
2021-09,2021-10,9,384,-0.017719389417610632,-0.020990738248609114,0.003271348830998482,0.018852813396118974,True,10
2021-09,2021-10,10,383,-0.02177254767260985,-0.020990738248609114,-0.0007818094240007352,-0.019020196787689087,True,10
2021-10,2021-11,1,386,0.05860604028983794,0.1002465402886298,-0.04164049999879185,-0.00713573869672043,True,10
2021-10,2021-11,2,386,0.09984923908126435,0.1002465402886298,-0.00039730120736544694,0.041274460944695425,True,10
2021-10,2021-11,3,386,0.09105263567384614,0.1002465402886298,-0.009193904614783657,,False,10
2021-10,2021-11,4,386,0.10520586010376298,0.1002465402886298,0.004959319815133187,0.039722538057840553,True,10
2021-10,2021-11,5,386,0.10097342761060485,0.1002465402886298,0.0007268873219750532,0.010678298916291623,True,10
2021-10,2021-11,6,386,0.10911829368884615,0.1002465402886298,0.008871753400216356,0.04101578887293423,True,10
2021-10,2021-11,7,386,0.09108733321640952,0.1002465402886298,-0.009159207072220274,0.0006519147641777149,True,10
2021-10,2021-11,8,386,0.0991192337414871,0.1002465402886298,-0.0011273065471427007,0.02447339764016073,True,10
2021-10,2021-11,9,386,0.12056892853209861,0.1002465402886298,0.02032238824346881,-0.020851244391579683,True,10
2021-10,2021-11,10,387,0.1268155792410098,0.1002465402886298,0.02656903895238001,0.04741728858169548,True,10
2021-11,2021-12,1,388,-0.006870537160682856,0.03792152559109629,-0.044792062751779146,-0.009130351857627594,True,10
2021-11,2021-12,2,388,0.03138593080237493,0.03792152559109629,-0.006535594788721358,0.028007501558688256,True,10
2021-11,2021-12,3,388,0.054086852262226745,0.03792152559109629,0.016165326671130457,0.04155497975676572,True,10
2021-11,2021-12,4,389,0.057297881572521366,0.03792152559109629,0.019376355981425078,0.02895857741264615,True,10
2021-11,2021-12,5,388,0.05283801225811466,0.03792152559109629,0.01491648666701837,,False,10
2021-11,2021-12,6,388,0.047838274357601365,0.03792152559109629,0.009916748766505078,0.013121023914040495,True,10
2021-11,2021-12,7,389,0.04591818757830908,0.03792152559109629,0.007996661987212793,0.046648262692778435,True,10
2021-11,2021-12,8,388,0.03990294720585646,0.03792152559109629,0.0019814216147601704,0.01482705947110405,True,10
2021-11,2021-12,9,388,0.04136315234074627,0.03792152559109629,0.003441626749649984,0.003136314255805395,True,10
2021-11,2021-12,10,389,0.015441942747695838,0.03792152559109629,-0.02247958284340045,-0.04303017021240616,True,10
2021-12,2022-01,1,394,-0.11513191859398125,-0.09065700072530886,-0.024474917868672397,-0.1320780660621758,True,10
2021-12,2022-01,2,394,-0.1007597088969662,-0.09065700072530886,-0.010102708171657343,-0.1281761490359679,True,10
2021-12,2022-01,3,394,-0.1024729373488938,-0.09065700072530886,-0.011815936623584947,-0.08754141918249984,True,10
2021-12,2022-01,4,394,-0.07997758117177103,-0.09065700072530886,0.010679419553537822,-0.09009520194418787,True,10
2021-12,2022-01,5,394,-0.08224679144823822,-0.09065700072530886,0.008410209277070632,-0.06925875162987484,True,10
2021-12,2022-01,6,394,-0.07756355152141953,-0.09065700072530886,0.013093449203889329,-0.0796387305690963,True,10
2021-12,2022-01,7,394,-0.07410295568472261,-0.09065700072530886,0.016554045040586246,-0.04389297654518677,True,10
2021-12,2022-01,8,394,-0.09400004922448008,-0.09065700072530886,-0.0033430484991712195,,False,10
2021-12,2022-01,9,394,-0.08510142644530713,-0.09065700072530886,0.005555574280001724,-0.10201305593965063,True,10
2021-12,2022-01,10,394,-0.09521308691730865,-0.09065700072530886,-0.004556086191999792,-0.10708531628294518,True,10
2022-01,2022-02,1,397,0.04771796983569562,0.04890727010803972,-0.001189300272344096,0.04277972945705049,True,10
2022-01,2022-02,2,397,0.04661958026286505,0.04890727010803972,-0.002287689845174669,0.02586112780420781,True,10
2022-01,2022-02,3,397,0.049945955411121,0.04890727010803972,0.0010386853030812798,0.022074857791816477,True,10
2022-01,2022-02,4,397,0.03914290024166292,0.04890727010803972,-0.009764369866376799,0.020200628304332977,True,10
2022-01,2022-02,5,397,0.05307329729118801,0.04890727010803972,0.004166027183148291,0.011601232187695612,True,10
2022-01,2022-02,6,397,0.04711471156543797,0.04890727010803972,-0.001792558542601748,0.026107416162165203,True,10
2022-01,2022-02,7,397,0.044588085999402845,0.04890727010803972,-0.004319184108636874,0.019286112623424157,True,10
2022-01,2022-02,8,397,0.05281442643173326,0.04890727010803972,0.003907156323693539,,False,10
2022-01,2022-02,9,397,0.05539604105190637,0.04890727010803972,0.006488770943866649,0.0554284370920075,True,10
2022-01,2022-02,10,398,0.052650304690687336,0.04890727010803972,0.003743034582647617,0.027082951640353146,True,10
2022-02,2022-03,1,399,-0.014622311326251072,-0.04864568032300601,0.034023368996754934,-0.013385861867539659,True,10
2022-02,2022-03,2,400,-0.0383148434080446,-0.04864568032300601,0.010330836914961408,-0.07640987672281586,True,10
2022-02,2022-03,3,400,-0.06583028297143315,-0.04864568032300601,-0.01718460264842714,-0.06531171969109814,True,10
2022-02,2022-03,4,400,-0.04370459816222737,-0.04864568032300601,0.00494108216077864,-0.06074394123117011,True,10
2022-02,2022-03,5,400,-0.05045085387190646,-0.04864568032300601,-0.001805173548900453,-0.04561106983589736,True,10
2022-02,2022-03,6,400,-0.045924056863138475,-0.04864568032300601,0.0027216234598675323,-0.0796218783188844,True,10
2022-02,2022-03,7,400,-0.04184032440620947,-0.04864568032300601,0.0068053559167965405,,False,10
2022-02,2022-03,8,400,-0.05979888871834245,-0.04864568032300601,-0.011153208395336442,-0.10135613911906237,True,10
2022-02,2022-03,9,400,-0.056330488930881426,-0.04864568032300601,-0.007684808607875418,-0.09119712002153926,True,10
2022-02,2022-03,10,400,-0.06955509614913369,-0.04864568032300601,-0.02090941582612768,-0.09563587615521325,True,10
2022-03,2022-04,1,404,-0.20135124018483572,-0.1491103834443737,-0.05224085674046203,-0.12497857183679809,True,10
2022-03,2022-04,2,404,-0.15485771366558926,-0.1491103834443737,-0.005747330221215569,-0.0866363028317512,True,10
2022-03,2022-04,3,404,-0.14307623264415484,-0.1491103834443737,0.0060341508002188515,-0.06786174231695037,True,10
2022-03,2022-04,4,404,-0.13464593455077128,-0.1491103834443737,0.014464448893602405,-0.027247773728270884,True,10
2022-03,2022-04,5,404,-0.12950556084276962,-0.1491103834443737,0.019604822601604066,-0.0547349214646021,True,10
2022-03,2022-04,6,404,-0.13441064050220744,-0.1491103834443737,0.01469974294216625,-0.09068282545450672,True,10
2022-03,2022-04,7,404,-0.1438857512411901,-0.1491103834443737,0.005224632203183588,,False,10
2022-03,2022-04,8,404,-0.1340736192595242,-0.1491103834443737,0.015036764184849477,-0.07054847447740631,True,10
2022-03,2022-04,9,404,-0.14756024023696612,-0.1491103834443737,0.0015501432074075672,-0.12069035560366913,True,10
2022-03,2022-04,10,405,-0.16769090991357669,-0.1491103834443737,-0.018580526469202996,-0.1373316431101209,True,10
2022-04,2022-05,1,410,0.09287235238080413,0.10801770247323848,-0.015145350092434354,0.05008346271596115,True,10
2022-04,2022-05,2,411,0.10003585052680475,0.10801770247323848,-0.007981851946433735,0.055935843436777336,True,10
2022-04,2022-05,3,410,0.10943942871395088,0.10801770247323848,0.0014217262407123926,,False,10
2022-04,2022-05,4,411,0.11184553067327269,0.10801770247323848,0.003827828200034203,0.0637603031551932,True,10
2022-04,2022-05,5,410,0.11960082418284819,0.10801770247323848,0.011583121709609706,0.050404590155560904,True,10
2022-04,2022-05,6,411,0.10629398799141594,0.10801770247323848,-0.0017237144818225414,0.06542085275699318,True,10
2022-04,2022-05,7,410,0.11110239508892238,0.10801770247323848,0.0030846926156838927,0.05348871009411031,True,10
2022-04,2022-05,8,411,0.10554527887659844,0.10801770247323848,-0.0024724235966400443,0.025889485841846895,True,10
2022-04,2022-05,9,409,0.105167286437072,0.10801770247323848,-0.002850416036166481,0.041131130301714086,True,10
2022-04,2022-05,10,411,0.11826251652347222,0.10801770247323848,0.010244814050233739,0.08956850894278551,True,10
2022-05,2022-06,1,413,0.04946155461064302,0.08264188979287737,-0.03318033518223435,0.1210847874578817,True,10
2022-05,2022-06,2,414,0.06888481096781757,0.08264188979287737,-0.013757078825059804,0.0887112998202942,True,10
2022-05,2022-06,3,413,0.08376835816630239,0.08264188979287737,0.0011264683734250186,0.09946389163248097,True,10
2022-05,2022-06,4,414,0.0823490244775567,0.08264188979287737,-0.0002928653153206756,,False,10
2022-05,2022-06,5,414,0.08317537982052953,0.08264188979287737,0.0005334900276521559,0.09478785131202323,True,10
2022-05,2022-06,6,413,0.08420193278117734,0.08264188979287737,0.0015600429882999672,0.08097554261004498,True,10
2022-05,2022-06,7,414,0.0848306151097235,0.08264188979287737,0.002188725316846135,0.07748634749031633,True,10
2022-05,2022-06,8,412,0.10768620391780696,0.08264188979287737,0.025044314124929593,0.07820130049789972,True,10
2022-05,2022-06,9,414,0.08724005180943573,0.08264188979287737,0.004598162016558355,0.08233409296015098,True,10
2022-05,2022-06,10,411,0.09495754055939658,0.08264188979287737,0.012315650766519207,0.06599470773754801,True,10
2022-06,2022-07,1,403,0.03380849823825511,0.029074764098401998,0.004733734139853112,-0.012042614320019577,True,10
2022-06,2022-07,2,421,0.007538806496405471,0.029074764098401998,-0.021535957601996527,-0.0403068445826862,True,10
2022-06,2022-07,3,419,0.021146518203534255,0.029074764098401998,-0.007928245894867743,-0.04955702013648025,True,10
2022-06,2022-07,4,420,0.026389586558467865,0.029074764098401998,-0.0026851775399341325,-0.039126108669310204,True,10
2022-06,2022-07,5,421,0.019294374941025056,0.029074764098401998,-0.009780389157376942,-0.01771922165088527,True,10
2022-06,2022-07,6,421,0.017100607805043206,0.029074764098401998,-0.011974156293358792,,False,10
2022-06,2022-07,7,419,0.031055163622183374,0.029074764098401998,0.0019803995237813767,-0.03215238829022624,True,10
2022-06,2022-07,8,421,0.03692696359291612,0.029074764098401998,0.007852199494514121,0.004099144491858978,True,10
2022-06,2022-07,9,421,0.04527906716034375,0.029074764098401998,0.016204303061941754,-0.020456462513259183,True,10
2022-06,2022-07,10,414,0.052769791989293484,0.029074764098401998,0.023695027890891486,-0.019579699069331196,True,10
2022-07,2022-08,1,420,-0.06628845157896793,-0.03171686876166505,-0.034571582817302875,-0.07448606444231858,True,10
2022-07,2022-08,2,423,-0.04822724110776154,-0.03171686876166505,-0.016510372346096487,-0.030023696219373907,True,10
2022-07,2022-08,3,423,-0.028082070176073667,-0.03171686876166505,0.003634798585591386,,False,10
2022-07,2022-08,4,423,-0.03571156491691178,-0.03171686876166505,-0.003994696155246724,-0.028029468328142963,True,10
2022-07,2022-08,5,421,-0.011242675354899914,-0.03171686876166505,0.020474193406765137,0.003248954894074922,True,10
2022-07,2022-08,6,422,-0.020549462155300353,-0.03171686876166505,0.0111674066063647,-0.00931909782827821,True,10
2022-07,2022-08,7,423,-0.016479249170126446,-0.03171686876166505,0.015237619591538607,-0.005305933939366678,True,10
2022-07,2022-08,8,423,-0.025655154448148042,-0.03171686876166505,0.00606171431351701,-0.03223425449573517,True,10
2022-07,2022-08,9,423,-0.026075848424545793,-0.03171686876166505,0.00564102033711926,-0.018082511338146853,True,10
2022-07,2022-08,10,422,-0.03899616236105789,-0.03171686876166505,-0.00727929359939284,-0.03916867859326503,True,10
2022-08,2022-09,1,427,-0.10043346232307947,-0.08740519188892543,-0.01302827043415404,-0.0881244501498441,True,10
2022-08,2022-09,2,427,-0.09418527127673898,-0.08740519188892543,-0.0067800793878135535,-0.0866058501747762,True,10
2022-08,2022-09,3,427,-0.09219732455669662,-0.08740519188892543,-0.00479213266777119,-0.05681335353245568,True,10
2022-08,2022-09,4,427,-0.08793991903490586,-0.08740519188892543,-0.0005347271459804348,-0.08497099419689542,True,10
2022-08,2022-09,5,427,-0.08222940973439498,-0.08740519188892543,0.005175782154530448,-0.0672653302211595,True,10
2022-08,2022-09,6,427,-0.08290481133972477,-0.08740519188892543,0.0045003805492006554,-0.06944187318088417,True,10
2022-08,2022-09,7,427,-0.08004483829558437,-0.08740519188892543,0.007360353593341057,,False,10
2022-08,2022-09,8,427,-0.09013522191054033,-0.08740519188892543,-0.0027300300216148987,-0.05293896927759181,True,10
2022-08,2022-09,9,427,-0.08325944488228108,-0.08740519188892543,0.004145747006644343,-0.061902096207148254,True,10
2022-08,2022-09,10,427,-0.08072221553530781,-0.08740519188892543,0.0066829763536176146,-0.06349590752075605,True,10
2022-09,2022-10,1,431,0.015132641117432321,0.0358921101771148,-0.020759469059682477,-0.03786450820324655,True,10
2022-09,2022-10,2,431,0.006027294887312363,0.0358921101771148,-0.029864815289802435,-0.06944090854495215,True,10
2022-09,2022-10,3,431,0.035549169168442536,0.0358921101771148,-0.0003429410086722637,-0.04219734465896537,True,10
2022-09,2022-10,4,432,0.027087170734025497,0.0358921101771148,-0.008804939443089303,-0.008208135114231109,True,10
2022-09,2022-10,5,431,0.04128305275868846,0.0358921101771148,0.00539094258157366,,False,10
2022-09,2022-10,6,431,0.03868795597247592,0.0358921101771148,0.0027958457953611224,-0.08421897159201626,True,10
2022-09,2022-10,7,432,0.044048946042047364,0.0358921101771148,0.008156835864932564,-0.029294052643429335,True,10
2022-09,2022-10,8,431,0.0463210403249592,0.0358921101771148,0.0104289301478444,-0.003734713569441539,True,10
2022-09,2022-10,9,431,0.05443284906859026,0.0358921101771148,0.018540738891475457,-0.0034033620493615874,True,10
2022-09,2022-10,10,432,0.05031901232693822,0.0358921101771148,0.014426902149823423,0.003896172098345394,True,10
2022-10,2022-11,1,434,0.07800423493771304,0.07991552359305493,-0.001911288655341889,0.1072668304338955,True,10
2022-10,2022-11,2,435,0.07940512647096853,0.07991552359305493,-0.0005103971220863923,0.0965509138101526,True,10
2022-10,2022-11,3,434,0.09290613051764669,0.07991552359305493,0.012990606924591766,0.08366615878505321,True,10
2022-10,2022-11,4,435,0.0906508463608502,0.07991552359305493,0.010735322767795277,0.09940751974772988,True,10
2022-10,2022-11,5,434,0.08212094245961012,0.07991552359305493,0.0022054188665551894,,False,10
2022-10,2022-11,6,435,0.0981354496839192,0.07991552359305493,0.018219926090864272,0.0826155956144498,True,10
2022-10,2022-11,7,434,0.08232956730332605,0.07991552359305493,0.0024140437102711243,0.08248213720011004,True,10
2022-10,2022-11,8,435,0.07596472502024999,0.07991552359305493,-0.003950798572804934,0.08349356830092597,True,10
2022-10,2022-11,9,434,0.07249075022378076,0.07991552359305493,-0.007424773369274162,0.07272676598796353,True,10
2022-10,2022-11,10,435,0.04716648365932789,0.07991552359305493,-0.032749039933727034,0.04101097647582431,True,10
2022-11,2022-12,1,438,-0.04193602182238587,-0.037626183676284355,-0.004309838146101516,-0.031620627608929475,True,10
2022-11,2022-12,2,438,-0.036162870148536586,-0.037626183676284355,0.00146331352774777,-0.02297404543134357,True,10
2022-11,2022-12,3,438,-0.03299622874419694,-0.037626183676284355,0.004629954932087413,-0.015332448811402012,True,10
2022-11,2022-12,4,438,-0.029134685103957537,-0.037626183676284355,0.008491498572326818,-0.020093020528801818,True,10
2022-11,2022-12,5,439,-0.025992251944348777,-0.037626183676284355,0.011633931731935578,-0.022917935670889074,True,10
2022-11,2022-12,6,438,-0.0340154668013193,-0.037626183676284355,0.0036107168749650587,,False,10
2022-11,2022-12,7,438,-0.03866221752216198,-0.037626183676284355,-0.0010360338458776236,-0.033401235247179493,True,10
2022-11,2022-12,8,438,-0.04059863713141022,-0.037626183676284355,-0.0029724534551258674,-0.03702559133566055,True,10
2022-11,2022-12,9,438,-0.040905036202470234,-0.037626183676284355,-0.0032788525261858784,0.0018300464834720934,True,10
2022-11,2022-12,10,439,-0.05584339103241187,-0.037626183676284355,-0.018217207356127516,-0.03652391426856082,True,10
2022-12,2023-01,1,442,0.0451146321797204,0.08016342170398873,-0.03504878952426833,0.06845657313729824,True,10
2022-12,2023-01,2,443,0.08084147008985958,0.08016342170398873,0.0006780483858708497,0.0808132202095884,True,10
2022-12,2023-01,3,442,0.08319040539136043,0.08016342170398873,0.003026983687371698,0.05528350715247647,True,10
2022-12,2023-01,4,443,0.08663350812740005,0.08016342170398873,0.00647008642341132,0.07180313226662328,True,10
2022-12,2023-01,5,443,0.08791210846520882,0.08016342170398873,0.007748686761220092,0.06960220831095561,True,10
2022-12,2023-01,6,442,0.08654704596225304,0.08016342170398873,0.006383624258264317,0.07500706475825757,True,10
2022-12,2023-01,7,443,0.0898736305040513,0.08016342170398873,0.00971020880006257,,False,10
2022-12,2023-01,8,442,0.08679934640068054,0.08016342170398873,0.006635924696691817,0.056689239348923455,True,10
2022-12,2023-01,9,443,0.08574619806588919,0.08016342170398873,0.0055827763619004656,0.058687422641106886,True,10
2022-12,2023-01,10,443,0.06893297736840302,0.08016342170398873,-0.011230444335585704,0.05655955867286286,True,10
2023-01,2023-02,1,445,0.015646227319863718,0.034435533662045464,-0.018789306342181747,-0.0008757900745988699,True,10
2023-01,2023-02,2,446,0.02966794132615089,0.034435533662045464,-0.004767592335894574,0.016480546513666542,True,10
2023-01,2023-02,3,446,0.05197652963819965,0.034435533662045464,0.01754099597615419,0.03250841018052772,True,10
2023-01,2023-02,4,445,0.03478837857192807,0.034435533662045464,0.00035284490988260475,,False,10
2023-01,2023-02,5,446,0.03353731234716987,0.034435533662045464,-0.0008982213148755955,0.009621957652534163,True,10
2023-01,2023-02,6,446,0.03659943401032755,0.034435533662045464,0.002163900348282087,0.01977349102293967,True,10
2023-01,2023-02,7,445,0.039807792886917576,0.034435533662045464,0.005372259224872111,0.014181110276463545,True,10
2023-01,2023-02,8,446,0.039215789717392216,0.034435533662045464,0.004780256055346752,0.013632902093317963,True,10
2023-01,2023-02,9,446,0.028230665492266792,0.034435533662045464,-0.0062048681697786726,-0.012154802624431565,True,10
2023-01,2023-02,10,446,0.03485597337703776,0.034435533662045464,0.00042043971499229615,-0.03370441842865526,True,10
2023-02,2023-03,1,447,-0.014312041813513574,-0.011770420032489686,-0.002541621781023887,-0.029224462404754858,True,10
2023-02,2023-03,2,447,-0.017990969435944595,-0.011770420032489686,-0.006220549403454909,-0.019790243190284076,True,10
2023-02,2023-03,3,447,-0.005676491055134991,-0.011770420032489686,0.006093928977354696,-0.01225930971671125,True,10
2023-02,2023-03,4,447,-0.009592204392175731,-0.011770420032489686,0.0021782156403139553,0.0017290497298314766,True,10
2023-02,2023-03,5,448,-0.004998113537270443,-0.011770420032489686,0.006772306495219244,0.01829556698705776,True,10
2023-02,2023-03,6,447,-0.009786294657871675,-0.011770420032489686,0.0019841253746180117,,False,10
2023-02,2023-03,7,447,-0.019278168616732413,-0.011770420032489686,-0.007507748584242727,0.0043679974494018345,True,10
2023-02,2023-03,8,447,-0.02149026445528812,-0.011770420032489686,-0.009719844422798435,-0.0083249787254549,True,10
2023-02,2023-03,9,447,-0.010457955573301725,-0.011770420032489686,0.0013124644591879613,-0.0042737264771515755,True,10
2023-02,2023-03,10,448,-0.0041538865861904944,-0.011770420032489686,0.007616533446299192,0.0009836997179425175,True,10
2023-03,2023-04,1,450,-0.03598279523685109,-0.027557871579520624,-0.008424923657330469,-0.004099424832770977,True,10
2023-03,2023-04,2,451,-0.029765357455187654,-0.027557871579520624,-0.0022074858756670306,0.007502401160736735,True,10
2023-03,2023-04,3,451,-0.036696228360673745,-0.027557871579520624,-0.009138356781153122,-0.03057414255752874,True,10
2023-03,2023-04,4,450,-0.022669449518363395,-0.027557871579520624,0.0048884220611572285,0.043549036547981916,True,10
2023-03,2023-04,5,451,-0.03195059741774572,-0.027557871579520624,-0.004392725838225094,0.013988804451599494,True,10
2023-03,2023-04,6,451,-0.02962828353942546,-0.027557871579520624,-0.0020704119599048373,0.003421145213949692,True,10
2023-03,2023-04,7,450,-0.014137552297661336,-0.027557871579520624,0.013420319281859288,,False,10
2023-03,2023-04,8,451,-0.029459612613911668,-0.027557871579520624,-0.001901741034391044,-0.0297585201638666,True,10
2023-03,2023-04,9,451,-0.01589985298547936,-0.027557871579520624,0.011658018594041263,-0.028328490445475772,True,10
2023-03,2023-04,10,451,-0.029367071031357606,-0.027557871579520624,-0.001809199451836982,-0.014338347576429237,True,10
2023-04,2023-05,1,454,0.0035001650618646206,0.0008704644710813814,0.002629700590783239,-0.020091811810600234,True,10
2023-04,2023-05,2,455,-0.006150222198292003,0.0008704644710813814,-0.007020686669373385,-0.04849191338369904,True,10
2023-04,2023-05,3,454,-0.0019452726561090398,0.0008704644710813814,-0.002815737127190421,-0.0387742373261357,True,10
2023-04,2023-05,4,454,-0.0038927273673374646,0.0008704644710813814,-0.0047631918384188465,-0.03535202147132686,True,10
2023-04,2023-05,5,454,-0.007054542233347468,0.0008704644710813814,-0.007925006704428849,-0.027878452210021876,True,10
2023-04,2023-05,6,455,0.0013048609369315576,0.0008704644710813814,0.00043439646585017623,-0.03563926759837308,True,10
2023-04,2023-05,7,454,-0.003921179523223608,0.0008704644710813814,-0.004791643994304989,-0.02593270158120848,True,10
2023-04,2023-05,8,455,0.003953285354853441,0.0008704644710813814,0.0030828208837720594,-0.03156968202795862,True,10
2023-04,2023-05,9,454,0.016291872572334942,0.0008704644710813814,0.01542140810125356,-0.01848082358174742,True,10
2023-04,2023-05,10,455,0.006613471859903002,0.0008704644710813814,0.00574300738882162,,False,10
2023-05,2023-06,1,450,0.02367599849099113,0.025295510720148087,-0.0016195122291569573,-0.0034201956603375485,True,10
2023-05,2023-06,2,452,0.019247063233873478,0.025295510720148087,-0.006048447486274609,0.007512404985610212,True,10
2023-05,2023-06,3,452,0.03344727644775573,0.025295510720148087,0.008151765727607646,0.018034026493261815,True,10
2023-05,2023-06,4,452,0.016018890880182345,0.025295510720148087,-0.009276619839965743,0.0076012581411593495,True,10
2023-05,2023-06,5,451,0.022834239683753938,0.025295510720148087,-0.002461271036394149,0.023428625027120377,True,10
2023-05,2023-06,6,451,0.020891608307468883,0.025295510720148087,-0.0044039024126792045,0.011221577619861624,True,10
2023-05,2023-06,7,452,0.026998912731490746,0.025295510720148087,0.0017034020113426591,0.0048417885342447635,True,10
2023-05,2023-06,8,452,0.030949407128050756,0.025295510720148087,0.0056538964079026685,,False,10
2023-05,2023-06,9,452,0.027846391202005886,0.025295510720148087,0.0025508804818577986,0.0281322405620954,True,10
2023-05,2023-06,10,452,0.031022964675758873,0.025295510720148087,0.005727453955610785,0.04373386377533177,True,10
2023-06,2023-07,1,454,-0.037390337502805494,0.01282972880428861,-0.05022006630709411,-0.06255113608871717,True,10
2023-06,2023-07,2,456,-0.007541753789467212,0.01282972880428861,-0.020371482593755822,0.005210117228113701,True,10
2023-06,2023-07,3,456,0.016724576307586263,0.01282972880428861,0.0038948475032976534,0.022100907094383355,True,10
2023-06,2023-07,4,457,0.023769564430502918,0.01282972880428861,0.010939835626214308,0.03319030143596391,True,10
2023-06,2023-07,5,457,0.028240896077746113,0.01282972880428861,0.015411167273457503,,False,10
2023-06,2023-07,6,456,0.027638935728052573,0.01282972880428861,0.014809206923763963,0.050077468541085884,True,10
2023-06,2023-07,7,457,0.031714623482704284,0.01282972880428861,0.018884894678415674,0.0648850283015662,True,10
2023-06,2023-07,8,456,0.03454570740091194,0.01282972880428861,0.021715978596623327,0.06241079162713928,True,10
2023-06,2023-07,9,457,0.01529754769630991,0.01282972880428861,0.0024678188920213007,0.03805794508796018,True,10
2023-06,2023-07,10,456,-0.005027348650682153,0.01282972880428861,-0.01785707745497076,-0.007050674910153745,True,10
2023-07,2023-08,1,456,-0.03450582296336568,-0.04345884391744871,0.008953020954083034,-0.0615837723523761,True,10
2023-07,2023-08,2,459,-0.04398358064985428,-0.04345884391744871,-0.0005247367324055716,-0.06715964331208868,True,10
2023-07,2023-08,3,459,-0.05084117172796614,-0.04345884391744871,-0.007382327810517432,-0.061317766270151466,True,10
2023-07,2023-08,4,454,-0.04677483331132624,-0.04345884391744871,-0.003315989393877526,,False,10
2023-07,2023-08,5,458,-0.05450564458296651,-0.04345884391744871,-0.011046800665517796,-0.06275613345772842,True,10
2023-07,2023-08,6,458,-0.04218242230877611,-0.04345884391744871,0.0012764216086725982,-0.04601916060807336,True,10
2023-07,2023-08,7,459,-0.04080409914912252,-0.04345884391744871,0.002654744768326188,-0.04339887703793716,True,10
2023-07,2023-08,8,459,-0.04439115711205937,-0.04345884391744871,-0.000932313194610658,-0.05754423177635491,True,10
2023-07,2023-08,9,459,-0.040400066167588476,-0.04345884391744871,0.003058777749860235,-0.04937069208483427,True,10
2023-07,2023-08,10,456,-0.03615076763790047,-0.04345884391744871,0.007308076279548242,-0.05893163410167062,True,10
2023-08,2023-09,1,462,-0.030681134896653063,0.0009951795505339347,-0.031676314447187,-0.025507183458392237,True,10
2023-08,2023-09,2,462,-0.010773420262568402,0.0009951795505339347,-0.011768599813102337,-0.01597755916884054,True,10
2023-08,2023-09,3,463,0.00915125569704901,0.0009951795505339347,0.008156076146515074,0.005912982341843205,True,10
2023-08,2023-09,4,462,0.0014184310692028901,0.0009951795505339347,0.00042325151866895536,0.0033829836374804256,True,10
2023-08,2023-09,5,463,0.007611522453997852,0.0009951795505339347,0.006616342903463917,-0.0008784921057579196,True,10
2023-08,2023-09,6,462,0.010066571519785959,0.0009951795505339347,0.009071391969252024,-0.0058724747360421594,True,10
2023-08,2023-09,7,462,0.002386417697753462,0.0009951795505339347,0.001391238147219527,-0.00797524635657314,True,10
2023-08,2023-09,8,463,0.002287784285318978,0.0009951795505339347,0.001292604734785043,,False,10
2023-08,2023-09,9,462,0.003680852982413319,0.0009951795505339347,0.0026856734318793842,-0.017397238354889155,True,10
2023-08,2023-09,10,463,0.014738993664885404,0.0009951795505339347,0.01374381411435147,-0.03547285191742954,True,10
2023-09,2023-10,1,466,-0.008373453696360496,-0.007580933537321291,-0.0007925201590392051,-0.014974240565237695,True,10
2023-09,2023-10,2,466,-0.006668196832021188,-0.007580933537321291,0.000912736705300103,-0.03776325894607696,True,10
2023-09,2023-10,3,466,-0.008136470204934883,-0.007580933537321291,-0.0005555366676135917,-0.016823564751248733,True,10
2023-09,2023-10,4,466,-0.008073342260749678,-0.007580933537321291,-0.0004924087234283864,,False,10
2023-09,2023-10,5,466,-0.0039083031040546435,-0.007580933537321291,0.003672630433266648,-0.01644892861264167,True,10
2023-09,2023-10,6,466,-0.006839998580475112,-0.007580933537321291,0.0007409349568461791,-0.021092384450079212,True,10
2023-09,2023-10,7,466,-0.01587366366930412,-0.007580933537321291,-0.008292730131982827,-0.02778664789936774,True,10
2023-09,2023-10,8,466,-0.012183598469555473,-0.007580933537321291,-0.004602664932234182,-0.0209326923206817,True,10
2023-09,2023-10,9,466,-0.0027211297869918043,-0.007580933537321291,0.004859803750329487,-0.01747861215152637,True,10
2023-09,2023-10,10,467,-0.003040921284329879,-0.007580933537321291,0.004540012252991412,-0.04959237686997943,True,10
2023-10,2023-11,1,469,0.03233460096680687,0.03634840331059544,-0.004013802343788571,-0.01408971452973742,True,10
2023-10,2023-11,2,469,0.04498651018078736,0.03634840331059544,0.008638106870191918,0.010190226857264778,True,10
2023-10,2023-11,3,469,0.03972196497156554,0.03634840331059544,0.003373561660970102,0.01019257431607213,True,10
2023-10,2023-11,4,469,0.03928220589715751,0.03634840331059544,0.002933802586562069,0.008084356281380108,True,10
2023-10,2023-11,5,470,0.03438362379810025,0.03634840331059544,-0.001964779512495192,-0.01217819439061984,True,10
2023-10,2023-11,6,469,0.033635842394577585,0.03634840331059544,-0.0027125609160178546,0.021737215312884153,True,10
2023-10,2023-11,7,469,0.03341188416444023,0.03634840331059544,-0.0029365191461552115,-0.006264523607993085,True,10
2023-10,2023-11,8,469,0.032994721183157966,0.03634840331059544,-0.003353682127437474,,False,10
2023-10,2023-11,9,469,0.03262612780281867,0.03634840331059544,-0.003722275507776769,-0.013181222193891758,True,10
2023-10,2023-11,10,470,0.040102736067981905,0.03634840331059544,0.003754332757386465,0.00823375641898561,True,10
2023-11,2023-12,1,471,-0.02279196691691725,-0.02043552461337411,-0.0023564423035431423,-0.035474713238879726,True,10
2023-11,2023-12,2,472,-0.0201637192660244,-0.02043552461337411,0.000271805347349708,-0.014053018962625447,True,10
2023-11,2023-12,3,472,-0.02534106531566845,-0.02043552461337411,-0.004905540702294341,-0.015169771151633886,True,10
2023-11,2023-12,4,471,-0.016900878940889714,-0.02043552461337411,0.003534645672484394,-0.010525601247473149,True,10
2023-11,2023-12,5,472,-0.025974502831440413,-0.02043552461337411,-0.0055389782180663046,,False,10
2023-11,2023-12,6,472,-0.018330676139387755,-0.02043552461337411,0.002104848473986353,-0.01775825169967682,True,10
2023-11,2023-12,7,471,-0.01780755399728135,-0.02043552461337411,0.002627970616092757,-0.01596794602065336,True,10
2023-11,2023-12,8,472,-0.015158882208692402,-0.02043552461337411,0.005276642404681706,-0.019481727980590707,True,10
2023-11,2023-12,9,472,-0.01968750258197684,-0.02043552461337411,0.0007480220313972677,-0.02543538666759952,True,10
2023-11,2023-12,10,472,-0.022190434007528133,-0.02043552461337411,-0.0017549093941540243,-0.04033698007553234,True,10
2023-12,2024-01,1,474,-0.22178939979600987,-0.18405382276071777,-0.037735577035292095,-0.2155058912342358,True,10
2023-12,2024-01,2,474,-0.18731194866991963,-0.18405382276071777,-0.0032581259092018533,-0.14189933914524094,True,10
2023-12,2024-01,3,474,-0.1759913186507375,-0.18405382276071777,0.008062504109980273,-0.11359775499078993,True,10
2023-12,2024-01,4,474,-0.16357194539531814,-0.18405382276071777,0.020481877365399637,-0.053529461979255455,True,10
2023-12,2024-01,5,475,-0.16933360294942196,-0.18405382276071777,0.014720219811295815,-0.0783273306172075,True,10
2023-12,2024-01,6,474,-0.16045714198894193,-0.18405382276071777,0.023596680771775846,-0.03866383441687432,True,10
2023-12,2024-01,7,474,-0.16747382593421942,-0.18405382276071777,0.016579996826498355,-0.06581871822329821,True,10
2023-12,2024-01,8,474,-0.17820710191608183,-0.18405382276071777,0.005846720844635944,-0.11827664161520532,True,10
2023-12,2024-01,9,474,-0.19833663575433522,-0.18405382276071777,-0.014282812993617444,,False,10
2023-12,2024-01,10,475,-0.21802469336486563,-0.18405382276071777,-0.03397087060414786,-0.16585246763279482,True,10
2024-01,2024-02,1,475,0.07103042890153606,0.059845569653526116,0.011184859248009944,0.11697692996837268,True,10
2024-01,2024-02,2,475,0.07475042741305707,0.059845569653526116,0.014904857759530953,0.09273439789966971,True,10
2024-01,2024-02,3,475,0.09294604592361431,0.059845569653526116,0.0331004762700882,0.11346677661414184,True,10
2024-01,2024-02,4,475,0.06968872837530679,0.059845569653526116,0.009843158721780675,0.08821387454857786,True,10
2024-01,2024-02,5,475,0.069064177102578,0.059845569653526116,0.00921860744905189,0.06989457054279456,True,10
2024-01,2024-02,6,475,0.06772633945542195,0.059845569653526116,0.00788076980189583,0.08848029420885786,True,10
2024-01,2024-02,7,475,0.06248900990006414,0.059845569653526116,0.002643440246538023,,False,10
2024-01,2024-02,8,475,0.04780793121612499,0.059845569653526116,-0.012037638437401126,0.08425950641609321,True,10
2024-01,2024-02,9,475,0.0362048545097312,0.059845569653526116,-0.023640715143794913,0.0933888367394404,True,10
2024-01,2024-02,10,475,0.0067477537378266015,0.059845569653526116,-0.053097815915699516,0.05868019277320043,True,10
2024-02,2024-03,1,476,0.04868137742580381,0.047685206919532645,0.0009961705062711615,0.0067373815148159,True,10
2024-02,2024-03,2,476,0.0552866564188665,0.047685206919532645,0.007601449499333855,0.03445479292555117,True,10
2024-02,2024-03,3,477,0.03910196915839413,0.047685206919532645,-0.008583237761138514,0.004894919162534582,True,10
2024-02,2024-03,4,476,0.049813710797685866,0.047685206919532645,0.0021285038781532206,0.019392926157983652,True,10
2024-02,2024-03,5,477,0.03202759674619104,0.047685206919532645,-0.015657610173341607,,False,10
2024-02,2024-03,6,476,0.05299127480503481,0.047685206919532645,0.005306067885502162,0.016213504827343402,True,10
2024-02,2024-03,7,476,0.04092960483057717,0.047685206919532645,-0.006755602088955474,0.029676432249560954,True,10
2024-02,2024-03,8,477,0.03941107218540454,0.047685206919532645,-0.008274134734128108,0.007064469495964835,True,10
2024-02,2024-03,9,476,0.0541013088786868,0.047685206919532645,0.006416101959154152,0.01778859451575463,True,10
2024-02,2024-03,10,477,0.06454039667329284,0.047685206919532645,0.016855189753760193,0.0181878269843319,True,10
2024-03,2024-04,1,478,-0.07725411011538234,-0.015057147906657494,-0.06219696220872485,-0.04137201463855535,True,10
2024-03,2024-04,2,479,-0.037769415298727294,-0.015057147906657494,-0.0227122673920698,-0.0031586812136816063,True,10
2024-03,2024-04,3,479,-0.018019455068459877,-0.015057147906657494,-0.002962307161802383,0.008479423830915931,True,10
2024-03,2024-04,4,479,-0.002912450712697505,-0.015057147906657494,0.012144697193959988,0.025983718093638128,True,10
2024-03,2024-04,5,479,0.006965852458667163,-0.015057147906657494,0.022023000365324657,0.023820618716728727,True,10
2024-03,2024-04,6,479,0.0020017171878420766,-0.015057147906657494,0.01705886509449957,0.026359458088570615,True,10
2024-03,2024-04,7,479,0.006913981389022662,-0.015057147906657494,0.021971129295680156,,False,10
2024-03,2024-04,8,479,-0.0027092730940780413,-0.015057147906657494,0.012347874812579453,0.017146668879543366,True,10
2024-03,2024-04,9,479,-0.011905735591115388,-0.015057147906657494,0.0031514123155421056,0.014528425593508311,True,10
2024-03,2024-04,10,479,-0.016012437741915145,-0.015057147906657494,-0.000955289835257651,0.019580619445583678,True,10
2024-04,2024-05,1,480,-0.036643923320847975,-0.014526599490258378,-0.0221173238305896,-0.035892275892583814,True,10
2024-04,2024-05,2,482,-0.013815313799430578,-0.014526599490258378,0.0007112856908278002,-0.008128999730796132,True,10
2024-04,2024-05,3,481,-0.017795402223200352,-0.014526599490258378,-0.003268802732941974,-0.00619290594214935,True,10
2024-04,2024-05,4,482,-0.02753359757822134,-0.014526599490258378,-0.01300699808796296,-0.017473819035147924,True,10
2024-04,2024-05,5,481,-0.008092321669565744,-0.014526599490258378,0.006434277820692634,0.004745575641239153,True,10
2024-04,2024-05,6,482,-0.021806531507348324,-0.014526599490258378,-0.007279932017089945,-0.018129577273670757,True,10
2024-04,2024-05,7,481,-0.007256155704855044,-0.014526599490258378,0.007270443785403334,-0.00245132825232883,True,10
2024-04,2024-05,8,481,-0.011184082229221237,-0.014526599490258378,0.0033425172610371413,,False,10
2024-04,2024-05,9,481,-0.006638587689833534,-0.014526599490258378,0.007888011800424845,-0.010109905052125641,True,10
2024-04,2024-05,10,482,0.005453098828806401,-0.014526599490258378,0.01997969831906478,-0.005261262253567058,True,10
2024-05,2024-06,1,477,-0.09335897470329162,-0.0835027234387743,-0.009856251264517321,-0.03109196845995724,True,10
2024-05,2024-06,2,478,-0.08399816908337031,-0.0835027234387743,-0.0004954456445960126,-0.06484769755359211,True,10
2024-05,2024-06,3,477,-0.07838507054580725,-0.0835027234387743,0.005117652892967048,-0.03784140731584996,True,10
2024-05,2024-06,4,478,-0.08616103961913835,-0.0835027234387743,-0.002658316180364051,-0.04467440349762221,True,10
2024-05,2024-06,5,478,-0.07509676902955048,-0.0835027234387743,0.008405954409223815,,False,10
2024-05,2024-06,6,477,-0.07486577730065248,-0.0835027234387743,0.008636946138121812,-0.023286068371119503,True,10
2024-05,2024-06,7,478,-0.08465003999965853,-0.0835027234387743,-0.0011473165608842373,-0.01991817243636614,True,10
2024-05,2024-06,8,477,-0.08630980391777245,-0.0835027234387743,-0.00280708047899815,-0.06243486535985055,True,10
2024-05,2024-06,9,478,-0.08383030571902561,-0.0835027234387743,-0.0003275822802513151,-0.05256812080010182,True,10
2024-05,2024-06,10,478,-0.08836900148351867,-0.0835027234387743,-0.0048662780447443765,-0.030001621639277526,True,10
2024-06,2024-07,1,480,0.0011093482863134571,0.005650707126901874,-0.004541358840588417,0.007665254311356225,True,10
2024-06,2024-07,2,483,-0.004739884898764135,0.005650707126901874,-0.010390592025666008,-0.016728908729060212,True,10
2024-06,2024-07,3,482,0.005404709388232378,0.005650707126901874,-0.00024599773866949576,0.004034650602050245,True,10
2024-06,2024-07,4,483,0.007996230130234783,0.005650707126901874,0.002345523003332909,0.008328588393045148,True,10
2024-06,2024-07,5,482,0.0006270815697939053,0.005650707126901874,-0.005023625557107969,-0.011103040174632125,True,10
2024-06,2024-07,6,483,0.00786597541447473,0.005650707126901874,0.0022152682875728556,-0.011007126836259994,True,10
2024-06,2024-07,7,482,0.003363558101244721,0.005650707126901874,-0.002287149025657153,0.014239150396232764,True,10
2024-06,2024-07,8,482,0.01940400721800267,0.005650707126901874,0.013753300091100795,,False,10
2024-06,2024-07,9,482,0.0022151204454049366,0.005650707126901874,-0.0034355866814969375,-0.00807201836427446,True,10
2024-06,2024-07,10,483,0.013238434650450671,0.005650707126901874,0.007587727523548797,-0.016971890242025053,True,10
2024-07,2024-08,1,484,-0.054669087539980364,-0.03756905989015464,-0.017100027649825725,-0.07257743717375259,True,10
2024-07,2024-08,2,486,-0.04652342560536545,-0.03756905989015464,-0.008954365715210813,-0.038333811830578955,True,10
2024-07,2024-08,3,486,-0.04212466269944725,-0.03756905989015464,-0.004555602809292611,,False,10
2024-07,2024-08,4,486,-0.0430853853540991,-0.03756905989015464,-0.005516325463944462,-0.0320369989362301,True,10
2024-07,2024-08,5,486,-0.03043465475409919,-0.03756905989015464,0.007134405136055448,-0.013812947910733554,True,10
2024-07,2024-08,6,486,-0.035741078784948595,-0.03756905989015464,0.0018279811052060446,-0.03771926630773064,True,10
2024-07,2024-08,7,486,-0.03545201846793594,-0.03756905989015464,0.0021170414222186976,-0.029455682074848864,True,10
2024-07,2024-08,8,486,-0.03681651931322194,-0.03756905989015464,0.000752540576932699,-0.040139284651161164,True,10
2024-07,2024-08,9,486,-0.0248151746630594,-0.03756905989015464,0.012753885227095238,-0.034018233067173116,True,10
2024-07,2024-08,10,485,-0.026075312517593045,-0.03756905989015464,0.011493747372561595,-0.03727819503929752,True,10
2024-08,2024-09,1,488,0.26544829501205364,0.23399495884382862,0.031453336168225016,0.2645722950756199,True,10
2024-08,2024-09,2,488,0.23862514124735362,0.23399495884382862,0.004630182403525002,0.2265968892557721,True,10
2024-08,2024-09,3,488,0.23081987161150733,0.23399495884382862,-0.003175087232321294,0.22154658076330003,True,10
2024-08,2024-09,4,488,0.24565891677954735,0.23399495884382862,0.011663957935718727,0.21238941760459004,True,10
2024-08,2024-09,5,488,0.2347065064348603,0.23399495884382862,0.0007115475910316749,,False,10
2024-08,2024-09,6,488,0.22235850368757726,0.23399495884382862,-0.011636455156251363,0.16845898532902429,True,10
2024-08,2024-09,7,488,0.22779920667688733,0.23399495884382862,-0.006195752166941293,0.18086550635538037,True,10
2024-08,2024-09,8,488,0.22402347766515335,0.23399495884382862,-0.009971481178675273,0.20004880461826588,True,10
2024-08,2024-09,9,488,0.22524177430225834,0.23399495884382862,-0.008753184541570286,0.21387024858087375,True,10
2024-08,2024-09,10,488,0.22526789502108777,0.23399495884382862,-0.008727063822740855,0.22528856260340244,True,10
2024-09,2024-10,1,489,0.1437278863064098,0.06995827287646464,0.07376961342994517,0.02057490473072181,True,10
2024-09,2024-10,2,489,0.06928401869901919,0.06995827287646464,-0.0006742541774454464,-0.010441023278633962,True,10
2024-09,2024-10,3,489,0.05686879742168474,0.06995827287646464,-0.013089475454779897,-0.023713838900269953,True,10
2024-09,2024-10,4,490,0.053980814380656036,0.06995827287646464,-0.015977458495808602,0.005444845374267781,True,10
2024-09,2024-10,5,489,0.05325624280572798,0.06995827287646464,-0.01670203007073666,,False,10
2024-09,2024-10,6,489,0.06378918016174716,0.06995827287646464,-0.006169092714717481,-0.005425648471298115,True,10
2024-09,2024-10,7,490,0.0560633165331302,0.06995827287646464,-0.013894956343334437,0.023944802714755093,True,10
2024-09,2024-10,8,489,0.06358846779331824,0.06995827287646464,-0.006369805083146399,-0.01412113870721303,True,10
2024-09,2024-10,9,489,0.056995142617185426,0.06995827287646464,-0.012963130259279212,0.007521971682867964,True,10
2024-09,2024-10,10,490,0.08206519230223668,0.06995827287646464,0.012106919425772036,0.021763893993785317,True,10
2024-10,2024-11,1,490,0.023890380002015252,0.04591820368637845,-0.0220278236843632,0.011155675850870433,True,10
2024-10,2024-11,2,490,0.023514900182324106,0.04591820368637845,-0.022403303504054346,0.009289894440886718,True,10
2024-10,2024-11,3,490,0.050907313116242296,0.04591820368637845,0.004989109429863844,0.009382771056566496,True,10
2024-10,2024-11,4,490,0.06023544250192351,0.04591820368637845,0.014317238815545058,0.013989813731601134,True,10
2024-10,2024-11,5,490,0.0548311632176866,0.04591820368637845,0.008912959531308148,0.014967685788102163,True,10
2024-10,2024-11,6,490,0.05501143817811509,0.04591820368637845,0.009093234491736636,0.018732554931350204,True,10
2024-10,2024-11,7,490,0.056430279329741005,0.04591820368637845,0.010512075643362553,,False,10
2024-10,2024-11,8,490,0.046627835714331364,0.04591820368637845,0.0007096320279529125,0.004005619938005461,True,10
2024-10,2024-11,9,490,0.05455091965940683,0.04591820368637845,0.00863271597302838,0.03319071293188262,True,10
2024-10,2024-11,10,491,0.03320830353373857,0.04591820368637845,-0.012709900152639883,-0.003015609433790656,True,10
2024-11,2024-12,1,490,-0.08724363423967392,-0.04397247739833716,-0.04327115684133676,-0.09218669580050944,True,10
2024-11,2024-12,2,491,-0.049695174848833304,-0.04397247739833716,-0.005722697450496146,-0.029265704088682613,True,10
2024-11,2024-12,3,491,-0.04463627028714843,-0.04397247739833716,-0.000663792888811271,-0.022111407781960187,True,10
2024-11,2024-12,4,490,-0.03146409298141045,-0.04397247739833716,0.012508384416926706,0.014825842330856247,True,10
2024-11,2024-12,5,491,-0.030547667518464276,-0.04397247739833716,0.013424809879872882,,False,10
2024-11,2024-12,6,491,-0.027438400280533157,-0.04397247739833716,0.016534077117804,0.00841843066728005,True,10
2024-11,2024-12,7,490,-0.028307753514486403,-0.04397247739833716,0.015664723883850755,0.003109697730454079,True,10
2024-11,2024-12,8,491,-0.03362928707648457,-0.04397247739833716,0.010343190321852588,-0.0120964701164775,True,10
2024-11,2024-12,9,491,-0.0452259541200612,-0.04397247739833716,-0.001253476721724045,-0.008303111417946535,True,10
2024-11,2024-12,10,491,-0.06156728870597153,-0.04397247739833716,-0.01759481130763437,-0.04359717188365964,True,10
2024-12,2025-01,1,491,-0.027773255655838266,-0.015737253767669955,-0.01203600188816831,-0.03696851495388411,True,10
2024-12,2025-01,2,492,-0.021988599021425297,-0.015737253767669955,-0.0062513452537553416,-0.020926765010165434,True,10
2024-12,2025-01,3,492,-0.018547801498226962,-0.015737253767669955,-0.0028105477305570073,,False,10
2024-12,2025-01,4,492,-0.01720675912760223,-0.015737253767669955,-0.0014695053599322744,-0.025240612674397873,True,10
2024-12,2025-01,5,492,-0.011539968526601949,-0.015737253767669955,0.004197285241068006,-0.013526468687854575,True,10
2024-12,2025-01,6,492,-0.008924502484484589,-0.015737253767669955,0.006812751283185366,-0.024631506829400556,True,10
2024-12,2025-01,7,492,-0.019462152899970966,-0.015737253767669955,-0.0037248991323010107,-0.026461878859327548,True,10
2024-12,2025-01,8,492,-0.013857017363174785,-0.015737253767669955,0.0018802364044951704,-0.026217027078233125,True,10
2024-12,2025-01,9,492,-0.007210188817525947,-0.015737253767669955,0.008527064950144008,-0.015033617504262697,True,10
2024-12,2025-01,10,492,-0.010886755700320414,-0.015737253767669955,0.004850498067349541,-0.03527109427065759,True,10
2025-01,2025-02,1,492,0.11522203047749138,0.07691093455617175,0.038311095921319635,0.0856012962342591,True,10
2025-01,2025-02,2,493,0.08524951075725817,0.07691093455617175,0.008338576201086426,,False,10
2025-01,2025-02,3,492,0.08230967446313188,0.07691093455617175,0.005398739906960132,0.05050045900447406,True,10
2025-01,2025-02,4,493,0.059212824302756546,0.07691093455617175,-0.0176981102534152,0.04144570423646295,True,10
2025-01,2025-02,5,491,0.07569246622935771,0.07691093455617175,-0.0012184683268140345,0.026959060501191366,True,10
2025-01,2025-02,6,493,0.05269028774245816,0.07691093455617175,-0.024220646813713588,0.026155935781841326,True,10
2025-01,2025-02,7,492,0.05809602738649343,0.07691093455617175,-0.01881490716967832,0.017150249201912122,True,10
2025-01,2025-02,8,493,0.06611738590997988,0.07691093455617175,-0.010793548646191864,0.02212522515983628,True,10
2025-01,2025-02,9,492,0.07505586658726104,0.07691093455617175,-0.0018550679689107036,0.022616267555655822,True,10
2025-01,2025-02,10,493,0.09950506262649496,0.07691093455617175,0.02259412807032321,0.07922009986403061,True,10
2025-02,2025-03,1,493,-0.038379525196417866,0.0009768869996926673,-0.03935641219611053,-0.031018614853895225,True,10
2025-02,2025-03,2,493,-0.006469785472896006,0.0009768869996926673,-0.007446672472588673,,False,10
2025-02,2025-03,3,493,0.0032237500086508427,0.0009768869996926673,0.0022468630089581753,0.006761400016506662,True,10
2025-02,2025-03,4,493,0.010826834321880587,0.0009768869996926673,0.00984994732218792,0.003802803536408977,True,10
2025-02,2025-03,5,493,0.012435583115765305,0.0009768869996926673,0.011458696116072638,0.011611624093301038,True,10
2025-02,2025-03,6,493,0.014405774411812795,0.0009768869996926673,0.013428887412120128,0.015431252944178627,True,10
2025-02,2025-03,7,492,0.013621755789355105,0.0009768869996926673,0.012644868789662438,0.010206502919300453,True,10
2025-02,2025-03,8,493,0.01233189506917805,0.0009768869996926673,0.011355008069485382,0.01100794938418909,True,10
2025-02,2025-03,9,493,0.0073602539166473056,0.0009768869996926673,0.006383366916954639,-0.016569444211625334,True,10
2025-02,2025-03,10,494,-0.019520440416935264,0.0009768869996926673,-0.020497327416627933,-0.0443290541406453,True,10
2025-03,2025-04,1,493,-0.043474352329217376,-0.024960050606787233,-0.018514301722430144,-0.04812008410113144,True,10
2025-03,2025-04,2,494,-0.032360756791121055,-0.024960050606787233,-0.0074007061843338225,,False,10
2025-03,2025-04,3,493,-0.03409465207950114,-0.024960050606787233,-0.009134601472713905,-0.03543725921940138,True,10
2025-03,2025-04,4,494,-0.027866500502719504,-0.024960050606787233,-0.0029064498959322713,-0.05404585438700645,True,10
2025-03,2025-04,5,493,-0.028619106614245205,-0.024960050606787233,-0.0036590560074579725,-0.03933732621229449,True,10
2025-03,2025-04,6,494,-0.02346532146985823,-0.024960050606787233,0.001494729136929003,-0.026066066530172734,True,10
2025-03,2025-04,7,493,-0.016888267280296333,-0.024960050606787233,0.0080717833264909,-0.028623361401463404,True,10
2025-03,2025-04,8,494,-0.008375599028318609,-0.024960050606787233,0.016584451578468624,-0.013249047867147923,True,10
2025-03,2025-04,9,493,-0.016700852068647885,-0.024960050606787233,0.008259198538139348,-0.007676230111486099,True,10
2025-03,2025-04,10,494,-0.017785415671837626,-0.024960050606787233,0.0071746349349496065,-0.02662676922996961,True,10
2025-04,2025-05,1,493,0.0746520632944767,0.05062694326176883,0.024025120032707868,,False,10
2025-04,2025-05,2,493,0.051497461915113986,0.05062694326176883,0.0008705186533451564,0.022746572720957012,True,10
2025-04,2025-05,3,493,0.03690618831594857,0.05062694326176883,-0.013720754945820257,0.016680914641065102,True,10
2025-04,2025-05,4,494,0.04998679299331069,0.05062694326176883,-0.0006401502684581367,0.019488278133692905,True,10
2025-04,2025-05,5,493,0.04501927778629741,0.05062694326176883,-0.005607665475471417,0.025958727757403502,True,10
2025-04,2025-05,6,493,0.049256059961590666,0.05062694326176883,-0.0013708833001781634,0.031631217184113804,True,10
2025-04,2025-05,7,494,0.044428058708163895,0.05062694326176883,-0.0061988845536049345,0.022454685902116446,True,10
2025-04,2025-05,8,493,0.04947199466581731,0.05062694326176883,-0.0011549485959515202,0.03277519593480551,True,10
2025-04,2025-05,9,493,0.04943471900777951,0.05062694326176883,-0.0011922242539893213,0.02344908163924341,True,10
2025-04,2025-05,10,494,0.05562055921233661,0.05062694326176883,0.004993615950567777,0.015679015534466847,True,10
2025-05,2025-06,1,486,0.05272286856235591,0.06280894923152265,-0.01008608066916674,,False,10
2025-05,2025-06,2,487,0.05926917736489273,0.06280894923152265,-0.0035397718666299177,0.03564275046341435,True,10
2025-05,2025-06,3,487,0.052590554784025946,0.06280894923152265,-0.010218394447496705,0.0221642266344202,True,10
2025-05,2025-06,4,487,0.06556803589943658,0.06280894923152265,0.0027590866679139264,0.04113508978366103,True,10
2025-05,2025-06,5,487,0.046385873899784255,0.06280894923152265,-0.016423075331738396,0.017759237009326367,True,10
2025-05,2025-06,6,486,0.06321001690318265,0.06280894923152265,0.00040106767165999646,0.03905586869787945,True,10
2025-05,2025-06,7,487,0.05785608621107702,0.06280894923152265,-0.004952863020445633,0.04667215086219258,True,10
2025-05,2025-06,8,487,0.07354787782148664,0.06280894923152265,0.01073892858996399,0.05663817904413344,True,10
2025-05,2025-06,9,487,0.07884513321326765,0.06280894923152265,0.016036183981745,0.08444564631444208,True,10
2025-05,2025-06,10,486,0.07810539009486671,0.06280894923152265,0.015296440863344057,0.07210915934328298,True,10
2025-06,2025-07,1,488,0.028906759398540486,0.05734128772918494,-0.028434528330644453,0.0270697955768829,True,10
2025-06,2025-07,2,489,0.033826465156420786,0.05734128772918494,-0.023514822572764153,0.03393604188575585,True,10
2025-06,2025-07,3,490,0.05318601383415257,0.05734128772918494,-0.004155273895032369,0.02852278782637682,True,10
2025-06,2025-07,4,489,0.052285109167422024,0.05734128772918494,-0.005056178561762915,0.04105746837910989,True,10
2025-06,2025-07,5,490,0.06524772163705303,0.05734128772918494,0.00790643390786809,,False,10
2025-06,2025-07,6,489,0.07017715764056846,0.05734128772918494,0.012835869911383524,0.04259930557888418,True,10
2025-06,2025-07,7,489,0.06047460385371424,0.05734128772918494,0.0031333161245293006,0.03489718447550496,True,10
2025-06,2025-07,8,490,0.0577763577713242,0.05734128772918494,0.00043507004213926004,0.060868149266205054,True,10
2025-06,2025-07,9,489,0.08096335066328252,0.05734128772918494,0.023622062934097576,0.05794767775444853,True,10
2025-06,2025-07,10,490,0.07047576917176734,0.05734128772918494,0.013134481442582405,0.10493125962231706,True,10
2025-07,2025-08,1,490,0.08594785858424102,0.08649350355833489,-0.0005456449740938729,0.10575993855482617,True,10
2025-07,2025-08,2,489,0.11680375479740025,0.08649350355833489,0.03031025123906536,0.1893546757210306,True,10
2025-07,2025-08,3,490,0.10200334056729271,0.08649350355833489,0.01550983700895782,0.13300187520058349,True,10
2025-07,2025-08,4,490,0.10039645033517908,0.08649350355833489,0.013902946776844186,0.12292945918238149,True,10
2025-07,2025-08,5,490,0.0879245650792249,0.08649350355833489,0.001431061520890009,0.11233489549794073,True,10
2025-07,2025-08,6,489,0.0723716239268177,0.08649350355833489,-0.01412187963151719,,False,10
2025-07,2025-08,7,490,0.07047265146684949,0.08649350355833489,-0.016020852091485405,0.05343846625755111,True,10
2025-07,2025-08,8,490,0.07064708427639285,0.08649350355833489,-0.01584641928194204,0.04429604962931592,True,10
2025-07,2025-08,9,489,0.08456545128456172,0.08649350355833489,-0.0019280522737731703,0.08148979325572472,True,10
2025-07,2025-08,10,486,0.07372714276778013,0.08649350355833489,-0.012766360790554765,0.16525487814416404,True,10
2025-08,2025-09,1,489,-0.028755871099409185,0.012171278953694542,-0.040927150053103725,0.028639028052311305,True,10
2025-08,2025-09,2,490,0.004842540970444029,0.012171278953694542,-0.007328737983250513,0.03200804672219986,True,10
2025-08,2025-09,3,490,-0.0017003705580973753,0.012171278953694542,-0.013871649511791918,-0.00682973084225403,True,10
2025-08,2025-09,4,490,0.0016709497099103782,0.012171278953694542,-0.010500329243784164,,False,10
2025-08,2025-09,5,490,0.01282816519296744,0.012171278953694542,0.0006568862392728973,-0.016171907933264586,True,10
2025-08,2025-09,6,489,0.013471338572546251,0.012171278953694542,0.0013000596188517087,0.017186266184687885,True,10
2025-08,2025-09,7,490,0.015930921423524945,0.012171278953694542,0.0037596424698304026,0.03383245466381295,True,10
2025-08,2025-09,8,490,0.026504866662270064,0.012171278953694542,0.014333587708575521,0.03962197048901308,True,10
2025-08,2025-09,9,490,0.03920322708876099,0.012171278953694542,0.02703194813506645,0.05575544653393882,True,10
2025-08,2025-09,10,490,0.03763614996089676,0.012171278953694542,0.025464871007202218,0.0467561886383705,True,10
2025-09,2025-10,1,490,0.00635900036298489,0.014187739234300976,-0.007828738871316087,0.02881045664448801,True,10
2025-09,2025-10,2,491,0.0058479894260608425,0.014187739234300976,-0.008339749808240133,0.016111953539292838,True,10
2025-09,2025-10,3,490,0.014259181575335306,0.014187739234300976,7.144234103433067e-05,0.02026844700289033,True,10
2025-09,2025-10,4,491,0.02624142980146692,0.014187739234300976,0.012053690567165945,0.012819924736646527,True,10
2025-09,2025-10,5,490,0.016386496621932856,0.014187739234300976,0.0021987573876318806,0.017303091422970627,True,10
2025-09,2025-10,6,491,0.023505691724274927,0.014187739234300976,0.009317952489973951,,False,10
2025-09,2025-10,7,490,0.019236889018670614,0.014187739234300976,0.005049149784369638,0.009241325795150645,True,10
2025-09,2025-10,8,491,0.019831277623876205,0.014187739234300976,0.00564353838957523,-0.003904220018532852,True,10
2025-09,2025-10,9,490,0.01833902884860269,0.014187739234300976,0.004151289614301713,0.0024893320811626278,True,10
2025-09,2025-10,10,491,-0.008122175348065088,0.014187739234300976,-0.022309914582366065,-0.01132874296855495,True,10
2025-10,2025-11,1,489,-0.020282395459180126,-0.003117535910957479,-0.017164859548222645,-0.0410679658861589,True,10
2025-10,2025-11,2,491,-0.0034744325909663015,-0.003117535910957479,-0.00035689668000882246,-0.01636110412319415,True,10
2025-10,2025-11,3,491,-0.0063576100223158806,-0.003117535910957479,-0.0032400741113584016,-0.0226699199967161,True,10
2025-10,2025-11,4,490,-0.010451439558278625,-0.003117535910957479,-0.007333903647321146,-0.010498828475473046,True,10
2025-10,2025-11,5,491,-0.001005254523167403,-0.003117535910957479,0.002112281387790076,-0.01013409428241338,True,10
2025-10,2025-11,6,491,0.006091103869476195,-0.003117535910957479,0.009208639780433674,-0.0014648262440369584,True,10
2025-10,2025-11,7,490,-0.002179378678775521,-0.003117535910957479,0.0009381572321819579,-0.016848757982816737,True,10
2025-10,2025-11,8,491,-0.003016099893825404,-0.003117535910957479,0.00010143601713207516,,False,10
2025-10,2025-11,9,491,0.007461059769677966,-0.003117535910957479,0.010578595680635445,-0.04629012951784345,True,10
2025-10,2025-11,10,491,0.0019561440561681174,-0.003117535910957479,0.005073679967125596,-0.010818506183517134,True,10
2025-11,2025-12,1,491,0.007158182633648303,0.020951289282651664,-0.013793106649003361,0.04231814666573109,True,10
2025-11,2025-12,2,491,0.04118346094869891,0.020951289282651664,0.020232171666047245,0.04964838369606884,True,10
2025-11,2025-12,3,491,0.02139026925219853,0.020951289282651664,0.00043897996954686547,0.037951003329758294,True,10
2025-11,2025-12,4,491,0.03131624135176931,0.020951289282651664,0.010364952069117646,,False,10
2025-11,2025-12,5,491,0.025995993433418012,0.020951289282651664,0.005044704150766348,0.013881670411098043,True,10
2025-11,2025-12,6,491,0.023002434647892304,0.020951289282651664,0.0020511453652406406,0.028222229083117962,True,10
2025-11,2025-12,7,491,0.008493823676363149,0.020951289282651664,-0.012457465606288515,0.015235021824762135,True,10
2025-11,2025-12,8,491,0.018188848616410843,0.020951289282651664,-0.002762440666240821,0.02517755146133758,True,10
2025-11,2025-12,9,491,0.014299884058415766,0.020951289282651664,-0.006651405224235898,0.008493504569133855,True,10
2025-11,2025-12,10,491,0.018483754207701517,0.020951289282651664,-0.0024675350749501467,0.05411165540263816,True,10
2025-12,2026-01,1,491,0.04211502901995053,0.08047845618801848,-0.03836342716806795,0.030637040531269182,True,10
2025-12,2026-01,2,492,0.08744520786365177,0.08047845618801848,0.0069667516756332926,0.06770450096948022,True,10
2025-12,2026-01,3,492,0.07240269249493157,0.08047845618801848,-0.008075763693086907,0.009263784346121236,True,10
2025-12,2026-01,4,493,0.07074844035564022,0.08047845618801848,-0.009730015832378258,0.024737526337212185,True,10
2025-12,2026-01,5,492,0.06808133533793265,0.08047845618801848,-0.012397120850085833,0.024735831720665496,True,10
2025-12,2026-01,6,492,0.08348455840246037,0.08047845618801848,0.0030061022144418914,0.03430135623429592,True,10
2025-12,2026-01,7,493,0.07521767204008939,0.08047845618801848,-0.00526078414792909,,False,10
2025-12,2026-01,8,492,0.08649631682161785,0.08047845618801848,0.006017860633599367,0.049258564798145006,True,10
2025-12,2026-01,9,492,0.1077391502203023,0.08047845618801848,0.027260694032283816,0.10278247190842546,True,10
2025-12,2026-01,10,493,0.1109447306616947,0.08047845618801848,0.030466274473676225,0.1481687340559467,True,10
2026-01,2026-02,1,492,0.04210863218106791,0.040986692161681285,0.001121940019386626,0.030961860969235734,True,10
2026-01,2026-02,2,493,0.04719917313132088,0.040986692161681285,0.006212480969639597,0.02560537231326801,True,10
2026-01,2026-02,3,493,0.04188732218163346,0.040986692161681285,0.0009006300199521783,0.00976531699258712,True,10
2026-01,2026-02,4,493,0.035180730067973794,0.040986692161681285,-0.005805962093707491,,False,10
2026-01,2026-02,5,493,0.032043145554993914,0.040986692161681285,-0.00894354660668737,0.0007017443707433689,True,10
2026-01,2026-02,6,492,0.039854310197955024,0.040986692161681285,-0.0011323819637262603,0.03458779246034583,True,10
2026-01,2026-02,7,493,0.036869455486927584,0.040986692161681285,-0.004117236674753701,0.0238420931281142,True,10
2026-01,2026-02,8,493,0.051086004105146965,0.040986692161681285,0.01009931194346568,0.030396805232005865,True,10
2026-01,2026-02,9,493,0.048127753199117065,0.040986692161681285,0.007141061037435781,0.01751705795193071,True,10
2026-01,2026-02,10,492,0.03549924360296211,0.040986692161681285,-0.005487448558719174,0.015015171963208424,True,10
2026-02,2026-03,1,492,-0.12099664576786938,-0.09510754822777706,-0.025889097540092318,-0.11044890147755042,True,10
2026-02,2026-03,2,493,-0.10907622979818046,-0.09510754822777706,-0.013968681570403402,-0.07921515472085815,True,10
2026-02,2026-03,3,492,-0.09849481611160102,-0.09510754822777706,-0.003387267883823958,-0.06191337502832955,True,10
2026-02,2026-03,4,493,-0.09056188242132417,-0.09510754822777706,0.004545665806452895,-0.07733534554569711,True,10
2026-02,2026-03,5,492,-0.09461413689824252,-0.09510754822777706,0.0004934113295345377,-0.04754302670901655,True,10
2026-02,2026-03,6,493,-0.08335245625975703,-0.09510754822777706,0.011755091968020034,-0.0578718321869522,True,10
2026-02,2026-03,7,492,-0.0842341335618113,-0.09510754822777706,0.010873414665965767,,False,10
2026-02,2026-03,8,493,-0.08782662996350395,-0.09510754822777706,0.007280918264273115,-0.07779782132518125,True,10
2026-02,2026-03,9,492,-0.09393298663520108,-0.09510754822777706,0.001174561592575979,-0.046736276228551435,True,10
2026-02,2026-03,10,493,-0.08801951004858766,-0.09510754822777706,0.007088038179189404,-0.0866580977642955,True,10
2026-03,2026-04,1,494,0.07457038032649246,0.06906991983916129,0.005500460487331174,0.11414480035261677,True,10
2026-03,2026-04,2,494,0.0815985000596527,0.06906991983916129,0.012528580220491414,0.12418076357777032,True,10
2026-03,2026-04,3,494,0.07299670513991864,0.06906991983916129,0.003926785300757352,0.07300245992177004,True,10
2026-03,2026-04,4,494,0.062003060393628004,0.06906991983916129,-0.007066859445533286,0.06921494697240026,True,10
2026-03,2026-04,5,494,0.05708337943285518,0.06906991983916129,-0.01198654040630611,0.04068150063046522,True,10
2026-03,2026-04,6,494,0.06076286348374723,0.06906991983916129,-0.00830705635541406,0.047171065274201104,True,10
2026-03,2026-04,7,494,0.04898207436533361,0.06906991983916129,-0.02008784547382768,,False,10
2026-03,2026-04,8,494,0.07547704005656224,0.06906991983916129,0.006407120217400947,0.10462774113148646,True,10
2026-03,2026-04,9,494,0.0663583913724707,0.06906991983916129,-0.0027115284666905937,0.04576950296516634,True,10
2026-03,2026-04,10,494,0.09086680376095213,0.06906991983916129,0.02179688392179084,0.050356263981017224,True,10
2026-04,2026-05,1,493,-0.05145552234905253,-0.029802336172760523,-0.021653186176292003,-0.058319092124104376,True,10
2026-04,2026-05,2,495,-0.05410936111774807,-0.029802336172760523,-0.024307024944987547,-0.04911848352288374,True,10
2026-04,2026-05,3,496,-0.04827735368372732,-0.029802336172760523,-0.018475017510966796,-0.028216833535045612,True,10
2026-04,2026-05,4,495,-0.044907044989966706,-0.029802336172760523,-0.015104708817206183,,False,10
2026-04,2026-05,5,496,-0.03439983662675959,-0.029802336172760523,-0.004597500453999068,0.007198727890672861,True,10
2026-04,2026-05,6,495,-0.03286743193856951,-0.029802336172760523,-0.003065095765808986,-0.03403011016225101,True,10
2026-04,2026-05,7,495,-0.04547606476096058,-0.029802336172760523,-0.01567372858820006,-0.02315628909492175,True,10
2026-04,2026-05,8,496,-0.03188962618597839,-0.029802336172760523,-0.0020872900132178664,-0.013098987950261013,True,10
2026-04,2026-05,9,495,0.0016418181754447084,-0.029802336172760523,0.03144415434820523,0.05350786551817552,True,10
2026-04,2026-05,10,496,0.04353225134185618,-0.029802336172760523,0.0733345875146167,0.11207674827548537,True,10
2026-05,2026-06,1,487,-0.015176217001811418,-0.035422065781949695,0.020245848780138277,-0.0015445895566797946,True,10
2026-05,2026-06,2,488,-0.0489525747756837,-0.035422065781949695,-0.013530508993734008,-0.03888204562740595,True,10
2026-05,2026-06,3,487,-0.06442171365677282,-0.035422065781949695,-0.028999647874823127,-0.02349815723364936,True,10
2026-05,2026-06,4,488,-0.04917405217028584,-0.035422065781949695,-0.013751986388336142,,False,10
2026-05,2026-06,5,488,-0.060697578204918806,-0.035422065781949695,-0.02527551242296911,-0.013272411281057175,True,10
2026-05,2026-06,6,487,-0.06036667445792717,-0.035422065781949695,-0.024944608675977475,-0.026000650588353512,True,10
2026-05,2026-06,7,488,-0.055914869666466416,-0.035422065781949695,-0.02049280388451672,-0.017354812191749714,True,10
2026-05,2026-06,8,487,-0.040678367214417664,-0.035422065781949695,-0.005256301432467969,0.04323889493033624,True,10
2026-05,2026-06,9,488,-0.0301524810217004,-0.035422065781949695,0.005269584760249295,0.040955221915124865,True,10
2026-05,2026-06,10,488,0.07123404512671037,-0.035422065781949695,0.10665611090866006,0.14386528378379387,True,10
2026-06,2026-07,1,488,-0.18156966226933272,-0.0988250265105541,-0.08274463575877862,-0.14524380397318715,True,10
2026-06,2026-07,2,491,-0.125024567321176,-0.0988250265105541,-0.02619954081062191,-0.10932926260274009,True,10
2026-06,2026-07,3,492,-0.10737129003520912,-0.0988250265105541,-0.008546263524655026,-0.1307070324132314,True,10
2026-06,2026-07,4,492,-0.08233370895412667,-0.0988250265105541,0.016491317556427423,-0.015585136256301549,True,10
2026-06,2026-07,5,492,-0.05810419032619608,-0.0988250265105541,0.04072083618435802,,False,10
2026-06,2026-07,6,492,-0.05476779360148567,-0.0988250265105541,0.044057232909068426,0.003946577160490429,True,10
2026-06,2026-07,7,492,-0.05785821265426748,-0.0988250265105541,0.040966813856286616,-0.025241888981851944,True,10
2026-06,2026-07,8,492,-0.06057397636123559,-0.0988250265105541,0.038251050149318504,-0.025167749230698075,True,10
2026-06,2026-07,9,492,-0.07588777283510378,-0.0988250265105541,0.02293725367545031,-0.08586803064778709,True,10
2026-06,2026-07,10,493,-0.1853092814565537,-0.0988250265105541,-0.08648425494599961,-0.20360824521614157,True,10
