model,formation_month,holding_month,decile,n,mean_return
cto_sort,2013-01,2013-02,1,219,0.04399607714766828
cto_sort,2013-01,2013-02,2,220,0.03463713107591727
cto_sort,2013-01,2013-02,3,220,0.037965194159172586
cto_sort,2013-01,2013-02,4,219,0.040602882547216404
cto_sort,2013-01,2013-02,5,220,0.03549337242433092
cto_sort,2013-01,2013-02,6,220,0.03124525324522695
cto_sort,2013-01,2013-02,7,219,0.024924832999703505
cto_sort,2013-01,2013-02,8,220,0.03649674490825243
cto_sort,2013-01,2013-02,9,220,0.033299334142521016
cto_sort,2013-01,2013-02,10,220,0.04957031201739642
cto_sort,2013-02,2013-03,1,221,-0.048972686814080776
cto_sort,2013-02,2013-03,2,221,-0.032874578888709434
cto_sort,2013-02,2013-03,3,222,-0.023944281821247464
cto_sort,2013-02,2013-03,4,221,-0.034284910594164344
cto_sort,2013-02,2013-03,5,222,-0.0426677498076976
cto_sort,2013-02,2013-03,6,221,-0.03695873495992005
cto_sort,2013-02,2013-03,7,221,-0.03813830819284917
cto_sort,2013-02,2013-03,8,222,-0.049055681109686465
cto_sort,2013-02,2013-03,9,221,-0.032366120465346204
cto_sort,2013-02,2013-03,10,222,-0.03085825704099918
cto_sort,2013-03,2013-04,1,224,-0.04176895195811224
cto_sort,2013-03,2013-04,2,224,-0.023755380731794753
cto_sort,2013-03,2013-04,3,224,-0.03651542063724955
cto_sort,2013-03,2013-04,4,224,-0.026510676134923316
cto_sort,2013-03,2013-04,5,225,-0.018854823375733822
cto_sort,2013-03,2013-04,6,224,-0.03615917015916327
cto_sort,2013-03,2013-04,7,224,-0.030714907900959133
cto_sort,2013-03,2013-04,8,224,-0.02579452814862205
cto_sort,2013-03,2013-04,9,224,-0.021528972936616726
cto_sort,2013-03,2013-04,10,225,-0.031502461394000654
cto_sort,2013-04,2013-05,1,226,0.13409625857476015
cto_sort,2013-04,2013-05,2,226,0.16594960217644703
cto_sort,2013-04,2013-05,3,226,0.16118693320046779
cto_sort,2013-04,2013-05,4,227,0.1572536324342276
cto_sort,2013-04,2013-05,5,226,0.1391686432899664
cto_sort,2013-04,2013-05,6,226,0.13014737704711193
cto_sort,2013-04,2013-05,7,227,0.1392961743262303
cto_sort,2013-04,2013-05,8,226,0.1261162788236038
cto_sort,2013-04,2013-05,9,226,0.13923014772236514
cto_sort,2013-04,2013-05,10,227,0.14394284900972817
cto_sort,2013-05,2013-06,1,230,-0.12573066599677118
cto_sort,2013-05,2013-06,2,230,-0.14167564067061333
cto_sort,2013-05,2013-06,3,230,-0.16077469263225072
cto_sort,2013-05,2013-06,4,230,-0.1571560688095926
cto_sort,2013-05,2013-06,5,231,-0.16275330211948721
cto_sort,2013-05,2013-06,6,230,-0.15001357309949068
cto_sort,2013-05,2013-06,7,230,-0.17468406205710438
cto_sort,2013-05,2013-06,8,230,-0.15489825133980206
cto_sort,2013-05,2013-06,9,230,-0.16557285207922284
cto_sort,2013-05,2013-06,10,231,-0.1571056080517056
cto_sort,2013-06,2013-07,1,230,0.11354780406062341
cto_sort,2013-06,2013-07,2,230,0.08496622698786133
cto_sort,2013-06,2013-07,3,231,0.09292006537517422
cto_sort,2013-06,2013-07,4,230,0.07625223132667007
cto_sort,2013-06,2013-07,5,231,0.07869744945735517
cto_sort,2013-06,2013-07,6,230,0.06420178678615879
cto_sort,2013-06,2013-07,7,230,0.057286503412897
cto_sort,2013-06,2013-07,8,231,0.05718625935335142
cto_sort,2013-06,2013-07,9,230,0.04995991440407612
cto_sort,2013-06,2013-07,10,231,0.03736854776804167
cto_sort,2013-07,2013-08,1,233,0.06528186044217187
cto_sort,2013-07,2013-08,2,233,0.05654170410211823
cto_sort,2013-07,2013-08,3,233,0.07812285949176125
cto_sort,2013-07,2013-08,4,233,0.08408958409367508
cto_sort,2013-07,2013-08,5,233,0.0890462565617545
cto_sort,2013-07,2013-08,6,233,0.10090348427074873
cto_sort,2013-07,2013-08,7,233,0.09546046661390281
cto_sort,2013-07,2013-08,8,233,0.09715132082618781
cto_sort,2013-07,2013-08,9,233,0.09224860319649868
cto_sort,2013-07,2013-08,10,233,0.08479120529602185
cto_sort,2013-08,2013-09,1,234,0.07031864034169563
cto_sort,2013-08,2013-09,2,234,0.05392920975860118
cto_sort,2013-08,2013-09,3,234,0.051291955432292494
cto_sort,2013-08,2013-09,4,234,0.049660685724830456
cto_sort,2013-08,2013-09,5,235,0.059997554380199
cto_sort,2013-08,2013-09,6,234,0.06956870066704644
cto_sort,2013-08,2013-09,7,234,0.05086399066333415
cto_sort,2013-08,2013-09,8,234,0.053268670264975095
cto_sort,2013-08,2013-09,9,234,0.04162092997754167
cto_sort,2013-08,2013-09,10,235,0.047886818592769435
cto_sort,2013-09,2013-10,1,234,-0.04912747427456873
cto_sort,2013-09,2013-10,2,235,-0.02978089123105709
cto_sort,2013-09,2013-10,3,234,-0.04468658353899306
cto_sort,2013-09,2013-10,4,235,-0.024349480509060335
cto_sort,2013-09,2013-10,5,234,-0.020864615696105645
cto_sort,2013-09,2013-10,6,235,-0.0226231882796227
cto_sort,2013-09,2013-10,7,234,-0.01509514685424113
cto_sort,2013-09,2013-10,8,235,-0.016847533703002647
cto_sort,2013-09,2013-10,9,234,-0.017761590048653027
cto_sort,2013-09,2013-10,10,235,-0.014707887397586378
cto_sort,2013-10,2013-11,1,235,0.08572662965199439
cto_sort,2013-10,2013-11,2,235,0.07941610881848069
cto_sort,2013-10,2013-11,3,236,0.08664336506666974
cto_sort,2013-10,2013-11,4,235,0.0863438661367905
cto_sort,2013-10,2013-11,5,236,0.09031014784939949
cto_sort,2013-10,2013-11,6,235,0.08038742571502965
cto_sort,2013-10,2013-11,7,235,0.0935939062064129
cto_sort,2013-10,2013-11,8,236,0.09190847486175836
cto_sort,2013-10,2013-11,9,235,0.0854220858872633
cto_sort,2013-10,2013-11,10,236,0.08637233994179366
cto_sort,2013-11,2013-12,1,234,-0.06325873924370187
cto_sort,2013-11,2013-12,2,234,-0.0478778508079625
cto_sort,2013-11,2013-12,3,235,-0.03031651434019525
cto_sort,2013-11,2013-12,4,234,-0.02755952602195138
cto_sort,2013-11,2013-12,5,235,-0.01896216561748339
cto_sort,2013-11,2013-12,6,234,-0.02248443004569306
cto_sort,2013-11,2013-12,7,234,-0.01585539798463092
cto_sort,2013-11,2013-12,8,235,-0.023078606992656094
cto_sort,2013-11,2013-12,9,234,-0.03141031287379729
cto_sort,2013-11,2013-12,10,235,-0.048885566051311745
cto_sort,2013-12,2014-01,1,235,0.07647333385699875
cto_sort,2013-12,2014-01,2,235,0.06796100930098807
cto_sort,2013-12,2014-01,3,235,0.04681408037241037
cto_sort,2013-12,2014-01,4,236,0.016570001033765856
cto_sort,2013-12,2014-01,5,235,0.016843937226283686
cto_sort,2013-12,2014-01,6,235,-0.0006801223575330273
cto_sort,2013-12,2014-01,7,236,-0.0015020179281557495
cto_sort,2013-12,2014-01,8,235,-0.015341537684686829
cto_sort,2013-12,2014-01,9,235,-0.013314202586706172
cto_sort,2013-12,2014-01,10,236,0.006710757455267022
cto_sort,2014-01,2014-02,1,235,0.021509204901681983
cto_sort,2014-01,2014-02,2,235,0.030068511969038727
cto_sort,2014-01,2014-02,3,235,0.04161533729153629
cto_sort,2014-01,2014-02,4,235,0.028415620229620856
cto_sort,2014-01,2014-02,5,235,0.03623981212038119
cto_sort,2014-01,2014-02,6,235,0.035513120048664214
cto_sort,2014-01,2014-02,7,235,0.028606515082120875
cto_sort,2014-01,2014-02,8,235,0.03811700891795066
cto_sort,2014-01,2014-02,9,235,0.035620526243558596
cto_sort,2014-01,2014-02,10,235,0.04631811712842347
cto_sort,2014-02,2014-03,1,232,-0.05633845226656723
cto_sort,2014-02,2014-03,2,232,-0.036244288519854444
cto_sort,2014-02,2014-03,3,233,-0.02313278093806901
cto_sort,2014-02,2014-03,4,232,-0.01879439473783475
cto_sort,2014-02,2014-03,5,233,-0.01311892102823361
cto_sort,2014-02,2014-03,6,232,-0.009814995306280468
cto_sort,2014-02,2014-03,7,232,-0.010038233443229473
cto_sort,2014-02,2014-03,8,233,-0.011161777009102676
cto_sort,2014-02,2014-03,9,232,-0.03138703693125236
cto_sort,2014-02,2014-03,10,233,-0.05174799093990495
cto_sort,2014-03,2014-04,1,234,-0.02115077946496442
cto_sort,2014-03,2014-04,2,235,-0.023304906099228428
cto_sort,2014-03,2014-04,3,235,-0.0163848376361721
cto_sort,2014-03,2014-04,4,234,-0.01093347717350001
cto_sort,2014-03,2014-04,5,235,-0.01968127935882552
cto_sort,2014-03,2014-04,6,235,-0.003332292755123376
cto_sort,2014-03,2014-04,7,234,-0.013011714050505871
cto_sort,2014-03,2014-04,8,235,-0.008358275918759645
cto_sort,2014-03,2014-04,9,235,-0.013426750278207202
cto_sort,2014-03,2014-04,10,235,-0.007342712685240071
cto_sort,2014-04,2014-05,1,232,0.03484046221181618
cto_sort,2014-04,2014-05,2,232,0.0377991957992426
cto_sort,2014-04,2014-05,3,232,0.031203818258625875
cto_sort,2014-04,2014-05,4,232,0.02090119741962082
cto_sort,2014-04,2014-05,5,233,0.02993821707255335
cto_sort,2014-04,2014-05,6,232,0.029732261095742483
cto_sort,2014-04,2014-05,7,232,0.028209116198226414
cto_sort,2014-04,2014-05,8,232,0.020749293690242386
cto_sort,2014-04,2014-05,9,232,0.024323374934591493
cto_sort,2014-04,2014-05,10,233,0.026002749969510134
cto_sort,2014-05,2014-06,1,228,0.04055478796495368
cto_sort,2014-05,2014-06,2,229,0.04956955492172786
cto_sort,2014-05,2014-06,3,228,0.053415902679056625
cto_sort,2014-05,2014-06,4,229,0.0444630528861112
cto_sort,2014-05,2014-06,5,229,0.041234709944294436
cto_sort,2014-05,2014-06,6,228,0.04623557207177197
cto_sort,2014-05,2014-06,7,229,0.044240636170917856
cto_sort,2014-05,2014-06,8,228,0.04094300152911552
cto_sort,2014-05,2014-06,9,229,0.05144119405137261
cto_sort,2014-05,2014-06,10,229,0.05595990509005098
cto_sort,2014-06,2014-07,1,229,0.07257320191991555
cto_sort,2014-06,2014-07,2,230,0.07611848524393018
cto_sort,2014-06,2014-07,3,229,0.08048179565082542
cto_sort,2014-06,2014-07,4,230,0.09055978539383643
cto_sort,2014-06,2014-07,5,230,0.08289661663680782
cto_sort,2014-06,2014-07,6,229,0.08553388626162699
cto_sort,2014-06,2014-07,7,230,0.07804934060402731
cto_sort,2014-06,2014-07,8,229,0.06720205783386668
cto_sort,2014-06,2014-07,9,230,0.07512577151905704
cto_sort,2014-06,2014-07,10,230,0.048959218716818964
cto_sort,2014-07,2014-08,1,229,0.04106576172544396
cto_sort,2014-07,2014-08,2,230,0.058040466649851304
cto_sort,2014-07,2014-08,3,230,0.06901240986285645
cto_sort,2014-07,2014-08,4,230,0.062105222587475625
cto_sort,2014-07,2014-08,5,230,0.05974256044289671
cto_sort,2014-07,2014-08,6,229,0.05744507602281294
cto_sort,2014-07,2014-08,7,230,0.0482195612134896
cto_sort,2014-07,2014-08,8,230,0.04204551831110419
cto_sort,2014-07,2014-08,9,230,0.05605206180540706
cto_sort,2014-07,2014-08,10,230,0.05199784455918048
cto_sort,2014-08,2014-09,1,229,0.1295766425303781
cto_sort,2014-08,2014-09,2,229,0.15062895691428563
cto_sort,2014-08,2014-09,3,229,0.14985294418576053
cto_sort,2014-08,2014-09,4,230,0.14577094720330616
cto_sort,2014-08,2014-09,5,229,0.14396679069334847
cto_sort,2014-08,2014-09,6,229,0.1408173620333181
cto_sort,2014-08,2014-09,7,230,0.12275430077978583
cto_sort,2014-08,2014-09,8,229,0.11504768670918915
cto_sort,2014-08,2014-09,9,229,0.12468155047733522
cto_sort,2014-08,2014-09,10,230,0.12290084042970607
cto_sort,2014-09,2014-10,1,229,0.0026939754029395393
cto_sort,2014-09,2014-10,2,230,0.01112948169890258
cto_sort,2014-09,2014-10,3,230,0.01330150243539437
cto_sort,2014-09,2014-10,4,230,0.012701509495488058
cto_sort,2014-09,2014-10,5,230,0.020417368631174746
cto_sort,2014-09,2014-10,6,230,0.018267703764492292
cto_sort,2014-09,2014-10,7,230,0.020062568125435623
cto_sort,2014-09,2014-10,8,230,0.02258531021633199
cto_sort,2014-09,2014-10,9,230,0.006049859390539605
cto_sort,2014-09,2014-10,10,230,0.0155183952076575
cto_sort,2014-10,2014-11,1,226,0.044868452729687994
cto_sort,2014-10,2014-11,2,227,0.06060477651741792
cto_sort,2014-10,2014-11,3,227,0.05625238193552172
cto_sort,2014-10,2014-11,4,226,0.06594948106274273
cto_sort,2014-10,2014-11,5,227,0.055235821840809544
cto_sort,2014-10,2014-11,6,227,0.07089405861501724
cto_sort,2014-10,2014-11,7,226,0.05358664085104248
cto_sort,2014-10,2014-11,8,227,0.05586862741786262
cto_sort,2014-10,2014-11,9,227,0.05722701378842492
cto_sort,2014-10,2014-11,10,227,0.05890992439929495
cto_sort,2014-11,2014-12,1,226,-0.07325439579242098
cto_sort,2014-11,2014-12,2,227,-0.06262691474600239
cto_sort,2014-11,2014-12,3,227,-0.059330525329822616
cto_sort,2014-11,2014-12,4,226,-0.05699898030944978
cto_sort,2014-11,2014-12,5,227,-0.0534763408484524
cto_sort,2014-11,2014-12,6,227,-0.032887139862902356
cto_sort,2014-11,2014-12,7,226,-0.03472465992908363
cto_sort,2014-11,2014-12,8,227,0.008151297467338139
cto_sort,2014-11,2014-12,9,227,0.0246579027687577
cto_sort,2014-11,2014-12,10,227,0.052194660853805724
cto_sort,2014-12,2015-01,1,228,0.0799075637334277
cto_sort,2014-12,2015-01,2,229,0.07522626824914698
cto_sort,2014-12,2015-01,3,229,0.05887167227098738
cto_sort,2014-12,2015-01,4,228,0.0670893110656419
cto_sort,2014-12,2015-01,5,229,0.07545067204765356
cto_sort,2014-12,2015-01,6,229,0.07630328648979144
cto_sort,2014-12,2015-01,7,228,0.06858397375770786
cto_sort,2014-12,2015-01,8,229,0.08581374694952604
cto_sort,2014-12,2015-01,9,229,0.07104969335924861
cto_sort,2014-12,2015-01,10,229,0.06659174158413662
cto_sort,2015-01,2015-02,1,230,0.07206385189076824
cto_sort,2015-01,2015-02,2,230,0.07546337115117523
cto_sort,2015-01,2015-02,3,230,0.07862707308042399
cto_sort,2015-01,2015-02,4,230,0.06950272189495646
cto_sort,2015-01,2015-02,5,231,0.06949985521137945
cto_sort,2015-01,2015-02,6,230,0.07411044031308704
cto_sort,2015-01,2015-02,7,230,0.07998031885403936
cto_sort,2015-01,2015-02,8,230,0.07874033042225419
cto_sort,2015-01,2015-02,9,230,0.06526540595283921
cto_sort,2015-01,2015-02,10,231,0.08989648061868596
cto_sort,2015-02,2015-03,1,228,0.2332864653982315
cto_sort,2015-02,2015-03,2,228,0.220954750989451
cto_sort,2015-02,2015-03,3,229,0.23795439208364574
cto_sort,2015-02,2015-03,4,228,0.2233242689556624
cto_sort,2015-02,2015-03,5,229,0.22379213729956457
cto_sort,2015-02,2015-03,6,228,0.23610489230287812
cto_sort,2015-02,2015-03,7,228,0.21151332441114964
cto_sort,2015-02,2015-03,8,229,0.23359303731170464
cto_sort,2015-02,2015-03,9,228,0.2060069361570844
cto_sort,2015-02,2015-03,10,229,0.22979827685162751
cto_sort,2015-03,2015-04,1,229,0.17735000373422194
cto_sort,2015-03,2015-04,2,230,0.15634793926588927
cto_sort,2015-03,2015-04,3,230,0.15915634512940705
cto_sort,2015-03,2015-04,4,230,0.1662900475875283
cto_sort,2015-03,2015-04,5,230,0.15967343799945025
cto_sort,2015-03,2015-04,6,230,0.16604333703630392
cto_sort,2015-03,2015-04,7,230,0.16732573499637624
cto_sort,2015-03,2015-04,8,230,0.15627852322957167
cto_sort,2015-03,2015-04,9,230,0.1744041013901353
cto_sort,2015-03,2015-04,10,230,0.15982521520098716
cto_sort,2015-04,2015-05,1,228,0.2644567626146055
cto_sort,2015-04,2015-05,2,229,0.21258552945809303
cto_sort,2015-04,2015-05,3,229,0.2555957447146073
cto_sort,2015-04,2015-05,4,228,0.23818497455306406
cto_sort,2015-04,2015-05,5,229,0.2430010729002713
cto_sort,2015-04,2015-05,6,229,0.2078581876634955
cto_sort,2015-04,2015-05,7,228,0.21352538453016318
cto_sort,2015-04,2015-05,8,229,0.2161471076949871
cto_sort,2015-04,2015-05,9,229,0.20293049497087173
cto_sort,2015-04,2015-05,10,229,0.23789863464252847
cto_sort,2015-05,2015-06,1,223,-0.1627954688561993
cto_sort,2015-05,2015-06,2,224,-0.0991020456418019
cto_sort,2015-05,2015-06,3,223,-0.09446594520649175
cto_sort,2015-05,2015-06,4,224,-0.05951954464391497
cto_sort,2015-05,2015-06,5,223,-0.07458379479805023
cto_sort,2015-05,2015-06,6,224,-0.07163058527714938
cto_sort,2015-05,2015-06,7,223,-0.08232040062047213
cto_sort,2015-05,2015-06,8,224,-0.0977928163367675
cto_sort,2015-05,2015-06,9,223,-0.10272979645303625
cto_sort,2015-05,2015-06,10,224,-0.1549763480153569
cto_sort,2015-06,2015-07,1,221,-0.21201253958426017
cto_sort,2015-06,2015-07,2,222,-0.20841035010506254
cto_sort,2015-06,2015-07,3,222,-0.1955699981289756
cto_sort,2015-06,2015-07,4,222,-0.182804039643711
cto_sort,2015-06,2015-07,5,222,-0.1948336602983102
cto_sort,2015-06,2015-07,6,221,-0.182407556243171
cto_sort,2015-06,2015-07,7,222,-0.17240347388908553
cto_sort,2015-06,2015-07,8,222,-0.16654726287772273
cto_sort,2015-06,2015-07,9,222,-0.13540076423120925
cto_sort,2015-06,2015-07,10,222,-0.14934158081932983
cto_sort,2015-07,2015-08,1,212,-0.13752142395109962
cto_sort,2015-07,2015-08,2,212,-0.10615923682449128
cto_sort,2015-07,2015-08,3,213,-0.1265036017455528
cto_sort,2015-07,2015-08,4,212,-0.12227091044451197
cto_sort,2015-07,2015-08,5,213,-0.12596948290611773
cto_sort,2015-07,2015-08,6,212,-0.12012015347715217
cto_sort,2015-07,2015-08,7,212,-0.13187754381203134
cto_sort,2015-07,2015-08,8,213,-0.1411424017967313
cto_sort,2015-07,2015-08,9,212,-0.1589283435721352
cto_sort,2015-07,2015-08,10,213,-0.16073391496330242
cto_sort,2015-08,2015-09,1,213,-0.010739364485588708
cto_sort,2015-08,2015-09,2,213,-0.03381628352047984
cto_sort,2015-08,2015-09,3,214,-0.026795286198785396
cto_sort,2015-08,2015-09,4,213,-0.03341367972956571
cto_sort,2015-08,2015-09,5,214,-0.020396049825052106
cto_sort,2015-08,2015-09,6,213,-0.03187960048521934
cto_sort,2015-08,2015-09,7,213,-0.024091469733762496
cto_sort,2015-08,2015-09,8,214,-0.02993208216496308
cto_sort,2015-08,2015-09,9,213,-0.030520939917759206
cto_sort,2015-08,2015-09,10,214,-0.04191265941289118
cto_sort,2015-09,2015-10,1,213,0.2514121423804643
cto_sort,2015-09,2015-10,2,213,0.23874755216963417
cto_sort,2015-09,2015-10,3,214,0.21224013846256748
cto_sort,2015-09,2015-10,4,213,0.22553611485520467
cto_sort,2015-09,2015-10,5,214,0.20774698980174275
cto_sort,2015-09,2015-10,6,213,0.22255978518789152
cto_sort,2015-09,2015-10,7,213,0.23404890840705836
cto_sort,2015-09,2015-10,8,214,0.24503076779276914
cto_sort,2015-09,2015-10,9,213,0.2492738620568569
cto_sort,2015-09,2015-10,10,214,0.2465114292228055
cto_sort,2015-10,2015-11,1,219,0.08290732872229022
cto_sort,2015-10,2015-11,2,219,0.12971030251449436
cto_sort,2015-10,2015-11,3,219,0.10238728441184178
cto_sort,2015-10,2015-11,4,219,0.10475140131538424
cto_sort,2015-10,2015-11,5,219,0.10500546482111953
cto_sort,2015-10,2015-11,6,219,0.08144639358323351
cto_sort,2015-10,2015-11,7,219,0.07530499235715327
cto_sort,2015-10,2015-11,8,219,0.1061357156678353
cto_sort,2015-10,2015-11,9,219,0.09179192453772562
cto_sort,2015-10,2015-11,10,219,0.09648094696025647
cto_sort,2015-11,2015-12,1,227,0.05089741085702179
cto_sort,2015-11,2015-12,2,227,0.08759467741655583
cto_sort,2015-11,2015-12,3,227,0.07254311503942028
cto_sort,2015-11,2015-12,4,228,0.07792381001879538
cto_sort,2015-11,2015-12,5,227,0.07679993496899208
cto_sort,2015-11,2015-12,6,227,0.07942730210501624
cto_sort,2015-11,2015-12,7,228,0.07147807514890345
cto_sort,2015-11,2015-12,8,227,0.06668552665745267
cto_sort,2015-11,2015-12,9,227,0.053374058422425735
cto_sort,2015-11,2015-12,10,228,0.0460050859408754
cto_sort,2015-12,2016-01,1,236,-0.29419915214561443
cto_sort,2015-12,2016-01,2,236,-0.3048238858983893
cto_sort,2015-12,2016-01,3,237,-0.2972593459970581
cto_sort,2015-12,2016-01,4,236,-0.2924722598289693
cto_sort,2015-12,2016-01,5,237,-0.2899893842642322
cto_sort,2015-12,2016-01,6,236,-0.29544048832215636
cto_sort,2015-12,2016-01,7,236,-0.30162193141296256
cto_sort,2015-12,2016-01,8,237,-0.2853581938704016
cto_sort,2015-12,2016-01,9,236,-0.29676480380300624
cto_sort,2015-12,2016-01,10,237,-0.297262864448582
cto_sort,2016-01,2016-02,1,239,-0.02062187220491525
cto_sort,2016-01,2016-02,2,239,-0.03352131556449266
cto_sort,2016-01,2016-02,3,239,-0.02166459117876878
cto_sort,2016-01,2016-02,4,239,-0.016668451179281195
cto_sort,2016-01,2016-02,5,240,-0.018903739991816937
cto_sort,2016-01,2016-02,6,239,-0.00985873083908904
cto_sort,2016-01,2016-02,7,239,-0.01375961201782938
cto_sort,2016-01,2016-02,8,239,-0.010640690698418841
cto_sort,2016-01,2016-02,9,239,-0.018650219338836805
cto_sort,2016-01,2016-02,10,240,-0.009950834079370625
cto_sort,2016-02,2016-03,1,239,0.18551803702776065
cto_sort,2016-02,2016-03,2,240,0.2280532278012327
cto_sort,2016-02,2016-03,3,240,0.2012003447858047
cto_sort,2016-02,2016-03,4,240,0.20662227503162178
cto_sort,2016-02,2016-03,5,240,0.20791931761119856
cto_sort,2016-02,2016-03,6,240,0.1885737915622179
cto_sort,2016-02,2016-03,7,240,0.18832734280449812
cto_sort,2016-02,2016-03,8,240,0.18419132548090716
cto_sort,2016-02,2016-03,9,240,0.17403371770662934
cto_sort,2016-02,2016-03,10,240,0.18357881080440627
cto_sort,2016-03,2016-04,1,244,-0.022052247929357394
cto_sort,2016-03,2016-04,2,245,-0.015075293837944129
cto_sort,2016-03,2016-04,3,244,-0.008548210116283417
cto_sort,2016-03,2016-04,4,245,-0.012462294611146148
cto_sort,2016-03,2016-04,5,245,-0.0002617951990394956
cto_sort,2016-03,2016-04,6,244,-0.004658596206365187
cto_sort,2016-03,2016-04,7,245,0.009453898642292088
cto_sort,2016-03,2016-04,8,244,-0.0034234063333593366
cto_sort,2016-03,2016-04,9,245,-0.0031131456742201674
cto_sort,2016-03,2016-04,10,245,-0.006224891440681668
cto_sort,2016-04,2016-05,1,245,-0.019043790681326292
cto_sort,2016-04,2016-05,2,246,-0.02251146060266382
cto_sort,2016-04,2016-05,3,245,-0.020425681267357543
cto_sort,2016-04,2016-05,4,246,-0.02774242299400697
cto_sort,2016-04,2016-05,5,246,-0.013146400194724246
cto_sort,2016-04,2016-05,6,245,-0.009176619403446579
cto_sort,2016-04,2016-05,7,246,-0.016314536228737415
cto_sort,2016-04,2016-05,8,245,-0.008238364034736339
cto_sort,2016-04,2016-05,9,246,-0.010609710508464671
cto_sort,2016-04,2016-05,10,246,-0.007089645084928479
cto_sort,2016-05,2016-06,1,246,0.07291806944942213
cto_sort,2016-05,2016-06,2,247,0.06382258903525376
cto_sort,2016-05,2016-06,3,247,0.06371212508499893
cto_sort,2016-05,2016-06,4,247,0.057478514904099644
cto_sort,2016-05,2016-06,5,247,0.057009051792656563
cto_sort,2016-05,2016-06,6,246,0.05164077894520461
cto_sort,2016-05,2016-06,7,247,0.049012226112500494
cto_sort,2016-05,2016-06,8,247,0.05127259853400714
cto_sort,2016-05,2016-06,9,247,0.046737000589979594
cto_sort,2016-05,2016-06,10,247,0.0629046356428892
cto_sort,2016-06,2016-07,1,250,-0.05490841015002702
cto_sort,2016-06,2016-07,2,250,-0.03005356036614277
cto_sort,2016-06,2016-07,3,250,-0.019987246747746597
cto_sort,2016-06,2016-07,4,251,-0.004770076703747167
cto_sort,2016-06,2016-07,5,250,0.0017648113068354037
cto_sort,2016-06,2016-07,6,250,0.01418144871100916
cto_sort,2016-06,2016-07,7,251,0.021465407719287403
cto_sort,2016-06,2016-07,8,250,0.024615468093273665
cto_sort,2016-06,2016-07,9,250,0.01865742983647732
cto_sort,2016-06,2016-07,10,251,-0.024454447737800106
cto_sort,2016-07,2016-08,1,254,0.05201915520942388
cto_sort,2016-07,2016-08,2,254,0.05268627001974137
cto_sort,2016-07,2016-08,3,254,0.04136355506764415
cto_sort,2016-07,2016-08,4,255,0.049998462906173095
cto_sort,2016-07,2016-08,5,254,0.05135802343954558
cto_sort,2016-07,2016-08,6,254,0.04343760969438504
cto_sort,2016-07,2016-08,7,255,0.0523373614968138
cto_sort,2016-07,2016-08,8,254,0.046134670275601995
cto_sort,2016-07,2016-08,9,254,0.04521536075612314
cto_sort,2016-07,2016-08,10,255,0.05191681163446583
cto_sort,2016-08,2016-09,1,256,-0.01894098059287579
cto_sort,2016-08,2016-09,2,256,-0.009216781427588795
cto_sort,2016-08,2016-09,3,256,-0.009994656096959827
cto_sort,2016-08,2016-09,4,257,-0.010470281942434845
cto_sort,2016-08,2016-09,5,256,-0.010788672451814587
cto_sort,2016-08,2016-09,6,256,-0.003218237558318404
cto_sort,2016-08,2016-09,7,257,-0.004533963718750725
cto_sort,2016-08,2016-09,8,256,-0.011865868080182772
cto_sort,2016-08,2016-09,9,256,-0.004354643997200247
cto_sort,2016-08,2016-09,10,257,0.0018030226809984706
cto_sort,2016-09,2016-10,1,257,0.04767059852515453
cto_sort,2016-09,2016-10,2,257,0.03219401554592498
cto_sort,2016-09,2016-10,3,257,0.034148138167572964
cto_sort,2016-09,2016-10,4,258,0.03457869959743647
cto_sort,2016-09,2016-10,5,257,0.03869467364602318
cto_sort,2016-09,2016-10,6,257,0.037139195805950355
cto_sort,2016-09,2016-10,7,258,0.03177467282942337
cto_sort,2016-09,2016-10,8,257,0.03586439311201359
cto_sort,2016-09,2016-10,9,257,0.028699280658761817
cto_sort,2016-09,2016-10,10,258,0.027049912651755284
cto_sort,2016-10,2016-11,1,256,0.021420157692393776
cto_sort,2016-10,2016-11,2,257,0.029505147255750125
cto_sort,2016-10,2016-11,3,256,0.039689286605529714
cto_sort,2016-10,2016-11,4,257,0.037086876940920034
cto_sort,2016-10,2016-11,5,257,0.031784132723163515
cto_sort,2016-10,2016-11,6,256,0.03345984131089419
cto_sort,2016-10,2016-11,7,257,0.02059403567658579
cto_sort,2016-10,2016-11,8,256,0.02364024294333518
cto_sort,2016-10,2016-11,9,257,0.01986083914454253
cto_sort,2016-10,2016-11,10,257,0.02410059516368531
cto_sort,2016-11,2016-12,1,260,-0.0368773677453801
cto_sort,2016-11,2016-12,2,260,-0.033291804285679995
cto_sort,2016-11,2016-12,3,260,-0.048776685309417325
cto_sort,2016-11,2016-12,4,260,-0.04424884657162081
cto_sort,2016-11,2016-12,5,260,-0.04845349156277864
cto_sort,2016-11,2016-12,6,260,-0.048739476084591477
cto_sort,2016-11,2016-12,7,260,-0.055926731339106084
cto_sort,2016-11,2016-12,8,260,-0.04872071053138461
cto_sort,2016-11,2016-12,9,260,-0.05069448570077668
cto_sort,2016-11,2016-12,10,260,-0.04846885078264253
cto_sort,2016-12,2017-01,1,261,-0.03569963206987658
cto_sort,2016-12,2017-01,2,262,-0.0266009828229439
cto_sort,2016-12,2017-01,3,262,-0.024632765446416075
cto_sort,2016-12,2017-01,4,262,-0.012114896078388395
cto_sort,2016-12,2017-01,5,262,-0.02188904400651392
cto_sort,2016-12,2017-01,6,262,-0.017993083817176878
cto_sort,2016-12,2017-01,7,262,-0.022533195350171318
cto_sort,2016-12,2017-01,8,262,-0.014296871282434693
cto_sort,2016-12,2017-01,9,262,-0.015524909277665056
cto_sort,2016-12,2017-01,10,262,-0.02757652177314208
cto_sort,2017-01,2017-02,1,261,0.04468575084352026
cto_sort,2017-01,2017-02,2,262,0.04165256603101493
cto_sort,2017-01,2017-02,3,262,0.04204190008030227
cto_sort,2017-01,2017-02,4,261,0.046373898522864866
cto_sort,2017-01,2017-02,5,262,0.035741651459416386
cto_sort,2017-01,2017-02,6,262,0.04037732087244664
cto_sort,2017-01,2017-02,7,261,0.03318429006841854
cto_sort,2017-01,2017-02,8,262,0.036733232922491366
cto_sort,2017-01,2017-02,9,262,0.04230447852616181
cto_sort,2017-01,2017-02,10,262,0.03505513921821235
cto_sort,2017-02,2017-03,1,260,-0.03769028253438334
cto_sort,2017-02,2017-03,2,261,-0.026781011121151378
cto_sort,2017-02,2017-03,3,260,-0.022106242616681513
cto_sort,2017-02,2017-03,4,261,-0.02442200057901804
cto_sort,2017-02,2017-03,5,261,-0.02321045173357151
cto_sort,2017-02,2017-03,6,260,-0.019401835882097464
cto_sort,2017-02,2017-03,7,261,-0.017541615204878833
cto_sort,2017-02,2017-03,8,260,-0.012535306193898442
cto_sort,2017-02,2017-03,9,261,-0.011389150930461998
cto_sort,2017-02,2017-03,10,261,-0.01615485988385402
cto_sort,2017-03,2017-04,1,263,-0.08816543053110847
cto_sort,2017-03,2017-04,2,263,-0.0649327584841335
cto_sort,2017-03,2017-04,3,263,-0.051377212149746575
cto_sort,2017-03,2017-04,4,263,-0.059556283384711424
cto_sort,2017-03,2017-04,5,264,-0.05316356370131172
cto_sort,2017-03,2017-04,6,263,-0.0488248552596088
cto_sort,2017-03,2017-04,7,263,-0.04907740063426755
cto_sort,2017-03,2017-04,8,263,-0.05076103228669034
cto_sort,2017-03,2017-04,9,263,-0.04466046997622962
cto_sort,2017-03,2017-04,10,264,-0.05573865138521832
cto_sort,2017-04,2017-05,1,263,-0.10356951057249
cto_sort,2017-04,2017-05,2,264,-0.07118110617046827
cto_sort,2017-04,2017-05,3,264,-0.056203711058969166
cto_sort,2017-04,2017-05,4,264,-0.06831773390211231
cto_sort,2017-04,2017-05,5,264,-0.06375751610713355
cto_sort,2017-04,2017-05,6,263,-0.06449751870439172
cto_sort,2017-04,2017-05,7,264,-0.06793386800411248
cto_sort,2017-04,2017-05,8,264,-0.06186463456428535
cto_sort,2017-04,2017-05,9,264,-0.06791848053192735
cto_sort,2017-04,2017-05,10,264,-0.05268304777119066
cto_sort,2017-05,2017-06,1,261,0.013371483911964207
cto_sort,2017-05,2017-06,2,262,0.04805690533073917
cto_sort,2017-05,2017-06,3,262,0.04452820403244714
cto_sort,2017-05,2017-06,4,262,0.05184083049656496
cto_sort,2017-05,2017-06,5,262,0.046870186921123914
cto_sort,2017-05,2017-06,6,261,0.04910957062696778
cto_sort,2017-05,2017-06,7,262,0.0532601395033552
cto_sort,2017-05,2017-06,8,262,0.05011447717952133
cto_sort,2017-05,2017-06,9,262,0.04172886857852383
cto_sort,2017-05,2017-06,10,262,0.03995970876083393
cto_sort,2017-06,2017-07,1,262,-0.029339718691140545
cto_sort,2017-06,2017-07,2,262,-0.001681529818269468
cto_sort,2017-06,2017-07,3,262,0.005153829701338271
cto_sort,2017-06,2017-07,4,262,0.016702473243773757
cto_sort,2017-06,2017-07,5,263,0.01512139108555614
cto_sort,2017-06,2017-07,6,262,0.01909231442004728
cto_sort,2017-06,2017-07,7,262,0.016490863882910267
cto_sort,2017-06,2017-07,8,262,0.00988623651082822
cto_sort,2017-06,2017-07,9,262,0.0008451860896585117
cto_sort,2017-06,2017-07,10,263,-0.0038102431218950553
cto_sort,2017-07,2017-08,1,264,0.030629025148787393
cto_sort,2017-07,2017-08,2,265,0.03063125699716181
cto_sort,2017-07,2017-08,3,264,0.035686955876440225
cto_sort,2017-07,2017-08,4,265,0.0393540857374938
cto_sort,2017-07,2017-08,5,265,0.03308704029778759
cto_sort,2017-07,2017-08,6,264,0.025414498588151875
cto_sort,2017-07,2017-08,7,265,0.025482170960483646
cto_sort,2017-07,2017-08,8,264,0.03372510333888252
cto_sort,2017-07,2017-08,9,265,0.038964558415286524
cto_sort,2017-07,2017-08,10,265,0.03031721953627525
cto_sort,2017-08,2017-09,1,267,-0.0014150421556822113
cto_sort,2017-08,2017-09,2,268,0.01610720308516816
cto_sort,2017-08,2017-09,3,267,0.02049058206512402
cto_sort,2017-08,2017-09,4,268,0.00898188753943383
cto_sort,2017-08,2017-09,5,267,0.021388633191573036
cto_sort,2017-08,2017-09,6,268,0.013553309044394503
cto_sort,2017-08,2017-09,7,267,0.018189034026339233
cto_sort,2017-08,2017-09,8,268,0.017087384495950673
cto_sort,2017-08,2017-09,9,267,0.017360376605223035
cto_sort,2017-08,2017-09,10,268,0.032985686660288
cto_sort,2017-09,2017-10,1,272,-0.05765466016521856
cto_sort,2017-09,2017-10,2,273,-0.03973656829848009
cto_sort,2017-09,2017-10,3,272,-0.029791131377060354
cto_sort,2017-09,2017-10,4,273,-0.01967608928303848
cto_sort,2017-09,2017-10,5,272,-0.01905276990046766
cto_sort,2017-09,2017-10,6,273,-0.00955153158633087
cto_sort,2017-09,2017-10,7,272,0.00019855364974950991
cto_sort,2017-09,2017-10,8,273,-0.005548185755022818
cto_sort,2017-09,2017-10,9,272,-0.00785360800632155
cto_sort,2017-09,2017-10,10,273,-0.01483629553904292
cto_sort,2017-10,2017-11,1,274,-0.08693138500681474
cto_sort,2017-10,2017-11,2,275,-0.06801528057552864
cto_sort,2017-10,2017-11,3,275,-0.0682194147077527
cto_sort,2017-10,2017-11,4,275,-0.06564308836403683
cto_sort,2017-10,2017-11,5,275,-0.060323123196927356
cto_sort,2017-10,2017-11,6,274,-0.06241559656866792
cto_sort,2017-10,2017-11,7,275,-0.06198707484348799
cto_sort,2017-10,2017-11,8,275,-0.05553470063554201
cto_sort,2017-10,2017-11,9,275,-0.05336620803436853
cto_sort,2017-10,2017-11,10,275,-0.0577253319152324
cto_sort,2017-11,2017-12,1,280,-0.018268332546376356
cto_sort,2017-11,2017-12,2,281,-0.01577188029827936
cto_sort,2017-11,2017-12,3,280,-0.015322274954350805
cto_sort,2017-11,2017-12,4,281,-0.023460296297586943
cto_sort,2017-11,2017-12,5,280,-0.014693296069171104
cto_sort,2017-11,2017-12,6,281,-0.014375130172740596
cto_sort,2017-11,2017-12,7,280,-0.012767929335492463
cto_sort,2017-11,2017-12,8,281,-0.01868352780823513
cto_sort,2017-11,2017-12,9,280,-0.015632902667449957
cto_sort,2017-11,2017-12,10,281,-0.021176399254942847
cto_sort,2017-12,2018-01,1,282,-0.058913067148564514
cto_sort,2017-12,2018-01,2,282,-0.022709514567518952
cto_sort,2017-12,2018-01,3,283,-0.027551754922728582
cto_sort,2017-12,2018-01,4,282,-0.0121096859497762
cto_sort,2017-12,2018-01,5,283,-0.015542696314043501
cto_sort,2017-12,2018-01,6,282,-0.011671496380670063
cto_sort,2017-12,2018-01,7,282,-0.026296339610001662
cto_sort,2017-12,2018-01,8,283,-0.01666516130177646
cto_sort,2017-12,2018-01,9,282,-0.018319989312235958
cto_sort,2017-12,2018-01,10,283,-0.03168351823756232
cto_sort,2018-01,2018-02,1,288,-0.04169328578099913
cto_sort,2018-01,2018-02,2,288,-0.046594138793854954
cto_sort,2018-01,2018-02,3,288,-0.04208460270327298
cto_sort,2018-01,2018-02,4,288,-0.05442148074990118
cto_sort,2018-01,2018-02,5,288,-0.048117910930895604
cto_sort,2018-01,2018-02,6,288,-0.04686584474087503
cto_sort,2018-01,2018-02,7,288,-0.052173668408506894
cto_sort,2018-01,2018-02,8,288,-0.0423135160095125
cto_sort,2018-01,2018-02,9,288,-0.0472554018584225
cto_sort,2018-01,2018-02,10,289,-0.03440395926748549
cto_sort,2018-02,2018-03,1,285,0.054781348064096645
cto_sort,2018-02,2018-03,2,285,0.048893210782967614
cto_sort,2018-02,2018-03,3,285,0.039831312720034415
cto_sort,2018-02,2018-03,4,286,0.041696823892646194
cto_sort,2018-02,2018-03,5,285,0.04166516039286371
cto_sort,2018-02,2018-03,6,285,0.048624322514351594
cto_sort,2018-02,2018-03,7,286,0.04630259852048577
cto_sort,2018-02,2018-03,8,285,0.0412586976950557
cto_sort,2018-02,2018-03,9,285,0.055155553665399946
cto_sort,2018-02,2018-03,10,286,0.04259181147454842
cto_sort,2018-03,2018-04,1,290,-0.07096232800335375
cto_sort,2018-03,2018-04,2,290,-0.046998143166041374
cto_sort,2018-03,2018-04,3,291,-0.04025316508315243
cto_sort,2018-03,2018-04,4,290,-0.04780170007317878
cto_sort,2018-03,2018-04,5,291,-0.04307982442017541
cto_sort,2018-03,2018-04,6,290,-0.03451347750876756
cto_sort,2018-03,2018-04,7,290,-0.03647358076143074
cto_sort,2018-03,2018-04,8,291,-0.028896319644825863
cto_sort,2018-03,2018-04,9,290,-0.031594696149588326
cto_sort,2018-03,2018-04,10,291,-0.026968081923899434
cto_sort,2018-04,2018-05,1,294,-0.03036842205081129
cto_sort,2018-04,2018-05,2,295,-0.01865118684603913
cto_sort,2018-04,2018-05,3,294,-0.012906515637186143
cto_sort,2018-04,2018-05,4,295,-0.013000249946326498
cto_sort,2018-04,2018-05,5,294,-0.014169321830063775
cto_sort,2018-04,2018-05,6,295,-6.850825245803046e-05
cto_sort,2018-04,2018-05,7,294,0.0007451104384437993
cto_sort,2018-04,2018-05,8,295,-0.00860655023959363
cto_sort,2018-04,2018-05,9,294,0.00154015890993791
cto_sort,2018-04,2018-05,10,295,0.002864606628159837
cto_sort,2018-05,2018-06,1,301,-0.10536813279450549
cto_sort,2018-05,2018-06,2,301,-0.1130969113449863
cto_sort,2018-05,2018-06,3,301,-0.11190011078431476
cto_sort,2018-05,2018-06,4,301,-0.10418254044844207
cto_sort,2018-05,2018-06,5,301,-0.11089183518355596
cto_sort,2018-05,2018-06,6,301,-0.10370581323801255
cto_sort,2018-05,2018-06,7,301,-0.0998088889321397
cto_sort,2018-05,2018-06,8,301,-0.10825358038162143
cto_sort,2018-05,2018-06,9,301,-0.10871345172106861
cto_sort,2018-05,2018-06,10,301,-0.1037691055444704
cto_sort,2018-06,2018-07,1,305,-0.024920329561128926
cto_sort,2018-06,2018-07,2,306,-0.0003290890106754166
cto_sort,2018-06,2018-07,3,306,0.015099421350904611
cto_sort,2018-06,2018-07,4,305,0.007687389801571112
cto_sort,2018-06,2018-07,5,306,0.010386955843197482
cto_sort,2018-06,2018-07,6,306,0.020895004616904866
cto_sort,2018-06,2018-07,7,305,0.02144697962058448
cto_sort,2018-06,2018-07,8,306,0.012841647644981316
cto_sort,2018-06,2018-07,9,306,0.008418371824097
cto_sort,2018-06,2018-07,10,306,-0.0036120824992877877
cto_sort,2018-07,2018-08,1,309,-0.10853166279063013
cto_sort,2018-07,2018-08,2,310,-0.08865648935069388
cto_sort,2018-07,2018-08,3,310,-0.08265162559550582
cto_sort,2018-07,2018-08,4,309,-0.06896240048945368
cto_sort,2018-07,2018-08,5,310,-0.07669693050221875
cto_sort,2018-07,2018-08,6,310,-0.06977709321141018
cto_sort,2018-07,2018-08,7,309,-0.0729099714440161
cto_sort,2018-07,2018-08,8,310,-0.06657047983827107
cto_sort,2018-07,2018-08,9,310,-0.07339189764388669
cto_sort,2018-07,2018-08,10,310,-0.07453764820125719
cto_sort,2018-08,2018-09,1,317,-0.0001969722621742826
cto_sort,2018-08,2018-09,2,317,-0.003333318475476527
cto_sort,2018-08,2018-09,3,317,-0.0027959121719520006
cto_sort,2018-08,2018-09,4,317,-0.0013777206039536818
cto_sort,2018-08,2018-09,5,318,-0.00267717057067947
cto_sort,2018-08,2018-09,6,317,-0.003567404711222948
cto_sort,2018-08,2018-09,7,317,-0.0037693127837952543
cto_sort,2018-08,2018-09,8,317,-0.007085156348549887
cto_sort,2018-08,2018-09,9,317,0.005452895860183593
cto_sort,2018-08,2018-09,10,318,0.0019882705496012806
cto_sort,2018-09,2018-10,1,323,-0.10771164993001041
cto_sort,2018-09,2018-10,2,323,-0.09483792221693511
cto_sort,2018-09,2018-10,3,323,-0.09549359854263356
cto_sort,2018-09,2018-10,4,323,-0.09477163646368757
cto_sort,2018-09,2018-10,5,323,-0.08914020443504474
cto_sort,2018-09,2018-10,6,323,-0.08585233294116926
cto_sort,2018-09,2018-10,7,323,-0.09491734704569571
cto_sort,2018-09,2018-10,8,323,-0.09758987846101831
cto_sort,2018-09,2018-10,9,323,-0.08765029606710416
cto_sort,2018-09,2018-10,10,324,-0.09203535338707544
cto_sort,2018-10,2018-11,1,327,0.03362559742235869
cto_sort,2018-10,2018-11,2,328,0.05428355794771896
cto_sort,2018-10,2018-11,3,327,0.06136717055589001
cto_sort,2018-10,2018-11,4,328,0.05954886975568088
cto_sort,2018-10,2018-11,5,328,0.05703979502499272
cto_sort,2018-10,2018-11,6,327,0.057135886457036496
cto_sort,2018-10,2018-11,7,328,0.06354097338871213
cto_sort,2018-10,2018-11,8,327,0.07109566218980792
cto_sort,2018-10,2018-11,9,328,0.061287898532622065
cto_sort,2018-10,2018-11,10,328,0.0729119365942109
cto_sort,2018-11,2018-12,1,334,-0.04836422938084247
cto_sort,2018-11,2018-12,2,334,-0.0450931901808854
cto_sort,2018-11,2018-12,3,334,-0.0375803741926296
cto_sort,2018-11,2018-12,4,334,-0.040340582364175
cto_sort,2018-11,2018-12,5,334,-0.04532059584589589
cto_sort,2018-11,2018-12,6,334,-0.03908090152975636
cto_sort,2018-11,2018-12,7,334,-0.03415444144265313
cto_sort,2018-11,2018-12,8,334,-0.042035914360904376
cto_sort,2018-11,2018-12,9,334,-0.0449661390143817
cto_sort,2018-11,2018-12,10,334,-0.04432658013481261
cto_sort,2018-12,2019-01,1,336,-0.08512899173174251
cto_sort,2018-12,2019-01,2,337,-0.03718111116772156
cto_sort,2018-12,2019-01,3,337,-0.025240891095698926
cto_sort,2018-12,2019-01,4,337,-0.012713014545472632
cto_sort,2018-12,2019-01,5,337,-0.015812695359612088
cto_sort,2018-12,2019-01,6,337,-0.007771696163758757
cto_sort,2018-12,2019-01,7,337,-0.0032787119615948677
cto_sort,2018-12,2019-01,8,337,0.003724167187210576
cto_sort,2018-12,2019-01,9,337,-0.01086584025385318
cto_sort,2018-12,2019-01,10,337,-0.010037285146992092
cto_sort,2019-01,2019-02,1,338,0.30606649553326903
cto_sort,2019-01,2019-02,2,339,0.24462853896346068
cto_sort,2019-01,2019-02,3,339,0.22769524038226258
cto_sort,2019-01,2019-02,4,339,0.22562912215948197
cto_sort,2019-01,2019-02,5,339,0.21145132872851718
cto_sort,2019-01,2019-02,6,339,0.21546090878355034
cto_sort,2019-01,2019-02,7,339,0.20375695312795683
cto_sort,2019-01,2019-02,8,339,0.20299500081335972
cto_sort,2019-01,2019-02,9,339,0.1994626111421702
cto_sort,2019-01,2019-02,10,339,0.21356368843776852
cto_sort,2019-02,2019-03,1,340,0.09557128004469491
cto_sort,2019-02,2019-03,2,340,0.0995119239487966
cto_sort,2019-02,2019-03,3,340,0.11027242124083188
cto_sort,2019-02,2019-03,4,340,0.10837485548491568
cto_sort,2019-02,2019-03,5,340,0.09396070105044611
cto_sort,2019-02,2019-03,6,340,0.09744347027143654
cto_sort,2019-02,2019-03,7,340,0.11730232890096112
cto_sort,2019-02,2019-03,8,340,0.11533775166372513
cto_sort,2019-02,2019-03,9,340,0.1156913146414348
cto_sort,2019-02,2019-03,10,340,0.10629540907126898
cto_sort,2019-03,2019-04,1,341,-0.0704464238732344
cto_sort,2019-03,2019-04,2,341,-0.060557258327681225
cto_sort,2019-03,2019-04,3,341,-0.036991766731000526
cto_sort,2019-03,2019-04,4,341,-0.03783813078793664
cto_sort,2019-03,2019-04,5,341,-0.022397858012195068
cto_sort,2019-03,2019-04,6,341,-0.03486757798839025
cto_sort,2019-03,2019-04,7,341,-0.030091967322260542
cto_sort,2019-03,2019-04,8,341,-0.016416870461751918
cto_sort,2019-03,2019-04,9,341,-0.03777250942383162
cto_sort,2019-03,2019-04,10,341,-0.02985166870899459
cto_sort,2019-04,2019-05,1,342,-0.08146746642644115
cto_sort,2019-04,2019-05,2,342,-0.04591649196700757
cto_sort,2019-04,2019-05,3,343,-0.04571896703263696
cto_sort,2019-04,2019-05,4,342,-0.04840688230014472
cto_sort,2019-04,2019-05,5,343,-0.04421348978098126
cto_sort,2019-04,2019-05,6,342,-0.04426166508640024
cto_sort,2019-04,2019-05,7,342,-0.04601173333673126
cto_sort,2019-04,2019-05,8,343,-0.0462951163314009
cto_sort,2019-04,2019-05,9,342,-0.04735537439003145
cto_sort,2019-04,2019-05,10,343,-0.04651103705547776
cto_sort,2019-05,2019-06,1,337,-0.011487772251942408
cto_sort,2019-05,2019-06,2,338,0.014490572982904295
cto_sort,2019-05,2019-06,3,338,0.005601252305490461
cto_sort,2019-05,2019-06,4,337,0.01971885062952312
cto_sort,2019-05,2019-06,5,338,0.010196725354818087
cto_sort,2019-05,2019-06,6,338,0.012814860437401071
cto_sort,2019-05,2019-06,7,337,0.01426052903297575
cto_sort,2019-05,2019-06,8,338,0.013028100655542448
cto_sort,2019-05,2019-06,9,338,0.012929224208974235
cto_sort,2019-05,2019-06,10,338,0.005445865611767563
cto_sort,2019-06,2019-07,1,338,-0.0486432440739771
cto_sort,2019-06,2019-07,2,338,-0.025824626274585673
cto_sort,2019-06,2019-07,3,338,-0.01718185884676615
cto_sort,2019-06,2019-07,4,338,-0.009342042807100225
cto_sort,2019-06,2019-07,5,339,-0.019526111159167976
cto_sort,2019-06,2019-07,6,338,-0.007779846241365986
cto_sort,2019-06,2019-07,7,338,-0.0036863363164848432
cto_sort,2019-06,2019-07,8,338,-0.010237320359306953
cto_sort,2019-06,2019-07,9,338,-0.005511684772888074
cto_sort,2019-06,2019-07,10,339,-0.012640029515619253
cto_sort,2019-07,2019-08,1,338,-0.013901946232594414
cto_sort,2019-07,2019-08,2,339,-0.0155400305371222
cto_sort,2019-07,2019-08,3,338,-0.0149906720972148
cto_sort,2019-07,2019-08,4,339,-0.02296523604171589
cto_sort,2019-07,2019-08,5,338,-0.009913778974148522
cto_sort,2019-07,2019-08,6,339,-0.01788080334092482
cto_sort,2019-07,2019-08,7,338,-0.01910836257008035
cto_sort,2019-07,2019-08,8,339,-0.004665578391438774
cto_sort,2019-07,2019-08,9,338,-0.007016113133382004
cto_sort,2019-07,2019-08,10,339,0.009844646936024576
cto_sort,2019-08,2019-09,1,339,-0.0011289739779831345
cto_sort,2019-08,2019-09,2,339,0.015338926717566577
cto_sort,2019-08,2019-09,3,339,0.023882902684260004
cto_sort,2019-08,2019-09,4,339,0.009872135190963473
cto_sort,2019-08,2019-09,5,339,0.00812553966922272
cto_sort,2019-08,2019-09,6,339,0.01882125591846616
cto_sort,2019-08,2019-09,7,339,0.014683710457287226
cto_sort,2019-08,2019-09,8,339,0.021237123455997108
cto_sort,2019-08,2019-09,9,339,0.02007055416325212
cto_sort,2019-08,2019-09,10,340,0.015352613766724681
cto_sort,2019-09,2019-10,1,339,-0.021805075213214148
cto_sort,2019-09,2019-10,2,340,-0.0007814649659673615
cto_sort,2019-09,2019-10,3,340,0.0008134183365931446
cto_sort,2019-09,2019-10,4,340,-0.0023630551486877706
cto_sort,2019-09,2019-10,5,340,-0.0008741437266618458
cto_sort,2019-09,2019-10,6,340,0.0026528022727343877
cto_sort,2019-09,2019-10,7,340,0.0009744103069422886
cto_sort,2019-09,2019-10,8,340,0.003992427885789401
cto_sort,2019-09,2019-10,9,340,0.009241483351858927
cto_sort,2019-09,2019-10,10,340,-0.001165057195535184
cto_sort,2019-10,2019-11,1,340,-0.04084011153502138
cto_sort,2019-10,2019-11,2,341,-0.025017867200195467
cto_sort,2019-10,2019-11,3,340,-0.016980615411452446
cto_sort,2019-10,2019-11,4,341,-0.015799752927381713
cto_sort,2019-10,2019-11,5,341,-0.018474126755624338
cto_sort,2019-10,2019-11,6,340,-0.015489401966326888
cto_sort,2019-10,2019-11,7,341,-0.019299054713070345
cto_sort,2019-10,2019-11,8,340,-0.02255117219458453
cto_sort,2019-10,2019-11,9,341,-0.021497774236930098
cto_sort,2019-10,2019-11,10,341,-0.025767694299867472
cto_sort,2019-11,2019-12,1,340,0.09403860729937105
cto_sort,2019-11,2019-12,2,341,0.08762587571301327
cto_sort,2019-11,2019-12,3,341,0.08788446575643138
cto_sort,2019-11,2019-12,4,341,0.08401899374318045
cto_sort,2019-11,2019-12,5,341,0.08110494983859487
cto_sort,2019-11,2019-12,6,340,0.08029532625875381
cto_sort,2019-11,2019-12,7,341,0.07196765497557758
cto_sort,2019-11,2019-12,8,341,0.07393673893496523
cto_sort,2019-11,2019-12,9,341,0.07899925920271444
cto_sort,2019-11,2019-12,10,341,0.08458638845633111
cto_sort,2019-12,2020-01,1,341,0.006123562789016882
cto_sort,2019-12,2020-01,2,342,0.023223970394054577
cto_sort,2019-12,2020-01,3,341,-0.007538055241111508
cto_sort,2019-12,2020-01,4,342,0.0015949725704524835
cto_sort,2019-12,2020-01,5,342,-0.0040948735532706036
cto_sort,2019-12,2020-01,6,341,-0.008315530745761444
cto_sort,2019-12,2020-01,7,342,0.008328064664410285
cto_sort,2019-12,2020-01,8,341,-0.002510099645738228
cto_sort,2019-12,2020-01,9,342,0.011524714130356394
cto_sort,2019-12,2020-01,10,342,0.018365809169265612
cto_sort,2020-01,2020-02,1,342,0.013787257513981393
cto_sort,2020-01,2020-02,2,343,0.011637701747041578
cto_sort,2020-01,2020-02,3,342,-0.0006278861588765368
cto_sort,2020-01,2020-02,4,343,-0.009846433245548966
cto_sort,2020-01,2020-02,5,342,-0.004141669721504991
cto_sort,2020-01,2020-02,6,343,-0.02490250178361221
cto_sort,2020-01,2020-02,7,342,-0.017222019401342797
cto_sort,2020-01,2020-02,8,343,-0.01220508182902826
cto_sort,2020-01,2020-02,9,342,0.004986689161795133
cto_sort,2020-01,2020-02,10,343,0.05773054750226546
cto_sort,2020-02,2020-03,1,343,-0.11362974430045622
cto_sort,2020-02,2020-03,2,343,-0.061242304112357523
cto_sort,2020-02,2020-03,3,343,-0.03463687750759914
cto_sort,2020-02,2020-03,4,344,-0.03213086515661144
cto_sort,2020-02,2020-03,5,343,-0.019182111544470457
cto_sort,2020-02,2020-03,6,343,-0.014904418583764319
cto_sort,2020-02,2020-03,7,344,-0.011799552477886164
cto_sort,2020-02,2020-03,8,343,-0.014187319203818945
cto_sort,2020-02,2020-03,9,343,-0.027113179472407687
cto_sort,2020-02,2020-03,10,344,-0.048493349671325854
cto_sort,2020-03,2020-04,1,344,-0.014689396808562948
cto_sort,2020-03,2020-04,2,344,0.0042715756515324665
cto_sort,2020-03,2020-04,3,345,0.005698804951185774
cto_sort,2020-03,2020-04,4,344,0.01523323318425713
cto_sort,2020-03,2020-04,5,345,0.019062665507498203
cto_sort,2020-03,2020-04,6,344,0.029246762842259213
cto_sort,2020-03,2020-04,7,344,0.019033751531069284
cto_sort,2020-03,2020-04,8,345,0.03758295996668396
cto_sort,2020-03,2020-04,9,344,0.042106836825495216
cto_sort,2020-03,2020-04,10,345,0.07176180268218453
cto_sort,2020-04,2020-05,1,345,-0.004740965171681516
cto_sort,2020-04,2020-05,2,346,0.004315382601635596
cto_sort,2020-04,2020-05,3,346,0.021073558315412716
cto_sort,2020-04,2020-05,4,345,0.03418113334553709
cto_sort,2020-04,2020-05,5,346,0.025579224052185535
cto_sort,2020-04,2020-05,6,346,0.017024453192664046
cto_sort,2020-04,2020-05,7,345,0.020071809125416097
cto_sort,2020-04,2020-05,8,346,0.02312125455038636
cto_sort,2020-04,2020-05,9,346,0.018459072284209458
cto_sort,2020-04,2020-05,10,346,0.04315517602265686
cto_sort,2020-05,2020-06,1,340,0.052175638687245
cto_sort,2020-05,2020-06,2,340,0.06270561221545572
cto_sort,2020-05,2020-06,3,340,0.056541357215699965
cto_sort,2020-05,2020-06,4,341,0.06404158426306651
cto_sort,2020-05,2020-06,5,340,0.0667402561069986
cto_sort,2020-05,2020-06,6,340,0.06632524101613851
cto_sort,2020-05,2020-06,7,341,0.07100377316850276
cto_sort,2020-05,2020-06,8,340,0.07084330029036719
cto_sort,2020-05,2020-06,9,340,0.08891412276391901
cto_sort,2020-05,2020-06,10,341,0.09322634077791221
cto_sort,2020-06,2020-07,1,341,0.11513918710961851
cto_sort,2020-06,2020-07,2,342,0.1314138940327295
cto_sort,2020-06,2020-07,3,342,0.13896145466426346
cto_sort,2020-06,2020-07,4,341,0.15052856974054324
cto_sort,2020-06,2020-07,5,342,0.1538195430457632
cto_sort,2020-06,2020-07,6,342,0.13902159799865493
cto_sort,2020-06,2020-07,7,341,0.15190581736087605
cto_sort,2020-06,2020-07,8,342,0.14326575974941586
cto_sort,2020-06,2020-07,9,342,0.13154929956035377
cto_sort,2020-06,2020-07,10,342,0.14633736987715645
cto_sort,2020-07,2020-08,1,343,0.0062980341205577115
cto_sort,2020-07,2020-08,2,344,0.03847803209579215
cto_sort,2020-07,2020-08,3,344,0.02856295464852079
cto_sort,2020-07,2020-08,4,344,0.03582901515412486
cto_sort,2020-07,2020-08,5,344,0.050333810917012604
cto_sort,2020-07,2020-08,6,344,0.04299345698176829
cto_sort,2020-07,2020-08,7,344,0.04673562850190293
cto_sort,2020-07,2020-08,8,344,0.05185588762334599
cto_sort,2020-07,2020-08,9,344,0.031635569627310775
cto_sort,2020-07,2020-08,10,344,0.025810519790548072
cto_sort,2020-08,2020-09,1,344,-0.07060278511707582
cto_sort,2020-08,2020-09,2,345,-0.05776395514250308
cto_sort,2020-08,2020-09,3,345,-0.07615732847112872
cto_sort,2020-08,2020-09,4,344,-0.07539134760884095
cto_sort,2020-08,2020-09,5,345,-0.0717065964598404
cto_sort,2020-08,2020-09,6,345,-0.06438134936493738
cto_sort,2020-08,2020-09,7,344,-0.06747882069310762
cto_sort,2020-08,2020-09,8,345,-0.06769454697575089
cto_sort,2020-08,2020-09,9,345,-0.06784320238049461
cto_sort,2020-08,2020-09,10,345,-0.07025124080545248
cto_sort,2020-09,2020-10,1,345,0.04361883675500284
cto_sort,2020-09,2020-10,2,346,0.008726100190253758
cto_sort,2020-09,2020-10,3,345,-0.0013027105597415687
cto_sort,2020-09,2020-10,4,346,-0.01611671852432394
cto_sort,2020-09,2020-10,5,345,-0.010754523941237971
cto_sort,2020-09,2020-10,6,346,-0.013594633429177615
cto_sort,2020-09,2020-10,7,345,-0.00681019245919171
cto_sort,2020-09,2020-10,8,346,0.0056236884162328095
cto_sort,2020-09,2020-10,9,345,-0.006241808670149541
cto_sort,2020-09,2020-10,10,346,0.017056165685129562
cto_sort,2020-10,2020-11,1,346,-0.006131300489822576
cto_sort,2020-10,2020-11,2,346,0.024915907464194895
cto_sort,2020-10,2020-11,3,347,0.03834374244331996
cto_sort,2020-10,2020-11,4,346,0.046734641793320236
cto_sort,2020-10,2020-11,5,347,0.04185776337759868
cto_sort,2020-10,2020-11,6,346,0.045766102517852465
cto_sort,2020-10,2020-11,7,346,0.03125359933458734
cto_sort,2020-10,2020-11,8,347,0.034545627471594544
cto_sort,2020-10,2020-11,9,346,0.03271936380263793
cto_sort,2020-10,2020-11,10,347,0.009395528617464623
cto_sort,2020-11,2020-12,1,349,-0.025525423274355547
cto_sort,2020-11,2020-12,2,350,-0.01977719870346904
cto_sort,2020-11,2020-12,3,350,-0.04472439061182192
cto_sort,2020-11,2020-12,4,350,-0.04670858869942495
cto_sort,2020-11,2020-12,5,350,-0.035723851810560196
cto_sort,2020-11,2020-12,6,350,-0.03136172192058764
cto_sort,2020-11,2020-12,7,350,-0.034031817704178007
cto_sort,2020-11,2020-12,8,350,-0.03420927934497003
cto_sort,2020-11,2020-12,9,350,-0.03883851215795848
cto_sort,2020-11,2020-12,10,350,-0.0031858840039708713
cto_sort,2020-12,2021-01,1,352,-0.11823291468922438
cto_sort,2020-12,2021-01,2,353,-0.08821659939980989
cto_sort,2020-12,2021-01,3,353,-0.07083228287615587
cto_sort,2020-12,2021-01,4,352,-0.08023503453145099
cto_sort,2020-12,2021-01,5,353,-0.06377646287807352
cto_sort,2020-12,2021-01,6,353,-0.059882280033905666
cto_sort,2020-12,2021-01,7,352,-0.049605884152703617
cto_sort,2020-12,2021-01,8,353,-0.05915005439220196
cto_sort,2020-12,2021-01,9,353,-0.053544005255323
cto_sort,2020-12,2021-01,10,353,-0.030518397499409315
cto_sort,2021-01,2021-02,1,354,0.023913268798610554
cto_sort,2021-01,2021-02,2,355,0.03399690651293571
cto_sort,2021-01,2021-02,3,354,0.03408772165186431
cto_sort,2021-01,2021-02,4,355,0.033127294412386696
cto_sort,2021-01,2021-02,5,354,0.04218499200906341
cto_sort,2021-01,2021-02,6,355,0.03732273098675471
cto_sort,2021-01,2021-02,7,354,0.037783933731202125
cto_sort,2021-01,2021-02,8,355,0.03885108338359817
cto_sort,2021-01,2021-02,9,354,0.03165556209697485
cto_sort,2021-01,2021-02,10,355,0.020138649756672053
cto_sort,2021-02,2021-03,1,356,-0.005287559028470404
cto_sort,2021-02,2021-03,2,356,0.01734095728069951
cto_sort,2021-02,2021-03,3,356,0.019979699091122502
cto_sort,2021-02,2021-03,4,357,0.025077755767949624
cto_sort,2021-02,2021-03,5,356,0.016625316770481097
cto_sort,2021-02,2021-03,6,356,0.02961706787002049
cto_sort,2021-02,2021-03,7,357,0.0281911921978695
cto_sort,2021-02,2021-03,8,356,0.026220147521736365
cto_sort,2021-02,2021-03,9,356,0.012826894024433936
cto_sort,2021-02,2021-03,10,357,-0.01813683866914448
cto_sort,2021-03,2021-04,1,358,-0.017696101462579203
cto_sort,2021-03,2021-04,2,358,-0.01665658461952881
cto_sort,2021-03,2021-04,3,358,0.011247536961334608
cto_sort,2021-03,2021-04,4,359,-0.0006412361135991457
cto_sort,2021-03,2021-04,5,358,-0.00020705418809581526
cto_sort,2021-03,2021-04,6,358,0.007259251169944134
cto_sort,2021-03,2021-04,7,359,0.01329328578615669
cto_sort,2021-03,2021-04,8,358,0.012102956880944649
cto_sort,2021-03,2021-04,9,358,0.011824269493396131
cto_sort,2021-03,2021-04,10,359,0.03977542590423951
cto_sort,2021-04,2021-05,1,362,0.09090301375021723
cto_sort,2021-04,2021-05,2,363,0.06542108419558557
cto_sort,2021-04,2021-05,3,363,0.054943390747996326
cto_sort,2021-04,2021-05,4,363,0.05738604607097377
cto_sort,2021-04,2021-05,5,363,0.045394797050888336
cto_sort,2021-04,2021-05,6,362,0.05427839712794293
cto_sort,2021-04,2021-05,7,363,0.05701597744201029
cto_sort,2021-04,2021-05,8,363,0.06589072235944674
cto_sort,2021-04,2021-05,9,363,0.06638358158083209
cto_sort,2021-04,2021-05,10,363,0.05168355212122586
cto_sort,2021-05,2021-06,1,361,-0.0018647613320755655
cto_sort,2021-05,2021-06,2,362,0.03149401478736561
cto_sort,2021-05,2021-06,3,362,0.029649395293835448
cto_sort,2021-05,2021-06,4,362,0.0324097224856642
cto_sort,2021-05,2021-06,5,362,0.02820661755256868
cto_sort,2021-05,2021-06,6,361,0.025296859212011403
cto_sort,2021-05,2021-06,7,362,0.030328430962901404
cto_sort,2021-05,2021-06,8,362,0.026653813371929506
cto_sort,2021-05,2021-06,9,362,0.03917313488341023
cto_sort,2021-05,2021-06,10,362,0.04506314727951363
cto_sort,2021-06,2021-07,1,366,0.023398989934035136
cto_sort,2021-06,2021-07,2,366,0.0012983000797342423
cto_sort,2021-06,2021-07,3,366,0.009609387750988624
cto_sort,2021-06,2021-07,4,366,0.011090520014997848
cto_sort,2021-06,2021-07,5,366,-0.01531284311357977
cto_sort,2021-06,2021-07,6,366,-0.009403106148408402
cto_sort,2021-06,2021-07,7,366,-0.011393950795386628
cto_sort,2021-06,2021-07,8,366,-0.003763221532496666
cto_sort,2021-06,2021-07,9,366,-0.005219051384089539
cto_sort,2021-06,2021-07,10,367,0.03682950439025608
cto_sort,2021-07,2021-08,1,370,0.028483083284264424
cto_sort,2021-07,2021-08,2,371,0.039452394971762096
cto_sort,2021-07,2021-08,3,370,0.05188189971046966
cto_sort,2021-07,2021-08,4,371,0.057748895236007944
cto_sort,2021-07,2021-08,5,371,0.07971760923813323
cto_sort,2021-07,2021-08,6,370,0.07923405187266414
cto_sort,2021-07,2021-08,7,371,0.07658111038028649
cto_sort,2021-07,2021-08,8,370,0.07425294636615906
cto_sort,2021-07,2021-08,9,371,0.07845307395738667
cto_sort,2021-07,2021-08,10,371,0.1096019633458271
cto_sort,2021-08,2021-09,1,377,-0.044373410539750795
cto_sort,2021-08,2021-09,2,377,-0.024940492857579148
cto_sort,2021-08,2021-09,3,377,-0.016228352885482494
cto_sort,2021-08,2021-09,4,377,-0.00015428753365512768
cto_sort,2021-08,2021-09,5,378,0.0009493139288115892
cto_sort,2021-08,2021-09,6,377,0.0015567146445651246
cto_sort,2021-08,2021-09,7,377,-0.0011811434517513008
cto_sort,2021-08,2021-09,8,377,-0.007391186614619911
cto_sort,2021-08,2021-09,9,377,-0.012367727757820628
cto_sort,2021-08,2021-09,10,378,-0.038910017171232755
cto_sort,2021-09,2021-10,1,383,-0.015030933115866757
cto_sort,2021-09,2021-10,2,383,-0.011399834271825485
cto_sort,2021-09,2021-10,3,384,-0.014207853474206111
cto_sort,2021-09,2021-10,4,383,-0.018853816921712934
cto_sort,2021-09,2021-10,5,384,-0.031327074228659345
cto_sort,2021-09,2021-10,6,383,-0.023905257099179036
cto_sort,2021-09,2021-10,7,383,-0.023005148783882375
cto_sort,2021-09,2021-10,8,384,-0.03280171028796223
cto_sort,2021-09,2021-10,9,383,-0.017787159064939134
cto_sort,2021-09,2021-10,10,384,-0.02186228475390924
cto_sort,2021-10,2021-11,1,385,0.0577207874924764
cto_sort,2021-10,2021-11,2,385,0.0996519838393855
cto_sort,2021-10,2021-11,3,386,0.09144400156109829
cto_sort,2021-10,2021-11,4,385,0.10525674171869179
cto_sort,2021-10,2021-11,5,386,0.10006893370095271
cto_sort,2021-10,2021-11,6,385,0.10958423180941045
cto_sort,2021-10,2021-11,7,385,0.09076625762366643
cto_sort,2021-10,2021-11,8,386,0.09938250459260443
cto_sort,2021-10,2021-11,9,385,0.12075749880144494
cto_sort,2021-10,2021-11,10,386,0.12599671144134258
cto_sort,2021-11,2021-12,1,388,-0.006870537160682851
cto_sort,2021-11,2021-12,2,388,0.03138593080237492
cto_sort,2021-11,2021-12,3,388,0.054086852262226724
cto_sort,2021-11,2021-12,4,388,0.05773133369693437
cto_sort,2021-11,2021-12,5,389,0.0524985126374787
cto_sort,2021-11,2021-12,6,388,0.04765478437224554
cto_sort,2021-11,2021-12,7,388,0.04590351047612479
cto_sort,2021-11,2021-12,8,388,0.03990294720585645
cto_sort,2021-11,2021-12,9,388,0.041363152340746265
cto_sort,2021-11,2021-12,10,389,0.015441942747695841
cto_sort,2021-12,2022-01,1,393,-0.11536102973321297
cto_sort,2021-12,2022-01,2,394,-0.10075970889696617
cto_sort,2021-12,2022-01,3,393,-0.10245469843182219
cto_sort,2021-12,2022-01,4,394,-0.07978561481953932
cto_sort,2021-12,2022-01,5,394,-0.08224679144823821
cto_sort,2021-12,2022-01,6,393,-0.0777348165119157
cto_sort,2021-12,2022-01,7,394,-0.07371456877363482
cto_sort,2021-12,2022-01,8,393,-0.09426989188353814
cto_sort,2021-12,2022-01,9,394,-0.08509105299505526
cto_sort,2021-12,2022-01,10,394,-0.09502621193172453
cto_sort,2022-01,2022-02,1,396,0.04815362844416131
cto_sort,2022-01,2022-02,2,397,0.04661958026286504
cto_sort,2022-01,2022-02,3,396,0.04959875533405399
cto_sort,2022-01,2022-02,4,397,0.039619611240370424
cto_sort,2022-01,2022-02,5,397,0.052937591518045966
cto_sort,2022-01,2022-02,6,396,0.04704754332938808
cto_sort,2022-01,2022-02,7,397,0.04463429166815518
cto_sort,2022-01,2022-02,8,396,0.05307646964095472
cto_sort,2022-01,2022-02,9,397,0.055378734780166985
cto_sort,2022-01,2022-02,10,397,0.052642914750968384
cto_sort,2022-02,2022-03,1,399,-0.014801366745711357
cto_sort,2022-02,2022-03,2,400,-0.038064776900994836
cto_sort,2022-02,2022-03,3,399,-0.06593559815730257
cto_sort,2022-02,2022-03,4,400,-0.043704598162227354
cto_sort,2022-02,2022-03,5,399,-0.05027853696929657
cto_sort,2022-02,2022-03,6,400,-0.04592405686313846
cto_sort,2022-02,2022-03,7,399,-0.04209875757465589
cto_sort,2022-02,2022-03,8,400,-0.05979888871834243
cto_sort,2022-02,2022-03,9,399,-0.056190518590119615
cto_sort,2022-02,2022-03,10,400,-0.06989740891213138
cto_sort,2022-03,2022-04,1,403,-0.20146442513586993
cto_sort,2022-03,2022-04,2,404,-0.15532033539332646
cto_sort,2022-03,2022-04,3,404,-0.1427173953315266
cto_sort,2022-03,2022-04,4,404,-0.13525442780107838
cto_sort,2022-03,2022-04,5,404,-0.1285826396342419
cto_sort,2022-03,2022-04,6,403,-0.13474729084053502
cto_sort,2022-03,2022-04,7,404,-0.14392708493302522
cto_sort,2022-03,2022-04,8,404,-0.1337333088432301
cto_sort,2022-03,2022-04,9,404,-0.14783389626940563
cto_sort,2022-03,2022-04,10,404,-0.1673793738197512
cto_sort,2022-04,2022-05,1,409,0.09307036039931872
cto_sort,2022-04,2022-05,2,410,0.09995812860006328
cto_sort,2022-04,2022-05,3,410,0.1096357408084453
cto_sort,2022-04,2022-05,4,410,0.11185254294394166
cto_sort,2022-04,2022-05,5,410,0.11969987570650419
cto_sort,2022-04,2022-05,6,409,0.10671735410668967
cto_sort,2022-04,2022-05,7,410,0.11078964547930056
cto_sort,2022-04,2022-05,8,410,0.10532514692613387
cto_sort,2022-04,2022-05,9,410,0.10528805694290005
cto_sort,2022-04,2022-05,10,410,0.11823483749839049
cto_sort,2022-05,2022-06,1,412,0.05053005790686387
cto_sort,2022-05,2022-06,2,413,0.06891842130309803
cto_sort,2022-05,2022-06,3,412,0.08402406470023259
cto_sort,2022-05,2022-06,4,413,0.0825836441891145
cto_sort,2022-05,2022-06,5,412,0.08291754019889643
cto_sort,2022-05,2022-06,6,413,0.08476989468202316
cto_sort,2022-05,2022-06,7,412,0.08473888483136384
cto_sort,2022-05,2022-06,8,413,0.1069338597509747
cto_sort,2022-05,2022-06,9,412,0.08716388704295495
cto_sort,2022-05,2022-06,10,413,0.0957329970830778
cto_sort,2022-06,2022-07,1,417,0.031721302082537144
cto_sort,2022-06,2022-07,2,417,0.008175128337819089
cto_sort,2022-06,2022-07,3,417,0.021976223516761918
cto_sort,2022-06,2022-07,4,417,0.026160871594179638
cto_sort,2022-06,2022-07,5,418,0.01967391333503358
cto_sort,2022-06,2022-07,6,417,0.016495023332650717
cto_sort,2022-06,2022-07,7,417,0.031055369850800683
cto_sort,2022-06,2022-07,8,417,0.03662151442538802
cto_sort,2022-06,2022-07,9,417,0.046116968945265104
cto_sort,2022-06,2022-07,10,418,0.05206314748385581
cto_sort,2022-07,2022-08,1,421,-0.06561827370290232
cto_sort,2022-07,2022-08,2,422,-0.04915026469681974
cto_sort,2022-07,2022-08,3,422,-0.028146430857825675
cto_sort,2022-07,2022-08,4,422,-0.035692751578679814
cto_sort,2022-07,2022-08,5,422,-0.01073712169451873
cto_sort,2022-07,2022-08,6,422,-0.02153533844270366
cto_sort,2022-07,2022-08,7,422,-0.01581981886217423
cto_sort,2022-07,2022-08,8,422,-0.026111486115624038
cto_sort,2022-07,2022-08,9,422,-0.025549499852451387
cto_sort,2022-07,2022-08,10,422,-0.03899616236105787
cto_sort,2022-08,2022-09,1,426,-0.10120050730848096
cto_sort,2022-08,2022-09,2,427,-0.09418527127673895
cto_sort,2022-08,2022-09,3,427,-0.09219732455669659
cto_sort,2022-08,2022-09,4,427,-0.08793991903490582
cto_sort,2022-08,2022-09,5,427,-0.08222940973439495
cto_sort,2022-08,2022-09,6,426,-0.08284105006565379
cto_sort,2022-08,2022-09,7,427,-0.0800551357452358
cto_sort,2022-08,2022-09,8,427,-0.09013522191054028
cto_sort,2022-08,2022-09,9,427,-0.08325944488228106
cto_sort,2022-08,2022-09,10,427,-0.08072221553530778
cto_sort,2022-09,2022-10,1,430,0.015164597339386396
cto_sort,2022-09,2022-10,2,431,0.006027294887312366
cto_sort,2022-09,2022-10,3,431,0.035549169168442536
cto_sort,2022-09,2022-10,4,431,0.02615471110063049
cto_sort,2022-09,2022-10,5,431,0.042318478139221384
cto_sort,2022-09,2022-10,6,430,0.038642355953515256
cto_sort,2022-09,2022-10,7,431,0.04394858225947147
cto_sort,2022-09,2022-10,8,431,0.046870177306644716
cto_sort,2022-09,2022-10,9,431,0.05390793537865007
cto_sort,2022-09,2022-10,10,431,0.0500567509385813
cto_sort,2022-10,2022-11,1,434,0.07743171200314324
cto_sort,2022-10,2022-11,2,434,0.07978350467783969
cto_sort,2022-10,2022-11,3,434,0.0929167312513575
cto_sort,2022-10,2022-11,4,434,0.0903809353898102
cto_sort,2022-10,2022-11,5,435,0.08188804863788987
cto_sort,2022-10,2022-11,6,434,0.09844146103239
cto_sort,2022-10,2022-11,7,434,0.08188599542802966
cto_sort,2022-10,2022-11,8,434,0.07635845284602191
cto_sort,2022-10,2022-11,9,434,0.07249075022378075
cto_sort,2022-10,2022-11,10,435,0.04716648365932787
cto_sort,2022-11,2022-12,1,438,-0.04236864250162491
cto_sort,2022-11,2022-12,2,438,-0.03614672657697154
cto_sort,2022-11,2022-12,3,438,-0.032586594007095876
cto_sort,2022-11,2022-12,4,438,-0.02950680112394997
cto_sort,2022-11,2022-12,5,438,-0.025902826195819476
cto_sort,2022-11,2022-12,6,438,-0.03408590373698298
cto_sort,2022-11,2022-12,7,438,-0.03877822464447586
cto_sort,2022-11,2022-12,8,438,-0.040632947404381836
cto_sort,2022-11,2022-12,9,438,-0.04072256394122432
cto_sort,2022-11,2022-12,10,438,-0.05597591622465892
cto_sort,2022-12,2023-01,1,442,0.04499324408080119
cto_sort,2022-12,2023-01,2,442,0.08097518579043668
cto_sort,2022-12,2023-01,3,442,0.08290250296347726
cto_sort,2022-12,2023-01,4,442,0.0865168829915303
cto_sort,2022-12,2023-01,5,443,0.08768580605841973
cto_sort,2022-12,2023-01,6,442,0.08638874574738507
cto_sort,2022-12,2023-01,7,442,0.09025205230538506
cto_sort,2022-12,2023-01,8,442,0.08686979722618904
cto_sort,2022-12,2023-01,9,442,0.0855798357300304
cto_sort,2022-12,2023-01,10,443,0.06893297736840302
cto_sort,2023-01,2023-02,1,445,0.01564622731986371
cto_sort,2023-01,2023-02,2,446,0.029667941326150884
cto_sort,2023-01,2023-02,3,445,0.05202213526064555
cto_sort,2023-01,2023-02,4,446,0.034866081540189366
cto_sort,2023-01,2023-02,5,446,0.03317228313072549
cto_sort,2023-01,2023-02,6,445,0.036921706871251465
cto_sort,2023-01,2023-02,7,446,0.039822365439258434
cto_sort,2023-01,2023-02,8,445,0.03919985407354151
cto_sort,2023-01,2023-02,9,446,0.02823066549226679
cto_sort,2023-01,2023-02,10,446,0.03485597337703775
cto_sort,2023-02,2023-03,1,446,-0.014178781116493712
cto_sort,2023-02,2023-03,2,447,-0.018095585730297195
cto_sort,2023-02,2023-03,3,447,-0.005694805770670733
cto_sort,2023-02,2023-03,4,447,-0.009592204392175714
cto_sort,2023-02,2023-03,5,447,-0.004705716982107281
cto_sort,2023-02,2023-03,6,446,-0.009925925620554702
cto_sort,2023-02,2023-03,7,447,-0.01958583706945983
cto_sort,2023-02,2023-03,8,447,-0.021073831438617747
cto_sort,2023-02,2023-03,9,447,-0.010457955573301717
cto_sort,2023-02,2023-03,10,447,-0.004072484675778059
cto_sort,2023-03,2023-04,1,450,-0.03598279523685108
cto_sort,2023-03,2023-04,2,451,-0.02976535745518764
cto_sort,2023-03,2023-04,3,450,-0.036742779909261745
cto_sort,2023-03,2023-04,4,451,-0.0229364052241501
cto_sort,2023-03,2023-04,5,450,-0.03187098439734228
cto_sort,2023-03,2023-04,6,451,-0.029628283539425447
cto_sort,2023-03,2023-04,7,450,-0.014445139791030653
cto_sort,2023-03,2023-04,8,451,-0.02963692679578002
cto_sort,2023-03,2023-04,9,450,-0.01570895764287373
cto_sort,2023-03,2023-04,10,451,-0.029367071031357588
cto_sort,2023-04,2023-05,1,454,0.0033276171604700233
cto_sort,2023-04,2023-05,2,454,-0.00606877751869738
cto_sort,2023-04,2023-05,3,454,-0.0021946481122055834
cto_sort,2023-04,2023-05,4,454,-0.004055071041818821
cto_sort,2023-04,2023-05,5,454,-0.00730521121099651
cto_sort,2023-04,2023-05,6,454,0.0018771321284384238
cto_sort,2023-04,2023-05,7,454,-0.004053412814406225
cto_sort,2023-04,2023-05,8,454,0.00403161889437315
cto_sort,2023-04,2023-05,9,454,0.016291872572334935
cto_sort,2023-04,2023-05,10,454,0.006704697093565206
cto_sort,2023-05,2023-06,1,451,0.02420816598762326
cto_sort,2023-05,2023-06,2,451,0.019446295311675847
cto_sort,2023-05,2023-06,3,451,0.033346702456620726
cto_sort,2023-05,2023-06,4,451,0.01587331309262639
cto_sort,2023-05,2023-06,5,451,0.02283423968375393
cto_sort,2023-05,2023-06,6,451,0.020891608307468876
cto_sort,2023-05,2023-06,7,451,0.025940481429885417
cto_sort,2023-05,2023-06,8,451,0.03170486028785998
cto_sort,2023-05,2023-06,9,451,0.028005963750556265
cto_sort,2023-05,2023-06,10,452,0.03195800738809734
cto_sort,2023-06,2023-07,1,455,-0.037281602062705775
cto_sort,2023-06,2023-07,2,456,-0.007328184792798962
cto_sort,2023-06,2023-07,3,456,0.016579358745388736
cto_sort,2023-06,2023-07,4,456,0.02396682671355828
cto_sort,2023-06,2023-07,5,456,0.028133084483886503
cto_sort,2023-06,2023-07,6,456,0.0276173516566724
cto_sort,2023-06,2023-07,7,456,0.03161618697431286
cto_sort,2023-06,2023-07,8,456,0.034545707400911924
cto_sort,2023-06,2023-07,9,456,0.015559714597582767
cto_sort,2023-06,2023-07,10,456,-0.0052546229102251405
cto_sort,2023-07,2023-08,1,457,-0.03542133431708144
cto_sort,2023-07,2023-08,2,457,-0.043316151707003814
cto_sort,2023-07,2023-08,3,457,-0.050860489562747496
cto_sort,2023-07,2023-08,4,458,-0.04702374530183417
cto_sort,2023-07,2023-08,5,457,-0.05455655003794429
cto_sort,2023-07,2023-08,6,457,-0.04210387023882895
cto_sort,2023-07,2023-08,7,458,-0.04020391542207716
cto_sort,2023-07,2023-08,8,457,-0.044658218999499885
cto_sort,2023-07,2023-08,9,457,-0.04078818480711789
cto_sort,2023-07,2023-08,10,458,-0.03606017665793402
cto_sort,2023-08,2023-09,1,461,-0.03041876396526059
cto_sort,2023-08,2023-09,2,462,-0.01075998717963343
cto_sort,2023-08,2023-09,3,462,0.009123067618063817
cto_sort,2023-08,2023-09,4,462,0.0014184310692028905
cto_sort,2023-08,2023-09,5,462,0.0076116205452672865
cto_sort,2023-08,2023-09,6,461,0.010195383291308998
cto_sort,2023-08,2023-09,7,462,0.002337159683028781
cto_sort,2023-08,2023-09,8,462,0.00201780688473144
cto_sort,2023-08,2023-09,9,462,0.0038591581146336608
cto_sort,2023-08,2023-09,10,462,0.014652167945914394
cto_sort,2023-09,2023-10,1,465,-0.008705694933258437
cto_sort,2023-09,2023-10,2,466,-0.0063388105817832755
cto_sort,2023-09,2023-10,3,466,-0.008160349210010914
cto_sort,2023-09,2023-10,4,466,-0.00810430679501159
cto_sort,2023-09,2023-10,5,466,-0.00390830310405463
cto_sort,2023-09,2023-10,6,465,-0.006716167030955948
cto_sort,2023-09,2023-10,7,466,-0.016025559116694267
cto_sort,2023-09,2023-10,8,466,-0.01247894093830299
cto_sort,2023-09,2023-10,9,466,-0.0024684059899373976
cto_sort,2023-09,2023-10,10,466,-0.0031411327340826124
cto_sort,2023-10,2023-11,1,468,0.032266661150961135
cto_sort,2023-10,2023-11,2,469,0.04518354161681436
cto_sort,2023-10,2023-11,3,469,0.0396728180998692
cto_sort,2023-10,2023-11,4,468,0.03934539706816836
cto_sort,2023-10,2023-11,5,469,0.03449904443200002
cto_sort,2023-10,2023-11,6,469,0.03354466711568173
cto_sort,2023-10,2023-11,7,468,0.03366200354413821
cto_sort,2023-10,2023-11,8,469,0.03289719500270886
cto_sort,2023-10,2023-11,9,469,0.03251499782294899
cto_sort,2023-10,2023-11,10,469,0.03892370136207779
cto_sort,2023-11,2023-12,1,471,-0.02261871003445794
cto_sort,2023-11,2023-12,2,471,-0.020125144970392993
cto_sort,2023-11,2023-12,3,472,-0.02534106531566843
cto_sort,2023-11,2023-12,4,471,-0.0169008789408897
cto_sort,2023-11,2023-12,5,472,-0.026042239718973226
cto_sort,2023-11,2023-12,6,471,-0.01824929080435418
cto_sort,2023-11,2023-12,7,471,-0.01780755399728133
cto_sort,2023-11,2023-12,8,472,-0.01515888220869238
cto_sort,2023-11,2023-12,9,471,-0.019541993007944233
cto_sort,2023-11,2023-12,10,472,-0.022450402801112893
cto_sort,2023-12,2024-01,1,474,-0.2217893997960098
cto_sort,2023-12,2024-01,2,474,-0.18731194866991957
cto_sort,2023-12,2024-01,3,474,-0.17599131865073747
cto_sort,2023-12,2024-01,4,474,-0.16357194539531808
cto_sort,2023-12,2024-01,5,474,-0.1692870827430052
cto_sort,2023-12,2024-01,6,474,-0.16034262604148736
cto_sort,2023-12,2024-01,7,474,-0.1677921838405803
cto_sort,2023-12,2024-01,8,474,-0.17798508312340103
cto_sort,2023-12,2024-01,9,474,-0.19875323565819672
cto_sort,2023-12,2024-01,10,475,-0.2180246933648656
cto_sort,2024-01,2024-02,1,474,0.07105741445269462
cto_sort,2024-01,2024-02,2,475,0.07475042741305707
cto_sort,2024-01,2024-02,3,475,0.09294604592361426
cto_sort,2024-01,2024-02,4,474,0.0697271075364614
cto_sort,2024-01,2024-02,5,475,0.06901150901741601
cto_sort,2024-01,2024-02,6,475,0.06769066872387398
cto_sort,2024-01,2024-02,7,474,0.06266384447842535
cto_sort,2024-01,2024-02,8,475,0.047656635099239585
cto_sort,2024-01,2024-02,9,475,0.03661675446445451
cto_sort,2024-01,2024-02,10,475,0.005969080799972045
cto_sort,2024-02,2024-03,1,476,0.04868137742580379
cto_sort,2024-02,2024-03,2,476,0.05528665641886648
cto_sort,2024-02,2024-03,3,476,0.03926973033540163
cto_sort,2024-02,2024-03,4,476,0.05004293487878135
cto_sort,2024-02,2024-03,5,477,0.03214853068862606
cto_sort,2024-02,2024-03,6,476,0.053120568702357034
cto_sort,2024-02,2024-03,7,476,0.04063196165322689
cto_sort,2024-02,2024-03,8,476,0.03937560933132244
cto_sort,2024-02,2024-03,9,476,0.05410130887868679
cto_sort,2024-02,2024-03,10,477,0.06454039667329282
cto_sort,2024-03,2024-04,1,478,-0.07773937515592508
cto_sort,2024-03,2024-04,2,479,-0.03755787358303566
cto_sort,2024-03,2024-04,3,478,-0.01791314704904894
cto_sort,2024-03,2024-04,4,479,-0.002912450712697502
cto_sort,2024-03,2024-04,5,478,0.007218674039837102
cto_sort,2024-03,2024-04,6,479,0.0016817736761913034
cto_sort,2024-03,2024-04,7,478,0.0067537429698402394
cto_sort,2024-03,2024-04,8,479,-0.0027092730940780365
cto_sort,2024-03,2024-04,9,478,-0.012076261331777702
cto_sort,2024-03,2024-04,10,479,-0.0159400424626241
cto_sort,2024-04,2024-05,1,481,-0.03673478025012703
cto_sort,2024-04,2024-05,2,481,-0.01367699614349574
cto_sort,2024-04,2024-05,3,481,-0.01779540222320034
cto_sort,2024-04,2024-05,4,481,-0.02748231613901423
cto_sort,2024-04,2024-05,5,482,-0.008183831313066284
cto_sort,2024-04,2024-05,6,481,-0.021871206885911182
cto_sort,2024-04,2024-05,7,481,-0.007033095946911552
cto_sort,2024-04,2024-05,8,481,-0.01158402285388095
cto_sort,2024-04,2024-05,9,481,-0.006638587689833521
cto_sort,2024-04,2024-05,10,482,0.005453098828806405
cto_sort,2024-05,2024-06,1,477,-0.09335897470329159
cto_sort,2024-05,2024-06,2,477,-0.0838095843299931
cto_sort,2024-05,2024-06,3,477,-0.07858262372239509
cto_sort,2024-05,2024-06,4,478,-0.0859415504324257
cto_sort,2024-05,2024-06,5,477,-0.07554646986725122
cto_sort,2024-05,2024-06,6,477,-0.07459616247427794
cto_sort,2024-05,2024-06,7,478,-0.0846500399996585
cto_sort,2024-05,2024-06,8,477,-0.08630980391777242
cto_sort,2024-05,2024-06,9,477,-0.0837170708531864
cto_sort,2024-05,2024-06,10,478,-0.08865060627592371
cto_sort,2024-06,2024-07,1,481,0.0010720583500335185
cto_sort,2024-06,2024-07,2,482,-0.004910865072301689
cto_sort,2024-06,2024-07,3,482,0.005923282222268844
cto_sort,2024-06,2024-07,4,481,0.007771800078523626
cto_sort,2024-06,2024-07,5,482,0.0007065204425257804
cto_sort,2024-06,2024-07,6,482,0.007398353230087109
cto_sort,2024-06,2024-07,7,481,0.003547144443203221
cto_sort,2024-06,2024-07,8,482,0.019095258188945075
cto_sort,2024-06,2024-07,9,482,0.0027375879271344084
cto_sort,2024-06,2024-07,10,482,0.01293128153154969
cto_sort,2024-07,2024-08,1,485,-0.05428310979148156
cto_sort,2024-07,2024-08,2,486,-0.04688211113058775
cto_sort,2024-07,2024-08,3,485,-0.042179106197084655
cto_sort,2024-07,2024-08,4,486,-0.043023878029120124
cto_sort,2024-07,2024-08,5,486,-0.030656135158267848
cto_sort,2024-07,2024-08,6,485,-0.03543117067599402
cto_sort,2024-07,2024-08,7,486,-0.035452018467935914
cto_sort,2024-07,2024-08,8,485,-0.03691838827687299
cto_sort,2024-07,2024-08,9,486,-0.02472849607656461
cto_sort,2024-07,2024-08,10,486,-0.026082432995908483
cto_sort,2024-08,2024-09,1,487,0.2659933633796348
cto_sort,2024-08,2024-09,2,488,0.23862514124735357
cto_sort,2024-08,2024-09,3,488,0.2308198716115073
cto_sort,2024-08,2024-09,4,487,0.24535102051912666
cto_sort,2024-08,2024-09,5,488,0.23487398753594088
cto_sort,2024-08,2024-09,6,488,0.2222001336860654
cto_sort,2024-08,2024-09,7,487,0.22801617136291755
cto_sort,2024-08,2024-09,8,488,0.22402347766515332
cto_sort,2024-08,2024-09,9,488,0.22524177430225834
cto_sort,2024-08,2024-09,10,488,0.2252678950210877
cto_sort,2024-09,2024-10,1,489,0.14372788630640979
cto_sort,2024-09,2024-10,2,489,0.06928401869901919
cto_sort,2024-09,2024-10,3,489,0.056868797421684734
cto_sort,2024-09,2024-10,4,489,0.052951663855532
cto_sort,2024-09,2024-10,5,489,0.05444876255402574
cto_sort,2024-09,2024-10,6,489,0.06378918016174716
cto_sort,2024-09,2024-10,7,489,0.05627454988207115
cto_sort,2024-09,2024-10,8,489,0.06252886877793414
cto_sort,2024-09,2024-10,9,489,0.057794756072653865
cto_sort,2024-09,2024-10,10,489,0.08271298796246344
cto_sort,2024-10,2024-11,1,489,0.023997900241867574
cto_sort,2024-10,2024-11,2,490,0.023514900182324102
cto_sort,2024-10,2024-11,3,490,0.05090731311624229
cto_sort,2024-10,2024-11,4,490,0.06023544250192349
cto_sort,2024-10,2024-11,5,490,0.05483116321768658
cto_sort,2024-10,2024-11,6,489,0.055181230978846
cto_sort,2024-10,2024-11,7,490,0.056302541147160545
cto_sort,2024-10,2024-11,8,490,0.04662783571433135
cto_sort,2024-10,2024-11,9,490,0.05455091965940682
cto_sort,2024-10,2024-11,10,490,0.032841723437152893
cto_sort,2024-11,2024-12,1,490,-0.0872710054335381
cto_sort,2024-11,2024-12,2,491,-0.049219811115437204
cto_sort,2024-11,2024-12,3,490,-0.04496238583845733
cto_sort,2024-11,2024-12,4,491,-0.03162501419237235
cto_sort,2024-11,2024-12,5,490,-0.03072995956547251
cto_sort,2024-11,2024-12,6,491,-0.027458396124929223
cto_sort,2024-11,2024-12,7,490,-0.028308527409389554
cto_sort,2024-11,2024-12,8,491,-0.03403094603043017
cto_sort,2024-11,2024-12,9,490,-0.045011226520559035
cto_sort,2024-11,2024-12,10,491,-0.06156728870597151
cto_sort,2024-12,2025-01,1,491,-0.027773255655838252
cto_sort,2024-12,2025-01,2,492,-0.021988599021425286
cto_sort,2024-12,2025-01,3,492,-0.018602461734802136
cto_sort,2024-12,2025-01,4,492,-0.01701413233808723
cto_sort,2024-12,2025-01,5,492,-0.011447263130142231
cto_sort,2024-12,2025-01,6,491,-0.00899022214042129
cto_sort,2024-12,2025-01,7,492,-0.01946215289997095
cto_sort,2024-12,2025-01,8,492,-0.013857017363174772
cto_sort,2024-12,2025-01,9,492,-0.007210188817525937
cto_sort,2024-12,2025-01,10,492,-0.010886755700320407
cto_sort,2025-01,2025-02,1,492,0.11522203047749137
cto_sort,2025-01,2025-02,2,492,0.08546961438614357
cto_sort,2025-01,2025-02,3,492,0.08230967446313187
cto_sort,2025-01,2025-02,4,493,0.05921282430275653
cto_sort,2025-01,2025-02,5,492,0.07632801434910003
cto_sort,2025-01,2025-02,6,492,0.052007987227417236
cto_sort,2025-01,2025-02,7,493,0.05800170939753446
cto_sort,2025-01,2025-02,8,492,0.06622819917640313
cto_sort,2025-01,2025-02,9,492,0.07505586658726102
cto_sort,2025-01,2025-02,10,493,0.09950506262649494
cto_sort,2025-02,2025-03,1,492,-0.03842289607395743
cto_sort,2025-02,2025-03,2,493,-0.006029118814988013
cto_sort,2025-02,2025-03,3,493,0.0028208111426095347
cto_sort,2025-02,2025-03,4,492,0.010208264382628406
cto_sort,2025-02,2025-03,5,493,0.012984056255331528
cto_sort,2025-02,2025-03,6,493,0.014541405085103758
cto_sort,2025-02,2025-03,7,492,0.013308244543110396
cto_sort,2025-02,2025-03,8,493,0.012302176740210346
cto_sort,2025-02,2025-03,9,493,0.007442029918483521
cto_sort,2025-02,2025-03,10,493,-0.019467884447102186
cto_sort,2025-03,2025-04,1,493,-0.04287625392960497
cto_sort,2025-03,2025-04,2,493,-0.03250138809621432
cto_sort,2025-03,2025-04,3,493,-0.03349944616569399
cto_sort,2025-03,2025-04,4,494,-0.028415375790625728
cto_sort,2025-03,2025-04,5,493,-0.028330178462294863
cto_sort,2025-03,2025-04,6,493,-0.02363732838370141
cto_sort,2025-03,2025-04,7,494,-0.016708742566030773
cto_sort,2025-03,2025-04,8,493,-0.008538220814515766
cto_sort,2025-03,2025-04,9,493,-0.016700852068647878
cto_sort,2025-03,2025-04,10,494,-0.01778541567183762
cto_sort,2025-04,2025-05,1,493,0.07477289278600306
cto_sort,2025-04,2025-05,2,493,0.051303013814611935
cto_sort,2025-04,2025-05,3,493,0.03726556133230281
cto_sort,2025-04,2025-05,4,493,0.049769790794796875
cto_sort,2025-04,2025-05,5,494,0.04498744792961003
cto_sort,2025-04,2025-05,6,493,0.04920616471030105
cto_sort,2025-04,2025-05,7,493,0.04450864915240565
cto_sort,2025-04,2025-05,8,493,0.04947199466581728
cto_sort,2025-04,2025-05,9,493,0.049434719007779494
cto_sort,2025-04,2025-05,10,494,0.05562055921233659
cto_sort,2025-05,2025-06,1,486,0.052700799797725816
cto_sort,2025-05,2025-06,2,487,0.05928559241377422
cto_sort,2025-05,2025-06,3,486,0.05272679325749539
cto_sort,2025-05,2025-06,4,487,0.06556803589943656
cto_sort,2025-05,2025-06,5,487,0.04638587389978424
cto_sort,2025-05,2025-06,6,486,0.06321001690318263
cto_sort,2025-05,2025-06,7,487,0.05785608621107699
cto_sort,2025-05,2025-06,8,486,0.0737062833812419
cto_sort,2025-05,2025-06,9,487,0.07860940774286805
cto_sort,2025-05,2025-06,10,487,0.07817367693217706
cto_sort,2025-06,2025-07,1,488,0.027415128168554716
cto_sort,2025-06,2025-07,2,489,0.03460454248525647
cto_sort,2025-06,2025-07,3,489,0.053175343191814724
cto_sort,2025-06,2025-07,4,489,0.051935309673487404
cto_sort,2025-06,2025-07,5,489,0.06572205841720422
cto_sort,2025-06,2025-07,6,488,0.07023044641664904
cto_sort,2025-06,2025-07,7,489,0.06040400615473206
cto_sort,2025-06,2025-07,8,489,0.05783581942639257
cto_sort,2025-06,2025-07,9,489,0.0809633506632825
cto_sort,2025-06,2025-07,10,489,0.07031985428925938
cto_sort,2025-07,2025-08,1,489,0.08580918381564745
cto_sort,2025-07,2025-08,2,489,0.11696432689827937
cto_sort,2025-07,2025-08,3,489,0.10203323851445481
cto_sort,2025-07,2025-08,4,489,0.10067063345497557
cto_sort,2025-07,2025-08,5,489,0.08797883101123061
cto_sort,2025-07,2025-08,6,489,0.07275018120258364
cto_sort,2025-07,2025-08,7,489,0.07013828380440354
cto_sort,2025-07,2025-08,8,489,0.07103029033617086
cto_sort,2025-07,2025-08,9,489,0.08477670656126646
cto_sort,2025-07,2025-08,10,490,0.07313858678271468
cto_sort,2025-08,2025-09,1,489,-0.028755871099409164
cto_sort,2025-08,2025-09,2,490,0.004842540970444046
cto_sort,2025-08,2025-09,3,490,-0.001700370558097361
cto_sort,2025-08,2025-09,4,489,0.0017125908929266683
cto_sort,2025-08,2025-09,5,490,0.012828165192967455
cto_sort,2025-08,2025-09,6,490,0.013359830402662169
cto_sort,2025-08,2025-09,7,489,0.016047687448257436
cto_sort,2025-08,2025-09,8,490,0.026504866662270078
cto_sort,2025-08,2025-09,9,490,0.03920322708876099
cto_sort,2025-08,2025-09,10,490,0.03763614996089676
cto_sort,2025-09,2025-10,1,490,0.006359000362984896
cto_sort,2025-09,2025-10,2,490,0.005873126144676107
cto_sort,2025-09,2025-10,3,490,0.01430214878571163
cto_sort,2025-09,2025-10,4,491,0.02634177996543726
cto_sort,2025-09,2025-10,5,490,0.01612262954787315
cto_sort,2025-09,2025-10,6,490,0.023218500146787228
cto_sort,2025-09,2025-10,7,491,0.01961486847645025
cto_sort,2025-09,2025-10,8,490,0.019714990551325723
cto_sort,2025-09,2025-10,9,490,0.018580694442632602
cto_sort,2025-09,2025-10,10,491,-0.008237606225944624
cto_sort,2025-10,2025-11,1,490,-0.02007660146243504
cto_sort,2025-10,2025-11,2,490,-0.0036545704239664667
cto_sort,2025-10,2025-11,3,491,-0.005842971496658058
cto_sort,2025-10,2025-11,4,490,-0.01051577088391992
cto_sort,2025-10,2025-11,5,491,-0.0013224931675501874
cto_sort,2025-10,2025-11,6,490,0.006102056376911122
cto_sort,2025-10,2025-11,7,490,-0.002179378678775513
cto_sort,2025-10,2025-11,8,491,-0.002931686185068488
cto_sort,2025-10,2025-11,9,490,0.007535758063686461
cto_sort,2025-10,2025-11,10,491,0.0019561440561681274
cto_sort,2025-11,2025-12,1,490,0.007439035598441355
cto_sort,2025-11,2025-12,2,491,0.04055340988755475
cto_sort,2025-11,2025-12,3,491,0.021797908482249023
cto_sort,2025-11,2025-12,4,491,0.031288419306272186
cto_sort,2025-11,2025-12,5,491,0.025995993433418022
cto_sort,2025-11,2025-12,6,491,0.02300243464789231
cto_sort,2025-11,2025-12,7,491,0.008493823676363156
cto_sort,2025-11,2025-12,8,491,0.018188848616410846
cto_sort,2025-11,2025-12,9,491,0.014299884058415776
cto_sort,2025-11,2025-12,10,491,0.018483754207701524
cto_sort,2025-12,2026-01,1,492,0.04186792475392408
cto_sort,2025-12,2026-01,2,492,0.08851792877850082
cto_sort,2025-12,2026-01,3,492,0.07171483007551985
cto_sort,2025-12,2026-01,4,492,0.070668884116749
cto_sort,2025-12,2026-01,5,492,0.0680813353379326
cto_sort,2025-12,2026-01,6,492,0.08348455840246034
cto_sort,2025-12,2026-01,7,492,0.07531351847819973
cto_sort,2025-12,2026-01,8,492,0.08649631682161782
cto_sort,2025-12,2026-01,9,492,0.1077391502203023
cto_sort,2025-12,2026-01,10,493,0.11094473066169469
cto_sort,2026-01,2026-02,1,492,0.0421086321810679
cto_sort,2026-01,2026-02,2,493,0.04719917313132087
cto_sort,2026-01,2026-02,3,492,0.04196582401971506
cto_sort,2026-01,2026-02,4,493,0.03517728511602481
cto_sort,2026-01,2026-02,5,492,0.03194340099541929
cto_sort,2026-01,2026-02,6,493,0.03993800828855896
cto_sort,2026-01,2026-02,7,492,0.03686036904331394
cto_sort,2026-01,2026-02,8,493,0.05117572723752696
cto_sort,2026-01,2026-02,9,492,0.047976102646769464
cto_sort,2026-01,2026-02,10,493,0.03601617751616213
cto_sort,2026-02,2026-03,1,492,-0.12099664576786932
cto_sort,2026-02,2026-03,2,492,-0.10919458096112973
cto_sort,2026-02,2026-03,3,493,-0.09839816832562842
cto_sort,2026-02,2026-03,4,492,-0.09044032083831631
cto_sort,2026-02,2026-03,5,493,-0.09472723232291375
cto_sort,2026-02,2026-03,6,492,-0.08317551257183042
cto_sort,2026-02,2026-03,7,492,-0.08451525141808675
cto_sort,2026-02,2026-03,8,493,-0.08782662996350392
cto_sort,2026-02,2026-03,9,492,-0.09393298663520105
cto_sort,2026-02,2026-03,10,493,-0.08801951004858764
cto_sort,2026-03,2026-04,1,493,0.07555771311587885
cto_sort,2026-03,2026-04,2,494,0.08079100970956894
cto_sort,2026-03,2026-04,3,494,0.07304940291388524
cto_sort,2026-03,2026-04,4,493,0.06226508760386737
cto_sort,2026-03,2026-04,5,494,0.05708337943285518
cto_sort,2026-03,2026-04,6,494,0.060762863483747216
cto_sort,2026-03,2026-04,7,493,0.049096952936509716
cto_sort,2026-03,2026-04,8,494,0.07547704005656224
cto_sort,2026-03,2026-04,9,494,0.0663583913724707
cto_sort,2026-03,2026-04,10,494,0.0908668037609521
cto_sort,2026-04,2026-05,1,495,-0.05151961110182002
cto_sort,2026-04,2026-05,2,495,-0.054452732001881304
cto_sort,2026-04,2026-05,3,495,-0.04788441952389613
cto_sort,2026-04,2026-05,4,495,-0.044648156884622134
cto_sort,2026-04,2026-05,5,495,-0.03467662280341032
cto_sort,2026-04,2026-05,6,495,-0.033136154780216476
cto_sort,2026-04,2026-05,7,495,-0.044859565692608364
cto_sort,2026-04,2026-05,8,495,-0.03224410584220793
cto_sort,2026-04,2026-05,9,495,0.0016418181754447236
cto_sort,2026-04,2026-05,10,495,0.043484640602951735
cto_sort,2026-05,2026-06,1,487,-0.0151762170018114
cto_sort,2026-05,2026-06,2,487,-0.04858362220102907
cto_sort,2026-05,2026-06,3,488,-0.06475821112598532
cto_sort,2026-05,2026-06,4,487,-0.04904956352803238
cto_sort,2026-05,2026-06,5,488,-0.060697578204918785
cto_sort,2026-05,2026-06,6,487,-0.06036667445792715
cto_sort,2026-05,2026-06,7,487,-0.056309270203954806
cto_sort,2026-05,2026-06,8,488,-0.04023990552341101
cto_sort,2026-05,2026-06,9,487,-0.030570229315372902
cto_sort,2026-05,2026-06,10,488,0.0712340451267104
cto_sort,2026-06,2026-07,1,491,-0.18228080569119937
cto_sort,2026-06,2026-07,2,492,-0.12408705209645592
cto_sort,2026-06,2026-07,3,491,-0.10725251173251288
cto_sort,2026-06,2026-07,4,492,-0.08270537027138616
cto_sort,2026-06,2026-07,5,491,-0.057323574278787856
cto_sort,2026-06,2026-07,6,492,-0.05496227803480552
cto_sort,2026-06,2026-07,7,491,-0.0585027736093704
cto_sort,2026-06,2026-07,8,492,-0.060114758494402835
cto_sort,2026-06,2026-07,9,491,-0.07529765207583297
cto_sort,2026-06,2026-07,10,492,-0.1861214664072493
lightgbm,2013-01,2013-02,1,219,0.047051242832310755
lightgbm,2013-01,2013-02,2,220,0.033297949710373996
lightgbm,2013-01,2013-02,3,220,0.035785051123251026
lightgbm,2013-01,2013-02,4,219,0.03636886252919087
lightgbm,2013-01,2013-02,5,220,0.03149804331560184
lightgbm,2013-01,2013-02,6,220,0.030198749675658484
lightgbm,2013-01,2013-02,7,219,0.03333793094937864
lightgbm,2013-01,2013-02,8,220,0.031214831747562514
lightgbm,2013-01,2013-02,9,220,0.04026084253757333
lightgbm,2013-01,2013-02,10,220,0.04925051317203295
lightgbm,2013-02,2013-03,1,221,-0.046861305686084834
lightgbm,2013-02,2013-03,2,221,-0.030085881692583142
lightgbm,2013-02,2013-03,3,222,-0.04447740092705633
lightgbm,2013-02,2013-03,4,221,-0.048043997818842915
lightgbm,2013-02,2013-03,5,222,-0.04797056330232909
lightgbm,2013-02,2013-03,6,221,-0.038796903736051803
lightgbm,2013-02,2013-03,7,221,-0.03559252586178301
lightgbm,2013-02,2013-03,8,222,-0.04151169267077613
lightgbm,2013-02,2013-03,9,221,-0.01647836398737178
lightgbm,2013-02,2013-03,10,222,-0.020267825538252467
lightgbm,2013-03,2013-04,1,224,-0.03433629462611447
lightgbm,2013-03,2013-04,2,224,-0.03767591551196874
lightgbm,2013-03,2013-04,3,224,-0.029834012677183077
lightgbm,2013-03,2013-04,4,224,-0.028782354535706104
lightgbm,2013-03,2013-04,5,225,-0.03340254491841373
lightgbm,2013-03,2013-04,6,224,-0.02237956904573673
lightgbm,2013-03,2013-04,7,224,-0.03293954624069744
lightgbm,2013-03,2013-04,8,224,-0.030638018577531394
lightgbm,2013-03,2013-04,9,224,-0.02280647310895508
lightgbm,2013-03,2013-04,10,225,-0.0202956493602752
lightgbm,2013-04,2013-05,1,226,0.15524609442122614
lightgbm,2013-04,2013-05,2,226,0.1394209048428493
lightgbm,2013-04,2013-05,3,226,0.14231615547093168
lightgbm,2013-04,2013-05,4,227,0.12879610658068888
lightgbm,2013-04,2013-05,5,226,0.1380147147352463
lightgbm,2013-04,2013-05,6,226,0.14091016974435405
lightgbm,2013-04,2013-05,7,227,0.12627488684532176
lightgbm,2013-04,2013-05,8,226,0.1541289095322396
lightgbm,2013-04,2013-05,9,226,0.15652931603481954
lightgbm,2013-04,2013-05,10,227,0.1548857530401691
lightgbm,2013-05,2013-06,1,230,-0.10906660829970555
lightgbm,2013-05,2013-06,2,230,-0.15248573904678478
lightgbm,2013-05,2013-06,3,230,-0.16458040706879637
lightgbm,2013-05,2013-06,4,230,-0.16038603431740459
lightgbm,2013-05,2013-06,5,231,-0.1621713376475491
lightgbm,2013-05,2013-06,6,230,-0.15846344964720385
lightgbm,2013-05,2013-06,7,230,-0.15982039930438088
lightgbm,2013-05,2013-06,8,230,-0.16725868422924298
lightgbm,2013-05,2013-06,9,230,-0.1595565524128021
lightgbm,2013-05,2013-06,10,231,-0.1565803190278044
lightgbm,2013-06,2013-07,1,230,0.09486061999612384
lightgbm,2013-06,2013-07,2,230,0.06062777318213888
lightgbm,2013-06,2013-07,3,231,0.06513531270779337
lightgbm,2013-06,2013-07,4,230,0.0543085635726173
lightgbm,2013-06,2013-07,5,231,0.06624717644295676
lightgbm,2013-06,2013-07,6,230,0.05986126696021248
lightgbm,2013-06,2013-07,7,230,0.06539170251532218
lightgbm,2013-06,2013-07,8,231,0.06718975492972151
lightgbm,2013-06,2013-07,9,230,0.08982153772978366
lightgbm,2013-06,2013-07,10,231,0.08885068694306265
lightgbm,2013-07,2013-08,1,233,0.05139581196131756
lightgbm,2013-07,2013-08,2,233,0.07501966170765144
lightgbm,2013-07,2013-08,3,233,0.07299565522135198
lightgbm,2013-07,2013-08,4,233,0.08015688457055463
lightgbm,2013-07,2013-08,5,233,0.07812288178390128
lightgbm,2013-07,2013-08,6,233,0.09741069220095999
lightgbm,2013-07,2013-08,7,233,0.10536896415467191
lightgbm,2013-07,2013-08,8,233,0.08878655768776865
lightgbm,2013-07,2013-08,9,233,0.09907319853544082
lightgbm,2013-07,2013-08,10,233,0.09530703707122253
lightgbm,2013-08,2013-09,1,234,0.04788106350992966
lightgbm,2013-08,2013-09,2,234,0.06710187224177569
lightgbm,2013-08,2013-09,3,234,0.04655881333269785
lightgbm,2013-08,2013-09,4,234,0.04881200477022262
lightgbm,2013-08,2013-09,5,235,0.04983221823151657
lightgbm,2013-08,2013-09,6,234,0.0632956717236282
lightgbm,2013-08,2013-09,7,234,0.057519542981614165
lightgbm,2013-08,2013-09,8,234,0.049416536437907395
lightgbm,2013-08,2013-09,9,234,0.055614450406284134
lightgbm,2013-08,2013-09,10,235,0.06235658715738476
lightgbm,2013-09,2013-10,1,234,-0.06818038282287871
lightgbm,2013-09,2013-10,2,235,-0.0329566744427993
lightgbm,2013-09,2013-10,3,234,-0.04385433717441002
lightgbm,2013-09,2013-10,4,235,-0.0230737500550613
lightgbm,2013-09,2013-10,5,234,-0.01757582106775188
lightgbm,2013-09,2013-10,6,235,-0.02237599152555931
lightgbm,2013-09,2013-10,7,234,-0.01559762892522524
lightgbm,2013-09,2013-10,8,235,-0.019469634214762662
lightgbm,2013-09,2013-10,9,234,-0.004292973025163379
lightgbm,2013-09,2013-10,10,235,-0.008475563098865616
lightgbm,2013-10,2013-11,1,235,0.07007364613643961
lightgbm,2013-10,2013-11,2,235,0.05925506017791122
lightgbm,2013-10,2013-11,3,236,0.07549432575152461
lightgbm,2013-10,2013-11,4,235,0.06902288955462274
lightgbm,2013-10,2013-11,5,236,0.06805130711476232
lightgbm,2013-10,2013-11,6,235,0.08895069961643377
lightgbm,2013-10,2013-11,7,235,0.08575109151245962
lightgbm,2013-10,2013-11,8,236,0.10206395376203416
lightgbm,2013-10,2013-11,9,235,0.11801917524242779
lightgbm,2013-10,2013-11,10,236,0.12935822897809685
lightgbm,2013-11,2013-12,1,234,-0.07317788647102222
lightgbm,2013-11,2013-12,2,234,-0.03408909973028022
lightgbm,2013-11,2013-12,3,235,-0.04065364870062261
lightgbm,2013-11,2013-12,4,234,-0.0337248389303175
lightgbm,2013-11,2013-12,5,235,-0.03443647984175276
lightgbm,2013-11,2013-12,6,234,-0.0237290010650335
lightgbm,2013-11,2013-12,7,234,-0.014951746226531771
lightgbm,2013-11,2013-12,8,235,-0.025103904536788697
lightgbm,2013-11,2013-12,9,234,-0.02461631585545317
lightgbm,2013-11,2013-12,10,235,-0.02518849769094661
lightgbm,2013-12,2014-01,1,235,0.0549262083331347
lightgbm,2013-12,2014-01,2,235,0.006182880413123202
lightgbm,2013-12,2014-01,3,235,-0.013296458377121404
lightgbm,2013-12,2014-01,4,236,0.010400862530005807
lightgbm,2013-12,2014-01,5,235,0.012251636980985027
lightgbm,2013-12,2014-01,6,235,0.019802000517209636
lightgbm,2013-12,2014-01,7,236,0.010359941306885372
lightgbm,2013-12,2014-01,8,235,0.014970286513629794
lightgbm,2013-12,2014-01,9,235,0.03997684921907505
lightgbm,2013-12,2014-01,10,236,0.044774831698621245
lightgbm,2014-01,2014-02,1,235,-0.005088339388876304
lightgbm,2014-01,2014-02,2,235,0.015622446537953402
lightgbm,2014-01,2014-02,3,235,0.018769660879709577
lightgbm,2014-01,2014-02,4,235,0.02418093125011506
lightgbm,2014-01,2014-02,5,235,0.037980254892115206
lightgbm,2014-01,2014-02,6,235,0.04973698254500123
lightgbm,2014-01,2014-02,7,235,0.04516100097821429
lightgbm,2014-01,2014-02,8,235,0.05224272271957812
lightgbm,2014-01,2014-02,9,235,0.05237309572954495
lightgbm,2014-01,2014-02,10,235,0.05104501778962136
lightgbm,2014-02,2014-03,1,232,-0.07483928157453892
lightgbm,2014-02,2014-03,2,232,-0.042148646938243314
lightgbm,2014-02,2014-03,3,233,-0.03339401540011338
lightgbm,2014-02,2014-03,4,232,-0.033752041700731567
lightgbm,2014-02,2014-03,5,233,-0.021100933250934453
lightgbm,2014-02,2014-03,6,232,-0.02572202598730541
lightgbm,2014-02,2014-03,7,232,-0.01449782744961407
lightgbm,2014-02,2014-03,8,233,-0.006834131039855084
lightgbm,2014-02,2014-03,9,232,0.0005698018911633625
lightgbm,2014-02,2014-03,10,233,-0.010178965466526337
lightgbm,2014-03,2014-04,1,234,-0.018603954453725938
lightgbm,2014-03,2014-04,2,235,-0.023926788284288455
lightgbm,2014-03,2014-04,3,235,-0.01855585870097732
lightgbm,2014-03,2014-04,4,234,-0.016808045148542252
lightgbm,2014-03,2014-04,5,235,-0.014939525496842085
lightgbm,2014-03,2014-04,6,235,-0.021576162546214545
lightgbm,2014-03,2014-04,7,234,-0.006746366791057024
lightgbm,2014-03,2014-04,8,235,-0.01031021480436132
lightgbm,2014-03,2014-04,9,235,-0.012934915400228673
lightgbm,2014-03,2014-04,10,235,0.007487306649522231
lightgbm,2014-04,2014-05,1,232,0.01608632573886859
lightgbm,2014-04,2014-05,2,232,0.02326152401210673
lightgbm,2014-04,2014-05,3,232,0.01862907887691472
lightgbm,2014-04,2014-05,4,232,0.025734525558754974
lightgbm,2014-04,2014-05,5,233,0.021265447099531626
lightgbm,2014-04,2014-05,6,232,0.022087795126173756
lightgbm,2014-04,2014-05,7,232,0.03074038084312108
lightgbm,2014-04,2014-05,8,232,0.03198791117556845
lightgbm,2014-04,2014-05,9,232,0.040571727287780086
lightgbm,2014-04,2014-05,10,233,0.05325488745071301
lightgbm,2014-05,2014-06,1,228,0.03725018569773318
lightgbm,2014-05,2014-06,2,229,0.02904378483088511
lightgbm,2014-05,2014-06,3,228,0.02052069088685993
lightgbm,2014-05,2014-06,4,229,0.04030975072060638
lightgbm,2014-05,2014-06,5,229,0.036319412612360207
lightgbm,2014-05,2014-06,6,228,0.04602305327455131
lightgbm,2014-05,2014-06,7,229,0.052114986721984016
lightgbm,2014-05,2014-06,8,228,0.058574117274396514
lightgbm,2014-05,2014-06,9,229,0.07382051291995231
lightgbm,2014-05,2014-06,10,229,0.07399980832152264
lightgbm,2014-06,2014-07,1,229,0.05985750764377936
lightgbm,2014-06,2014-07,2,230,0.07173530907284655
lightgbm,2014-06,2014-07,3,229,0.06933598460386863
lightgbm,2014-06,2014-07,4,230,0.06816016717703333
lightgbm,2014-06,2014-07,5,230,0.07274127290409174
lightgbm,2014-06,2014-07,6,229,0.09180554803695937
lightgbm,2014-06,2014-07,7,230,0.07539260484853379
lightgbm,2014-06,2014-07,8,229,0.08399421399519551
lightgbm,2014-06,2014-07,9,230,0.08313788582347703
lightgbm,2014-06,2014-07,10,230,0.0813361974688991
lightgbm,2014-07,2014-08,1,229,0.009134440996780431
lightgbm,2014-07,2014-08,2,230,0.03631697355774606
lightgbm,2014-07,2014-08,3,230,0.038240656250614
lightgbm,2014-07,2014-08,4,230,0.0414510810305409
lightgbm,2014-07,2014-08,5,230,0.049984243138876644
lightgbm,2014-07,2014-08,6,229,0.05589754415632435
lightgbm,2014-07,2014-08,7,230,0.07098611278738211
lightgbm,2014-07,2014-08,8,230,0.0822295773669127
lightgbm,2014-07,2014-08,9,230,0.08337273548939586
lightgbm,2014-07,2014-08,10,230,0.07796755817727069
lightgbm,2014-08,2014-09,1,229,0.11896014848798518
lightgbm,2014-08,2014-09,2,229,0.11335905536066872
lightgbm,2014-08,2014-09,3,229,0.10801563135845223
lightgbm,2014-08,2014-09,4,230,0.11679503864933181
lightgbm,2014-08,2014-09,5,229,0.11160335345438213
lightgbm,2014-08,2014-09,6,229,0.12668286160038633
lightgbm,2014-08,2014-09,7,230,0.1551141267957169
lightgbm,2014-08,2014-09,8,229,0.1532539686488427
lightgbm,2014-08,2014-09,9,229,0.17106719943786
lightgbm,2014-08,2014-09,10,230,0.1709221611402001
lightgbm,2014-09,2014-10,1,229,0.005469450611494712
lightgbm,2014-09,2014-10,2,230,0.02014400030807017
lightgbm,2014-09,2014-10,3,230,0.009710379522833846
lightgbm,2014-09,2014-10,4,230,0.009439705233906486
lightgbm,2014-09,2014-10,5,230,0.005230390331469817
lightgbm,2014-09,2014-10,6,230,0.005634324594619516
lightgbm,2014-09,2014-10,7,230,0.014192279365865706
lightgbm,2014-09,2014-10,8,230,0.017056604581488426
lightgbm,2014-09,2014-10,9,230,0.02298821277650245
lightgbm,2014-09,2014-10,10,230,0.03287439432562065
lightgbm,2014-10,2014-11,1,226,0.07755485057825486
lightgbm,2014-10,2014-11,2,227,0.0634474841056562
lightgbm,2014-10,2014-11,3,227,0.05158425866219331
lightgbm,2014-10,2014-11,4,226,0.06006940806219926
lightgbm,2014-10,2014-11,5,227,0.04503713127605648
lightgbm,2014-10,2014-11,6,227,0.04480580381499483
lightgbm,2014-10,2014-11,7,226,0.041080922499422676
lightgbm,2014-10,2014-11,8,227,0.07289314405978212
lightgbm,2014-10,2014-11,9,227,0.0635879850838878
lightgbm,2014-10,2014-11,10,227,0.0593991892818786
lightgbm,2014-11,2014-12,1,226,0.0660437817130501
lightgbm,2014-11,2014-12,2,227,0.05312394021604957
lightgbm,2014-11,2014-12,3,227,0.00013797720856793173
lightgbm,2014-11,2014-12,4,226,-0.017094486053423005
lightgbm,2014-11,2014-12,5,227,-0.033848244145591205
lightgbm,2014-11,2014-12,6,227,-0.05974934970272403
lightgbm,2014-11,2014-12,7,226,-0.05750294356046493
lightgbm,2014-11,2014-12,8,227,-0.06761897271810022
lightgbm,2014-11,2014-12,9,227,-0.0776750964508042
lightgbm,2014-11,2014-12,10,227,-0.09342260801395508
lightgbm,2014-12,2015-01,1,228,0.011510093205011732
lightgbm,2014-12,2015-01,2,229,0.039072315337145135
lightgbm,2014-12,2015-01,3,229,0.06347561047137032
lightgbm,2014-12,2015-01,4,228,0.07963803505391578
lightgbm,2014-12,2015-01,5,229,0.08686186926698652
lightgbm,2014-12,2015-01,6,229,0.08167167617004718
lightgbm,2014-12,2015-01,7,228,0.09639964491735241
lightgbm,2014-12,2015-01,8,229,0.09849734019204177
lightgbm,2014-12,2015-01,9,229,0.09165513067631875
lightgbm,2014-12,2015-01,10,229,0.07598379904074441
lightgbm,2015-01,2015-02,1,230,0.09179549141538529
lightgbm,2015-01,2015-02,2,230,0.06726695754249674
lightgbm,2015-01,2015-02,3,230,0.07808955941906434
lightgbm,2015-01,2015-02,4,230,0.07164504421306138
lightgbm,2015-01,2015-02,5,231,0.07541675462730082
lightgbm,2015-01,2015-02,6,230,0.08174312593687974
lightgbm,2015-01,2015-02,7,230,0.0729254356632543
lightgbm,2015-01,2015-02,8,230,0.06906292715650834
lightgbm,2015-01,2015-02,9,230,0.07237410916826215
lightgbm,2015-01,2015-02,10,231,0.07287870890954044
lightgbm,2015-02,2015-03,1,228,0.22240448939399005
lightgbm,2015-02,2015-03,2,228,0.20734805648945157
lightgbm,2015-02,2015-03,3,229,0.22645889751412296
lightgbm,2015-02,2015-03,4,228,0.206221764314384
lightgbm,2015-02,2015-03,5,229,0.21999085095400553
lightgbm,2015-02,2015-03,6,228,0.2131990816234708
lightgbm,2015-02,2015-03,7,228,0.23044264043026685
lightgbm,2015-02,2015-03,8,229,0.2470408109165729
lightgbm,2015-02,2015-03,9,228,0.22828291552391042
lightgbm,2015-02,2015-03,10,229,0.2548372641622263
lightgbm,2015-03,2015-04,1,229,0.14640621443070256
lightgbm,2015-03,2015-04,2,230,0.13983231593273343
lightgbm,2015-03,2015-04,3,230,0.1508604110999491
lightgbm,2015-03,2015-04,4,230,0.16495148149462024
lightgbm,2015-03,2015-04,5,230,0.16480517454689247
lightgbm,2015-03,2015-04,6,230,0.17232211313849657
lightgbm,2015-03,2015-04,7,230,0.17124657818729971
lightgbm,2015-03,2015-04,8,230,0.17502221520453667
lightgbm,2015-03,2015-04,9,230,0.17201401966562502
lightgbm,2015-03,2015-04,10,230,0.1850996236546521
lightgbm,2015-04,2015-05,1,228,0.1624943229868953
lightgbm,2015-04,2015-05,2,229,0.1642469636950686
lightgbm,2015-04,2015-05,3,229,0.1724287614225614
lightgbm,2015-04,2015-05,4,228,0.2031926565111282
lightgbm,2015-04,2015-05,5,229,0.2121439234977869
lightgbm,2015-04,2015-05,6,229,0.2500437886906304
lightgbm,2015-04,2015-05,7,228,0.2638025345828622
lightgbm,2015-04,2015-05,8,229,0.2535196424427668
lightgbm,2015-04,2015-05,9,229,0.30588407677217616
lightgbm,2015-04,2015-05,10,229,0.3040487183040558
lightgbm,2015-05,2015-06,1,223,-0.13174981410125736
lightgbm,2015-05,2015-06,2,224,-0.11349468632823066
lightgbm,2015-05,2015-06,3,223,-0.10420640465017729
lightgbm,2015-05,2015-06,4,224,-0.08991609003295258
lightgbm,2015-05,2015-06,5,223,-0.11059401162804658
lightgbm,2015-05,2015-06,6,224,-0.09251315274912732
lightgbm,2015-05,2015-06,7,223,-0.08453846947243078
lightgbm,2015-05,2015-06,8,224,-0.09085645999613741
lightgbm,2015-05,2015-06,9,223,-0.08838261383686236
lightgbm,2015-05,2015-06,10,224,-0.0936765426422078
lightgbm,2015-06,2015-07,1,221,-0.18550253999116567
lightgbm,2015-06,2015-07,2,222,-0.2036582791629937
lightgbm,2015-06,2015-07,3,222,-0.1887941622340996
lightgbm,2015-06,2015-07,4,222,-0.19127581801226748
lightgbm,2015-06,2015-07,5,222,-0.16978742300025773
lightgbm,2015-06,2015-07,6,221,-0.17379216282507012
lightgbm,2015-06,2015-07,7,222,-0.16714017795902084
lightgbm,2015-06,2015-07,8,222,-0.1760991246253731
lightgbm,2015-06,2015-07,9,222,-0.17739641495080452
lightgbm,2015-06,2015-07,10,222,-0.16612690056874369
lightgbm,2015-07,2015-08,1,212,-0.15140132321184988
lightgbm,2015-07,2015-08,2,212,-0.15307480602857731
lightgbm,2015-07,2015-08,3,213,-0.15013141971153734
lightgbm,2015-07,2015-08,4,212,-0.14880045417018606
lightgbm,2015-07,2015-08,5,213,-0.14315051646304108
lightgbm,2015-07,2015-08,6,212,-0.12513048730570192
lightgbm,2015-07,2015-08,7,212,-0.11103213250244193
lightgbm,2015-07,2015-08,8,213,-0.12094033316374958
lightgbm,2015-07,2015-08,9,212,-0.13109576945524312
lightgbm,2015-07,2015-08,10,213,-0.09667473561503515
lightgbm,2015-08,2015-09,1,213,-0.0697098648996368
lightgbm,2015-08,2015-09,2,213,-0.05096002956879207
lightgbm,2015-08,2015-09,3,214,-0.0406954740911592
lightgbm,2015-08,2015-09,4,213,-0.04069959189056506
lightgbm,2015-08,2015-09,5,214,-0.03211904054420328
lightgbm,2015-08,2015-09,6,213,-0.024129486448671595
lightgbm,2015-08,2015-09,7,213,-0.023406249994198297
lightgbm,2015-08,2015-09,8,214,-0.0038952465978257813
lightgbm,2015-08,2015-09,9,213,-0.004586377201859746
lightgbm,2015-08,2015-09,10,214,0.006474832388399244
lightgbm,2015-09,2015-10,1,213,0.24333298516450413
lightgbm,2015-09,2015-10,2,213,0.23429295699986596
lightgbm,2015-09,2015-10,3,214,0.1927056676842456
lightgbm,2015-09,2015-10,4,213,0.20391491840785703
lightgbm,2015-09,2015-10,5,214,0.21891456756808197
lightgbm,2015-09,2015-10,6,213,0.2149777466657821
lightgbm,2015-09,2015-10,7,213,0.24468566667615946
lightgbm,2015-09,2015-10,8,214,0.25025411536061437
lightgbm,2015-09,2015-10,9,213,0.26559362845482776
lightgbm,2015-09,2015-10,10,214,0.26436636977240163
lightgbm,2015-10,2015-11,1,219,0.0687026223701661
lightgbm,2015-10,2015-11,2,219,0.06309432418448369
lightgbm,2015-10,2015-11,3,219,0.07045840425634596
lightgbm,2015-10,2015-11,4,219,0.07270459323130124
lightgbm,2015-10,2015-11,5,219,0.09811362545856404
lightgbm,2015-10,2015-11,6,219,0.08574020706108212
lightgbm,2015-10,2015-11,7,219,0.10854183905858099
lightgbm,2015-10,2015-11,8,219,0.14056967430255382
lightgbm,2015-10,2015-11,9,219,0.12608239139699376
lightgbm,2015-10,2015-11,10,219,0.14191407357126262
lightgbm,2015-11,2015-12,1,227,0.010541039244332789
lightgbm,2015-11,2015-12,2,227,0.033327935868997204
lightgbm,2015-11,2015-12,3,227,0.037918456329071634
lightgbm,2015-11,2015-12,4,228,0.045702258065371405
lightgbm,2015-11,2015-12,5,227,0.05362347499205305
lightgbm,2015-11,2015-12,6,227,0.07534365404003715
lightgbm,2015-11,2015-12,7,228,0.0752154869791227
lightgbm,2015-11,2015-12,8,227,0.10516722932192932
lightgbm,2015-11,2015-12,9,227,0.1201142240077775
lightgbm,2015-11,2015-12,10,228,0.12555029907912277
lightgbm,2015-12,2016-01,1,236,-0.309040108309939
lightgbm,2015-12,2016-01,2,236,-0.2973780017438147
lightgbm,2015-12,2016-01,3,237,-0.2931007324541641
lightgbm,2015-12,2016-01,4,236,-0.3011648338513466
lightgbm,2015-12,2016-01,5,237,-0.2943525380098077
lightgbm,2015-12,2016-01,6,236,-0.29109203781731
lightgbm,2015-12,2016-01,7,236,-0.29074367174590776
lightgbm,2015-12,2016-01,8,237,-0.2959261599542819
lightgbm,2015-12,2016-01,9,236,-0.2900346458352542
lightgbm,2015-12,2016-01,10,237,-0.29233481561930336
lightgbm,2016-01,2016-02,1,239,-0.04106507994872213
lightgbm,2016-01,2016-02,2,239,-0.014274213667419279
lightgbm,2016-01,2016-02,3,239,-0.026384965588887508
lightgbm,2016-01,2016-02,4,239,-0.02352295732580084
lightgbm,2016-01,2016-02,5,240,-0.013523591602699598
lightgbm,2016-01,2016-02,6,239,-0.01475502485106011
lightgbm,2016-01,2016-02,7,239,-0.018986049930522213
lightgbm,2016-01,2016-02,8,239,-0.010548800549276352
lightgbm,2016-01,2016-02,9,239,-0.012813645352956891
lightgbm,2016-01,2016-02,10,240,0.0015635831653878728
lightgbm,2016-02,2016-03,1,239,0.14742887218751055
lightgbm,2016-02,2016-03,2,240,0.17312947387256752
lightgbm,2016-02,2016-03,3,240,0.18043353527825223
lightgbm,2016-02,2016-03,4,240,0.18964018387364176
lightgbm,2016-02,2016-03,5,240,0.18610738885684106
lightgbm,2016-02,2016-03,6,240,0.18569332464031305
lightgbm,2016-02,2016-03,7,240,0.19421593256419947
lightgbm,2016-02,2016-03,8,240,0.22482534378613378
lightgbm,2016-02,2016-03,9,240,0.2385195418932639
lightgbm,2016-02,2016-03,10,240,0.2278658888100529
lightgbm,2016-03,2016-04,1,244,-0.03856477377237461
lightgbm,2016-03,2016-04,2,245,-0.03310171392090371
lightgbm,2016-03,2016-04,3,244,-0.024562760106202775
lightgbm,2016-03,2016-04,4,245,-0.028142429713202285
lightgbm,2016-03,2016-04,5,245,-0.011469537163170757
lightgbm,2016-03,2016-04,6,244,-0.008060220390369877
lightgbm,2016-03,2016-04,7,245,0.005886263184900307
lightgbm,2016-03,2016-04,8,244,0.015623483948063765
lightgbm,2016-03,2016-04,9,245,0.034004476246938545
lightgbm,2016-03,2016-04,10,245,0.021952323634357274
lightgbm,2016-04,2016-05,1,245,-0.020193879525539502
lightgbm,2016-04,2016-05,2,246,-0.016696325193198233
lightgbm,2016-04,2016-05,3,245,-0.01649168484323675
lightgbm,2016-04,2016-05,4,246,-0.02047663552083489
lightgbm,2016-04,2016-05,5,246,-0.011030858689258138
lightgbm,2016-04,2016-05,6,245,-0.012935737199675725
lightgbm,2016-04,2016-05,7,246,-0.0163195031688751
lightgbm,2016-04,2016-05,8,245,-0.012614329852366242
lightgbm,2016-04,2016-05,9,246,-0.026282633908100404
lightgbm,2016-04,2016-05,10,246,-0.0012787958474128596
lightgbm,2016-05,2016-06,1,246,0.03370428851288493
lightgbm,2016-05,2016-06,2,247,0.03800097412809218
lightgbm,2016-05,2016-06,3,247,0.04068364823150545
lightgbm,2016-05,2016-06,4,247,0.049452304994151375
lightgbm,2016-05,2016-06,5,247,0.06821622566029635
lightgbm,2016-05,2016-06,6,246,0.057466177435703966
lightgbm,2016-05,2016-06,7,247,0.06938527903549112
lightgbm,2016-05,2016-06,8,247,0.06765814554338449
lightgbm,2016-05,2016-06,9,247,0.06622762915611186
lightgbm,2016-05,2016-06,10,247,0.08557774175595698
lightgbm,2016-06,2016-07,1,250,-0.05582018093429189
lightgbm,2016-06,2016-07,2,250,-0.014603729211153453
lightgbm,2016-06,2016-07,3,250,0.0013056648329577013
lightgbm,2016-06,2016-07,4,251,0.0023651045766940387
lightgbm,2016-06,2016-07,5,250,-0.001142367836167824
lightgbm,2016-06,2016-07,6,250,-0.0063762090070949495
lightgbm,2016-06,2016-07,7,251,0.003106997938880414
lightgbm,2016-06,2016-07,8,250,0.0041296811148478696
lightgbm,2016-06,2016-07,9,250,0.012364965613483481
lightgbm,2016-06,2016-07,10,251,0.0011234780839766742
lightgbm,2016-07,2016-08,1,254,0.02688045869892897
lightgbm,2016-07,2016-08,2,254,0.03905746397041081
lightgbm,2016-07,2016-08,3,254,0.03295557645705817
lightgbm,2016-07,2016-08,4,255,0.03858542359254418
lightgbm,2016-07,2016-08,5,254,0.04377302921118104
lightgbm,2016-07,2016-08,6,254,0.04753983092968634
lightgbm,2016-07,2016-08,7,255,0.05897502364059819
lightgbm,2016-07,2016-08,8,254,0.055879357517146656
lightgbm,2016-07,2016-08,9,254,0.07129617918101998
lightgbm,2016-07,2016-08,10,255,0.07146676966017873
lightgbm,2016-08,2016-09,1,256,-0.03595486899440502
lightgbm,2016-08,2016-09,2,256,-0.027241282223298646
lightgbm,2016-08,2016-09,3,256,-0.02516586147396708
lightgbm,2016-08,2016-09,4,257,-0.014349200895056338
lightgbm,2016-08,2016-09,5,256,-0.007941900449866248
lightgbm,2016-08,2016-09,6,256,-0.01349246306204353
lightgbm,2016-08,2016-09,7,257,0.0034325232829830743
lightgbm,2016-08,2016-09,8,256,0.007440348729456996
lightgbm,2016-08,2016-09,9,256,0.019460479058418113
lightgbm,2016-08,2016-09,10,257,0.012174681487745453
lightgbm,2016-09,2016-10,1,257,0.024611911243600314
lightgbm,2016-09,2016-10,2,257,0.028395395513478642
lightgbm,2016-09,2016-10,3,257,0.028124876697164493
lightgbm,2016-09,2016-10,4,258,0.022977027610803117
lightgbm,2016-09,2016-10,5,257,0.02826450256701403
lightgbm,2016-09,2016-10,6,257,0.032448971489108976
lightgbm,2016-09,2016-10,7,258,0.03390422847894883
lightgbm,2016-09,2016-10,8,257,0.05053977626638132
lightgbm,2016-09,2016-10,9,257,0.04491437421218854
lightgbm,2016-09,2016-10,10,258,0.05356619674244277
lightgbm,2016-10,2016-11,1,256,0.0049890482725946025
lightgbm,2016-10,2016-11,2,257,0.030972887756053766
lightgbm,2016-10,2016-11,3,256,0.022836411753332325
lightgbm,2016-10,2016-11,4,257,0.021870046618263847
lightgbm,2016-10,2016-11,5,257,0.019084424035705462
lightgbm,2016-10,2016-11,6,256,0.02524372102156048
lightgbm,2016-10,2016-11,7,257,0.026459633221255104
lightgbm,2016-10,2016-11,8,256,0.0355969630368453
lightgbm,2016-10,2016-11,9,257,0.04636293297900682
lightgbm,2016-10,2016-11,10,257,0.04761013195880573
lightgbm,2016-11,2016-12,1,260,-0.060770519695764774
lightgbm,2016-11,2016-12,2,260,-0.051634672586987146
lightgbm,2016-11,2016-12,3,260,-0.04406124304252714
lightgbm,2016-11,2016-12,4,260,-0.046909496348565644
lightgbm,2016-11,2016-12,5,260,-0.049753933479145786
lightgbm,2016-11,2016-12,6,260,-0.046408753440145285
lightgbm,2016-11,2016-12,7,260,-0.04328110026717427
lightgbm,2016-11,2016-12,8,260,-0.03335997734631887
lightgbm,2016-11,2016-12,9,260,-0.0399242201476093
lightgbm,2016-11,2016-12,10,260,-0.048094533559140014
lightgbm,2016-12,2017-01,1,261,-0.027379471253326314
lightgbm,2016-12,2017-01,2,262,-0.010537582612281798
lightgbm,2016-12,2017-01,3,262,-0.011416737913387745
lightgbm,2016-12,2017-01,4,262,-0.017977824225678944
lightgbm,2016-12,2017-01,5,262,-0.01974469057686365
lightgbm,2016-12,2017-01,6,262,-0.009364505966132919
lightgbm,2016-12,2017-01,7,262,-0.017431548053865206
lightgbm,2016-12,2017-01,8,262,-0.02723353091897307
lightgbm,2016-12,2017-01,9,262,-0.027022599955786455
lightgbm,2016-12,2017-01,10,262,-0.050721654109438345
lightgbm,2017-01,2017-02,1,261,0.02915061163011001
lightgbm,2017-01,2017-02,2,262,0.04726640130420452
lightgbm,2017-01,2017-02,3,262,0.0393499167403584
lightgbm,2017-01,2017-02,4,261,0.03796243108477598
lightgbm,2017-01,2017-02,5,262,0.038376593273100286
lightgbm,2017-01,2017-02,6,262,0.03959317969486861
lightgbm,2017-01,2017-02,7,261,0.04277575158181515
lightgbm,2017-01,2017-02,8,262,0.041276002986804644
lightgbm,2017-01,2017-02,9,262,0.04603330996624437
lightgbm,2017-01,2017-02,10,262,0.036311239652269296
lightgbm,2017-02,2017-03,1,260,-0.031549910164221345
lightgbm,2017-02,2017-03,2,261,-0.009004893411542599
lightgbm,2017-02,2017-03,3,260,-0.011717537329351347
lightgbm,2017-02,2017-03,4,261,-0.014869490326805351
lightgbm,2017-02,2017-03,5,261,-0.009968422652670473
lightgbm,2017-02,2017-03,6,260,-0.01848095889303729
lightgbm,2017-02,2017-03,7,261,-0.03245255678131781
lightgbm,2017-02,2017-03,8,260,-0.028230176616171693
lightgbm,2017-02,2017-03,9,261,-0.03061333086344315
lightgbm,2017-02,2017-03,10,261,-0.02433875518080607
lightgbm,2017-03,2017-04,1,263,-0.05893204373167816
lightgbm,2017-03,2017-04,2,263,-0.03464562995778826
lightgbm,2017-03,2017-04,3,263,-0.046429412627767175
lightgbm,2017-03,2017-04,4,263,-0.040426355832971744
lightgbm,2017-03,2017-04,5,264,-0.04872514821291414
lightgbm,2017-03,2017-04,6,263,-0.04945721120154581
lightgbm,2017-03,2017-04,7,263,-0.0584852127353795
lightgbm,2017-03,2017-04,8,263,-0.07405671817386314
lightgbm,2017-03,2017-04,9,263,-0.07193325084458457
lightgbm,2017-03,2017-04,10,264,-0.08307959262756064
lightgbm,2017-04,2017-05,1,263,-0.07473555939196455
lightgbm,2017-04,2017-05,2,264,-0.06487857711596355
lightgbm,2017-04,2017-05,3,264,-0.05448688332235576
lightgbm,2017-04,2017-05,4,264,-0.05589976058069603
lightgbm,2017-04,2017-05,5,264,-0.058155155668781516
lightgbm,2017-04,2017-05,6,263,-0.07328018459472871
lightgbm,2017-04,2017-05,7,264,-0.07300140892894684
lightgbm,2017-04,2017-05,8,264,-0.07575450663303099
lightgbm,2017-04,2017-05,9,264,-0.07809572746390604
lightgbm,2017-04,2017-05,10,264,-0.06956341184848647
lightgbm,2017-05,2017-06,1,261,0.022229945498010505
lightgbm,2017-05,2017-06,2,262,0.04719965080158112
lightgbm,2017-05,2017-06,3,262,0.04722544838934951
lightgbm,2017-05,2017-06,4,262,0.05166476087361115
lightgbm,2017-05,2017-06,5,262,0.0453140216815566
lightgbm,2017-05,2017-06,6,261,0.04506134208873164
lightgbm,2017-05,2017-06,7,262,0.04281613792875571
lightgbm,2017-05,2017-06,8,262,0.0401622829002467
lightgbm,2017-05,2017-06,9,262,0.041682854707311756
lightgbm,2017-05,2017-06,10,262,0.05550229014100817
lightgbm,2017-06,2017-07,1,262,0.017374639582512636
lightgbm,2017-06,2017-07,2,262,0.020949546568987586
lightgbm,2017-06,2017-07,3,262,0.016073435684457665
lightgbm,2017-06,2017-07,4,262,0.020244183038030984
lightgbm,2017-06,2017-07,5,263,0.02081511398177677
lightgbm,2017-06,2017-07,6,262,0.003380232556893653
lightgbm,2017-06,2017-07,7,262,-0.0021122897743167954
lightgbm,2017-06,2017-07,8,262,0.003026709030124792
lightgbm,2017-06,2017-07,9,262,-0.015162392217575957
lightgbm,2017-06,2017-07,10,263,-0.0360271416532932
lightgbm,2017-07,2017-08,1,264,0.013410987639734476
lightgbm,2017-07,2017-08,2,265,0.015826507077486406
lightgbm,2017-07,2017-08,3,264,0.03137666446992815
lightgbm,2017-07,2017-08,4,265,0.019830396235770764
lightgbm,2017-07,2017-08,5,265,0.026743788609670534
lightgbm,2017-07,2017-08,6,264,0.03168659156738641
lightgbm,2017-07,2017-08,7,265,0.02989800669018736
lightgbm,2017-07,2017-08,8,264,0.04482272971984114
lightgbm,2017-07,2017-08,9,265,0.04685187077306924
lightgbm,2017-07,2017-08,10,265,0.06282867924742945
lightgbm,2017-08,2017-09,1,267,-0.009488689798799327
lightgbm,2017-08,2017-09,2,268,0.02115180913821631
lightgbm,2017-08,2017-09,3,267,0.018599067684820957
lightgbm,2017-08,2017-09,4,268,0.011234702168457752
lightgbm,2017-08,2017-09,5,267,0.018757697740906427
lightgbm,2017-08,2017-09,6,268,0.015516529496737264
lightgbm,2017-08,2017-09,7,267,0.022219612194975265
lightgbm,2017-08,2017-09,8,268,0.028943524271082467
lightgbm,2017-08,2017-09,9,267,0.013925877531870455
lightgbm,2017-08,2017-09,10,268,0.023824147941564087
lightgbm,2017-09,2017-10,1,272,-0.0657615906283101
lightgbm,2017-09,2017-10,2,273,-0.039319434114479995
lightgbm,2017-09,2017-10,3,272,-0.005097658183262884
lightgbm,2017-09,2017-10,4,273,-0.014188978048035907
lightgbm,2017-09,2017-10,5,272,-0.008600729076470682
lightgbm,2017-09,2017-10,6,273,-0.011306981947589825
lightgbm,2017-09,2017-10,7,272,-0.01168996838107551
lightgbm,2017-09,2017-10,8,273,-0.01773514868898236
lightgbm,2017-09,2017-10,9,272,-0.014918993004873078
lightgbm,2017-09,2017-10,10,273,-0.014853189988426994
lightgbm,2017-10,2017-11,1,274,-0.06555261358972901
lightgbm,2017-10,2017-11,2,275,-0.05802625663251619
lightgbm,2017-10,2017-11,3,275,-0.048414033946710344
lightgbm,2017-10,2017-11,4,275,-0.05347686156173461
lightgbm,2017-10,2017-11,5,275,-0.05205097634157817
lightgbm,2017-10,2017-11,6,274,-0.05876596309329525
lightgbm,2017-10,2017-11,7,275,-0.0725621565064175
lightgbm,2017-10,2017-11,8,275,-0.07518409577926603
lightgbm,2017-10,2017-11,9,275,-0.08202492518246528
lightgbm,2017-10,2017-11,10,275,-0.07401230883321959
lightgbm,2017-11,2017-12,1,280,-0.0201071893745763
lightgbm,2017-11,2017-12,2,281,-0.020212366008224385
lightgbm,2017-11,2017-12,3,280,-0.004745209833557094
lightgbm,2017-11,2017-12,4,281,-0.0053420000992883115
lightgbm,2017-11,2017-12,5,280,-0.0058879988457886685
lightgbm,2017-11,2017-12,6,281,-0.020262078811960516
lightgbm,2017-11,2017-12,7,280,-0.02447773677347619
lightgbm,2017-11,2017-12,8,281,-0.02185374795233687
lightgbm,2017-11,2017-12,9,280,-0.020083575233232228
lightgbm,2017-11,2017-12,10,281,-0.027175144673209167
lightgbm,2017-12,2018-01,1,282,-0.03794575887042876
lightgbm,2017-12,2018-01,2,282,-0.014698077486217539
lightgbm,2017-12,2018-01,3,283,-0.017852267346089044
lightgbm,2017-12,2018-01,4,282,-0.010153429890287865
lightgbm,2017-12,2018-01,5,283,-0.009403677537067237
lightgbm,2017-12,2018-01,6,282,-0.024213392678172102
lightgbm,2017-12,2018-01,7,282,-0.026517191769218927
lightgbm,2017-12,2018-01,8,283,-0.03240999906218832
lightgbm,2017-12,2018-01,9,282,-0.03585389437325345
lightgbm,2017-12,2018-01,10,283,-0.032413279085661
lightgbm,2018-01,2018-02,1,288,-0.03199469629967985
lightgbm,2018-01,2018-02,2,288,-0.026009048777333732
lightgbm,2018-01,2018-02,3,288,-0.034925155973131894
lightgbm,2018-01,2018-02,4,288,-0.049032229969701996
lightgbm,2018-01,2018-02,5,288,-0.04663534944092281
lightgbm,2018-01,2018-02,6,288,-0.04005587348519189
lightgbm,2018-01,2018-02,7,288,-0.05092475099758913
lightgbm,2018-01,2018-02,8,288,-0.05777867194941355
lightgbm,2018-01,2018-02,9,288,-0.06414690864534081
lightgbm,2018-01,2018-02,10,289,-0.05435186016065265
lightgbm,2018-02,2018-03,1,285,0.015604715651200607
lightgbm,2018-02,2018-03,2,285,0.01926392413116574
lightgbm,2018-02,2018-03,3,285,0.022649723902444435
lightgbm,2018-02,2018-03,4,286,0.029896968140857388
lightgbm,2018-02,2018-03,5,285,0.03950051287861133
lightgbm,2018-02,2018-03,6,285,0.034891245265824246
lightgbm,2018-02,2018-03,7,286,0.03871451250443751
lightgbm,2018-02,2018-03,8,285,0.06968729232952303
lightgbm,2018-02,2018-03,9,285,0.08139668466594852
lightgbm,2018-02,2018-03,10,286,0.10903017106708737
lightgbm,2018-03,2018-04,1,290,-0.06310227640634991
lightgbm,2018-03,2018-04,2,290,-0.036079712458419656
lightgbm,2018-03,2018-04,3,291,-0.03833798779664687
lightgbm,2018-03,2018-04,4,290,-0.032948811524058395
lightgbm,2018-03,2018-04,5,291,-0.036873780988067185
lightgbm,2018-03,2018-04,6,290,-0.0422728551937232
lightgbm,2018-03,2018-04,7,290,-0.044671000259237384
lightgbm,2018-03,2018-04,8,291,-0.0409706119813108
lightgbm,2018-03,2018-04,9,290,-0.03979175548994463
lightgbm,2018-03,2018-04,10,291,-0.03245995585888715
lightgbm,2018-04,2018-05,1,294,-0.03919318248319448
lightgbm,2018-04,2018-05,2,295,-0.041711159889344776
lightgbm,2018-04,2018-05,3,294,-0.0022209973429290156
lightgbm,2018-04,2018-05,4,295,-0.018157409869115036
lightgbm,2018-04,2018-05,5,294,0.0013083793314688928
lightgbm,2018-04,2018-05,6,295,-0.007745691479450439
lightgbm,2018-04,2018-05,7,294,-0.005246909510231468
lightgbm,2018-04,2018-05,8,295,-0.007115666201021083
lightgbm,2018-04,2018-05,9,294,0.005102258369624299
lightgbm,2018-04,2018-05,10,295,0.02241003766701689
lightgbm,2018-05,2018-06,1,301,-0.10268665457826505
lightgbm,2018-05,2018-06,2,301,-0.09128703408417925
lightgbm,2018-05,2018-06,3,301,-0.10707546526937313
lightgbm,2018-05,2018-06,4,301,-0.11293723567448191
lightgbm,2018-05,2018-06,5,301,-0.11574378528684168
lightgbm,2018-05,2018-06,6,301,-0.11483964308173872
lightgbm,2018-05,2018-06,7,301,-0.11090103030918701
lightgbm,2018-05,2018-06,8,301,-0.10741650482462956
lightgbm,2018-05,2018-06,9,301,-0.11053675382944077
lightgbm,2018-05,2018-06,10,301,-0.09626626343498014
lightgbm,2018-06,2018-07,1,305,-0.025420665263979632
lightgbm,2018-06,2018-07,2,306,-0.020554549199405355
lightgbm,2018-06,2018-07,3,306,0.003294014742022407
lightgbm,2018-06,2018-07,4,305,0.0013711069758630039
lightgbm,2018-06,2018-07,5,306,0.006899675348267971
lightgbm,2018-06,2018-07,6,306,0.014193205087140738
lightgbm,2018-06,2018-07,7,305,0.025054466121944355
lightgbm,2018-06,2018-07,8,306,0.015549821001491895
lightgbm,2018-06,2018-07,9,306,0.023819864358465368
lightgbm,2018-06,2018-07,10,306,0.023696843099771978
lightgbm,2018-07,2018-08,1,309,-0.09062200654665753
lightgbm,2018-07,2018-08,2,310,-0.07439528091257207
lightgbm,2018-07,2018-08,3,310,-0.08258194175215756
lightgbm,2018-07,2018-08,4,309,-0.07253191968107536
lightgbm,2018-07,2018-08,5,310,-0.07540320705534481
lightgbm,2018-07,2018-08,6,310,-0.07497634968012437
lightgbm,2018-07,2018-08,7,309,-0.0688361495101547
lightgbm,2018-07,2018-08,8,310,-0.06947648876586288
lightgbm,2018-07,2018-08,9,310,-0.08419655146580755
lightgbm,2018-07,2018-08,10,310,-0.08960690382988919
lightgbm,2018-08,2018-09,1,317,-0.01115271874379417
lightgbm,2018-08,2018-09,2,317,-0.006778726963061426
lightgbm,2018-08,2018-09,3,317,-0.00039206082227851417
lightgbm,2018-08,2018-09,4,317,0.0034398642012392513
lightgbm,2018-08,2018-09,5,318,-0.00140301391899807
lightgbm,2018-08,2018-09,6,317,-0.009181654024228639
lightgbm,2018-08,2018-09,7,317,-0.005573393858843757
lightgbm,2018-08,2018-09,8,317,0.001657061279706929
lightgbm,2018-08,2018-09,9,317,0.009435475095131006
lightgbm,2018-08,2018-09,10,318,0.002581475506481832
lightgbm,2018-09,2018-10,1,323,-0.12905266405810614
lightgbm,2018-09,2018-10,2,323,-0.10686291514469975
lightgbm,2018-09,2018-10,3,323,-0.1075303162241286
lightgbm,2018-09,2018-10,4,323,-0.10230249944750877
lightgbm,2018-09,2018-10,5,323,-0.09241245609901973
lightgbm,2018-09,2018-10,6,323,-0.08564455200338253
lightgbm,2018-09,2018-10,7,323,-0.09510122936577618
lightgbm,2018-09,2018-10,8,323,-0.08457018201236847
lightgbm,2018-09,2018-10,9,323,-0.07941828517425585
lightgbm,2018-09,2018-10,10,324,-0.057212929323554006
lightgbm,2018-10,2018-11,1,327,0.00597351540002319
lightgbm,2018-10,2018-11,2,328,0.052460597628002203
lightgbm,2018-10,2018-11,3,327,0.05457968148850326
lightgbm,2018-10,2018-11,4,328,0.04928498128237334
lightgbm,2018-10,2018-11,5,328,0.05953954927263531
lightgbm,2018-10,2018-11,6,327,0.06689525188016929
lightgbm,2018-10,2018-11,7,328,0.07213472023159676
lightgbm,2018-10,2018-11,8,327,0.0765218777606408
lightgbm,2018-10,2018-11,9,328,0.08379446677354842
lightgbm,2018-10,2018-11,10,328,0.07059400496222193
lightgbm,2018-11,2018-12,1,334,-0.06925565732140858
lightgbm,2018-11,2018-12,2,334,-0.05704360036762619
lightgbm,2018-11,2018-12,3,334,-0.044602184424732134
lightgbm,2018-11,2018-12,4,334,-0.037627103377356634
lightgbm,2018-11,2018-12,5,334,-0.037566930526360134
lightgbm,2018-11,2018-12,6,334,-0.04197157233120413
lightgbm,2018-11,2018-12,7,334,-0.04558662331915988
lightgbm,2018-11,2018-12,8,334,-0.035409732338094406
lightgbm,2018-11,2018-12,9,334,-0.038488335952296074
lightgbm,2018-11,2018-12,10,334,-0.013711208488698352
lightgbm,2018-12,2019-01,1,336,-0.06173394030075265
lightgbm,2018-12,2019-01,2,337,-0.012461506846792337
lightgbm,2018-12,2019-01,3,337,-0.01713093503935612
lightgbm,2018-12,2019-01,4,337,-0.0021718541978298115
lightgbm,2018-12,2019-01,5,337,-0.008751571206745077
lightgbm,2018-12,2019-01,6,337,-0.01132734904663771
lightgbm,2018-12,2019-01,7,337,-0.01577285699305292
lightgbm,2018-12,2019-01,8,337,-0.015312877090867058
lightgbm,2018-12,2019-01,9,337,-0.018049570018154656
lightgbm,2018-12,2019-01,10,337,-0.04152418798144833
lightgbm,2019-01,2019-02,1,338,0.26819370536216763
lightgbm,2019-01,2019-02,2,339,0.23820194514360754
lightgbm,2019-01,2019-02,3,339,0.21725341699568557
lightgbm,2019-01,2019-02,4,339,0.22234384508512395
lightgbm,2019-01,2019-02,5,339,0.20206202603672987
lightgbm,2019-01,2019-02,6,339,0.20671829190249327
lightgbm,2019-01,2019-02,7,339,0.20507474468319037
lightgbm,2019-01,2019-02,8,339,0.2228688874355768
lightgbm,2019-01,2019-02,9,339,0.23422565328076414
lightgbm,2019-01,2019-02,10,339,0.23365565300141053
lightgbm,2019-02,2019-03,1,340,0.09870530771655958
lightgbm,2019-02,2019-03,2,340,0.09647378935241722
lightgbm,2019-02,2019-03,3,340,0.10823049319574356
lightgbm,2019-02,2019-03,4,340,0.09216782545352854
lightgbm,2019-02,2019-03,5,340,0.10129461136312096
lightgbm,2019-02,2019-03,6,340,0.10327459296804958
lightgbm,2019-02,2019-03,7,340,0.12238801275051066
lightgbm,2019-02,2019-03,8,340,0.1148075800896356
lightgbm,2019-02,2019-03,9,340,0.1102728252507607
lightgbm,2019-02,2019-03,10,340,0.1121464181781854
lightgbm,2019-03,2019-04,1,341,-0.056514858621510664
lightgbm,2019-03,2019-04,2,341,-0.05101691041620454
lightgbm,2019-03,2019-04,3,341,-0.045120732485882546
lightgbm,2019-03,2019-04,4,341,-0.04409294126935726
lightgbm,2019-03,2019-04,5,341,-0.03473770045160357
lightgbm,2019-03,2019-04,6,341,-0.03635851680497764
lightgbm,2019-03,2019-04,7,341,-0.029945842290097262
lightgbm,2019-03,2019-04,8,341,-0.026428634583935504
lightgbm,2019-03,2019-04,9,341,-0.024295783707579816
lightgbm,2019-03,2019-04,10,341,-0.02872011100612795
lightgbm,2019-04,2019-05,1,342,-0.08690443196942588
lightgbm,2019-04,2019-05,2,342,-0.058781318117158386
lightgbm,2019-04,2019-05,3,343,-0.05966442114758208
lightgbm,2019-04,2019-05,4,342,-0.05228663709367937
lightgbm,2019-04,2019-05,5,343,-0.06361988518179329
lightgbm,2019-04,2019-05,6,342,-0.04944529681937856
lightgbm,2019-04,2019-05,7,342,-0.049052766543243864
lightgbm,2019-04,2019-05,8,343,-0.038822825146281624
lightgbm,2019-04,2019-05,9,342,-0.021224096000182435
lightgbm,2019-04,2019-05,10,343,-0.01636900905014971
lightgbm,2019-05,2019-06,1,337,-0.024136349768618257
lightgbm,2019-05,2019-06,2,338,0.01475612391748561
lightgbm,2019-05,2019-06,3,338,0.01592673030487998
lightgbm,2019-05,2019-06,4,337,0.014445415060722267
lightgbm,2019-05,2019-06,5,338,0.01720442956397283
lightgbm,2019-05,2019-06,6,338,0.005892436950597773
lightgbm,2019-05,2019-06,7,337,0.00587416942306158
lightgbm,2019-05,2019-06,8,338,0.009793668535168323
lightgbm,2019-05,2019-06,9,338,0.014191529034761454
lightgbm,2019-05,2019-06,10,338,0.022972220523247343
lightgbm,2019-06,2019-07,1,338,-0.05355197243639824
lightgbm,2019-06,2019-07,2,338,-0.021133329719287195
lightgbm,2019-06,2019-07,3,338,-0.011875217338750207
lightgbm,2019-06,2019-07,4,338,-0.008210452254115418
lightgbm,2019-06,2019-07,5,339,-0.008827386517812666
lightgbm,2019-06,2019-07,6,338,-0.019617318735750407
lightgbm,2019-06,2019-07,7,338,-0.017937167887918274
lightgbm,2019-06,2019-07,8,338,-0.014724885914057921
lightgbm,2019-06,2019-07,9,338,-0.009756168900320723
lightgbm,2019-06,2019-07,10,339,0.005176434872564387
lightgbm,2019-07,2019-08,1,338,0.006686651154464542
lightgbm,2019-07,2019-08,2,339,-0.0030269439087535076
lightgbm,2019-07,2019-08,3,338,-0.008680502637849655
lightgbm,2019-07,2019-08,4,339,-0.01061960016253753
lightgbm,2019-07,2019-08,5,338,-0.01633314608925758
lightgbm,2019-07,2019-08,6,339,-0.018899508288904895
lightgbm,2019-07,2019-08,7,338,-0.017691262634442515
lightgbm,2019-07,2019-08,8,339,-0.01845801584885722
lightgbm,2019-07,2019-08,9,338,-0.014988563041635572
lightgbm,2019-07,2019-08,10,339,-0.014085909031729765
lightgbm,2019-08,2019-09,1,339,0.003963637007176545
lightgbm,2019-08,2019-09,2,339,0.00901119064242617
lightgbm,2019-08,2019-09,3,339,0.013419456989028813
lightgbm,2019-08,2019-09,4,339,0.005349324365822688
lightgbm,2019-08,2019-09,5,339,0.009282589274959303
lightgbm,2019-08,2019-09,6,339,0.010246843019456596
lightgbm,2019-08,2019-09,7,339,0.01600517771325197
lightgbm,2019-08,2019-09,8,339,0.021963320479502536
lightgbm,2019-08,2019-09,9,339,0.0273309055596
lightgbm,2019-08,2019-09,10,340,0.029641193790921123
lightgbm,2019-09,2019-10,1,339,-0.021224210348037037
lightgbm,2019-09,2019-10,2,340,-0.005432560385859244
lightgbm,2019-09,2019-10,3,340,-0.0014716620756656696
lightgbm,2019-09,2019-10,4,340,0.001954897304703305
lightgbm,2019-09,2019-10,5,340,0.005629237787736294
lightgbm,2019-09,2019-10,6,340,0.0037884942689848174
lightgbm,2019-09,2019-10,7,340,0.0017851045830471158
lightgbm,2019-09,2019-10,8,340,0.0013379477555904968
lightgbm,2019-09,2019-10,9,340,-0.0017074790352335828
lightgbm,2019-09,2019-10,10,340,0.006027684474659393
lightgbm,2019-10,2019-11,1,340,-0.04008305448037307
lightgbm,2019-10,2019-11,2,341,-0.016522701811795725
lightgbm,2019-10,2019-11,3,340,-0.018581884198923676
lightgbm,2019-10,2019-11,4,341,-0.012034123398439655
lightgbm,2019-10,2019-11,5,341,-0.016169276051784417
lightgbm,2019-10,2019-11,6,340,-0.02397999472429737
lightgbm,2019-10,2019-11,7,341,-0.01535782984307143
lightgbm,2019-10,2019-11,8,340,-0.025095103201018605
lightgbm,2019-10,2019-11,9,341,-0.029755867579488705
lightgbm,2019-10,2019-11,10,341,-0.02417257095272015
lightgbm,2019-11,2019-12,1,340,0.09444258662848858
lightgbm,2019-11,2019-12,2,341,0.08079982927971759
lightgbm,2019-11,2019-12,3,341,0.0836716560275976
lightgbm,2019-11,2019-12,4,341,0.07966729580609329
lightgbm,2019-11,2019-12,5,341,0.07569865294152811
lightgbm,2019-11,2019-12,6,340,0.07515188684583127
lightgbm,2019-11,2019-12,7,341,0.07814089211943707
lightgbm,2019-11,2019-12,8,341,0.07686764861479671
lightgbm,2019-11,2019-12,9,341,0.08829987030653606
lightgbm,2019-11,2019-12,10,341,0.09170404289898376
lightgbm,2019-12,2020-01,1,341,0.04768899031278305
lightgbm,2019-12,2020-01,2,342,0.02122504537438616
lightgbm,2019-12,2020-01,3,341,0.005714370805478206
lightgbm,2019-12,2020-01,4,342,-0.0015976472721875726
lightgbm,2019-12,2020-01,5,342,-0.0038524202353407365
lightgbm,2019-12,2020-01,6,341,-0.0065219889810006915
lightgbm,2019-12,2020-01,7,342,0.001948608245091592
lightgbm,2019-12,2020-01,8,341,-0.001583624547083621
lightgbm,2019-12,2020-01,9,342,-0.002225867642047555
lightgbm,2019-12,2020-01,10,342,-0.013924692141171134
lightgbm,2020-01,2020-02,1,342,0.051757690027810624
lightgbm,2020-01,2020-02,2,343,0.022929184309573497
lightgbm,2020-01,2020-02,3,342,0.013432170124959425
lightgbm,2020-01,2020-02,4,343,-0.0007146828193751013
lightgbm,2020-01,2020-02,5,342,-0.003267119249643415
lightgbm,2020-01,2020-02,6,343,-0.007080481131382162
lightgbm,2020-01,2020-02,7,342,-0.015330315548939244
lightgbm,2020-01,2020-02,8,343,-0.008998748147068065
lightgbm,2020-01,2020-02,9,342,-0.010986121851024818
lightgbm,2020-01,2020-02,10,343,-0.02243178262330039
lightgbm,2020-02,2020-03,1,343,-0.11564488110632264
lightgbm,2020-02,2020-03,2,343,-0.09031819757886342
lightgbm,2020-02,2020-03,3,343,-0.05956010170335976
lightgbm,2020-02,2020-03,4,344,-0.052892209350889834
lightgbm,2020-02,2020-03,5,343,-0.04537296726530262
lightgbm,2020-02,2020-03,6,343,-0.024946333969242042
lightgbm,2020-02,2020-03,7,344,-0.018922641810922926
lightgbm,2020-02,2020-03,8,343,-0.003481262140237928
lightgbm,2020-02,2020-03,9,343,0.020919547975331382
lightgbm,2020-02,2020-03,10,344,0.01280191724160294
lightgbm,2020-03,2020-04,1,344,0.0023236362264032746
lightgbm,2020-03,2020-04,2,344,0.03713297057896995
lightgbm,2020-03,2020-04,3,345,0.03478678528251475
lightgbm,2020-03,2020-04,4,344,0.03301345033729158
lightgbm,2020-03,2020-04,5,345,0.028699360543819788
lightgbm,2020-03,2020-04,6,344,0.03904820846617481
lightgbm,2020-03,2020-04,7,344,0.016183711597346887
lightgbm,2020-03,2020-04,8,345,0.019924130262683328
lightgbm,2020-03,2020-04,9,344,0.018604664230899817
lightgbm,2020-03,2020-04,10,345,-0.00025979400928095777
lightgbm,2020-04,2020-05,1,345,-0.003419675432557156
lightgbm,2020-04,2020-05,2,346,0.015278697932536214
lightgbm,2020-04,2020-05,3,346,0.010569253407314598
lightgbm,2020-04,2020-05,4,345,0.014419390308324658
lightgbm,2020-04,2020-05,5,346,0.015539534005325269
lightgbm,2020-04,2020-05,6,346,0.02767511926052841
lightgbm,2020-04,2020-05,7,345,0.02941414497977773
lightgbm,2020-04,2020-05,8,346,0.035071072072398055
lightgbm,2020-04,2020-05,9,346,0.031050348561995015
lightgbm,2020-04,2020-05,10,346,0.026615918085658854
lightgbm,2020-05,2020-06,1,340,0.07997028938135463
lightgbm,2020-05,2020-06,2,340,0.0896980883662858
lightgbm,2020-05,2020-06,3,340,0.08604538195481103
lightgbm,2020-05,2020-06,4,341,0.07470219650526036
lightgbm,2020-05,2020-06,5,340,0.0730894514340273
lightgbm,2020-05,2020-06,6,340,0.056896359457747674
lightgbm,2020-05,2020-06,7,341,0.06923226889636777
lightgbm,2020-05,2020-06,8,340,0.054822902756245344
lightgbm,2020-05,2020-06,9,340,0.05477872283252064
lightgbm,2020-05,2020-06,10,341,0.05337263726053004
lightgbm,2020-06,2020-07,1,341,0.11600455116493236
lightgbm,2020-06,2020-07,2,342,0.11133308531599265
lightgbm,2020-06,2020-07,3,342,0.14254239889140197
lightgbm,2020-06,2020-07,4,341,0.1535970474322195
lightgbm,2020-06,2020-07,5,342,0.14435541864798135
lightgbm,2020-06,2020-07,6,342,0.1470821610518675
lightgbm,2020-06,2020-07,7,341,0.15930409827009623
lightgbm,2020-06,2020-07,8,342,0.14972057471048156
lightgbm,2020-06,2020-07,9,342,0.1408738549374101
lightgbm,2020-06,2020-07,10,342,0.1371624375785597
lightgbm,2020-07,2020-08,1,343,-0.010014669277507195
lightgbm,2020-07,2020-08,2,344,0.009056718108294793
lightgbm,2020-07,2020-08,3,344,0.02061244887846145
lightgbm,2020-07,2020-08,4,344,0.026027092852169732
lightgbm,2020-07,2020-08,5,344,0.04878486275865974
lightgbm,2020-07,2020-08,6,344,0.03498288996009003
lightgbm,2020-07,2020-08,7,344,0.04941289314296982
lightgbm,2020-07,2020-08,8,344,0.0486650727949852
lightgbm,2020-07,2020-08,9,344,0.06326380958119762
lightgbm,2020-07,2020-08,10,344,0.06769437001215
lightgbm,2020-08,2020-09,1,344,-0.06905690744361023
lightgbm,2020-08,2020-09,2,345,-0.06902555836885703
lightgbm,2020-08,2020-09,3,345,-0.07324830820878016
lightgbm,2020-08,2020-09,4,344,-0.06349510873247273
lightgbm,2020-08,2020-09,5,345,-0.07339660010261308
lightgbm,2020-08,2020-09,6,345,-0.07223661917663252
lightgbm,2020-08,2020-09,7,344,-0.06623411970815375
lightgbm,2020-08,2020-09,8,345,-0.06932777240735727
lightgbm,2020-08,2020-09,9,345,-0.059225632424121925
lightgbm,2020-08,2020-09,10,345,-0.07398197596092518
lightgbm,2020-09,2020-10,1,345,0.03828135279132104
lightgbm,2020-09,2020-10,2,346,-0.0018868029036133032
lightgbm,2020-09,2020-10,3,345,0.00034023005415399977
lightgbm,2020-09,2020-10,4,346,-0.007752200098756595
lightgbm,2020-09,2020-10,5,345,-0.010641863633884984
lightgbm,2020-09,2020-10,6,346,-0.006679697933140544
lightgbm,2020-09,2020-10,7,345,-0.0018231576010670747
lightgbm,2020-09,2020-10,8,346,-0.004387618116873516
lightgbm,2020-09,2020-10,9,345,0.003032273686030971
lightgbm,2020-09,2020-10,10,346,0.011752552057273656
lightgbm,2020-10,2020-11,1,346,-0.024254933228864066
lightgbm,2020-10,2020-11,2,346,0.01672802014620964
lightgbm,2020-10,2020-11,3,347,0.03306468122633604
lightgbm,2020-10,2020-11,4,346,0.03460513106254385
lightgbm,2020-10,2020-11,5,347,0.03733298388486633
lightgbm,2020-10,2020-11,6,346,0.03758282122284514
lightgbm,2020-10,2020-11,7,346,0.0350693107370729
lightgbm,2020-10,2020-11,8,347,0.042508670014289734
lightgbm,2020-10,2020-11,9,346,0.042387770453047514
lightgbm,2020-10,2020-11,10,347,0.044281015932470406
lightgbm,2020-11,2020-12,1,349,0.004686553688751781
lightgbm,2020-11,2020-12,2,350,-0.008390544328883287
lightgbm,2020-11,2020-12,3,350,-0.016682318867892922
lightgbm,2020-11,2020-12,4,350,-0.014814446193757266
lightgbm,2020-11,2020-12,5,350,-0.021659578042504388
lightgbm,2020-11,2020-12,6,350,-0.030223379615662366
lightgbm,2020-11,2020-12,7,350,-0.03937449021229788
lightgbm,2020-11,2020-12,8,350,-0.06776139652436307
lightgbm,2020-11,2020-12,9,350,-0.05030459111559346
lightgbm,2020-11,2020-12,10,350,-0.06947615708491348
lightgbm,2020-12,2021-01,1,352,-0.1041198943634465
lightgbm,2020-12,2021-01,2,353,-0.0500404641589186
lightgbm,2020-12,2021-01,3,353,-0.05807817385080847
lightgbm,2020-12,2021-01,4,352,-0.05107797827365699
lightgbm,2020-12,2021-01,5,353,-0.0486812023787402
lightgbm,2020-12,2021-01,6,353,-0.05061371683458708
lightgbm,2020-12,2021-01,7,352,-0.05840123100067813
lightgbm,2020-12,2021-01,8,353,-0.08157965757989608
lightgbm,2020-12,2021-01,9,353,-0.08480655724474517
lightgbm,2020-12,2021-01,10,353,-0.08649737789888408
lightgbm,2021-01,2021-02,1,354,-0.00933756441514831
lightgbm,2021-01,2021-02,2,355,0.017283791382531808
lightgbm,2021-01,2021-02,3,354,0.026826544693847938
lightgbm,2021-01,2021-02,4,355,0.03108655822604448
lightgbm,2021-01,2021-02,5,354,0.054145489668438705
lightgbm,2021-01,2021-02,6,355,0.026838402528806756
lightgbm,2021-01,2021-02,7,354,0.044080396622576914
lightgbm,2021-01,2021-02,8,355,0.04540896414657191
lightgbm,2021-01,2021-02,9,354,0.05062867018296589
lightgbm,2021-01,2021-02,10,355,0.04609164539769402
lightgbm,2021-02,2021-03,1,356,-0.025883626605514406
lightgbm,2021-02,2021-03,2,356,-0.010498284717811982
lightgbm,2021-02,2021-03,3,356,0.01199140244149064
lightgbm,2021-02,2021-03,4,357,0.02126254714812476
lightgbm,2021-02,2021-03,5,356,0.011760086949374212
lightgbm,2021-02,2021-03,6,356,0.02261463622647933
lightgbm,2021-02,2021-03,7,357,0.02010825948141726
lightgbm,2021-02,2021-03,8,356,0.041436821669457544
lightgbm,2021-02,2021-03,9,356,0.027900296255093528
lightgbm,2021-02,2021-03,10,357,0.031656048064549566
lightgbm,2021-03,2021-04,1,358,-0.0072909501489276905
lightgbm,2021-03,2021-04,2,358,-0.0036623956153606523
lightgbm,2021-03,2021-04,3,358,-0.0022405707522669197
lightgbm,2021-03,2021-04,4,359,-0.005229638019400565
lightgbm,2021-03,2021-04,5,358,0.0012654611081162356
lightgbm,2021-03,2021-04,6,358,0.03348669918014937
lightgbm,2021-03,2021-04,7,359,0.005704805634092321
lightgbm,2021-03,2021-04,8,358,0.009905514496418338
lightgbm,2021-03,2021-04,9,358,0.015242919225477585
lightgbm,2021-03,2021-04,10,359,0.013228072958115834
lightgbm,2021-04,2021-05,1,362,0.10944953725700622
lightgbm,2021-04,2021-05,2,363,0.06701068201184845
lightgbm,2021-04,2021-05,3,363,0.06598279852672129
lightgbm,2021-04,2021-05,4,363,0.049303541321606734
lightgbm,2021-04,2021-05,5,363,0.04946631006303243
lightgbm,2021-04,2021-05,6,362,0.041355940971597546
lightgbm,2021-04,2021-05,7,363,0.052853139477162525
lightgbm,2021-04,2021-05,8,363,0.054417795928797384
lightgbm,2021-04,2021-05,9,363,0.06093467740072172
lightgbm,2021-04,2021-05,10,363,0.05854163278711091
lightgbm,2021-05,2021-06,1,361,0.004768030829325695
lightgbm,2021-05,2021-06,2,362,0.03560818769681246
lightgbm,2021-05,2021-06,3,362,0.03623003635589429
lightgbm,2021-05,2021-06,4,362,0.018653781705090116
lightgbm,2021-05,2021-06,5,362,0.010868852093737103
lightgbm,2021-05,2021-06,6,361,0.02175911908855304
lightgbm,2021-05,2021-06,7,362,0.023472640352422233
lightgbm,2021-05,2021-06,8,362,0.0407158305842422
lightgbm,2021-05,2021-06,9,362,0.04640432322181873
lightgbm,2021-05,2021-06,10,362,0.04793812243673682
lightgbm,2021-06,2021-07,1,366,0.052551080888057836
lightgbm,2021-06,2021-07,2,366,0.0398595321762784
lightgbm,2021-06,2021-07,3,366,-0.0019175985226106023
lightgbm,2021-06,2021-07,4,366,-0.00849434909339707
lightgbm,2021-06,2021-07,5,366,-0.015883232112284578
lightgbm,2021-06,2021-07,6,366,-0.01609498106673538
lightgbm,2021-06,2021-07,7,366,-0.010735967076561116
lightgbm,2021-06,2021-07,8,366,-0.0018777241733145932
lightgbm,2021-06,2021-07,9,366,0.0030912977717087856
lightgbm,2021-06,2021-07,10,367,-0.003254011791315962
lightgbm,2021-07,2021-08,1,370,0.05362268946027079
lightgbm,2021-07,2021-08,2,371,0.06752860584029077
lightgbm,2021-07,2021-08,3,370,0.05962163402423587
lightgbm,2021-07,2021-08,4,371,0.044652450460094764
lightgbm,2021-07,2021-08,5,371,0.060940903131994406
lightgbm,2021-07,2021-08,6,370,0.07627614133931096
lightgbm,2021-07,2021-08,7,371,0.06911749808150874
lightgbm,2021-07,2021-08,8,370,0.07393313423631044
lightgbm,2021-07,2021-08,9,371,0.0801462490057863
lightgbm,2021-07,2021-08,10,371,0.08964751151045311
lightgbm,2021-08,2021-09,1,377,-0.0767307266269625
lightgbm,2021-08,2021-09,2,377,-0.014635462722966798
lightgbm,2021-08,2021-09,3,377,-0.002164104225590075
lightgbm,2021-08,2021-09,4,377,-0.01123261571081795
lightgbm,2021-08,2021-09,5,378,-0.00029646580699618596
lightgbm,2021-08,2021-09,6,377,-0.01734618408255238
lightgbm,2021-08,2021-09,7,377,-0.0012334142915394575
lightgbm,2021-08,2021-09,8,377,-0.000848988932264362
lightgbm,2021-08,2021-09,9,377,0.007772906216462247
lightgbm,2021-08,2021-09,10,378,-0.026355530625076725
lightgbm,2021-09,2021-10,1,383,-0.026045153619624572
lightgbm,2021-09,2021-10,2,383,-0.020613231715261485
lightgbm,2021-09,2021-10,3,384,-0.011852821114591025
lightgbm,2021-09,2021-10,4,383,-0.007925328239523056
lightgbm,2021-09,2021-10,5,384,-0.015346629778919004
lightgbm,2021-09,2021-10,6,383,-0.022935684532117938
lightgbm,2021-09,2021-10,7,383,-0.025251559683269354
lightgbm,2021-09,2021-10,8,384,-0.02469188455301169
lightgbm,2021-09,2021-10,9,383,-0.025273337370429548
lightgbm,2021-09,2021-10,10,384,-0.030292478233683546
lightgbm,2021-10,2021-11,1,385,0.06820955385559027
lightgbm,2021-10,2021-11,2,385,0.08632377465393339
lightgbm,2021-10,2021-11,3,386,0.08427670337239432
lightgbm,2021-10,2021-11,4,385,0.0720209650223051
lightgbm,2021-10,2021-11,5,386,0.08882345711732825
lightgbm,2021-10,2021-11,6,385,0.09517063258252031
lightgbm,2021-10,2021-11,7,385,0.11652882427753668
lightgbm,2021-10,2021-11,8,386,0.11943901924024654
lightgbm,2021-10,2021-11,9,385,0.1389154843560333
lightgbm,2021-10,2021-11,10,386,0.13090422186863318
lightgbm,2021-11,2021-12,1,388,-0.028891405313516208
lightgbm,2021-11,2021-12,2,388,0.009069396070779638
lightgbm,2021-11,2021-12,3,388,0.03371619260310968
lightgbm,2021-11,2021-12,4,388,0.03246773953749249
lightgbm,2021-11,2021-12,5,389,0.035547003561584245
lightgbm,2021-11,2021-12,6,388,0.05089927881294921
lightgbm,2021-11,2021-12,7,388,0.045067915422266555
lightgbm,2021-11,2021-12,8,388,0.07268929572092514
lightgbm,2021-11,2021-12,9,388,0.07804206765049815
lightgbm,2021-11,2021-12,10,389,0.05044442219539689
lightgbm,2021-12,2022-01,1,393,-0.1406420419139287
lightgbm,2021-12,2022-01,2,394,-0.11110173253151016
lightgbm,2021-12,2022-01,3,393,-0.10071779049062765
lightgbm,2021-12,2022-01,4,394,-0.10675876600455321
lightgbm,2021-12,2022-01,5,394,-0.09534175757738979
lightgbm,2021-12,2022-01,6,393,-0.08951398218222367
lightgbm,2021-12,2022-01,7,394,-0.07984645613308942
lightgbm,2021-12,2022-01,8,393,-0.07118353217709875
lightgbm,2021-12,2022-01,9,394,-0.056655800946318245
lightgbm,2021-12,2022-01,10,394,-0.05471358361663201
lightgbm,2022-01,2022-02,1,396,0.061568456251508454
lightgbm,2022-01,2022-02,2,397,0.046445532731752066
lightgbm,2022-01,2022-02,3,396,0.04423655307063328
lightgbm,2022-01,2022-02,4,397,0.04100438152391325
lightgbm,2022-01,2022-02,5,397,0.04526552926216833
lightgbm,2022-01,2022-02,6,396,0.045098661921965565
lightgbm,2022-01,2022-02,7,397,0.045523179443121495
lightgbm,2022-01,2022-02,8,396,0.05494508267623268
lightgbm,2022-01,2022-02,9,397,0.04991316810747391
lightgbm,2022-01,2022-02,10,397,0.05572865748457208
lightgbm,2022-02,2022-03,1,399,-0.028766525324354433
lightgbm,2022-02,2022-03,2,400,-0.035779483615394195
lightgbm,2022-02,2022-03,3,399,-0.07826955050191196
lightgbm,2022-02,2022-03,4,400,-0.07027852386232743
lightgbm,2022-02,2022-03,5,399,-0.07383109522720702
lightgbm,2022-02,2022-03,6,400,-0.04785366324228645
lightgbm,2022-02,2022-03,7,399,-0.04234782142958643
lightgbm,2022-02,2022-03,8,400,-0.03612495702795929
lightgbm,2022-02,2022-03,9,399,-0.030228594945666872
lightgbm,2022-02,2022-03,10,400,-0.04327463944070545
lightgbm,2022-03,2022-04,1,403,-0.20815708196693786
lightgbm,2022-03,2022-04,2,404,-0.14499398534318092
lightgbm,2022-03,2022-04,3,404,-0.12102903403418985
lightgbm,2022-03,2022-04,4,404,-0.1272883284440212
lightgbm,2022-03,2022-04,5,404,-0.13234176073482945
lightgbm,2022-03,2022-04,6,403,-0.13243967397030512
lightgbm,2022-03,2022-04,7,404,-0.15136465163738952
lightgbm,2022-03,2022-04,8,404,-0.1631910108572974
lightgbm,2022-03,2022-04,9,404,-0.14882080914222384
lightgbm,2022-03,2022-04,10,404,-0.16134469593092426
lightgbm,2022-04,2022-05,1,409,0.07129678248802501
lightgbm,2022-04,2022-05,2,410,0.09709868953846015
lightgbm,2022-04,2022-05,3,410,0.09386432771770382
lightgbm,2022-04,2022-05,4,410,0.09985074159780302
lightgbm,2022-04,2022-05,5,410,0.11732491188741537
lightgbm,2022-04,2022-05,6,409,0.11995528095333347
lightgbm,2022-04,2022-05,7,410,0.12203343856143686
lightgbm,2022-04,2022-05,8,410,0.12665784226209473
lightgbm,2022-04,2022-05,9,410,0.12343652867622484
lightgbm,2022-04,2022-05,10,410,0.1090323270680572
lightgbm,2022-05,2022-06,1,412,0.044575970683774044
lightgbm,2022-05,2022-06,2,413,0.091915274828029
lightgbm,2022-05,2022-06,3,412,0.08546955747409014
lightgbm,2022-05,2022-06,4,413,0.07891867220829604
lightgbm,2022-05,2022-06,5,412,0.08245320216117323
lightgbm,2022-05,2022-06,6,413,0.0805526132091073
lightgbm,2022-05,2022-06,7,412,0.08715301260463525
lightgbm,2022-05,2022-06,8,413,0.08984502402298401
lightgbm,2022-05,2022-06,9,412,0.08701301178729579
lightgbm,2022-05,2022-06,10,413,0.1004103517407663
lightgbm,2022-06,2022-07,1,417,0.02874603475831919
lightgbm,2022-06,2022-07,2,417,0.026274694076649834
lightgbm,2022-06,2022-07,3,417,0.018750422912930262
lightgbm,2022-06,2022-07,4,417,-0.0026099726263454346
lightgbm,2022-06,2022-07,5,418,-0.004744717652146298
lightgbm,2022-06,2022-07,6,417,0.02871562037321145
lightgbm,2022-06,2022-07,7,417,0.031135811739082885
lightgbm,2022-06,2022-07,8,417,0.05587422234823913
lightgbm,2022-06,2022-07,9,417,0.05331541205127605
lightgbm,2022-06,2022-07,10,418,0.05465427904639509
lightgbm,2022-07,2022-08,1,421,-0.0948978653237554
lightgbm,2022-07,2022-08,2,422,-0.05342925936672466
lightgbm,2022-07,2022-08,3,422,-0.02352749466969539
lightgbm,2022-07,2022-08,4,422,-0.034854790128066096
lightgbm,2022-07,2022-08,5,422,-0.027944913094179846
lightgbm,2022-07,2022-08,6,422,-0.024060789578590286
lightgbm,2022-07,2022-08,7,422,-0.017691548656925134
lightgbm,2022-07,2022-08,8,422,-0.011516180931187607
lightgbm,2022-07,2022-08,9,422,-0.016442243368888162
lightgbm,2022-07,2022-08,10,422,-0.013061445965277736
lightgbm,2022-08,2022-09,1,426,-0.1032534874799309
lightgbm,2022-08,2022-09,2,427,-0.08871774737230038
lightgbm,2022-08,2022-09,3,427,-0.08612287065470804
lightgbm,2022-08,2022-09,4,427,-0.09009567820140624
lightgbm,2022-08,2022-09,5,427,-0.08751996549461433
lightgbm,2022-08,2022-09,6,426,-0.08712941506031345
lightgbm,2022-08,2022-09,7,427,-0.08071967924786147
lightgbm,2022-08,2022-09,8,427,-0.08325289717512302
lightgbm,2022-08,2022-09,9,427,-0.08525225406264285
lightgbm,2022-08,2022-09,10,427,-0.08271635622678289
lightgbm,2022-09,2022-10,1,430,0.0034388525588360014
lightgbm,2022-09,2022-10,2,431,0.008471613226702564
lightgbm,2022-09,2022-10,3,431,0.01079043753618561
lightgbm,2022-09,2022-10,4,431,0.013911761699344528
lightgbm,2022-09,2022-10,5,431,0.02863274221012787
lightgbm,2022-09,2022-10,6,430,0.03648921370473442
lightgbm,2022-09,2022-10,7,431,0.04648560128195366
lightgbm,2022-09,2022-10,8,431,0.06346550479939074
lightgbm,2022-09,2022-10,9,431,0.07052943853557862
lightgbm,2022-09,2022-10,10,431,0.0763926853249664
lightgbm,2022-10,2022-11,1,434,0.04010698242565856
lightgbm,2022-10,2022-11,2,434,0.07401778950913371
lightgbm,2022-10,2022-11,3,434,0.08618106977582313
lightgbm,2022-10,2022-11,4,434,0.0861707828209297
lightgbm,2022-10,2022-11,5,435,0.09004463741395922
lightgbm,2022-10,2022-11,6,434,0.08322561129661203
lightgbm,2022-10,2022-11,7,434,0.07774986964260121
lightgbm,2022-10,2022-11,8,434,0.09047415791562743
lightgbm,2022-10,2022-11,9,434,0.09770445272254405
lightgbm,2022-10,2022-11,10,435,0.07299042547326845
lightgbm,2022-11,2022-12,1,438,-0.059903075425549755
lightgbm,2022-11,2022-12,2,438,-0.03433326234682171
lightgbm,2022-11,2022-12,3,438,-0.024663733041912037
lightgbm,2022-11,2022-12,4,438,-0.03706291663844536
lightgbm,2022-11,2022-12,5,438,-0.033578339990399296
lightgbm,2022-11,2022-12,6,438,-0.03358398052457003
lightgbm,2022-11,2022-12,7,438,-0.036405385962216597
lightgbm,2022-11,2022-12,8,438,-0.03727096343284625
lightgbm,2022-11,2022-12,9,438,-0.03944716657049403
lightgbm,2022-11,2022-12,10,438,-0.04045832242393062
lightgbm,2022-12,2023-01,1,442,0.02227438245896705
lightgbm,2022-12,2023-01,2,442,0.06313300130637384
lightgbm,2022-12,2023-01,3,442,0.07900800637722633
lightgbm,2022-12,2023-01,4,442,0.07487524487235166
lightgbm,2022-12,2023-01,5,443,0.08280781665905743
lightgbm,2022-12,2023-01,6,442,0.07722455231090047
lightgbm,2022-12,2023-01,7,442,0.08873000004710832
lightgbm,2022-12,2023-01,8,442,0.0882233427899341
lightgbm,2022-12,2023-01,9,442,0.1168542822548841
lightgbm,2022-12,2023-01,10,443,0.10788930088182895
lightgbm,2023-01,2023-02,1,445,0.002253254009124834
lightgbm,2023-01,2023-02,2,446,0.01255319419187171
lightgbm,2023-01,2023-02,3,445,0.020496502051410667
lightgbm,2023-01,2023-02,4,446,0.023822289587629476
lightgbm,2023-01,2023-02,5,446,0.030482907665925763
lightgbm,2023-01,2023-02,6,445,0.03987587994095008
lightgbm,2023-01,2023-02,7,446,0.0578874962123666
lightgbm,2023-01,2023-02,8,445,0.0508886954283401
lightgbm,2023-01,2023-02,9,446,0.05020836112663503
lightgbm,2023-01,2023-02,10,446,0.055868771123189075
lightgbm,2023-02,2023-03,1,446,0.014474968380421366
lightgbm,2023-02,2023-03,2,447,-0.005659610587124954
lightgbm,2023-02,2023-03,3,447,-0.007351649868576143
lightgbm,2023-02,2023-03,4,447,-0.01740735989600646
lightgbm,2023-02,2023-03,5,447,-0.016667206031543858
lightgbm,2023-02,2023-03,6,446,-0.017608789624930996
lightgbm,2023-02,2023-03,7,447,-0.014963205198159562
lightgbm,2023-02,2023-03,8,447,-0.0216085727741544
lightgbm,2023-02,2023-03,9,447,-0.020776537363285077
lightgbm,2023-02,2023-03,10,447,-0.009768250673451091
lightgbm,2023-03,2023-04,1,450,-0.022874869789753272
lightgbm,2023-03,2023-04,2,451,-0.02185576687672894
lightgbm,2023-03,2023-04,3,450,-0.03091627403650954
lightgbm,2023-03,2023-04,4,451,-0.018093235079270496
lightgbm,2023-03,2023-04,5,450,-0.013112449859166828
lightgbm,2023-03,2023-04,6,451,-0.02718479198091533
lightgbm,2023-03,2023-04,7,450,-0.03360355317453193
lightgbm,2023-03,2023-04,8,451,-0.031144240264390003
lightgbm,2023-03,2023-04,9,450,-0.0419722089955155
lightgbm,2023-03,2023-04,10,451,-0.035344447771086224
lightgbm,2023-04,2023-05,1,454,0.0027294689761073396
lightgbm,2023-04,2023-05,2,454,-0.015152012120651408
lightgbm,2023-04,2023-05,3,454,-0.024571961372985073
lightgbm,2023-04,2023-05,4,454,-0.022976479836596536
lightgbm,2023-04,2023-05,5,454,-0.010851884785903678
lightgbm,2023-04,2023-05,6,454,-0.0020753045338060866
lightgbm,2023-04,2023-05,7,454,-0.0031149768819346076
lightgbm,2023-04,2023-05,8,454,0.019054990600833634
lightgbm,2023-04,2023-05,9,454,0.027306595202065402
lightgbm,2023-04,2023-05,10,454,0.038207381903928236
lightgbm,2023-05,2023-06,1,451,0.028150880051535328
lightgbm,2023-05,2023-06,2,451,0.016787202042302645
lightgbm,2023-05,2023-06,3,451,0.021910178502815795
lightgbm,2023-05,2023-06,4,451,0.016743783151770046
lightgbm,2023-05,2023-06,5,451,0.021138052045939378
lightgbm,2023-05,2023-06,6,451,0.02329260348313864
lightgbm,2023-05,2023-06,7,451,0.024288489026166635
lightgbm,2023-05,2023-06,8,451,0.03491420475799052
lightgbm,2023-05,2023-06,9,451,0.037404801092981145
lightgbm,2023-05,2023-06,10,452,0.029584705850922967
lightgbm,2023-06,2023-07,1,455,-0.07302627247986555
lightgbm,2023-06,2023-07,2,456,-0.010180800891920347
lightgbm,2023-06,2023-07,3,456,0.02221351474505398
lightgbm,2023-06,2023-07,4,456,0.026344695857860884
lightgbm,2023-06,2023-07,5,456,0.01952802385370694
lightgbm,2023-06,2023-07,6,456,0.02100382651196906
lightgbm,2023-06,2023-07,7,456,0.023466507814213552
lightgbm,2023-06,2023-07,8,456,0.027676924980398702
lightgbm,2023-06,2023-07,9,456,0.035813813201646505
lightgbm,2023-06,2023-07,10,456,0.0352351997783945
lightgbm,2023-07,2023-08,1,457,-0.047934420179336815
lightgbm,2023-07,2023-08,2,457,-0.05941609058975415
lightgbm,2023-07,2023-08,3,457,-0.0604983534169662
lightgbm,2023-07,2023-08,4,458,-0.05728218999446132
lightgbm,2023-07,2023-08,5,457,-0.05815202845458689
lightgbm,2023-07,2023-08,6,457,-0.054769450243551746
lightgbm,2023-07,2023-08,7,458,-0.04626895697073655
lightgbm,2023-07,2023-08,8,457,-0.03279017812570579
lightgbm,2023-07,2023-08,9,457,-0.02096405666552108
lightgbm,2023-07,2023-08,10,458,0.0030332627457452903
lightgbm,2023-08,2023-09,1,461,-0.03550980089099632
lightgbm,2023-08,2023-09,2,462,-0.012959639751721111
lightgbm,2023-08,2023-09,3,462,-0.0023615554473250633
lightgbm,2023-08,2023-09,4,462,-0.003075774124692665
lightgbm,2023-08,2023-09,5,462,0.006826761667391702
lightgbm,2023-08,2023-09,6,461,0.011887471101826416
lightgbm,2023-08,2023-09,7,462,0.009050119255938925
lightgbm,2023-08,2023-09,8,462,0.012149295740758409
lightgbm,2023-08,2023-09,9,462,0.01716727564082969
lightgbm,2023-08,2023-09,10,462,0.006854533782530348
lightgbm,2023-09,2023-10,1,465,-0.006051141536291165
lightgbm,2023-09,2023-10,2,466,0.0010122792099018444
lightgbm,2023-09,2023-10,3,466,-0.015517950282864472
lightgbm,2023-09,2023-10,4,466,-0.018993453230259163
lightgbm,2023-09,2023-10,5,466,-0.015769244143970657
lightgbm,2023-09,2023-10,6,465,-0.013639542286526167
lightgbm,2023-09,2023-10,7,466,-0.004332841283828494
lightgbm,2023-09,2023-10,8,466,0.0012913904311697155
lightgbm,2023-09,2023-10,9,466,-0.00029249928340645314
lightgbm,2023-09,2023-10,10,466,-0.003763828589945392
lightgbm,2023-10,2023-11,1,468,0.027155012551982077
lightgbm,2023-10,2023-11,2,469,0.024887607212782915
lightgbm,2023-10,2023-11,3,469,0.019879811790777864
lightgbm,2023-10,2023-11,4,468,0.017336246319125403
lightgbm,2023-10,2023-11,5,469,0.030814233480405896
lightgbm,2023-10,2023-11,6,469,0.03166692108597837
lightgbm,2023-10,2023-11,7,468,0.044823688847108516
lightgbm,2023-10,2023-11,8,469,0.054753671553311796
lightgbm,2023-10,2023-11,9,469,0.057802119355785386
lightgbm,2023-10,2023-11,10,469,0.05335668705639388
lightgbm,2023-11,2023-12,1,471,-0.027790558118591845
lightgbm,2023-11,2023-12,2,471,-0.029270087139615212
lightgbm,2023-11,2023-12,3,472,-0.02595082473348144
lightgbm,2023-11,2023-12,4,471,-0.020210121775766077
lightgbm,2023-11,2023-12,5,472,-0.025208234447965883
lightgbm,2023-11,2023-12,6,471,-0.026196892896664256
lightgbm,2023-11,2023-12,7,471,-0.02435041362851941
lightgbm,2023-11,2023-12,8,472,-0.010374194634969336
lightgbm,2023-11,2023-12,9,471,-0.010903086119062395
lightgbm,2023-11,2023-12,10,472,-0.0040314889575104726
lightgbm,2023-12,2024-01,1,474,-0.22979821002100512
lightgbm,2023-12,2024-01,2,474,-0.17815845312141568
lightgbm,2023-12,2024-01,3,474,-0.1387190150649541
lightgbm,2023-12,2024-01,4,474,-0.1473215369026361
lightgbm,2023-12,2024-01,5,474,-0.16402595523035618
lightgbm,2023-12,2024-01,6,474,-0.17230690372982926
lightgbm,2023-12,2024-01,7,474,-0.17746391468298642
lightgbm,2023-12,2024-01,8,474,-0.20582634871486907
lightgbm,2023-12,2024-01,9,474,-0.20834761788282094
lightgbm,2023-12,2024-01,10,475,-0.2188797579988215
lightgbm,2024-01,2024-02,1,474,0.07717089494410147
lightgbm,2024-01,2024-02,2,475,0.09633772324748241
lightgbm,2024-01,2024-02,3,475,0.10157357454623127
lightgbm,2024-01,2024-02,4,474,0.10771907259317627
lightgbm,2024-01,2024-02,5,475,0.09023740196107105
lightgbm,2024-01,2024-02,6,475,0.07317688560907862
lightgbm,2024-01,2024-02,7,474,0.04537036259493614
lightgbm,2024-01,2024-02,8,475,0.022104606597141696
lightgbm,2024-01,2024-02,9,475,-0.011582116739333825
lightgbm,2024-01,2024-02,10,475,-0.003962471205382264
lightgbm,2024-02,2024-03,1,476,0.033259281756442265
lightgbm,2024-02,2024-03,2,476,0.017600684845896393
lightgbm,2024-02,2024-03,3,476,0.028138549011168135
lightgbm,2024-02,2024-03,4,476,0.023079577606280793
lightgbm,2024-02,2024-03,5,477,0.034471752191459405
lightgbm,2024-02,2024-03,6,476,0.03747441353284867
lightgbm,2024-02,2024-03,7,476,0.04991917079143777
lightgbm,2024-02,2024-03,8,476,0.06491711238059862
lightgbm,2024-02,2024-03,9,476,0.08440640909097617
lightgbm,2024-02,2024-03,10,477,0.10384467105680677
lightgbm,2024-03,2024-04,1,478,-0.073312504334628
lightgbm,2024-03,2024-04,2,479,-0.0394293237717929
lightgbm,2024-03,2024-04,3,478,-0.0039216501534597974
lightgbm,2024-03,2024-04,4,479,0.008232787319173417
lightgbm,2024-03,2024-04,5,478,0.01092202122305845
lightgbm,2024-03,2024-04,6,479,0.009539464279170254
lightgbm,2024-03,2024-04,7,478,-0.009581957386897091
lightgbm,2024-03,2024-04,8,479,-0.025100146094944025
lightgbm,2024-03,2024-04,9,478,-0.01748519601170806
lightgbm,2024-03,2024-04,10,479,-0.011056940548193676
lightgbm,2024-04,2024-05,1,481,-0.021853287263095825
lightgbm,2024-04,2024-05,2,481,-0.010270908639999743
lightgbm,2024-04,2024-05,3,481,-0.01920731967953602
lightgbm,2024-04,2024-05,4,481,-0.01732892711445589
lightgbm,2024-04,2024-05,5,482,-0.012595770419229485
lightgbm,2024-04,2024-05,6,481,-0.011123341232318415
lightgbm,2024-04,2024-05,7,481,-0.018045789550327408
lightgbm,2024-04,2024-05,8,481,-0.01598947416257398
lightgbm,2024-04,2024-05,9,481,-0.007278117409813199
lightgbm,2024-04,2024-05,10,482,-0.011809144474993481
lightgbm,2024-05,2024-06,1,477,-0.08724817665132768
lightgbm,2024-05,2024-06,2,477,-0.0690052493632976
lightgbm,2024-05,2024-06,3,477,-0.0686007008550279
lightgbm,2024-05,2024-06,4,478,-0.08286245819570758
lightgbm,2024-05,2024-06,5,477,-0.07770705489761216
lightgbm,2024-05,2024-06,6,477,-0.08616182444888672
lightgbm,2024-05,2024-06,7,478,-0.09014241826549182
lightgbm,2024-05,2024-06,8,477,-0.09597883583582202
lightgbm,2024-05,2024-06,9,477,-0.09136068271748725
lightgbm,2024-05,2024-06,10,478,-0.08609578207124984
lightgbm,2024-06,2024-07,1,481,-0.012915567502201988
lightgbm,2024-06,2024-07,2,482,-0.0036933535349725015
lightgbm,2024-06,2024-07,3,482,0.0016001438363969808
lightgbm,2024-06,2024-07,4,481,-0.0012721659008273123
lightgbm,2024-06,2024-07,5,482,0.0029673384094598774
lightgbm,2024-06,2024-07,6,482,0.006342586725781375
lightgbm,2024-06,2024-07,7,481,0.014403835531475622
lightgbm,2024-06,2024-07,8,482,0.019103086538089696
lightgbm,2024-06,2024-07,9,482,0.013181717950834657
lightgbm,2024-06,2024-07,10,482,0.01652954015776033
lightgbm,2024-07,2024-08,1,485,-0.07617484418999262
lightgbm,2024-07,2024-08,2,486,-0.05072333183417432
lightgbm,2024-07,2024-08,3,485,-0.05029232165446732
lightgbm,2024-07,2024-08,4,486,-0.038783201256964446
lightgbm,2024-07,2024-08,5,486,-0.03969288823239484
lightgbm,2024-07,2024-08,6,485,-0.029261599245233222
lightgbm,2024-07,2024-08,7,486,-0.025336406345371695
lightgbm,2024-07,2024-08,8,485,-0.02341629717807725
lightgbm,2024-07,2024-08,9,486,-0.022752399330933634
lightgbm,2024-07,2024-08,10,486,-0.019224819440287467
lightgbm,2024-08,2024-09,1,487,0.25166529147884575
lightgbm,2024-08,2024-09,2,488,0.24543641163746563
lightgbm,2024-08,2024-09,3,488,0.24040230991985131
lightgbm,2024-08,2024-09,4,487,0.2446175370648268
lightgbm,2024-08,2024-09,5,488,0.23271999182293185
lightgbm,2024-08,2024-09,6,488,0.22819438164174502
lightgbm,2024-08,2024-09,7,487,0.23142466617988197
lightgbm,2024-08,2024-09,8,488,0.22450308623306608
lightgbm,2024-08,2024-09,9,488,0.2265797730706915
lightgbm,2024-08,2024-09,10,488,0.21484550805932545
lightgbm,2024-09,2024-10,1,489,0.1731842104269093
lightgbm,2024-09,2024-10,2,489,0.09232997785393704
lightgbm,2024-09,2024-10,3,489,0.04939382570966609
lightgbm,2024-09,2024-10,4,489,0.04239471555140859
lightgbm,2024-09,2024-10,5,489,0.04599309941849417
lightgbm,2024-09,2024-10,6,489,0.02999424810308428
lightgbm,2024-09,2024-10,7,489,0.05490229371662481
lightgbm,2024-09,2024-10,8,489,0.0565429565209822
lightgbm,2024-09,2024-10,9,489,0.07713037547639852
lightgbm,2024-09,2024-10,10,489,0.07851576891603626
lightgbm,2024-10,2024-11,1,489,-0.02364099159824352
lightgbm,2024-10,2024-11,2,490,0.014405462510411391
lightgbm,2024-10,2024-11,3,490,0.025483108388437408
lightgbm,2024-10,2024-11,4,490,0.0333768681831491
lightgbm,2024-10,2024-11,5,490,0.042900900808736216
lightgbm,2024-10,2024-11,6,489,0.04789337362645997
lightgbm,2024-10,2024-11,7,490,0.05599443803641237
lightgbm,2024-10,2024-11,8,490,0.09468481002963854
lightgbm,2024-10,2024-11,9,490,0.08409174285793346
lightgbm,2024-10,2024-11,10,490,0.08368916194749142
lightgbm,2024-11,2024-12,1,490,-0.08178545803981636
lightgbm,2024-11,2024-12,2,491,-0.059543955401819615
lightgbm,2024-11,2024-12,3,490,-0.03768740746738981
lightgbm,2024-11,2024-12,4,491,-0.026208694076321194
lightgbm,2024-11,2024-12,5,490,-0.02188903750890843
lightgbm,2024-11,2024-12,6,491,-0.030689418898163876
lightgbm,2024-11,2024-12,7,490,-0.03313289957515387
lightgbm,2024-11,2024-12,8,491,-0.0403599749603452
lightgbm,2024-11,2024-12,9,490,-0.0468061622586275
lightgbm,2024-11,2024-12,10,491,-0.06205103922675754
lightgbm,2024-12,2025-01,1,491,-0.019450244995361986
lightgbm,2024-12,2025-01,2,492,-0.019355965603362266
lightgbm,2024-12,2025-01,3,492,-0.023853599879495254
lightgbm,2024-12,2025-01,4,492,-0.02644117726993728
lightgbm,2024-12,2025-01,5,492,-0.022413955282314
lightgbm,2024-12,2025-01,6,491,-0.022641906474039183
lightgbm,2024-12,2025-01,7,492,-0.018357248945011534
lightgbm,2024-12,2025-01,8,492,-0.014651930130362662
lightgbm,2024-12,2025-01,9,492,0.00605751532237503
lightgbm,2024-12,2025-01,10,492,0.003865633818253614
lightgbm,2025-01,2025-02,1,492,0.1037494560476826
lightgbm,2025-01,2025-02,2,492,0.112453187673036
lightgbm,2025-01,2025-02,3,492,0.07097080842082318
lightgbm,2025-01,2025-02,4,493,0.061267049668647315
lightgbm,2025-01,2025-02,5,492,0.05306126409144997
lightgbm,2025-01,2025-02,6,492,0.05395887134913822
lightgbm,2025-01,2025-02,7,493,0.07908086227860905
lightgbm,2025-01,2025-02,8,492,0.07635535830948526
lightgbm,2025-01,2025-02,9,492,0.08300353035231599
lightgbm,2025-01,2025-02,10,493,0.07544248342237815
lightgbm,2025-02,2025-03,1,492,-0.05781862934885144
lightgbm,2025-02,2025-03,2,493,-0.025907570804924767
lightgbm,2025-02,2025-03,3,493,-0.008881702274217355
lightgbm,2025-02,2025-03,4,492,0.008030129169651259
lightgbm,2025-02,2025-03,5,493,0.01661412089895759
lightgbm,2025-02,2025-03,6,493,0.015701338695835093
lightgbm,2025-02,2025-03,7,492,0.00740934391784702
lightgbm,2025-02,2025-03,8,493,0.01456988030261142
lightgbm,2025-02,2025-03,9,493,0.017813777699489122
lightgbm,2025-02,2025-03,10,493,0.022100674777033667
lightgbm,2025-03,2025-04,1,493,-0.04305152496128639
lightgbm,2025-03,2025-04,2,493,-0.04183083841839222
lightgbm,2025-03,2025-04,3,493,-0.03791053009796695
lightgbm,2025-03,2025-04,4,494,-0.035650179666720946
lightgbm,2025-03,2025-04,5,493,-0.03107104781789613
lightgbm,2025-03,2025-04,6,493,-0.0312032093438443
lightgbm,2025-03,2025-04,7,494,-0.01651365926345482
lightgbm,2025-03,2025-04,8,493,-0.014513777599552847
lightgbm,2025-03,2025-04,9,493,-0.004544520498911578
lightgbm,2025-03,2025-04,10,494,0.007259563895342306
lightgbm,2025-04,2025-05,1,493,0.0476054933640044
lightgbm,2025-04,2025-05,2,493,0.03282208489665952
lightgbm,2025-04,2025-05,3,493,0.03477974955368141
lightgbm,2025-04,2025-05,4,493,0.028030111866240007
lightgbm,2025-04,2025-05,5,494,0.04033848685084336
lightgbm,2025-04,2025-05,6,493,0.04367484219276973
lightgbm,2025-04,2025-05,7,493,0.05911420642417485
lightgbm,2025-04,2025-05,8,493,0.06393633792803216
lightgbm,2025-04,2025-05,9,493,0.072313185148195
lightgbm,2025-04,2025-05,10,494,0.08367881183138404
lightgbm,2025-05,2025-06,1,486,0.05237273005834425
lightgbm,2025-05,2025-06,2,487,0.04984918965866721
lightgbm,2025-05,2025-06,3,486,0.055893742519225145
lightgbm,2025-05,2025-06,4,487,0.04570580712162056
lightgbm,2025-05,2025-06,5,487,0.048512650116165346
lightgbm,2025-05,2025-06,6,486,0.05572743279876704
lightgbm,2025-05,2025-06,7,487,0.06762789588440939
lightgbm,2025-05,2025-06,8,486,0.08068646184699867
lightgbm,2025-05,2025-06,9,487,0.08104597218408863
lightgbm,2025-05,2025-06,10,487,0.09080548193812278
lightgbm,2025-06,2025-07,1,488,0.025634459496134625
lightgbm,2025-06,2025-07,2,489,0.04147878535241774
lightgbm,2025-06,2025-07,3,489,0.04674085696304538
lightgbm,2025-06,2025-07,4,489,0.05690570779867818
lightgbm,2025-06,2025-07,5,489,0.05422401758582765
lightgbm,2025-06,2025-07,6,488,0.053570625569787034
lightgbm,2025-06,2025-07,7,489,0.0580085652525578
lightgbm,2025-06,2025-07,8,489,0.06154856073000285
lightgbm,2025-06,2025-07,9,489,0.07141957716472352
lightgbm,2025-06,2025-07,10,489,0.10303699236094443
lightgbm,2025-07,2025-08,1,489,0.10810046869414876
lightgbm,2025-07,2025-08,2,489,0.11308254249410885
lightgbm,2025-07,2025-08,3,489,0.10562337258634609
lightgbm,2025-07,2025-08,4,489,0.08798889919945503
lightgbm,2025-07,2025-08,5,489,0.09116840852966808
lightgbm,2025-07,2025-08,6,489,0.07776480241003071
lightgbm,2025-07,2025-08,7,489,0.08096835553492968
lightgbm,2025-07,2025-08,8,489,0.07181773427320873
lightgbm,2025-07,2025-08,9,489,0.06699389921608634
lightgbm,2025-07,2025-08,10,490,0.06180495660157935
lightgbm,2025-08,2025-09,1,489,-0.010198626515276546
lightgbm,2025-08,2025-09,2,490,0.0068301037863693626
lightgbm,2025-08,2025-09,3,490,0.0386374118633115
lightgbm,2025-08,2025-09,4,489,0.016441750928578684
lightgbm,2025-08,2025-09,5,490,0.01684031377155159
lightgbm,2025-08,2025-09,6,490,0.005230413327347479
lightgbm,2025-08,2025-09,7,489,0.011838167907573272
lightgbm,2025-08,2025-09,8,490,0.0047642002359567235
lightgbm,2025-08,2025-09,9,490,0.0066071725156154
lightgbm,2025-08,2025-09,10,490,0.024747249722445696
lightgbm,2025-09,2025-10,1,490,-0.01926345494598335
lightgbm,2025-09,2025-10,2,490,-0.006282125509608593
lightgbm,2025-09,2025-10,3,490,0.0015970235338009803
lightgbm,2025-09,2025-10,4,491,0.002255782789206835
lightgbm,2025-09,2025-10,5,490,0.01315563277235655
lightgbm,2025-09,2025-10,6,490,0.016732061405802922
lightgbm,2025-09,2025-10,7,491,0.025137974145643505
lightgbm,2025-09,2025-10,8,490,0.02643537489220775
lightgbm,2025-09,2025-10,9,490,0.03997566588769502
lightgbm,2025-09,2025-10,10,491,0.042081388852177715
lightgbm,2025-10,2025-11,1,490,-0.010069193188140644
lightgbm,2025-10,2025-11,2,490,-0.02376818740939609
lightgbm,2025-10,2025-11,3,491,-0.02123089596101075
lightgbm,2025-10,2025-11,4,490,-0.023085663623283875
lightgbm,2025-10,2025-11,5,491,-0.010247039714004992
lightgbm,2025-10,2025-11,6,490,-0.0032836909878095327
lightgbm,2025-10,2025-11,7,490,0.012282405987941036
lightgbm,2025-10,2025-11,8,491,0.014211366705130594
lightgbm,2025-10,2025-11,9,490,0.018786034864894906
lightgbm,2025-10,2025-11,10,491,0.015462417166948574
lightgbm,2025-11,2025-12,1,490,0.023430706455198704
lightgbm,2025-11,2025-12,2,491,0.04821123745856999
lightgbm,2025-11,2025-12,3,491,0.033092508333767985
lightgbm,2025-11,2025-12,4,491,0.0322153887648028
lightgbm,2025-11,2025-12,5,491,0.023467648928973513
lightgbm,2025-11,2025-12,6,491,0.01903625842425969
lightgbm,2025-11,2025-12,7,491,0.02039413862439693
lightgbm,2025-11,2025-12,8,491,0.005629597187865676
lightgbm,2025-11,2025-12,9,491,0.009485880404060733
lightgbm,2025-11,2025-12,10,491,-0.00538728307276414
lightgbm,2025-12,2026-01,1,492,0.06787194814408858
lightgbm,2025-12,2026-01,2,492,0.08132137972585675
lightgbm,2025-12,2026-01,3,492,0.07672489062012867
lightgbm,2025-12,2026-01,4,492,0.07637608123981708
lightgbm,2025-12,2026-01,5,492,0.0729464039588454
lightgbm,2025-12,2026-01,6,492,0.07290969924469098
lightgbm,2025-12,2026-01,7,492,0.08017408690179133
lightgbm,2025-12,2026-01,8,492,0.0822144693318604
lightgbm,2025-12,2026-01,9,492,0.08688044052369621
lightgbm,2025-12,2026-01,10,493,0.10741694824558945
lightgbm,2026-01,2026-02,1,492,0.04318658021659833
lightgbm,2026-01,2026-02,2,493,0.04952021193057075
lightgbm,2026-01,2026-02,3,492,0.043109055466604276
lightgbm,2026-01,2026-02,4,493,0.033648238745518796
lightgbm,2026-01,2026-02,5,492,0.03014565422087228
lightgbm,2026-01,2026-02,6,493,0.03814516203474913
lightgbm,2026-01,2026-02,7,492,0.037889570617871564
lightgbm,2026-01,2026-02,8,493,0.04075477108218587
lightgbm,2026-01,2026-02,9,492,0.04907359137454859
lightgbm,2026-01,2026-02,10,493,0.04489303714966649
lightgbm,2026-02,2026-03,1,492,-0.10783116629102081
lightgbm,2026-02,2026-03,2,492,-0.10281868622273503
lightgbm,2026-02,2026-03,3,493,-0.09538983497084565
lightgbm,2026-02,2026-03,4,492,-0.09338526157252551
lightgbm,2026-02,2026-03,5,493,-0.09669675490260407
lightgbm,2026-02,2026-03,6,492,-0.09448956218135328
lightgbm,2026-02,2026-03,7,492,-0.09680377288968701
lightgbm,2026-02,2026-03,8,493,-0.08798664443971634
lightgbm,2026-02,2026-03,9,492,-0.08117963862579726
lightgbm,2026-02,2026-03,10,493,-0.09463385912917727
lightgbm,2026-03,2026-04,1,493,0.07944648985733034
lightgbm,2026-03,2026-04,2,494,0.0949841260331496
lightgbm,2026-03,2026-04,3,494,0.08153111045590224
lightgbm,2026-03,2026-04,4,493,0.05064633963984567
lightgbm,2026-03,2026-04,5,494,0.05282496547686325
lightgbm,2026-03,2026-04,6,494,0.06175937060044203
lightgbm,2026-03,2026-04,7,493,0.07660318757678433
lightgbm,2026-03,2026-04,8,494,0.06362585045411577
lightgbm,2026-03,2026-04,9,494,0.06305485321648312
lightgbm,2026-03,2026-04,10,494,0.06687238399727938
lightgbm,2026-04,2026-05,1,495,0.006826232216880429
lightgbm,2026-04,2026-05,2,495,-0.011681867716110806
lightgbm,2026-04,2026-05,3,495,-0.015670598644867632
lightgbm,2026-04,2026-05,4,495,-0.015803380179170955
lightgbm,2026-04,2026-05,5,495,-0.012200424838785522
lightgbm,2026-04,2026-05,6,495,-0.03731973613211645
lightgbm,2026-04,2026-05,7,495,-0.03228269476089524
lightgbm,2026-04,2026-05,8,495,-0.05104560240837687
lightgbm,2026-04,2026-05,9,495,-0.06549462044936649
lightgbm,2026-04,2026-05,10,495,-0.06362221693945669
lightgbm,2026-05,2026-06,1,487,0.0611329437128369
lightgbm,2026-05,2026-06,2,487,0.018392823794758775
lightgbm,2026-05,2026-06,3,488,-0.01502477330587415
lightgbm,2026-05,2026-06,4,487,-0.04255196132552015
lightgbm,2026-05,2026-06,5,488,-0.042158752521758436
lightgbm,2026-05,2026-06,6,487,-0.06078598532925075
lightgbm,2026-05,2026-06,7,487,-0.053417255636904686
lightgbm,2026-05,2026-06,8,488,-0.0709072223133152
lightgbm,2026-05,2026-06,9,487,-0.0979387927371916
lightgbm,2026-05,2026-06,10,488,-0.05108430128747449
lightgbm,2026-06,2026-07,1,491,-0.25665729373275176
lightgbm,2026-06,2026-07,2,492,-0.11178973782931458
lightgbm,2026-06,2026-07,3,491,-0.06673676240739299
lightgbm,2026-06,2026-07,4,492,-0.06868146427578316
lightgbm,2026-06,2026-07,5,491,-0.06695675443455927
lightgbm,2026-06,2026-07,6,492,-0.08308471793036856
lightgbm,2026-06,2026-07,7,491,-0.07366073432631356
lightgbm,2026-06,2026-07,8,492,-0.06759207208806949
lightgbm,2026-06,2026-07,9,491,-0.06641847576063056
lightgbm,2026-06,2026-07,10,492,-0.12717139393786397
ridge,2013-01,2013-02,1,219,0.04233522048478814
ridge,2013-01,2013-02,2,220,0.032066834758495845
ridge,2013-01,2013-02,3,220,0.026160385524602987
ridge,2013-01,2013-02,4,219,0.0360640413207988
ridge,2013-01,2013-02,5,220,0.032205185467565685
ridge,2013-01,2013-02,6,220,0.039424418197041684
ridge,2013-01,2013-02,7,219,0.036958472470193
ridge,2013-01,2013-02,8,220,0.031715601777647505
ridge,2013-01,2013-02,9,220,0.032838100510848005
ridge,2013-01,2013-02,10,220,0.0584893920717023
ridge,2013-02,2013-03,1,221,-0.04887204788162748
ridge,2013-02,2013-03,2,221,-0.03378219901473955
ridge,2013-02,2013-03,3,222,-0.049315054688293704
ridge,2013-02,2013-03,4,221,-0.036296981520415335
ridge,2013-02,2013-03,5,222,-0.03996895865373153
ridge,2013-02,2013-03,6,221,-0.04463274803058837
ridge,2013-02,2013-03,7,221,-0.037381963872790094
ridge,2013-02,2013-03,8,222,-0.03594416625262276
ridge,2013-02,2013-03,9,221,-0.031242463358281593
ridge,2013-02,2013-03,10,222,-0.012723524006129954
ridge,2013-03,2013-04,1,224,-0.030592633072458946
ridge,2013-03,2013-04,2,224,-0.033525412809086864
ridge,2013-03,2013-04,3,224,-0.02181176146346383
ridge,2013-03,2013-04,4,224,-0.03590029834603473
ridge,2013-03,2013-04,5,225,-0.033706321706615056
ridge,2013-03,2013-04,6,224,-0.035824538742039176
ridge,2013-03,2013-04,7,224,-0.02542018095860474
ridge,2013-03,2013-04,8,224,-0.02858761062473645
ridge,2013-03,2013-04,9,224,-0.027586272432297047
ridge,2013-03,2013-04,10,225,-0.020134710776688807
ridge,2013-04,2013-05,1,226,0.13651063083575937
ridge,2013-04,2013-05,2,226,0.13492644915893867
ridge,2013-04,2013-05,3,226,0.14001678077070995
ridge,2013-04,2013-05,4,227,0.14256411113764297
ridge,2013-04,2013-05,5,226,0.12997655873596345
ridge,2013-04,2013-05,6,226,0.1420730179255681
ridge,2013-04,2013-05,7,227,0.14923262377706756
ridge,2013-04,2013-05,8,226,0.14710695464899576
ridge,2013-04,2013-05,9,226,0.14703033685953718
ridge,2013-04,2013-05,10,227,0.16687001640274607
ridge,2013-05,2013-06,1,230,-0.11933531057562667
ridge,2013-05,2013-06,2,230,-0.1335269952235979
ridge,2013-05,2013-06,3,230,-0.157799326491646
ridge,2013-05,2013-06,4,230,-0.15228635629054824
ridge,2013-05,2013-06,5,231,-0.16445731355099502
ridge,2013-05,2013-06,6,230,-0.17070673774146444
ridge,2013-05,2013-06,7,230,-0.1748399296685497
ridge,2013-05,2013-06,8,230,-0.16222015859453282
ridge,2013-05,2013-06,9,230,-0.1582681045498811
ridge,2013-05,2013-06,10,231,-0.1569178915824064
ridge,2013-06,2013-07,1,230,0.07845548198669336
ridge,2013-06,2013-07,2,230,0.07038280042775306
ridge,2013-06,2013-07,3,231,0.06649277074012923
ridge,2013-06,2013-07,4,230,0.06386017907880717
ridge,2013-06,2013-07,5,231,0.06017269823702904
ridge,2013-06,2013-07,6,230,0.06003797644520761
ridge,2013-06,2013-07,7,230,0.06761860777676026
ridge,2013-06,2013-07,8,231,0.07638513042084517
ridge,2013-06,2013-07,9,230,0.0742665817825341
ridge,2013-06,2013-07,10,231,0.09457779649757346
ridge,2013-07,2013-08,1,233,0.040699754667868425
ridge,2013-07,2013-08,2,233,0.043812132596154595
ridge,2013-07,2013-08,3,233,0.0631791188750663
ridge,2013-07,2013-08,4,233,0.06944061236629541
ridge,2013-07,2013-08,5,233,0.08349312390087398
ridge,2013-07,2013-08,6,233,0.09333422172853238
ridge,2013-07,2013-08,7,233,0.12501404195939975
ridge,2013-07,2013-08,8,233,0.1035000875476443
ridge,2013-07,2013-08,9,233,0.11712016133559652
ridge,2013-07,2013-08,10,233,0.10404408991740911
ridge,2013-08,2013-09,1,234,0.05881453275807049
ridge,2013-08,2013-09,2,234,0.04927687154997106
ridge,2013-08,2013-09,3,234,0.062483111236027754
ridge,2013-08,2013-09,4,234,0.050329578522366684
ridge,2013-08,2013-09,5,235,0.046524193882246455
ridge,2013-08,2013-09,6,234,0.05108760072532114
ridge,2013-08,2013-09,7,234,0.055801799780679236
ridge,2013-08,2013-09,8,234,0.06406245603680946
ridge,2013-08,2013-09,9,234,0.052950046648562704
ridge,2013-08,2013-09,10,235,0.057095191107602854
ridge,2013-09,2013-10,1,234,-0.08216777527071188
ridge,2013-09,2013-10,2,235,-0.03569513498383721
ridge,2013-09,2013-10,3,234,-0.04139632965401523
ridge,2013-09,2013-10,4,235,-0.031500461708690766
ridge,2013-09,2013-10,5,234,-0.028468890351758962
ridge,2013-09,2013-10,6,235,-0.016202456449295882
ridge,2013-09,2013-10,7,234,-0.021655231604778967
ridge,2013-09,2013-10,8,235,-0.008634902670850356
ridge,2013-09,2013-10,9,234,-0.0016530610621521074
ridge,2013-09,2013-10,10,235,0.01141152934009061
ridge,2013-10,2013-11,1,235,0.06435692112572731
ridge,2013-10,2013-11,2,235,0.06182357795560157
ridge,2013-10,2013-11,3,236,0.0695204095715451
ridge,2013-10,2013-11,4,235,0.07751445604276737
ridge,2013-10,2013-11,5,236,0.07553571768412723
ridge,2013-10,2013-11,6,235,0.09674386321262134
ridge,2013-10,2013-11,7,235,0.08930658871200078
ridge,2013-10,2013-11,8,236,0.09351557357754221
ridge,2013-10,2013-11,9,235,0.1070573885612374
ridge,2013-10,2013-11,10,236,0.13069016205341383
ridge,2013-11,2013-12,1,234,-0.07609850411577102
ridge,2013-11,2013-12,2,234,-0.04790103291500941
ridge,2013-11,2013-12,3,235,-0.04764264453581328
ridge,2013-11,2013-12,4,234,-0.03513141004309504
ridge,2013-11,2013-12,5,235,-0.021856189622967117
ridge,2013-11,2013-12,6,234,-0.019426550347439286
ridge,2013-11,2013-12,7,234,-0.015470888376790093
ridge,2013-11,2013-12,8,235,-0.018373886300532823
ridge,2013-11,2013-12,9,234,-0.021272683749174348
ridge,2013-11,2013-12,10,235,-0.026544489387980617
ridge,2013-12,2014-01,1,235,0.018117264389958292
ridge,2013-12,2014-01,2,235,0.026283585224436714
ridge,2013-12,2014-01,3,235,0.004120744387951971
ridge,2013-12,2014-01,4,236,0.03216050671853387
ridge,2013-12,2014-01,5,235,0.02161215748678435
ridge,2013-12,2014-01,6,235,0.022851869195892285
ridge,2013-12,2014-01,7,236,0.01711131920998473
ridge,2013-12,2014-01,8,235,0.007882415483953263
ridge,2013-12,2014-01,9,235,0.018994417634717438
ridge,2013-12,2014-01,10,236,0.031151407921147622
ridge,2014-01,2014-02,1,235,-0.017873089117338092
ridge,2014-01,2014-02,2,235,0.015692285228693176
ridge,2014-01,2014-02,3,235,0.016914622890079525
ridge,2014-01,2014-02,4,235,0.028439116880656055
ridge,2014-01,2014-02,5,235,0.04112333200740185
ridge,2014-01,2014-02,6,235,0.05500860323888106
ridge,2014-01,2014-02,7,235,0.05258630064895028
ridge,2014-01,2014-02,8,235,0.04083664199318264
ridge,2014-01,2014-02,9,235,0.05931420706739808
ridge,2014-01,2014-02,10,235,0.0499817530950723
ridge,2014-02,2014-03,1,232,-0.06627484188181966
ridge,2014-02,2014-03,2,232,-0.0572855634146065
ridge,2014-02,2014-03,3,233,-0.05176593086049918
ridge,2014-02,2014-03,4,232,-0.03266005529096748
ridge,2014-02,2014-03,5,233,-0.028297856806553185
ridge,2014-02,2014-03,6,232,-0.022399480662720135
ridge,2014-02,2014-03,7,232,-0.01612033177894134
ridge,2014-02,2014-03,8,233,-0.005738050938622057
ridge,2014-02,2014-03,9,232,0.0033361213535980897
ridge,2014-02,2014-03,10,233,0.015303570875521639
ridge,2014-03,2014-04,1,234,-0.007215113568078964
ridge,2014-03,2014-04,2,235,-0.025132628571802266
ridge,2014-03,2014-04,3,235,-0.027212966450746424
ridge,2014-03,2014-04,4,234,-0.018528209668266005
ridge,2014-03,2014-04,5,235,-0.012178260059679848
ridge,2014-03,2014-04,6,235,-0.02445164335859892
ridge,2014-03,2014-04,7,234,-0.013520744189113422
ridge,2014-03,2014-04,8,235,-0.01179851880629962
ridge,2014-03,2014-04,9,235,-0.001522967588075611
ridge,2014-03,2014-04,10,235,0.004658843449766402
ridge,2014-04,2014-05,1,232,0.014967908306027096
ridge,2014-04,2014-05,2,232,0.013080139648401176
ridge,2014-04,2014-05,3,232,0.024425176095283593
ridge,2014-04,2014-05,4,232,0.024964350478592072
ridge,2014-04,2014-05,5,233,0.032020369353861
ridge,2014-04,2014-05,6,232,0.031002262930202692
ridge,2014-04,2014-05,7,232,0.030606443161026807
ridge,2014-04,2014-05,8,232,0.029609198531257833
ridge,2014-04,2014-05,9,232,0.033866501503149536
ridge,2014-04,2014-05,10,233,0.049049024458017274
ridge,2014-05,2014-06,1,228,0.028292004910288774
ridge,2014-05,2014-06,2,229,0.03180396183928447
ridge,2014-05,2014-06,3,228,0.043973404209274175
ridge,2014-05,2014-06,4,229,0.02975661400122279
ridge,2014-05,2014-06,5,229,0.04353569217308472
ridge,2014-05,2014-06,6,228,0.05845489846761067
ridge,2014-05,2014-06,7,229,0.05431821106915254
ridge,2014-05,2014-06,8,228,0.047166742621420614
ridge,2014-05,2014-06,9,229,0.05810272777122629
ridge,2014-05,2014-06,10,229,0.0726398147706667
ridge,2014-06,2014-07,1,229,0.05484934636149274
ridge,2014-06,2014-07,2,230,0.04641732567569104
ridge,2014-06,2014-07,3,229,0.06406843494783628
ridge,2014-06,2014-07,4,230,0.06993373629415715
ridge,2014-06,2014-07,5,230,0.07291724745624441
ridge,2014-06,2014-07,6,229,0.07845368565443818
ridge,2014-06,2014-07,7,230,0.08237294394957151
ridge,2014-06,2014-07,8,229,0.0848981478240209
ridge,2014-06,2014-07,9,230,0.09868095561556091
ridge,2014-06,2014-07,10,230,0.10480606936309726
ridge,2014-07,2014-08,1,229,-0.007705157869432763
ridge,2014-07,2014-08,2,230,0.027621981382853298
ridge,2014-07,2014-08,3,230,0.04708801220257225
ridge,2014-07,2014-08,4,230,0.04278351207227831
ridge,2014-07,2014-08,5,230,0.06093256991865443
ridge,2014-07,2014-08,6,229,0.05520012905778301
ridge,2014-07,2014-08,7,230,0.06972911976615279
ridge,2014-07,2014-08,8,230,0.07994877117633707
ridge,2014-07,2014-08,9,230,0.08787528635319312
ridge,2014-07,2014-08,10,230,0.08203045100464894
ridge,2014-08,2014-09,1,229,0.08584560341041572
ridge,2014-08,2014-09,2,229,0.10851836316324731
ridge,2014-08,2014-09,3,229,0.1090862613129296
ridge,2014-08,2014-09,4,230,0.12791626691958324
ridge,2014-08,2014-09,5,229,0.13056849336810875
ridge,2014-08,2014-09,6,229,0.12848062548490158
ridge,2014-08,2014-09,7,230,0.1468479632937083
ridge,2014-08,2014-09,8,229,0.1555396876209738
ridge,2014-08,2014-09,9,229,0.17412064744557673
ridge,2014-08,2014-09,10,230,0.17880275232071835
ridge,2014-09,2014-10,1,229,0.017418896742336144
ridge,2014-09,2014-10,2,230,0.019187387079097562
ridge,2014-09,2014-10,3,230,0.0047437433543866675
ridge,2014-09,2014-10,4,230,0.0026483198961814876
ridge,2014-09,2014-10,5,230,-0.0009718568924505149
ridge,2014-09,2014-10,6,230,0.012115927324051026
ridge,2014-09,2014-10,7,230,0.015452373686863223
ridge,2014-09,2014-10,8,230,0.016066335700253804
ridge,2014-09,2014-10,9,230,0.022828463858673865
ridge,2014-09,2014-10,10,230,0.03330210501609085
ridge,2014-10,2014-11,1,226,0.09260207905004308
ridge,2014-10,2014-11,2,227,0.058776054181424175
ridge,2014-10,2014-11,3,227,0.05130200115603411
ridge,2014-10,2014-11,4,226,0.048205351749029714
ridge,2014-10,2014-11,5,227,0.05265787366100524
ridge,2014-10,2014-11,6,227,0.03923204765816078
ridge,2014-10,2014-11,7,226,0.04939768493504361
ridge,2014-10,2014-11,8,227,0.061015970980320675
ridge,2014-10,2014-11,9,227,0.0633399866965088
ridge,2014-10,2014-11,10,227,0.06298178786157635
ridge,2014-11,2014-12,1,226,0.14371275549463441
ridge,2014-11,2014-12,2,227,0.044033039959763404
ridge,2014-11,2014-12,3,227,-0.011647209691333137
ridge,2014-11,2014-12,4,226,-0.03687591290358556
ridge,2014-11,2014-12,5,227,-0.05522502705390551
ridge,2014-11,2014-12,6,227,-0.05033554971810139
ridge,2014-11,2014-12,7,226,-0.06433850705824222
ridge,2014-11,2014-12,8,227,-0.07091136444264308
ridge,2014-11,2014-12,9,227,-0.08190326563320324
ridge,2014-11,2014-12,10,227,-0.10389006185534415
ridge,2014-12,2015-01,1,228,-0.026791830880912547
ridge,2014-12,2015-01,2,229,0.03800893173516922
ridge,2014-12,2015-01,3,229,0.059417197057997036
ridge,2014-12,2015-01,4,228,0.07063947378585451
ridge,2014-12,2015-01,5,229,0.07506635181063093
ridge,2014-12,2015-01,6,229,0.10080366478970183
ridge,2014-12,2015-01,7,228,0.09764605060562764
ridge,2014-12,2015-01,8,229,0.10207941363846115
ridge,2014-12,2015-01,9,229,0.10055566509172564
ridge,2014-12,2015-01,10,229,0.1071394871784877
ridge,2015-01,2015-02,1,230,0.09337737200228595
ridge,2015-01,2015-02,2,230,0.07852576457953828
ridge,2015-01,2015-02,3,230,0.0766345558251192
ridge,2015-01,2015-02,4,230,0.07633065243990356
ridge,2015-01,2015-02,5,231,0.06893628782471012
ridge,2015-01,2015-02,6,230,0.06103351073300338
ridge,2015-01,2015-02,7,230,0.08476666169804113
ridge,2015-01,2015-02,8,230,0.071893435775391
ridge,2015-01,2015-02,9,230,0.0693522188195674
ridge,2015-01,2015-02,10,231,0.07237800726050495
ridge,2015-02,2015-03,1,228,0.20184538216522496
ridge,2015-02,2015-03,2,228,0.20438046249713393
ridge,2015-02,2015-03,3,229,0.22656988421399854
ridge,2015-02,2015-03,4,228,0.22309368349512462
ridge,2015-02,2015-03,5,229,0.2242643479842634
ridge,2015-02,2015-03,6,228,0.2111587258389406
ridge,2015-02,2015-03,7,228,0.23307541701124743
ridge,2015-02,2015-03,8,229,0.22854557810572163
ridge,2015-02,2015-03,9,228,0.2488040215081527
ridge,2015-02,2015-03,10,229,0.2545524071259138
ridge,2015-03,2015-04,1,229,0.15512395497257278
ridge,2015-03,2015-04,2,230,0.16306816915936836
ridge,2015-03,2015-04,3,230,0.152062072353563
ridge,2015-03,2015-04,4,230,0.14471473457401735
ridge,2015-03,2015-04,5,230,0.15911908438697475
ridge,2015-03,2015-04,6,230,0.1416950288711953
ridge,2015-03,2015-04,7,230,0.17108055038318964
ridge,2015-03,2015-04,8,230,0.18157844504899198
ridge,2015-03,2015-04,9,230,0.18197006801247112
ridge,2015-03,2015-04,10,230,0.19218594281291085
ridge,2015-04,2015-05,1,228,0.05561468548554582
ridge,2015-04,2015-05,2,229,0.1635684618843833
ridge,2015-04,2015-05,3,229,0.20939255931870215
ridge,2015-04,2015-05,4,228,0.23163372661304119
ridge,2015-04,2015-05,5,229,0.23652830158885702
ridge,2015-04,2015-05,6,229,0.238381047127664
ridge,2015-04,2015-05,7,228,0.24476404773088517
ridge,2015-04,2015-05,8,229,0.2791085192173224
ridge,2015-04,2015-05,9,229,0.2987582784862722
ridge,2015-04,2015-05,10,229,0.3336300974608943
ridge,2015-05,2015-06,1,223,-0.13687259854882863
ridge,2015-05,2015-06,2,224,-0.11387270179613485
ridge,2015-05,2015-06,3,223,-0.12466725244320896
ridge,2015-05,2015-06,4,224,-0.10088911433653869
ridge,2015-05,2015-06,5,223,-0.11365611528216922
ridge,2015-05,2015-06,6,224,-0.10801668634658641
ridge,2015-05,2015-06,7,223,-0.07813771892971515
ridge,2015-05,2015-06,8,224,-0.07755221967177227
ridge,2015-05,2015-06,9,223,-0.06966644152112654
ridge,2015-05,2015-06,10,224,-0.07661315019097567
ridge,2015-06,2015-07,1,221,-0.1836818447039616
ridge,2015-06,2015-07,2,222,-0.19449185716455283
ridge,2015-06,2015-07,3,222,-0.19101748059935367
ridge,2015-06,2015-07,4,222,-0.17638322266029985
ridge,2015-06,2015-07,5,222,-0.1947096210345455
ridge,2015-06,2015-07,6,221,-0.1794583517411165
ridge,2015-06,2015-07,7,222,-0.16805151534691334
ridge,2015-06,2015-07,8,222,-0.1756974678113929
ridge,2015-06,2015-07,9,222,-0.1819667064113326
ridge,2015-06,2015-07,10,222,-0.15413225789970078
ridge,2015-07,2015-08,1,212,-0.16520235792671475
ridge,2015-07,2015-08,2,212,-0.1593253503416237
ridge,2015-07,2015-08,3,213,-0.1574184784987503
ridge,2015-07,2015-08,4,212,-0.1373903015960053
ridge,2015-07,2015-08,5,213,-0.13086834886356616
ridge,2015-07,2015-08,6,212,-0.14009138467240503
ridge,2015-07,2015-08,7,212,-0.12726559418306252
ridge,2015-07,2015-08,8,213,-0.11278469282368697
ridge,2015-07,2015-08,9,212,-0.10072908338165677
ridge,2015-07,2015-08,10,213,-0.10040084120574846
ridge,2015-08,2015-09,1,213,-0.07250656083645433
ridge,2015-08,2015-09,2,213,-0.06927744163214773
ridge,2015-08,2015-09,3,214,-0.041335550872007604
ridge,2015-08,2015-09,4,213,-0.039870384062755296
ridge,2015-08,2015-09,5,214,-0.03757287839656331
ridge,2015-08,2015-09,6,213,-0.02967978508004732
ridge,2015-08,2015-09,7,213,-0.01390495952912026
ridge,2015-08,2015-09,8,214,-0.012507558092913205
ridge,2015-08,2015-09,9,213,0.0045203696631083735
ridge,2015-08,2015-09,10,214,0.02837444820780074
ridge,2015-09,2015-10,1,213,0.20470637217712573
ridge,2015-09,2015-10,2,213,0.217127068862619
ridge,2015-09,2015-10,3,214,0.2121720408084087
ridge,2015-09,2015-10,4,213,0.21559829480479853
ridge,2015-09,2015-10,5,214,0.2227079915996861
ridge,2015-09,2015-10,6,213,0.24248903466644112
ridge,2015-09,2015-10,7,213,0.24861880157524374
ridge,2015-09,2015-10,8,214,0.2418551105322789
ridge,2015-09,2015-10,9,213,0.25311970339645984
ridge,2015-09,2015-10,10,214,0.2745267341121833
ridge,2015-10,2015-11,1,219,0.016997332093943694
ridge,2015-10,2015-11,2,219,0.05283475632440839
ridge,2015-10,2015-11,3,219,0.0758733335537916
ridge,2015-10,2015-11,4,219,0.0975804225411958
ridge,2015-10,2015-11,5,219,0.08282827679703347
ridge,2015-10,2015-11,6,219,0.10936704640096576
ridge,2015-10,2015-11,7,219,0.12680369913516928
ridge,2015-10,2015-11,8,219,0.12111959389453358
ridge,2015-10,2015-11,9,219,0.13511490772471313
ridge,2015-10,2015-11,10,219,0.15740238642557958
ridge,2015-11,2015-12,1,227,0.009427092181800932
ridge,2015-11,2015-12,2,227,0.017277842362636076
ridge,2015-11,2015-12,3,227,0.03674714563944538
ridge,2015-11,2015-12,4,228,0.04018275822146275
ridge,2015-11,2015-12,5,227,0.054690935160540126
ridge,2015-11,2015-12,6,227,0.06099551575146464
ridge,2015-11,2015-12,7,228,0.08759846282347254
ridge,2015-11,2015-12,8,227,0.11605807221736647
ridge,2015-11,2015-12,9,227,0.11753562496247576
ridge,2015-11,2015-12,10,228,0.14188839902149966
ridge,2015-12,2016-01,1,236,-0.2781944960558552
ridge,2015-12,2016-01,2,236,-0.3011891176562663
ridge,2015-12,2016-01,3,237,-0.30773339139300554
ridge,2015-12,2016-01,4,236,-0.30138788870329014
ridge,2015-12,2016-01,5,237,-0.3036989659620108
ridge,2015-12,2016-01,6,236,-0.3037846022149805
ridge,2015-12,2016-01,7,236,-0.30323367177697724
ridge,2015-12,2016-01,8,237,-0.2888596103291307
ridge,2015-12,2016-01,9,236,-0.28317082591546217
ridge,2015-12,2016-01,10,237,-0.2838791411696752
ridge,2016-01,2016-02,1,239,-0.026367957433164037
ridge,2016-01,2016-02,2,239,-0.02587967663802483
ridge,2016-01,2016-02,3,239,-0.02818640555747504
ridge,2016-01,2016-02,4,239,-0.02293206394317508
ridge,2016-01,2016-02,5,240,-0.021544326028153937
ridge,2016-01,2016-02,6,239,-0.024141647798173252
ridge,2016-01,2016-02,7,239,-0.009079286495956374
ridge,2016-01,2016-02,8,239,-0.005186408436376066
ridge,2016-01,2016-02,9,239,-0.00923537293479295
ridge,2016-01,2016-02,10,240,-0.0017103423950925382
ridge,2016-02,2016-03,1,239,0.12212452818405578
ridge,2016-02,2016-03,2,240,0.17238364754085952
ridge,2016-02,2016-03,3,240,0.16158143114949952
ridge,2016-02,2016-03,4,240,0.19388635882071217
ridge,2016-02,2016-03,5,240,0.20448723027378843
ridge,2016-02,2016-03,6,240,0.2052063064078554
ridge,2016-02,2016-03,7,240,0.19994348222055638
ridge,2016-02,2016-03,8,240,0.2137671039099533
ridge,2016-02,2016-03,9,240,0.22764951480169976
ridge,2016-02,2016-03,10,240,0.24672444768711485
ridge,2016-03,2016-04,1,244,-0.0549681983490882
ridge,2016-03,2016-04,2,245,-0.03792728598716326
ridge,2016-03,2016-04,3,244,-0.026855684268687733
ridge,2016-03,2016-04,4,245,-0.019781340556142682
ridge,2016-03,2016-04,5,245,-0.008651594018369424
ridge,2016-03,2016-04,6,244,-0.004147774940469077
ridge,2016-03,2016-04,7,245,0.009651860983358464
ridge,2016-03,2016-04,8,244,0.025769488958059535
ridge,2016-03,2016-04,9,245,0.016439383671375138
ridge,2016-03,2016-04,10,245,0.03401732625810475
ridge,2016-04,2016-05,1,245,-0.0020134818824364296
ridge,2016-04,2016-05,2,246,-0.012293131329222039
ridge,2016-04,2016-05,3,245,-0.023060585600286967
ridge,2016-04,2016-05,4,246,-0.031470135615714406
ridge,2016-04,2016-05,5,246,-0.031105234249811094
ridge,2016-04,2016-05,6,245,-0.021462418747300607
ridge,2016-04,2016-05,7,246,-0.0004798141133681557
ridge,2016-04,2016-05,8,245,-0.015319010600997218
ridge,2016-04,2016-05,9,246,-0.01480392191424282
ridge,2016-04,2016-05,10,246,-0.0023111044325579704
ridge,2016-05,2016-06,1,246,0.03173436675198663
ridge,2016-05,2016-06,2,247,0.03658640717912576
ridge,2016-05,2016-06,3,247,0.05214967314985874
ridge,2016-05,2016-06,4,247,0.06908789894519476
ridge,2016-05,2016-06,5,247,0.06319461726989517
ridge,2016-05,2016-06,6,246,0.05334892047559468
ridge,2016-05,2016-06,7,247,0.07280036980360939
ridge,2016-05,2016-06,8,247,0.0607007602968969
ridge,2016-05,2016-06,9,247,0.06865548227442476
ridge,2016-05,2016-06,10,247,0.06808927385872868
ridge,2016-06,2016-07,1,250,-0.034649975231784404
ridge,2016-06,2016-07,2,250,-0.026147720949642596
ridge,2016-06,2016-07,3,250,-0.01716655160093395
ridge,2016-06,2016-07,4,251,-0.007228517728196832
ridge,2016-06,2016-07,5,250,-0.014432557613327806
ridge,2016-06,2016-07,6,250,2.4238566419485965e-05
ridge,2016-06,2016-07,7,251,0.002907268526161319
ridge,2016-06,2016-07,8,250,0.013597973605183394
ridge,2016-06,2016-07,9,250,0.01356817314923821
ridge,2016-06,2016-07,10,251,0.015960898175519503
ridge,2016-07,2016-08,1,254,0.02875598606840752
ridge,2016-07,2016-08,2,254,0.03814029065866726
ridge,2016-07,2016-08,3,254,0.039107729867242355
ridge,2016-07,2016-08,4,255,0.030460887678939504
ridge,2016-07,2016-08,5,254,0.042058927230580447
ridge,2016-07,2016-08,6,254,0.051349432683892075
ridge,2016-07,2016-08,7,255,0.05803534372463735
ridge,2016-07,2016-08,8,254,0.05499004735297227
ridge,2016-07,2016-08,9,254,0.0669150023103511
ridge,2016-07,2016-08,10,255,0.07661089869563839
ridge,2016-08,2016-09,1,256,-0.03735865952095675
ridge,2016-08,2016-09,2,256,-0.026282119651018586
ridge,2016-08,2016-09,3,256,-0.018898139016428384
ridge,2016-08,2016-09,4,257,-0.010729403736834951
ridge,2016-08,2016-09,5,256,-0.014640468090008393
ridge,2016-08,2016-09,6,256,-0.005231550073022225
ridge,2016-08,2016-09,7,257,0.006275443064841029
ridge,2016-08,2016-09,8,256,0.0028889612003056577
ridge,2016-08,2016-09,9,256,0.009029285081670611
ridge,2016-08,2016-09,10,257,0.013279545338952804
ridge,2016-09,2016-10,1,257,0.028121835939142352
ridge,2016-09,2016-10,2,257,0.02288836216678582
ridge,2016-09,2016-10,3,257,0.02897647933827487
ridge,2016-09,2016-10,4,258,0.02692127364824687
ridge,2016-09,2016-10,5,257,0.03706672184226272
ridge,2016-09,2016-10,6,257,0.033210953373672976
ridge,2016-09,2016-10,7,258,0.03500715240814747
ridge,2016-09,2016-10,8,257,0.04171301787628286
ridge,2016-09,2016-10,9,257,0.0450520212542732
ridge,2016-09,2016-10,10,258,0.0487883948492425
ridge,2016-10,2016-11,1,256,0.02127202923157846
ridge,2016-10,2016-11,2,257,0.025445572433312743
ridge,2016-10,2016-11,3,256,0.01757090848659471
ridge,2016-10,2016-11,4,257,0.022118953057197778
ridge,2016-10,2016-11,5,257,0.01735792173463533
ridge,2016-10,2016-11,6,256,0.022669489995743353
ridge,2016-10,2016-11,7,257,0.03119909518768038
ridge,2016-10,2016-11,8,256,0.03819218308474374
ridge,2016-10,2016-11,9,257,0.0406116682695075
ridge,2016-10,2016-11,10,257,0.0446313304047809
ridge,2016-11,2016-12,1,260,-0.06540095552024916
ridge,2016-11,2016-12,2,260,-0.05875677787321351
ridge,2016-11,2016-12,3,260,-0.04892181618430267
ridge,2016-11,2016-12,4,260,-0.03572637230219365
ridge,2016-11,2016-12,5,260,-0.04658738363043136
ridge,2016-11,2016-12,6,260,-0.04200864323582414
ridge,2016-11,2016-12,7,260,-0.04244816206687917
ridge,2016-11,2016-12,8,260,-0.04375989154311815
ridge,2016-11,2016-12,9,260,-0.03517647744858829
ridge,2016-11,2016-12,10,260,-0.04541197010857813
ridge,2016-12,2017-01,1,261,-0.013818707006989004
ridge,2016-12,2017-01,2,262,-0.015388212181076732
ridge,2016-12,2017-01,3,262,-0.013107445630712866
ridge,2016-12,2017-01,4,262,-0.018477522132001795
ridge,2016-12,2017-01,5,262,-0.012719061615008666
ridge,2016-12,2017-01,6,262,-0.014929351774754488
ridge,2016-12,2017-01,7,262,-0.02720962280382407
ridge,2016-12,2017-01,8,262,-0.026688425509418936
ridge,2016-12,2017-01,9,262,-0.02667656924648711
ridge,2016-12,2017-01,10,262,-0.04976346904329917
ridge,2017-01,2017-02,1,261,0.020051535466046662
ridge,2017-01,2017-02,2,262,0.045546839923921056
ridge,2017-01,2017-02,3,262,0.03971505821788907
ridge,2017-01,2017-02,4,261,0.038025941231503914
ridge,2017-01,2017-02,5,262,0.038674850083007764
ridge,2017-01,2017-02,6,262,0.04392199886368285
ridge,2017-01,2017-02,7,261,0.043508030050500406
ridge,2017-01,2017-02,8,262,0.04165390349563851
ridge,2017-01,2017-02,9,262,0.04286397443966415
ridge,2017-01,2017-02,10,262,0.04410161420548833
ridge,2017-02,2017-03,1,260,-0.013568002663835533
ridge,2017-02,2017-03,2,261,-0.01442383213213051
ridge,2017-02,2017-03,3,260,-0.008863017716790315
ridge,2017-02,2017-03,4,261,-0.021967221224881536
ridge,2017-02,2017-03,5,261,-0.025124379291061302
ridge,2017-02,2017-03,6,260,-0.021114341016183
ridge,2017-02,2017-03,7,261,-0.03150864285192434
ridge,2017-02,2017-03,8,260,-0.030231061682926195
ridge,2017-02,2017-03,9,261,-0.020952925019987505
ridge,2017-02,2017-03,10,261,-0.02341053137856242
ridge,2017-03,2017-04,1,263,-0.03882578312119798
ridge,2017-03,2017-04,2,263,-0.020486187737236896
ridge,2017-03,2017-04,3,263,-0.05408899016455075
ridge,2017-03,2017-04,4,263,-0.05705995784683737
ridge,2017-03,2017-04,5,264,-0.06327560750670676
ridge,2017-03,2017-04,6,263,-0.05243895553196308
ridge,2017-03,2017-04,7,263,-0.05433236875885188
ridge,2017-03,2017-04,8,263,-0.07107123168386234
ridge,2017-03,2017-04,9,263,-0.07928458488207188
ridge,2017-03,2017-04,10,264,-0.07528123532118705
ridge,2017-04,2017-05,1,263,-0.035901088172764516
ridge,2017-04,2017-05,2,264,-0.05369061018498697
ridge,2017-04,2017-05,3,264,-0.06028978393689068
ridge,2017-04,2017-05,4,264,-0.06539732686014676
ridge,2017-04,2017-05,5,264,-0.0747030182731601
ridge,2017-04,2017-05,6,263,-0.07337512342643478
ridge,2017-04,2017-05,7,264,-0.08292586179647814
ridge,2017-04,2017-05,8,264,-0.07245089657295606
ridge,2017-04,2017-05,9,264,-0.07784528882801031
ridge,2017-04,2017-05,10,264,-0.08112543684404916
ridge,2017-05,2017-06,1,261,0.017713500343975792
ridge,2017-05,2017-06,2,262,0.059217065024923625
ridge,2017-05,2017-06,3,262,0.05511974884397326
ridge,2017-05,2017-06,4,262,0.03964499894718347
ridge,2017-05,2017-06,5,262,0.03438550467482912
ridge,2017-05,2017-06,6,261,0.046172468072099807
ridge,2017-05,2017-06,7,262,0.046170401156735846
ridge,2017-05,2017-06,8,262,0.039357488006654624
ridge,2017-05,2017-06,9,262,0.04891394368385455
ridge,2017-05,2017-06,10,262,0.05215061885451803
ridge,2017-06,2017-07,1,262,0.014190616697747021
ridge,2017-06,2017-07,2,262,0.02847902161566736
ridge,2017-06,2017-07,3,262,0.026310063785755615
ridge,2017-06,2017-07,4,262,0.018142804372661546
ridge,2017-06,2017-07,5,263,0.005387586856446122
ridge,2017-06,2017-07,6,262,0.010158321082530434
ridge,2017-06,2017-07,7,262,0.002467751869926491
ridge,2017-06,2017-07,8,262,-0.011898453843208165
ridge,2017-06,2017-07,9,262,-0.008027811155724832
ridge,2017-06,2017-07,10,263,-0.036586844522392664
ridge,2017-07,2017-08,1,264,0.016839245241074042
ridge,2017-07,2017-08,2,265,0.01897298762486263
ridge,2017-07,2017-08,3,264,0.020965027394669666
ridge,2017-07,2017-08,4,265,0.016697610911388217
ridge,2017-07,2017-08,5,265,0.02953435559742671
ridge,2017-07,2017-08,6,264,0.035347793408695365
ridge,2017-07,2017-08,7,265,0.036908325229999636
ridge,2017-07,2017-08,8,264,0.0394333886989257
ridge,2017-07,2017-08,9,265,0.04739201083927013
ridge,2017-07,2017-08,10,265,0.06115260342889553
ridge,2017-08,2017-09,1,267,-0.008979005478852295
ridge,2017-08,2017-09,2,268,0.014450942599284726
ridge,2017-08,2017-09,3,267,0.020550956372292883
ridge,2017-08,2017-09,4,268,0.01673811731806482
ridge,2017-08,2017-09,5,267,0.024210525055424467
ridge,2017-08,2017-09,6,268,0.019428745522656464
ridge,2017-08,2017-09,7,267,0.013788911310698546
ridge,2017-08,2017-09,8,268,0.0165967668567769
ridge,2017-08,2017-09,9,267,0.02194547295406121
ridge,2017-08,2017-09,10,268,0.025980843228303994
ridge,2017-09,2017-10,1,272,-0.03665326934371901
ridge,2017-09,2017-10,2,273,-0.032523819676643764
ridge,2017-09,2017-10,3,272,-0.02591150547147511
ridge,2017-09,2017-10,4,273,-0.01715338925225827
ridge,2017-09,2017-10,5,272,-0.02200459982039528
ridge,2017-09,2017-10,6,273,-0.01996712856826877
ridge,2017-09,2017-10,7,272,-0.011162881584074474
ridge,2017-09,2017-10,8,273,-0.012875136970434528
ridge,2017-09,2017-10,9,272,-0.018740183370220875
ridge,2017-09,2017-10,10,273,-0.006511540056456399
ridge,2017-10,2017-11,1,274,-0.05325115079004019
ridge,2017-10,2017-11,2,275,-0.045116861410650966
ridge,2017-10,2017-11,3,275,-0.05512511254502583
ridge,2017-10,2017-11,4,275,-0.06423128966916414
ridge,2017-10,2017-11,5,275,-0.05182882043391951
ridge,2017-10,2017-11,6,274,-0.06778488629396177
ridge,2017-10,2017-11,7,275,-0.06927751764803286
ridge,2017-10,2017-11,8,275,-0.0745194453076044
ridge,2017-10,2017-11,9,275,-0.08250662138665311
ridge,2017-10,2017-11,10,275,-0.07641654947424642
ridge,2017-11,2017-12,1,280,-0.012500926374630747
ridge,2017-11,2017-12,2,281,-0.01797225566022375
ridge,2017-11,2017-12,3,280,-0.01118129350183415
ridge,2017-11,2017-12,4,281,-0.00964012421779639
ridge,2017-11,2017-12,5,280,-0.009898483253664702
ridge,2017-11,2017-12,6,281,-0.01952030494921093
ridge,2017-11,2017-12,7,280,-0.018171845137790285
ridge,2017-11,2017-12,8,281,-0.02109253540939857
ridge,2017-11,2017-12,9,280,-0.020975411794897203
ridge,2017-11,2017-12,10,281,-0.029184708053541737
ridge,2017-12,2018-01,1,282,-0.013554722810227569
ridge,2017-12,2018-01,2,282,-0.009479426375182174
ridge,2017-12,2018-01,3,283,-0.014858802512893992
ridge,2017-12,2018-01,4,282,-0.029518016974853567
ridge,2017-12,2018-01,5,283,-0.028213671998142953
ridge,2017-12,2018-01,6,282,-0.031448859171680936
ridge,2017-12,2018-01,7,282,-0.025590289700217293
ridge,2017-12,2018-01,8,283,-0.028026771578332887
ridge,2017-12,2018-01,9,282,-0.03317395670170261
ridge,2017-12,2018-01,10,283,-0.027573070510920176
ridge,2018-01,2018-02,1,288,-0.04372529140471263
ridge,2018-01,2018-02,2,288,-0.0335180639578099
ridge,2018-01,2018-02,3,288,-0.03140046336195664
ridge,2018-01,2018-02,4,288,-0.04199361785936065
ridge,2018-01,2018-02,5,288,-0.0407257397945549
ridge,2018-01,2018-02,6,288,-0.04508588175907555
ridge,2018-01,2018-02,7,288,-0.050350651648295504
ridge,2018-01,2018-02,8,288,-0.056979080512281545
ridge,2018-01,2018-02,9,288,-0.058376132628432456
ridge,2018-01,2018-02,10,289,-0.053701879649254214
ridge,2018-02,2018-03,1,285,0.00913915689039106
ridge,2018-02,2018-03,2,285,0.016540278654098656
ridge,2018-02,2018-03,3,285,0.03646313909192422
ridge,2018-02,2018-03,4,286,0.028072649748935873
ridge,2018-02,2018-03,5,285,0.045511903259107
ridge,2018-02,2018-03,6,285,0.03901213681708948
ridge,2018-02,2018-03,7,286,0.04374876638882938
ridge,2018-02,2018-03,8,285,0.06243585884017664
ridge,2018-02,2018-03,9,285,0.08211658873369922
ridge,2018-02,2018-03,10,286,0.09762403072635133
ridge,2018-03,2018-04,1,290,-0.049796713460554025
ridge,2018-03,2018-04,2,290,-0.047586621424408955
ridge,2018-03,2018-04,3,291,-0.03433072097275137
ridge,2018-03,2018-04,4,290,-0.051932180650996806
ridge,2018-03,2018-04,5,291,-0.037605314741978174
ridge,2018-03,2018-04,6,290,-0.03267500857734101
ridge,2018-03,2018-04,7,290,-0.04237434899392109
ridge,2018-03,2018-04,8,291,-0.039399999356617504
ridge,2018-03,2018-04,9,290,-0.04016772800177547
ridge,2018-03,2018-04,10,291,-0.03165958321883435
ridge,2018-04,2018-05,1,294,-0.02907469966171245
ridge,2018-04,2018-05,2,295,-0.014027741680286547
ridge,2018-04,2018-05,3,294,-0.014212946490321612
ridge,2018-04,2018-05,4,295,-0.021014241664900932
ridge,2018-04,2018-05,5,294,-0.012624975104100234
ridge,2018-04,2018-05,6,295,-0.011072860823237394
ridge,2018-04,2018-05,7,294,-0.005550843701216564
ridge,2018-04,2018-05,8,295,0.0032087913415701284
ridge,2018-04,2018-05,9,294,0.00310532368322052
ridge,2018-04,2018-05,10,295,0.008632470695033057
ridge,2018-05,2018-06,1,301,-0.08712379784811206
ridge,2018-05,2018-06,2,301,-0.09307157876531202
ridge,2018-05,2018-06,3,301,-0.10710836300287482
ridge,2018-05,2018-06,4,301,-0.10627016482593091
ridge,2018-05,2018-06,5,301,-0.10372732257860581
ridge,2018-05,2018-06,6,301,-0.11009480438784976
ridge,2018-05,2018-06,7,301,-0.12626268149618589
ridge,2018-05,2018-06,8,301,-0.12081055904672885
ridge,2018-05,2018-06,9,301,-0.10978241649433629
ridge,2018-05,2018-06,10,301,-0.10543868192718078
ridge,2018-06,2018-07,1,305,-0.021488306716187015
ridge,2018-06,2018-07,2,306,-0.007973541167880209
ridge,2018-06,2018-07,3,306,-0.011927491399519945
ridge,2018-06,2018-07,4,305,0.0017963090003272604
ridge,2018-06,2018-07,5,306,-0.004135880200044057
ridge,2018-06,2018-07,6,306,0.00045258493605946655
ridge,2018-06,2018-07,7,305,0.02241900511288205
ridge,2018-06,2018-07,8,306,0.02301165932819592
ridge,2018-06,2018-07,9,306,0.024839825994948137
ridge,2018-06,2018-07,10,306,0.040915245159151424
ridge,2018-07,2018-08,1,309,-0.07329980209984864
ridge,2018-07,2018-08,2,310,-0.08350510219974995
ridge,2018-07,2018-08,3,310,-0.08177457780878943
ridge,2018-07,2018-08,4,309,-0.08004390996709179
ridge,2018-07,2018-08,5,310,-0.0838479228801043
ridge,2018-07,2018-08,6,310,-0.07822515309921413
ridge,2018-07,2018-08,7,309,-0.07696714953278407
ridge,2018-07,2018-08,8,310,-0.06893430296254217
ridge,2018-07,2018-08,9,310,-0.07455649480626887
ridge,2018-07,2018-08,10,310,-0.08146696702345213
ridge,2018-08,2018-09,1,317,-0.004777730365182375
ridge,2018-08,2018-09,2,317,0.0014947982372746041
ridge,2018-08,2018-09,3,317,0.0038885055230437194
ridge,2018-08,2018-09,4,317,-0.0011215119207917926
ridge,2018-08,2018-09,5,318,-0.004081178784200956
ridge,2018-08,2018-09,6,317,-0.006558417407952548
ridge,2018-08,2018-09,7,317,-0.005237412500924457
ridge,2018-08,2018-09,8,317,0.0020333511781587474
ridge,2018-08,2018-09,9,317,-0.0019983728256237157
ridge,2018-08,2018-09,10,318,-0.0009900084020878829
ridge,2018-09,2018-10,1,323,-0.11129969467694288
ridge,2018-09,2018-10,2,323,-0.106381078902357
ridge,2018-09,2018-10,3,323,-0.0982716984840515
ridge,2018-09,2018-10,4,323,-0.10078428137679013
ridge,2018-09,2018-10,5,323,-0.09135522752035835
ridge,2018-09,2018-10,6,323,-0.09829814268543967
ridge,2018-09,2018-10,7,323,-0.09427986186471785
ridge,2018-09,2018-10,8,323,-0.09168053161128897
ridge,2018-09,2018-10,9,323,-0.08298866044169191
ridge,2018-09,2018-10,10,324,-0.06474553054235435
ridge,2018-10,2018-11,1,327,-0.0020683686896579177
ridge,2018-10,2018-11,2,328,0.02883165813035939
ridge,2018-10,2018-11,3,327,0.034506380434059764
ridge,2018-10,2018-11,4,328,0.054392405112873216
ridge,2018-10,2018-11,5,328,0.07005914948378851
ridge,2018-10,2018-11,6,327,0.07414014026923688
ridge,2018-10,2018-11,7,328,0.07345293980826662
ridge,2018-10,2018-11,8,327,0.07980091369526664
ridge,2018-10,2018-11,9,328,0.08574076921241248
ridge,2018-10,2018-11,10,328,0.09286902733036367
ridge,2018-11,2018-12,1,334,-0.06410877857359269
ridge,2018-11,2018-12,2,334,-0.05804578287403449
ridge,2018-11,2018-12,3,334,-0.03442118996826029
ridge,2018-11,2018-12,4,334,-0.0418128047793868
ridge,2018-11,2018-12,5,334,-0.046489619251434425
ridge,2018-11,2018-12,6,334,-0.044310946586258095
ridge,2018-11,2018-12,7,334,-0.035970769530124715
ridge,2018-11,2018-12,8,334,-0.03256565532165176
ridge,2018-11,2018-12,9,334,-0.04003227482956312
ridge,2018-11,2018-12,10,334,-0.023505126732630145
ridge,2018-12,2019-01,1,336,-0.046433281366276405
ridge,2018-12,2019-01,2,337,-0.024753645284703075
ridge,2018-12,2019-01,3,337,-0.012107180663298895
ridge,2018-12,2019-01,4,337,-0.0215032548473485
ridge,2018-12,2019-01,5,337,-0.01651993561084404
ridge,2018-12,2019-01,6,337,-0.018634930251086694
ridge,2018-12,2019-01,7,337,-0.02197190678640893
ridge,2018-12,2019-01,8,337,-0.013829059345622246
ridge,2018-12,2019-01,9,337,-0.012150916716087243
ridge,2018-12,2019-01,10,337,-0.016287135301193637
ridge,2019-01,2019-02,1,338,0.2384899336013125
ridge,2019-01,2019-02,2,339,0.21190576726475924
ridge,2019-01,2019-02,3,339,0.2320232586660084
ridge,2019-01,2019-02,4,339,0.22187296401120135
ridge,2019-01,2019-02,5,339,0.22574685621081933
ridge,2019-01,2019-02,6,339,0.22801358836993424
ridge,2019-01,2019-02,7,339,0.22802652011039204
ridge,2019-01,2019-02,8,339,0.22356915963571614
ridge,2019-01,2019-02,9,339,0.21815237984238683
ridge,2019-01,2019-02,10,339,0.22271011946861227
ridge,2019-02,2019-03,1,340,0.09035455574620764
ridge,2019-02,2019-03,2,340,0.08934968477829357
ridge,2019-02,2019-03,3,340,0.09071001196897889
ridge,2019-02,2019-03,4,340,0.1061498125948717
ridge,2019-02,2019-03,5,340,0.10783562700134677
ridge,2019-02,2019-03,6,340,0.11600223375133321
ridge,2019-02,2019-03,7,340,0.10919377406660795
ridge,2019-02,2019-03,8,340,0.1262453256079699
ridge,2019-02,2019-03,9,340,0.10427006622172026
ridge,2019-02,2019-03,10,340,0.11965036458118189
ridge,2019-03,2019-04,1,341,-0.0670647707202722
ridge,2019-03,2019-04,2,341,-0.05259996515454847
ridge,2019-03,2019-04,3,341,-0.049586142578150444
ridge,2019-03,2019-04,4,341,-0.04725967091360355
ridge,2019-03,2019-04,5,341,-0.03837445111602891
ridge,2019-03,2019-04,6,341,-0.03470378930247063
ridge,2019-03,2019-04,7,341,-0.03615641270425433
ridge,2019-03,2019-04,8,341,-0.017600183689198887
ridge,2019-03,2019-04,9,341,-0.017352262461785582
ridge,2019-03,2019-04,10,341,-0.01653438299696378
ridge,2019-04,2019-05,1,342,-0.08437265368245475
ridge,2019-04,2019-05,2,342,-0.06852547258395102
ridge,2019-04,2019-05,3,343,-0.0694563971308706
ridge,2019-04,2019-05,4,342,-0.06068268904379763
ridge,2019-04,2019-05,5,343,-0.046250421080946715
ridge,2019-04,2019-05,6,342,-0.048286684474127525
ridge,2019-04,2019-05,7,342,-0.04493774198375665
ridge,2019-04,2019-05,8,343,-0.02900944899004547
ridge,2019-04,2019-05,9,342,-0.0334939537001149
ridge,2019-04,2019-05,10,343,-0.011221127165355498
ridge,2019-05,2019-06,1,337,-0.01727469191490365
ridge,2019-05,2019-06,2,338,0.029459460758301116
ridge,2019-05,2019-06,3,338,0.010007400677907083
ridge,2019-05,2019-06,4,337,0.002026455131017992
ridge,2019-05,2019-06,5,338,0.009987167871548536
ridge,2019-05,2019-06,6,338,0.0034465258737895873
ridge,2019-05,2019-06,7,337,0.01373630154766245
ridge,2019-05,2019-06,8,338,0.013222323021937698
ridge,2019-05,2019-06,9,338,0.016059214701360226
ridge,2019-05,2019-06,10,338,0.016257034900470327
ridge,2019-06,2019-07,1,338,-0.037189396017581075
ridge,2019-06,2019-07,2,338,-0.02269339009073205
ridge,2019-06,2019-07,3,338,-0.010835483775721329
ridge,2019-06,2019-07,4,338,-0.013331932263714303
ridge,2019-06,2019-07,5,339,-0.01205754587546333
ridge,2019-06,2019-07,6,338,-0.017805427140627432
ridge,2019-06,2019-07,7,338,-0.012300144458790033
ridge,2019-06,2019-07,8,338,-0.016835402184957233
ridge,2019-06,2019-07,9,338,-0.011417264369381565
ridge,2019-06,2019-07,10,339,-0.005949006463476861
ridge,2019-07,2019-08,1,338,0.016021394550858152
ridge,2019-07,2019-08,2,339,-0.001817277787263143
ridge,2019-07,2019-08,3,338,-0.009371403533586656
ridge,2019-07,2019-08,4,339,-0.013512177963647468
ridge,2019-07,2019-08,5,338,-0.01937178624368436
ridge,2019-07,2019-08,6,339,-0.014586092057858966
ridge,2019-07,2019-08,7,338,-0.018584365537641163
ridge,2019-07,2019-08,8,339,-0.02201496279691293
ridge,2019-07,2019-08,9,338,-0.01956653079589936
ridge,2019-07,2019-08,10,339,-0.01329320265516937
ridge,2019-08,2019-09,1,339,-0.006477029975926543
ridge,2019-08,2019-09,2,339,0.01436891020144407
ridge,2019-08,2019-09,3,339,0.015900709229777824
ridge,2019-08,2019-09,4,339,0.010553179730185014
ridge,2019-08,2019-09,5,339,0.020245094956560353
ridge,2019-08,2019-09,6,339,0.015376041653575515
ridge,2019-08,2019-09,7,339,0.01599241200480624
ridge,2019-08,2019-09,8,339,0.013187439655022924
ridge,2019-08,2019-09,9,339,0.021626932148917866
ridge,2019-08,2019-09,10,340,0.025452305839409363
ridge,2019-09,2019-10,1,339,-0.011164826668777618
ridge,2019-09,2019-10,2,340,-0.0005453473089688727
ridge,2019-09,2019-10,3,340,-0.00579816019783896
ridge,2019-09,2019-10,4,340,-0.0008214737201994962
ridge,2019-09,2019-10,5,340,0.00048075163146197306
ridge,2019-09,2019-10,6,340,-0.002591059365671072
ridge,2019-09,2019-10,7,340,-0.002795742179103365
ridge,2019-09,2019-10,8,340,0.0053046320471034835
ridge,2019-09,2019-10,9,340,0.0008709143939653477
ridge,2019-09,2019-10,10,340,0.007777352120540524
ridge,2019-10,2019-11,1,340,-0.039527077760825945
ridge,2019-10,2019-11,2,341,-0.0162842941164991
ridge,2019-10,2019-11,3,340,-0.01581188325418392
ridge,2019-10,2019-11,4,341,-0.01712083991089928
ridge,2019-10,2019-11,5,341,-0.015736891465858337
ridge,2019-10,2019-11,6,340,-0.019672866473135008
ridge,2019-10,2019-11,7,341,-0.020125491535780377
ridge,2019-10,2019-11,8,340,-0.02609991734144139
ridge,2019-10,2019-11,9,341,-0.028993380572608394
ridge,2019-10,2019-11,10,341,-0.02236032600488921
ridge,2019-11,2019-12,1,340,0.10171814997552364
ridge,2019-11,2019-12,2,341,0.07822999577017321
ridge,2019-11,2019-12,3,341,0.08061754549816959
ridge,2019-11,2019-12,4,341,0.08181060249802521
ridge,2019-11,2019-12,5,341,0.07377375364815202
ridge,2019-11,2019-12,6,340,0.07447671308441853
ridge,2019-11,2019-12,7,341,0.0885675063430602
ridge,2019-11,2019-12,8,341,0.07613693901392876
ridge,2019-11,2019-12,9,341,0.0794953359591411
ridge,2019-11,2019-12,10,341,0.0896371756596073
ridge,2019-12,2020-01,1,341,0.0459747249220713
ridge,2019-12,2020-01,2,342,-0.0023797396982403883
ridge,2019-12,2020-01,3,341,0.006524730825531821
ridge,2019-12,2020-01,4,342,0.016416035631863196
ridge,2019-12,2020-01,5,342,0.00521062183146264
ridge,2019-12,2020-01,6,341,-0.00283665695766922
ridge,2019-12,2020-01,7,342,0.008137099233361547
ridge,2019-12,2020-01,8,341,-0.007062729755328496
ridge,2019-12,2020-01,9,342,-0.009139343255816413
ridge,2019-12,2020-01,10,342,-0.013981856807321199
ridge,2020-01,2020-02,1,342,0.04965451918413619
ridge,2020-01,2020-02,2,343,0.034636102025098904
ridge,2020-01,2020-02,3,342,0.0161629342473865
ridge,2020-01,2020-02,4,343,0.018695475587526284
ridge,2020-01,2020-02,5,342,-0.008586362631343481
ridge,2020-01,2020-02,6,343,-0.001126162705287781
ridge,2020-01,2020-02,7,342,-0.0154306218570451
ridge,2020-01,2020-02,8,343,-0.00830110219610274
ridge,2020-01,2020-02,9,342,-0.022750357377739804
ridge,2020-01,2020-02,10,343,-0.04369289996617829
ridge,2020-02,2020-03,1,343,-0.131264810207938
ridge,2020-02,2020-03,2,343,-0.08341732456235407
ridge,2020-02,2020-03,3,343,-0.07179125332332952
ridge,2020-02,2020-03,4,344,-0.07021807885602319
ridge,2020-02,2020-03,5,343,-0.0427945384707382
ridge,2020-02,2020-03,6,343,-0.01182865225529464
ridge,2020-02,2020-03,7,344,-0.013870452551520343
ridge,2020-02,2020-03,8,343,6.768431248077044e-05
ridge,2020-02,2020-03,9,343,0.01481373740109403
ridge,2020-02,2020-03,10,344,0.032863852522514905
ridge,2020-03,2020-04,1,344,0.023173080838138876
ridge,2020-03,2020-04,2,344,0.02328498688837741
ridge,2020-03,2020-04,3,345,0.031955283027695784
ridge,2020-03,2020-04,4,344,0.025813778573289557
ridge,2020-03,2020-04,5,345,0.024059967715631105
ridge,2020-03,2020-04,6,344,0.019407968793547104
ridge,2020-03,2020-04,7,344,0.01999389238196535
ridge,2020-03,2020-04,8,345,0.029377989437759676
ridge,2020-03,2020-04,9,344,0.016469272398582153
ridge,2020-03,2020-04,10,345,0.015868255167450142
ridge,2020-04,2020-05,1,345,-0.005437860491967974
ridge,2020-04,2020-05,2,346,0.012761892979919138
ridge,2020-04,2020-05,3,346,0.021898550076890278
ridge,2020-04,2020-05,4,345,0.007246582315343149
ridge,2020-04,2020-05,5,346,0.023986655416460917
ridge,2020-04,2020-05,6,346,0.021138309219285886
ridge,2020-04,2020-05,7,345,0.019701800446786245
ridge,2020-04,2020-05,8,346,0.019264318993511463
ridge,2020-04,2020-05,9,346,0.03865199804111941
ridge,2020-04,2020-05,10,346,0.04294692226029594
ridge,2020-05,2020-06,1,340,0.08472021965823316
ridge,2020-05,2020-06,2,340,0.09079704653560285
ridge,2020-05,2020-06,3,340,0.09276337557582727
ridge,2020-05,2020-06,4,341,0.08080833554903011
ridge,2020-05,2020-06,5,340,0.062165955310622696
ridge,2020-05,2020-06,6,340,0.06237691873951908
ridge,2020-05,2020-06,7,341,0.0566035342613106
ridge,2020-05,2020-06,8,340,0.058123749541685026
ridge,2020-05,2020-06,9,340,0.052624880337331474
ridge,2020-05,2020-06,10,341,0.051648538319905686
ridge,2020-06,2020-07,1,341,0.1136797258099744
ridge,2020-06,2020-07,2,342,0.10747227186850035
ridge,2020-06,2020-07,3,342,0.14242333565372928
ridge,2020-06,2020-07,4,341,0.16449139581665945
ridge,2020-06,2020-07,5,342,0.1349837310400293
ridge,2020-06,2020-07,6,342,0.14917765080310233
ridge,2020-06,2020-07,7,341,0.13033576850491288
ridge,2020-06,2020-07,8,342,0.1590053367123287
ridge,2020-06,2020-07,9,342,0.15403769895496447
ridge,2020-06,2020-07,10,342,0.14630906720301162
ridge,2020-07,2020-08,1,343,-0.008871142076795768
ridge,2020-07,2020-08,2,344,0.027344514337515197
ridge,2020-07,2020-08,3,344,0.0123859806847179
ridge,2020-07,2020-08,4,344,0.020268413549817663
ridge,2020-07,2020-08,5,344,0.024885050301288198
ridge,2020-07,2020-08,6,344,0.040199812785519394
ridge,2020-07,2020-08,7,344,0.04638619696109698
ridge,2020-07,2020-08,8,344,0.05614475585853613
ridge,2020-07,2020-08,9,344,0.06593925378746739
ridge,2020-07,2020-08,10,344,0.07380597682928693
ridge,2020-08,2020-09,1,344,-0.06518800932508807
ridge,2020-08,2020-09,2,345,-0.07425159325220188
ridge,2020-08,2020-09,3,345,-0.06875540061982414
ridge,2020-08,2020-09,4,344,-0.07065342540194756
ridge,2020-08,2020-09,5,345,-0.0698420319484654
ridge,2020-08,2020-09,6,345,-0.06335665489694525
ridge,2020-08,2020-09,7,344,-0.06735487825668889
ridge,2020-08,2020-09,8,345,-0.07216931287766692
ridge,2020-08,2020-09,9,345,-0.06827086804893084
ridge,2020-08,2020-09,10,345,-0.06939921102779237
ridge,2020-09,2020-10,1,345,0.05406988635905249
ridge,2020-09,2020-10,2,346,0.014022564581530101
ridge,2020-09,2020-10,3,345,-0.0021110512746514024
ridge,2020-09,2020-10,4,346,0.005253338881635272
ridge,2020-09,2020-10,5,345,0.002794774586795012
ridge,2020-09,2020-10,6,346,-0.019569650653814784
ridge,2020-09,2020-10,7,345,-0.012743436712708705
ridge,2020-09,2020-10,8,346,-0.009399977874469358
ridge,2020-09,2020-10,9,345,-0.008545298504076754
ridge,2020-09,2020-10,10,346,-0.0035237225931723393
ridge,2020-10,2020-11,1,346,-0.016331390445237053
ridge,2020-10,2020-11,2,346,0.010717131049768598
ridge,2020-10,2020-11,3,347,0.02897533938212173
ridge,2020-10,2020-11,4,346,0.025630577296615782
ridge,2020-10,2020-11,5,347,0.038621177524670244
ridge,2020-10,2020-11,6,346,0.019298451800686005
ridge,2020-10,2020-11,7,346,0.039170432158232404
ridge,2020-10,2020-11,8,347,0.049026526780823206
ridge,2020-10,2020-11,9,346,0.050237767943249884
ridge,2020-10,2020-11,10,347,0.05392085522043557
ridge,2020-11,2020-12,1,349,0.01899783730917879
ridge,2020-11,2020-12,2,350,0.0023464123286511783
ridge,2020-11,2020-12,3,350,-0.022569200500799153
ridge,2020-11,2020-12,4,350,-0.02150824064029333
ridge,2020-11,2020-12,5,350,-0.026137463602445097
ridge,2020-11,2020-12,6,350,-0.036009672103986465
ridge,2020-11,2020-12,7,350,-0.05309014263676015
ridge,2020-11,2020-12,8,350,-0.053859105458700436
ridge,2020-11,2020-12,9,350,-0.050238368534308464
ridge,2020-11,2020-12,10,350,-0.07189151507588057
ridge,2020-12,2021-01,1,352,-0.06535590749422951
ridge,2020-12,2021-01,2,353,-0.041227198340523345
ridge,2020-12,2021-01,3,353,-0.05199819444763651
ridge,2020-12,2021-01,4,352,-0.05593422716919556
ridge,2020-12,2021-01,5,353,-0.06088403672869429
ridge,2020-12,2021-01,6,353,-0.06486762502402822
ridge,2020-12,2021-01,7,352,-0.07682409757427822
ridge,2020-12,2021-01,8,353,-0.08518527751605602
ridge,2020-12,2021-01,9,353,-0.08543989873439693
ridge,2020-12,2021-01,10,353,-0.08613592406410434
ridge,2021-01,2021-02,1,354,-0.013229298530820915
ridge,2021-01,2021-02,2,355,-0.0008275328147818481
ridge,2021-01,2021-02,3,354,0.016147955126778694
ridge,2021-01,2021-02,4,355,0.03892126318943133
ridge,2021-01,2021-02,5,354,0.04178422622236935
ridge,2021-01,2021-02,6,355,0.04383309627787584
ridge,2021-01,2021-02,7,354,0.0545363894122657
ridge,2021-01,2021-02,8,355,0.04789718181554236
ridge,2021-01,2021-02,9,354,0.054063538172932114
ridge,2021-01,2021-02,10,355,0.04988934512231732
ridge,2021-02,2021-03,1,356,-0.042804656477135064
ridge,2021-02,2021-03,2,356,-0.01702776011751315
ridge,2021-02,2021-03,3,356,-0.002067396412957743
ridge,2021-02,2021-03,4,357,0.010382926543494292
ridge,2021-02,2021-03,5,356,0.02645961742045468
ridge,2021-02,2021-03,6,356,0.01802859113327609
ridge,2021-02,2021-03,7,357,0.036366289977959515
ridge,2021-02,2021-03,8,356,0.03919553588568992
ridge,2021-02,2021-03,9,356,0.045149170875104554
ridge,2021-02,2021-03,10,357,0.03863116716016508
ridge,2021-03,2021-04,1,358,-0.02184475153094734
ridge,2021-03,2021-04,2,358,0.007720049507125179
ridge,2021-03,2021-04,3,358,0.0002895192186807357
ridge,2021-03,2021-04,4,359,-0.005692776659963975
ridge,2021-03,2021-04,5,358,0.0005540968632967211
ridge,2021-03,2021-04,6,358,0.01233241129545693
ridge,2021-03,2021-04,7,359,0.006765775485783905
ridge,2021-03,2021-04,8,358,0.028947089297967223
ridge,2021-03,2021-04,9,358,0.014394781425165242
ridge,2021-03,2021-04,10,359,0.016931707895278585
ridge,2021-04,2021-05,1,362,0.10685791253376592
ridge,2021-04,2021-05,2,363,0.07181722195864083
ridge,2021-04,2021-05,3,363,0.05588331871114679
ridge,2021-04,2021-05,4,363,0.06375656682344318
ridge,2021-04,2021-05,5,363,0.06270938699475352
ridge,2021-04,2021-05,6,362,0.04974523364939574
ridge,2021-04,2021-05,7,363,0.04180182559350571
ridge,2021-04,2021-05,8,363,0.052231082241872895
ridge,2021-04,2021-05,9,363,0.046307141016724875
ridge,2021-04,2021-05,10,363,0.058222337759420636
ridge,2021-05,2021-06,1,361,0.01934406978254787
ridge,2021-05,2021-06,2,362,0.021777481991477665
ridge,2021-05,2021-06,3,362,0.030071987137635477
ridge,2021-05,2021-06,4,362,0.029316072074895887
ridge,2021-05,2021-06,5,362,0.023689670351838374
ridge,2021-05,2021-06,6,361,0.032669138991385425
ridge,2021-05,2021-06,7,362,0.02856385418623415
ridge,2021-05,2021-06,8,362,0.036153426745911287
ridge,2021-05,2021-06,9,362,0.027062811478145685
ridge,2021-05,2021-06,10,362,0.03784081510206377
ridge,2021-06,2021-07,1,366,0.0634601455339324
ridge,2021-06,2021-07,2,366,0.04222056437085059
ridge,2021-06,2021-07,3,366,0.020347397496462562
ridge,2021-06,2021-07,4,366,-0.0005157999614232684
ridge,2021-06,2021-07,5,366,-0.009234133351667248
ridge,2021-06,2021-07,6,366,-0.014436193119424777
ridge,2021-06,2021-07,7,366,-0.010584485246340635
ridge,2021-06,2021-07,8,366,-0.0034802759650327773
ridge,2021-06,2021-07,9,366,-0.028374767232611158
ridge,2021-06,2021-07,10,367,-0.02210689491529162
ridge,2021-07,2021-08,1,370,0.04617373215943778
ridge,2021-07,2021-08,2,371,0.06471260885211445
ridge,2021-07,2021-08,3,370,0.06643613632281205
ridge,2021-07,2021-08,4,371,0.0592361944110716
ridge,2021-07,2021-08,5,371,0.07391894816612307
ridge,2021-07,2021-08,6,370,0.06742956763433615
ridge,2021-07,2021-08,7,371,0.06495124848826986
ridge,2021-07,2021-08,8,370,0.07189268779483367
ridge,2021-07,2021-08,9,371,0.07556301430626769
ridge,2021-07,2021-08,10,371,0.08514162376590978
ridge,2021-08,2021-09,1,377,-0.08177091510483182
ridge,2021-08,2021-09,2,377,-0.027393302953486163
ridge,2021-08,2021-09,3,377,-0.026026098283889014
ridge,2021-08,2021-09,4,377,-0.013611555756949788
ridge,2021-08,2021-09,5,378,0.005528336480924639
ridge,2021-08,2021-09,6,377,0.002288248612343867
ridge,2021-08,2021-09,7,377,-0.00962611137596148
ridge,2021-08,2021-09,8,377,0.0017036846595942826
ridge,2021-08,2021-09,9,377,0.004041914440811147
ridge,2021-08,2021-09,10,378,0.0017053300779387365
ridge,2021-09,2021-10,1,383,-0.018322525682956475
ridge,2021-09,2021-10,2,383,-0.01457448984519609
ridge,2021-09,2021-10,3,384,-0.01780681858215918
ridge,2021-09,2021-10,4,383,-0.01986849195713939
ridge,2021-09,2021-10,5,384,-0.03004622458809426
ridge,2021-09,2021-10,6,383,-0.01887403149967325
ridge,2021-09,2021-10,7,383,-0.019358706954858147
ridge,2021-09,2021-10,8,384,-0.024189406055135854
ridge,2021-09,2021-10,9,383,-0.016269041503293183
ridge,2021-09,2021-10,10,384,-0.03086426538099542
ridge,2021-10,2021-11,1,385,0.02580970365631052
ridge,2021-10,2021-11,2,385,0.06173744961426474
ridge,2021-10,2021-11,3,386,0.09256467603377727
ridge,2021-10,2021-11,4,385,0.0994325501322161
ridge,2021-10,2021-11,5,386,0.10917645113576464
ridge,2021-10,2021-11,6,385,0.1141886110337558
ridge,2021-10,2021-11,7,385,0.12185707225563278
ridge,2021-10,2021-11,8,386,0.11013467327982102
ridge,2021-10,2021-11,9,385,0.12261807023064576
ridge,2021-10,2021-11,10,386,0.14301170597478588
ridge,2021-11,2021-12,1,388,-0.043899380397984654
ridge,2021-11,2021-12,2,388,0.0037708596829392777
ridge,2021-11,2021-12,3,388,0.013412178295854922
ridge,2021-11,2021-12,4,388,0.016266726266104377
ridge,2021-11,2021-12,5,389,0.0397651509747875
ridge,2021-11,2021-12,6,388,0.056700717830827634
ridge,2021-11,2021-12,7,388,0.062441465174960624
ridge,2021-11,2021-12,8,388,0.07000602036238124
ridge,2021-11,2021-12,9,388,0.07318443228510141
ridge,2021-11,2021-12,10,389,0.08729788113097534
ridge,2021-12,2022-01,1,393,-0.1400416617019049
ridge,2021-12,2022-01,2,394,-0.11835085855925644
ridge,2021-12,2022-01,3,393,-0.10426899784916611
ridge,2021-12,2022-01,4,394,-0.09943122218111648
ridge,2021-12,2022-01,5,394,-0.09598774661130441
ridge,2021-12,2022-01,6,393,-0.0876210229832057
ridge,2021-12,2022-01,7,394,-0.07462875640121824
ridge,2021-12,2022-01,8,393,-0.07404386486641852
ridge,2021-12,2022-01,9,394,-0.06651305035003822
ridge,2021-12,2022-01,10,394,-0.04559820674140964
ridge,2022-01,2022-02,1,396,0.05292552389607857
ridge,2022-01,2022-02,2,397,0.042630990154314964
ridge,2022-01,2022-02,3,396,0.052543734633827895
ridge,2022-01,2022-02,4,397,0.04662582984812087
ridge,2022-01,2022-02,5,397,0.04283278722953691
ridge,2022-01,2022-02,6,396,0.04000994238978041
ridge,2022-01,2022-02,7,397,0.06060063854707957
ridge,2022-01,2022-02,8,396,0.05119070446415578
ridge,2022-01,2022-02,9,397,0.048484564833335124
ridge,2022-01,2022-02,10,397,0.05186136595183019
ridge,2022-02,2022-03,1,399,-0.03710942313283547
ridge,2022-02,2022-03,2,400,-0.056494670079877025
ridge,2022-02,2022-03,3,399,-0.06952478324056717
ridge,2022-02,2022-03,4,400,-0.05448545238718008
ridge,2022-02,2022-03,5,399,-0.0536115816628615
ridge,2022-02,2022-03,6,400,-0.0504103671975981
ridge,2022-02,2022-03,7,399,-0.03773601790773314
ridge,2022-02,2022-03,8,400,-0.04270753112151311
ridge,2022-02,2022-03,9,399,-0.03751913412706158
ridge,2022-02,2022-03,10,400,-0.0471110371417782
ridge,2022-03,2022-04,1,403,-0.19496653596521354
ridge,2022-03,2022-04,2,404,-0.12672472167031698
ridge,2022-03,2022-04,3,404,-0.14419401494300135
ridge,2022-03,2022-04,4,404,-0.13600300171595292
ridge,2022-03,2022-04,5,404,-0.14892309142905635
ridge,2022-03,2022-04,6,403,-0.13677396350413196
ridge,2022-03,2022-04,7,404,-0.14316208807691655
ridge,2022-03,2022-04,8,404,-0.14320096185101425
ridge,2022-03,2022-04,9,404,-0.15354122941802045
ridge,2022-03,2022-04,10,404,-0.1634595020607743
ridge,2022-04,2022-05,1,409,0.05690270648659419
ridge,2022-04,2022-05,2,410,0.0824616055607996
ridge,2022-04,2022-05,3,410,0.10545039764595067
ridge,2022-04,2022-05,4,410,0.09764985459951556
ridge,2022-04,2022-05,5,410,0.11320639997614386
ridge,2022-04,2022-05,6,409,0.11513656469733186
ridge,2022-04,2022-05,7,410,0.11792082858068247
ridge,2022-04,2022-05,8,410,0.13219934278660758
ridge,2022-04,2022-05,9,410,0.13348785688421674
ridge,2022-04,2022-05,10,410,0.12608845306379143
ridge,2022-05,2022-06,1,412,0.06381397136960598
ridge,2022-05,2022-06,2,413,0.08901627145730853
ridge,2022-05,2022-06,3,412,0.0813586799282335
ridge,2022-05,2022-06,4,413,0.07447409744749224
ridge,2022-05,2022-06,5,412,0.07396325195297256
ridge,2022-05,2022-06,6,413,0.07365376989582785
ridge,2022-05,2022-06,7,412,0.08830106091671056
ridge,2022-05,2022-06,8,413,0.08513173891771074
ridge,2022-05,2022-06,9,412,0.09584934449382877
ridge,2022-05,2022-06,10,413,0.10278475023380274
ridge,2022-06,2022-07,1,417,0.014505691829595446
ridge,2022-06,2022-07,2,417,0.0034220858442733306
ridge,2022-06,2022-07,3,417,0.017953508774706674
ridge,2022-06,2022-07,4,417,0.014481027011553634
ridge,2022-06,2022-07,5,418,0.026434743556247673
ridge,2022-06,2022-07,6,417,0.024378232740951723
ridge,2022-06,2022-07,7,417,0.0340479800809171
ridge,2022-06,2022-07,8,417,0.04776606260633769
ridge,2022-06,2022-07,9,417,0.04971125929575635
ridge,2022-06,2022-07,10,418,0.05733002773356615
ridge,2022-07,2022-08,1,421,-0.0992569829566093
ridge,2022-07,2022-08,2,422,-0.05387849500294376
ridge,2022-07,2022-08,3,422,-0.03670680295143726
ridge,2022-07,2022-08,4,422,-0.03912145821387602
ridge,2022-07,2022-08,5,422,-0.03151099937276382
ridge,2022-07,2022-08,6,422,-0.025448776540762597
ridge,2022-07,2022-08,7,422,-0.01435197561159994
ridge,2022-07,2022-08,8,422,-0.0072381806240152495
ridge,2022-07,2022-08,9,422,-0.008040488694807356
ridge,2022-07,2022-08,10,422,-0.0018827007771120932
ridge,2022-08,2022-09,1,426,-0.09991960902869983
ridge,2022-08,2022-09,2,427,-0.09374454003037841
ridge,2022-08,2022-09,3,427,-0.08781642137819028
ridge,2022-08,2022-09,4,427,-0.09022218988048411
ridge,2022-08,2022-09,5,427,-0.09101064924720012
ridge,2022-08,2022-09,6,426,-0.08364258944400867
ridge,2022-08,2022-09,7,427,-0.08704596907558192
ridge,2022-08,2022-09,8,427,-0.07958886493970732
ridge,2022-08,2022-09,9,427,-0.0777767951035534
ridge,2022-08,2022-09,10,427,-0.08399674930205397
ridge,2022-09,2022-10,1,430,-0.014334760137205083
ridge,2022-09,2022-10,2,431,0.006043548133609575
ridge,2022-09,2022-10,3,431,0.003834145344902601
ridge,2022-09,2022-10,4,431,0.03515857889574656
ridge,2022-09,2022-10,5,431,0.030406417375016023
ridge,2022-09,2022-10,6,430,0.037060371385474175
ridge,2022-09,2022-10,7,431,0.05452883811618417
ridge,2022-09,2022-10,8,431,0.05925990777313446
ridge,2022-09,2022-10,9,431,0.07570212642364738
ridge,2022-09,2022-10,10,431,0.07090876467864396
ridge,2022-10,2022-11,1,434,0.04430973904285338
ridge,2022-10,2022-11,2,434,0.06089060992580286
ridge,2022-10,2022-11,3,434,0.06888389920578601
ridge,2022-10,2022-11,4,434,0.08354646376569384
ridge,2022-10,2022-11,5,435,0.0787571955867489
ridge,2022-10,2022-11,6,434,0.08976040445076365
ridge,2022-10,2022-11,7,434,0.09261240502778427
ridge,2022-10,2022-11,8,434,0.09450786240694393
ridge,2022-10,2022-11,9,434,0.10422839470278522
ridge,2022-10,2022-11,10,435,0.08117595215092523
ridge,2022-11,2022-12,1,438,-0.05562412644357883
ridge,2022-11,2022-12,2,438,-0.03308368203748363
ridge,2022-11,2022-12,3,438,-0.03809305155903786
ridge,2022-11,2022-12,4,438,-0.03486540997397371
ridge,2022-11,2022-12,5,438,-0.036179869201100404
ridge,2022-11,2022-12,6,438,-0.031171139809963753
ridge,2022-11,2022-12,7,438,-0.02834670817428959
ridge,2022-11,2022-12,8,438,-0.030498674865353403
ridge,2022-11,2022-12,9,438,-0.036406156903810286
ridge,2022-11,2022-12,10,438,-0.0524383273885942
ridge,2022-12,2023-01,1,442,0.026114010343896984
ridge,2022-12,2023-01,2,442,0.05744426981931563
ridge,2022-12,2023-01,3,442,0.06767952926109996
ridge,2022-12,2023-01,4,442,0.0788436175834702
ridge,2022-12,2023-01,5,443,0.0784839636063452
ridge,2022-12,2023-01,6,442,0.08068472145776291
ridge,2022-12,2023-01,7,442,0.0920069490450546
ridge,2022-12,2023-01,8,442,0.10082797857405738
ridge,2022-12,2023-01,9,442,0.10843344655297293
ridge,2022-12,2023-01,10,443,0.11050530762034469
ridge,2023-01,2023-02,1,445,-0.0075425833933521
ridge,2023-01,2023-02,2,446,0.006186555465886442
ridge,2023-01,2023-02,3,445,0.017354064292087034
ridge,2023-01,2023-02,4,446,0.027536077229955463
ridge,2023-01,2023-02,5,446,0.04601322447620945
ridge,2023-01,2023-02,6,445,0.043037802278680835
ridge,2023-01,2023-02,7,446,0.06168411875557997
ridge,2023-01,2023-02,8,445,0.04626709328788177
ridge,2023-01,2023-02,9,446,0.04454356922774837
ridge,2023-01,2023-02,10,446,0.05922514730653171
ridge,2023-02,2023-03,1,446,0.027130790972360985
ridge,2023-02,2023-03,2,447,-0.002780084940257285
ridge,2023-02,2023-03,3,447,-0.00020470986755493522
ridge,2023-02,2023-03,4,447,-0.012317534428241466
ridge,2023-02,2023-03,5,447,-0.012299466861199234
ridge,2023-02,2023-03,6,446,-0.02293063588894897
ridge,2023-02,2023-03,7,447,-0.024256216051056368
ridge,2023-02,2023-03,8,447,-0.021505427388539992
ridge,2023-02,2023-03,9,447,-0.028724853821480975
ridge,2023-02,2023-03,10,447,-0.019431668256013914
ridge,2023-03,2023-04,1,450,-0.013291490308282479
ridge,2023-03,2023-04,2,451,-0.01647240720916982
ridge,2023-03,2023-04,3,450,-0.03133198921285173
ridge,2023-03,2023-04,4,451,-0.020381193963521695
ridge,2023-03,2023-04,5,450,-0.026421649435982388
ridge,2023-03,2023-04,6,451,-0.02757964595009032
ridge,2023-03,2023-04,7,450,-0.026030528811751278
ridge,2023-03,2023-04,8,451,-0.033941351828999274
ridge,2023-03,2023-04,9,450,-0.03827647960544125
ridge,2023-03,2023-04,10,451,-0.04235929835658677
ridge,2023-04,2023-05,1,454,0.0031808251844832147
ridge,2023-04,2023-05,2,454,-0.01922739821406177
ridge,2023-04,2023-05,3,454,-0.011208080741128959
ridge,2023-04,2023-05,4,454,-0.02012133090038949
ridge,2023-04,2023-05,5,454,-0.014009674810781669
ridge,2023-04,2023-05,6,454,-0.004280821940118069
ridge,2023-04,2023-05,7,454,-0.0029981964414959815
ridge,2023-04,2023-05,8,454,0.008685463425009655
ridge,2023-04,2023-05,9,454,0.024302457888333708
ridge,2023-04,2023-05,10,454,0.04423257370120658
ridge,2023-05,2023-06,1,451,0.027915858490194703
ridge,2023-05,2023-06,2,451,0.014736084735860529
ridge,2023-05,2023-06,3,451,0.019713084164166596
ridge,2023-05,2023-06,4,451,0.031249505007960306
ridge,2023-05,2023-06,5,451,0.02414147968175461
ridge,2023-05,2023-06,6,451,0.02057358009171416
ridge,2023-05,2023-06,7,451,0.027118614914153683
ridge,2023-05,2023-06,8,451,0.02351416144154817
ridge,2023-05,2023-06,9,451,0.03487983193662472
ridge,2023-05,2023-06,10,452,0.030370956192712475
ridge,2023-06,2023-07,1,455,-0.06478340385028865
ridge,2023-06,2023-07,2,456,-0.008090289467300192
ridge,2023-06,2023-07,3,456,0.0010443972308367396
ridge,2023-06,2023-07,4,456,0.011072380597877976
ridge,2023-06,2023-07,5,456,0.018939665207088948
ridge,2023-06,2023-07,6,456,0.021592950725823224
ridge,2023-06,2023-07,7,456,0.026982439331173842
ridge,2023-06,2023-07,8,456,0.033242355191448435
ridge,2023-06,2023-07,9,456,0.038561455337855925
ridge,2023-06,2023-07,10,456,0.04953155953323491
ridge,2023-07,2023-08,1,457,-0.04410314321028769
ridge,2023-07,2023-08,2,457,-0.05382389372243916
ridge,2023-07,2023-08,3,457,-0.05721921906132184
ridge,2023-07,2023-08,4,458,-0.05557100536146867
ridge,2023-07,2023-08,5,457,-0.05512849868411971
ridge,2023-07,2023-08,6,457,-0.05014520510963209
ridge,2023-07,2023-08,7,458,-0.04034533628923108
ridge,2023-07,2023-08,8,457,-0.04467030780126865
ridge,2023-07,2023-08,9,457,-0.02695783296538517
ridge,2023-07,2023-08,10,458,-0.007072612534435249
ridge,2023-08,2023-09,1,461,-0.03456284521738206
ridge,2023-08,2023-09,2,462,-0.01361022901514122
ridge,2023-08,2023-09,3,462,-0.0014788138231821818
ridge,2023-08,2023-09,4,462,-2.9470921279079176e-05
ridge,2023-08,2023-09,5,462,0.013766198215199275
ridge,2023-08,2023-09,6,461,0.005738945220371891
ridge,2023-08,2023-09,7,462,0.015291137139969515
ridge,2023-08,2023-09,8,462,0.00488135675475131
ridge,2023-08,2023-09,9,462,0.015495693620382113
ridge,2023-08,2023-09,10,462,0.004525456190877074
ridge,2023-09,2023-10,1,465,-0.012998259514128144
ridge,2023-09,2023-10,2,466,-0.006458629649081616
ridge,2023-09,2023-10,3,466,-0.003970915364731312
ridge,2023-09,2023-10,4,466,-0.007896411638372106
ridge,2023-09,2023-10,5,466,-0.011976689872139753
ridge,2023-09,2023-10,6,465,-0.017551406559632325
ridge,2023-09,2023-10,7,466,-0.009188063631082587
ridge,2023-09,2023-10,8,466,-0.00016906673740499427
ridge,2023-09,2023-10,9,466,-0.00341498890319602
ridge,2023-09,2023-10,10,466,-0.0024557016632707255
ridge,2023-10,2023-11,1,468,0.014417244072533331
ridge,2023-10,2023-11,2,469,0.01952051643936072
ridge,2023-10,2023-11,3,469,0.028825245192979247
ridge,2023-10,2023-11,4,468,0.030866780909483048
ridge,2023-10,2023-11,5,469,0.033377734610908816
ridge,2023-10,2023-11,6,469,0.038652678025495435
ridge,2023-10,2023-11,7,468,0.04142550959394817
ridge,2023-10,2023-11,8,469,0.05309987642012608
ridge,2023-10,2023-11,9,469,0.04792948585256307
ridge,2023-10,2023-11,10,469,0.05435537288435174
ridge,2023-11,2023-12,1,471,-0.027978275573873054
ridge,2023-11,2023-12,2,471,-0.028520736093444563
ridge,2023-11,2023-12,3,472,-0.026741714969351106
ridge,2023-11,2023-12,4,471,-0.021293962343640546
ridge,2023-11,2023-12,5,472,-0.021192135821157036
ridge,2023-11,2023-12,6,471,-0.02893563619297225
ridge,2023-11,2023-12,7,471,-0.016387870277551547
ridge,2023-11,2023-12,8,472,-0.013609204347403052
ridge,2023-11,2023-12,9,471,-0.010531270056246957
ridge,2023-11,2023-12,10,472,-0.0090843480283272
ridge,2023-12,2024-01,1,474,-0.19664460063089673
ridge,2023-12,2024-01,2,474,-0.15522128565249518
ridge,2023-12,2024-01,3,474,-0.16936064279749263
ridge,2023-12,2024-01,4,474,-0.16687100710565522
ridge,2023-12,2024-01,5,474,-0.17795323151009013
ridge,2023-12,2024-01,6,474,-0.17237369411311945
ridge,2023-12,2024-01,7,474,-0.18496062139541639
ridge,2023-12,2024-01,8,474,-0.1880512042209373
ridge,2023-12,2024-01,9,474,-0.21155629716275767
ridge,2023-12,2024-01,10,475,-0.2178572858750188
ridge,2024-01,2024-02,1,474,0.08424231153397636
ridge,2024-01,2024-02,2,475,0.0919442698045785
ridge,2024-01,2024-02,3,475,0.09098730777839287
ridge,2024-01,2024-02,4,474,0.08604661512664497
ridge,2024-01,2024-02,5,475,0.08053101571503546
ridge,2024-01,2024-02,6,475,0.06901463018355415
ridge,2024-01,2024-02,7,474,0.05151969844505306
ridge,2024-01,2024-02,8,475,0.03388756164705961
ridge,2024-01,2024-02,9,475,0.015993200978455333
ridge,2024-01,2024-02,10,475,-0.006038470127461257
ridge,2024-02,2024-03,1,476,0.03200896067073055
ridge,2024-02,2024-03,2,476,0.029111060089073378
ridge,2024-02,2024-03,3,476,0.0165126491633221
ridge,2024-02,2024-03,4,476,0.03298613821639478
ridge,2024-02,2024-03,5,477,0.035734433115296185
ridge,2024-02,2024-03,6,476,0.045002888222198056
ridge,2024-02,2024-03,7,476,0.048314931100749144
ridge,2024-02,2024-03,8,476,0.07651334244116803
ridge,2024-02,2024-03,9,476,0.0722530379082267
ridge,2024-02,2024-03,10,477,0.08870333816861399
ridge,2024-03,2024-04,1,478,-0.07010002216251322
ridge,2024-03,2024-04,2,479,-0.033561781684095265
ridge,2024-03,2024-04,3,478,-0.011000738590913448
ridge,2024-03,2024-04,4,479,-0.012915214996452757
ridge,2024-03,2024-04,5,478,-0.003379283745821464
ridge,2024-03,2024-04,6,479,-0.0020922878765022197
ridge,2024-03,2024-04,7,478,-0.0037043749390704758
ridge,2024-03,2024-04,8,479,-0.0006890439332008355
ridge,2024-03,2024-04,9,478,-0.009280547077062664
ridge,2024-03,2024-04,10,479,-0.00447868007761987
ridge,2024-04,2024-05,1,481,-0.019983918525843573
ridge,2024-04,2024-05,2,481,-0.0063203212953030115
ridge,2024-04,2024-05,3,481,-0.008592546766580915
ridge,2024-04,2024-05,4,481,-0.007655717532990648
ridge,2024-04,2024-05,5,482,-0.016090084242938032
ridge,2024-04,2024-05,6,481,-0.015914515631715795
ridge,2024-04,2024-05,7,481,-0.0262466503787003
ridge,2024-04,2024-05,8,481,-0.01551536374152622
ridge,2024-04,2024-05,9,481,-0.01272107419234907
ridge,2024-04,2024-05,10,482,-0.01644498503053881
ridge,2024-05,2024-06,1,477,-0.06950326059629049
ridge,2024-05,2024-06,2,477,-0.05839024876835655
ridge,2024-05,2024-06,3,477,-0.07001228153412316
ridge,2024-05,2024-06,4,478,-0.07508402464454157
ridge,2024-05,2024-06,5,477,-0.08677416010071393
ridge,2024-05,2024-06,6,477,-0.093578032168174
ridge,2024-05,2024-06,7,478,-0.08923784751990328
ridge,2024-05,2024-06,8,477,-0.09501576423664858
ridge,2024-05,2024-06,9,477,-0.09860142915681006
ridge,2024-05,2024-06,10,478,-0.09895737443365363
ridge,2024-06,2024-07,1,481,-0.008455944903467481
ridge,2024-06,2024-07,2,482,-0.005449055812866451
ridge,2024-06,2024-07,3,482,-0.001973407204749954
ridge,2024-06,2024-07,4,481,-0.003423406210587226
ridge,2024-06,2024-07,5,482,0.0018526307246510584
ridge,2024-06,2024-07,6,482,0.010977873302505133
ridge,2024-06,2024-07,7,481,0.00892211636963401
ridge,2024-06,2024-07,8,482,0.016594500620120148
ridge,2024-06,2024-07,9,482,0.014894792303053236
ridge,2024-06,2024-07,10,482,0.022300479337046035
ridge,2024-07,2024-08,1,485,-0.0707659787867611
ridge,2024-07,2024-08,2,486,-0.05576808162129314
ridge,2024-07,2024-08,3,485,-0.04420156828167938
ridge,2024-07,2024-08,4,486,-0.04022968651791472
ridge,2024-07,2024-08,5,486,-0.032082459481971824
ridge,2024-07,2024-08,6,485,-0.034264877442754804
ridge,2024-07,2024-08,7,486,-0.028994041015076303
ridge,2024-07,2024-08,8,485,-0.02621124213521124
ridge,2024-07,2024-08,9,486,-0.024371578330824557
ridge,2024-07,2024-08,10,486,-0.018760979054036606
ridge,2024-08,2024-09,1,487,0.23321916590382735
ridge,2024-08,2024-09,2,488,0.2399177368167001
ridge,2024-08,2024-09,3,488,0.232797285639013
ridge,2024-08,2024-09,4,487,0.2391608561398833
ridge,2024-08,2024-09,5,488,0.24051896092397268
ridge,2024-08,2024-09,6,488,0.24826346299238164
ridge,2024-08,2024-09,7,487,0.2323243543283847
ridge,2024-08,2024-09,8,488,0.2237400573051935
ridge,2024-08,2024-09,9,488,0.22618952043989887
ridge,2024-08,2024-09,10,488,0.2242104190817708
ridge,2024-09,2024-10,1,489,0.15399873033819572
ridge,2024-09,2024-10,2,489,0.07057258193764192
ridge,2024-09,2024-10,3,489,0.0741012585572521
ridge,2024-09,2024-10,4,489,0.065391514514829
ridge,2024-09,2024-10,5,489,0.04554936806472174
ridge,2024-09,2024-10,6,489,0.06081784867233564
ridge,2024-09,2024-10,7,489,0.04904178613434844
ridge,2024-09,2024-10,8,489,0.053454693647363424
ridge,2024-09,2024-10,9,489,0.05716103065302046
ridge,2024-09,2024-10,10,489,0.07029265917383282
ridge,2024-10,2024-11,1,489,-0.03990072943882875
ridge,2024-10,2024-11,2,490,0.010241198815441565
ridge,2024-10,2024-11,3,490,0.029147594044700426
ridge,2024-10,2024-11,4,490,0.03725985244261365
ridge,2024-10,2024-11,5,490,0.03806312073409683
ridge,2024-10,2024-11,6,489,0.051007582952674616
ridge,2024-10,2024-11,7,490,0.07297733716780092
ridge,2024-10,2024-11,8,490,0.07087440873826191
ridge,2024-10,2024-11,9,490,0.10837427341602979
ridge,2024-10,2024-11,10,490,0.08080740830842242
ridge,2024-11,2024-12,1,490,-0.08132915719390742
ridge,2024-11,2024-12,2,491,-0.045967380493660275
ridge,2024-11,2024-12,3,490,-0.044655361385158576
ridge,2024-11,2024-12,4,491,-0.04667066483108774
ridge,2024-11,2024-12,5,490,-0.03423585469746632
ridge,2024-11,2024-12,6,491,-0.019795300994885173
ridge,2024-11,2024-12,7,490,-0.03408976071405265
ridge,2024-11,2024-12,8,491,-0.032022119554568046
ridge,2024-11,2024-12,9,490,-0.043948734950360245
ridge,2024-11,2024-12,10,491,-0.0574742500810308
ridge,2024-12,2025-01,1,491,-0.008866892195826303
ridge,2024-12,2025-01,2,492,-0.02471208174869462
ridge,2024-12,2025-01,3,492,-0.026505552643840365
ridge,2024-12,2025-01,4,492,-0.02873433256234364
ridge,2024-12,2025-01,5,492,-0.016324145442195466
ridge,2024-12,2025-01,6,491,-0.02429134220638752
ridge,2024-12,2025-01,7,492,-0.015603259561981763
ridge,2024-12,2025-01,8,492,-0.015361926438280658
ridge,2024-12,2025-01,9,492,-0.006784314792735951
ridge,2024-12,2025-01,10,492,0.009959126521053492
ridge,2025-01,2025-02,1,492,0.08957556712009589
ridge,2025-01,2025-02,2,492,0.08754836760897788
ridge,2025-01,2025-02,3,492,0.07836651116378346
ridge,2025-01,2025-02,4,493,0.06613333933415516
ridge,2025-01,2025-02,5,492,0.07181630684800634
ridge,2025-01,2025-02,6,492,0.07522206522641114
ridge,2025-01,2025-02,7,493,0.07543973974699708
ridge,2025-01,2025-02,8,492,0.06365599239141656
ridge,2025-01,2025-02,9,492,0.0749530168919058
ridge,2025-01,2025-02,10,493,0.0866067834380166
ridge,2025-02,2025-03,1,492,-0.06475837770271789
ridge,2025-02,2025-03,2,493,-0.025782154274708317
ridge,2025-02,2025-03,3,493,-0.012136279983101572
ridge,2025-02,2025-03,4,492,0.0006712107054754538
ridge,2025-02,2025-03,5,493,0.013750164205527176
ridge,2025-02,2025-03,6,493,0.005278631965722997
ridge,2025-02,2025-03,7,492,0.013545826886190937
ridge,2025-02,2025-03,8,493,0.02250057579791762
ridge,2025-02,2025-03,9,493,0.03360487833600054
ridge,2025-02,2025-03,10,493,0.022940330943271314
ridge,2025-03,2025-04,1,493,-0.048868752370900194
ridge,2025-03,2025-04,2,493,-0.029805347360821504
ridge,2025-03,2025-04,3,493,-0.04055098383929311
ridge,2025-03,2025-04,4,494,-0.04010887003449763
ridge,2025-03,2025-04,5,493,-0.028061039828721632
ridge,2025-03,2025-04,6,493,-0.0339404394344326
ridge,2025-03,2025-04,7,494,-0.022263936281599842
ridge,2025-03,2025-04,8,493,-0.017437133578248405
ridge,2025-03,2025-04,9,493,-0.0010581411890975673
ridge,2025-03,2025-04,10,494,0.013073834337512273
ridge,2025-04,2025-05,1,493,0.045956659896775394
ridge,2025-04,2025-05,2,493,0.019942681278056377
ridge,2025-04,2025-05,3,493,0.03480981781394824
ridge,2025-04,2025-05,4,493,0.03835600326595292
ridge,2025-04,2025-05,5,494,0.05776684391477241
ridge,2025-04,2025-05,6,493,0.04943472507209654
ridge,2025-04,2025-05,7,493,0.05256849286785838
ridge,2025-04,2025-05,8,493,0.06679038320388003
ridge,2025-04,2025-05,9,493,0.06396765582942414
ridge,2025-04,2025-05,10,494,0.07667889389268205
ridge,2025-05,2025-06,1,486,0.05729547494913209
ridge,2025-05,2025-06,2,487,0.042902910800393
ridge,2025-05,2025-06,3,486,0.05641180907677409
ridge,2025-05,2025-06,4,487,0.04951474610955004
ridge,2025-05,2025-06,5,487,0.05552683146444661
ridge,2025-05,2025-06,6,486,0.057533013580363036
ridge,2025-05,2025-06,7,487,0.07120182218861586
ridge,2025-05,2025-06,8,486,0.06713261591834681
ridge,2025-05,2025-06,9,487,0.078036440734262
ridge,2025-05,2025-06,10,487,0.09265874765422008
ridge,2025-06,2025-07,1,488,0.03697913887778831
ridge,2025-06,2025-07,2,489,0.03961378991894799
ridge,2025-06,2025-07,3,489,0.04205470535695272
ridge,2025-06,2025-07,4,489,0.05136319924313128
ridge,2025-06,2025-07,5,489,0.04998649130602467
ridge,2025-06,2025-07,6,488,0.0590568198733691
ridge,2025-06,2025-07,7,489,0.052884493248397786
ridge,2025-06,2025-07,8,489,0.0661285026928599
ridge,2025-06,2025-07,9,489,0.06951798942993138
ridge,2025-06,2025-07,10,489,0.10501743729130757
ridge,2025-07,2025-08,1,489,0.1208448861437631
ridge,2025-07,2025-08,2,489,0.10826405255115071
ridge,2025-07,2025-08,3,489,0.0995052740884739
ridge,2025-07,2025-08,4,489,0.09147768030656618
ridge,2025-07,2025-08,5,489,0.08350964968001506
ridge,2025-07,2025-08,6,489,0.08470418940143785
ridge,2025-07,2025-08,7,489,0.07343903814508136
ridge,2025-07,2025-08,8,489,0.07817809551368633
ridge,2025-07,2025-08,9,489,0.06873763544896395
ridge,2025-07,2025-08,10,490,0.056663452583568336
ridge,2025-08,2025-09,1,489,-0.0038053272567847747
ridge,2025-08,2025-09,2,490,0.017842230768467787
ridge,2025-08,2025-09,3,490,0.025882339543388883
ridge,2025-08,2025-09,4,489,0.020788574475614996
ridge,2025-08,2025-09,5,490,0.005927613703774748
ridge,2025-08,2025-09,6,490,0.007812496281901797
ridge,2025-08,2025-09,7,489,0.008694263147676844
ridge,2025-08,2025-09,8,490,0.0016393504498949485
ridge,2025-08,2025-09,9,490,0.008754334658075416
ridge,2025-08,2025-09,10,490,0.02821778425726993
ridge,2025-09,2025-10,1,490,-0.01636525101461289
ridge,2025-09,2025-10,2,490,-0.011607499274866335
ridge,2025-09,2025-10,3,490,0.0027510592875734006
ridge,2025-09,2025-10,4,491,0.0042361679746983965
ridge,2025-09,2025-10,5,490,0.0023948841074757417
ridge,2025-09,2025-10,6,490,0.020820151347311227
ridge,2025-09,2025-10,7,491,0.020851686680067
ridge,2025-09,2025-10,8,490,0.02902039987787252
ridge,2025-09,2025-10,9,490,0.041341772236277226
ridge,2025-09,2025-10,10,491,0.048373816834763265
ridge,2025-10,2025-11,1,490,-0.012204067062929789
ridge,2025-10,2025-11,2,490,-0.023895443507239888
ridge,2025-10,2025-11,3,491,-0.01698147423946955
ridge,2025-10,2025-11,4,490,-0.012616687254753577
ridge,2025-10,2025-11,5,491,-0.012343076232992387
ridge,2025-10,2025-11,6,490,0.0054371895445283576
ridge,2025-10,2025-11,7,490,0.004032348079415365
ridge,2025-10,2025-11,8,491,0.01116155017564152
ridge,2025-10,2025-11,9,490,0.016806348919659292
ridge,2025-10,2025-11,10,491,0.009674506932799861
ridge,2025-11,2025-12,1,490,0.03520228735437729
ridge,2025-11,2025-12,2,491,0.029257576682260627
ridge,2025-11,2025-12,3,491,0.03312950200388624
ridge,2025-11,2025-12,4,491,0.024934169963271316
ridge,2025-11,2025-12,5,491,0.029440624631294484
ridge,2025-11,2025-12,6,491,0.021895116850533608
ridge,2025-11,2025-12,7,491,0.01703004550394908
ridge,2025-11,2025-12,8,491,0.009503912115302054
ridge,2025-11,2025-12,9,491,0.005643287623929906
ridge,2025-11,2025-12,10,491,0.0035635334868429416
ridge,2025-12,2026-01,1,492,0.0568717234650256
ridge,2025-12,2026-01,2,492,0.08020414640554283
ridge,2025-12,2026-01,3,492,0.07266572578860242
ridge,2025-12,2026-01,4,492,0.08697060807828111
ridge,2025-12,2026-01,5,492,0.08169596835142603
ridge,2025-12,2026-01,6,492,0.07735926111518113
ridge,2025-12,2026-01,7,492,0.07774658864723133
ridge,2025-12,2026-01,8,492,0.08726995721071477
ridge,2025-12,2026-01,9,492,0.08417831059352285
ridge,2025-12,2026-01,10,493,0.09988935826048133
ridge,2026-01,2026-02,1,492,0.05141033546720506
ridge,2026-01,2026-02,2,493,0.04552164472991067
ridge,2026-01,2026-02,3,492,0.04253278223889265
ridge,2026-01,2026-02,4,493,0.041946758573044134
ridge,2026-01,2026-02,5,492,0.041841513029790764
ridge,2026-01,2026-02,6,493,0.030723157582267634
ridge,2026-01,2026-02,7,492,0.03705760385964332
ridge,2026-01,2026-02,8,493,0.03043629811854283
ridge,2026-01,2026-02,9,492,0.04022314532964668
ridge,2026-01,2026-02,10,493,0.04869223011314028
ridge,2026-02,2026-03,1,492,-0.12226153349884242
ridge,2026-02,2026-03,2,492,-0.10421784881722072
ridge,2026-02,2026-03,3,493,-0.10626686054999106
ridge,2026-02,2026-03,4,492,-0.097068908109263
ridge,2026-02,2026-03,5,493,-0.09600668527573374
ridge,2026-02,2026-03,6,492,-0.09298198838953661
ridge,2026-02,2026-03,7,492,-0.08445362937439846
ridge,2026-02,2026-03,8,493,-0.07932422726133156
ridge,2026-02,2026-03,9,492,-0.08459370523554044
ridge,2026-02,2026-03,10,493,-0.08405819131733985
ridge,2026-03,2026-04,1,493,0.09948381841660532
ridge,2026-03,2026-04,2,494,0.09344511085496249
ridge,2026-03,2026-04,3,494,0.07015918400651809
ridge,2026-03,2026-04,4,493,0.05723446198075196
ridge,2026-03,2026-04,5,494,0.06201810881728719
ridge,2026-03,2026-04,6,494,0.05059855333353724
ridge,2026-03,2026-04,7,493,0.05949440596970012
ridge,2026-03,2026-04,8,494,0.06167159035913764
ridge,2026-03,2026-04,9,494,0.060336197301788984
ridge,2026-03,2026-04,10,494,0.07692651078064576
ridge,2026-04,2026-05,1,495,0.026811231854380377
ridge,2026-04,2026-05,2,495,0.007380956716614609
ridge,2026-04,2026-05,3,495,-0.0021536769059944047
ridge,2026-04,2026-05,4,495,-0.020654241453057876
ridge,2026-04,2026-05,5,495,-0.020989747896149057
ridge,2026-04,2026-05,6,495,-0.03353093136540075
ridge,2026-04,2026-05,7,495,-0.0486027159825403
ridge,2026-04,2026-05,8,495,-0.05807831338409295
ridge,2026-04,2026-05,9,495,-0.06828582161184486
ridge,2026-04,2026-05,10,495,-0.08019164982418102
ridge,2026-05,2026-06,1,487,0.11826429532548118
ridge,2026-05,2026-06,2,487,0.024896666559503972
ridge,2026-05,2026-06,3,488,0.00708229076708206
ridge,2026-05,2026-06,4,487,-0.036833929653320316
ridge,2026-05,2026-06,5,488,-0.052813255990298326
ridge,2026-05,2026-06,6,487,-0.07368574177424678
ridge,2026-05,2026-06,7,487,-0.07357163432934916
ridge,2026-05,2026-06,8,488,-0.08250680085886108
ridge,2026-05,2026-06,9,487,-0.08046091675931653
ridge,2026-05,2026-06,10,488,-0.10460405153372529
ridge,2026-06,2026-07,1,491,-0.2940604137355327
ridge,2026-06,2026-07,2,492,-0.1664314027844574
ridge,2026-06,2026-07,3,491,-0.1221870493325944
ridge,2026-06,2026-07,4,492,-0.09677147657439673
ridge,2026-06,2026-07,5,491,-0.07485014876327402
ridge,2026-06,2026-07,6,492,-0.06023644501321214
ridge,2026-06,2026-07,7,491,-0.04321831134209556
ridge,2026-06,2026-07,8,492,-0.029395214985186373
ridge,2026-06,2026-07,9,491,-0.03312233031475794
ridge,2026-06,2026-07,10,492,-0.06855183386296052
ridge_cto_family,2013-01,2013-02,1,219,0.0510773286010969
ridge_cto_family,2013-01,2013-02,2,220,0.027107301219632035
ridge_cto_family,2013-01,2013-02,3,220,0.0433858520082113
ridge_cto_family,2013-01,2013-02,4,219,0.029859057578419328
ridge_cto_family,2013-01,2013-02,5,220,0.040150872102341466
ridge_cto_family,2013-01,2013-02,6,220,0.037165189190832414
ridge_cto_family,2013-01,2013-02,7,219,0.03932473483148935
ridge_cto_family,2013-01,2013-02,8,220,0.037101324546599763
ridge_cto_family,2013-01,2013-02,9,220,0.03359632689002846
ridge_cto_family,2013-01,2013-02,10,220,0.029511953736556667
ridge_cto_family,2013-02,2013-03,1,221,-0.032342985232653304
ridge_cto_family,2013-02,2013-03,2,221,-0.029132332087164734
ridge_cto_family,2013-02,2013-03,3,222,-0.026567607782272865
ridge_cto_family,2013-02,2013-03,4,221,-0.03116935850771679
ridge_cto_family,2013-02,2013-03,5,222,-0.041324625285652804
ridge_cto_family,2013-02,2013-03,6,221,-0.03666559412222075
ridge_cto_family,2013-02,2013-03,7,221,-0.03136609628694449
ridge_cto_family,2013-02,2013-03,8,222,-0.042820138504245174
ridge_cto_family,2013-02,2013-03,9,221,-0.048940777508175604
ridge_cto_family,2013-02,2013-03,10,222,-0.04972882953004069
ridge_cto_family,2013-03,2013-04,1,224,-0.036389871726815584
ridge_cto_family,2013-03,2013-04,2,224,-0.020829953772629757
ridge_cto_family,2013-03,2013-04,3,224,-0.03745939543660649
ridge_cto_family,2013-03,2013-04,4,224,-0.0380980211919209
ridge_cto_family,2013-03,2013-04,5,225,-0.027018919782572957
ridge_cto_family,2013-03,2013-04,6,224,-0.02818347574403124
ridge_cto_family,2013-03,2013-04,7,224,-0.030118704598552037
ridge_cto_family,2013-03,2013-04,8,224,-0.02764872249103648
ridge_cto_family,2013-03,2013-04,9,224,-0.027600709677895192
ridge_cto_family,2013-03,2013-04,10,225,-0.01977343382636842
ridge_cto_family,2013-04,2013-05,1,226,0.13939382955312007
ridge_cto_family,2013-04,2013-05,2,226,0.1591189268417973
ridge_cto_family,2013-04,2013-05,3,226,0.16014509877819427
ridge_cto_family,2013-04,2013-05,4,227,0.14422472713596035
ridge_cto_family,2013-04,2013-05,5,226,0.13854134501087642
ridge_cto_family,2013-04,2013-05,6,226,0.12197897703539078
ridge_cto_family,2013-04,2013-05,7,227,0.14176994301741727
ridge_cto_family,2013-04,2013-05,8,226,0.13787649350696252
ridge_cto_family,2013-04,2013-05,9,226,0.14403467834599776
ridge_cto_family,2013-04,2013-05,10,227,0.149326758913278
ridge_cto_family,2013-05,2013-06,1,230,-0.09896066647146302
ridge_cto_family,2013-05,2013-06,2,230,-0.138297988821576
ridge_cto_family,2013-05,2013-06,3,230,-0.14785524692982818
ridge_cto_family,2013-05,2013-06,4,230,-0.14592556066743909
ridge_cto_family,2013-05,2013-06,5,231,-0.16763267586309014
ridge_cto_family,2013-05,2013-06,6,230,-0.16336781713522758
ridge_cto_family,2013-05,2013-06,7,230,-0.1630634888553142
ridge_cto_family,2013-05,2013-06,8,230,-0.17284072674263368
ridge_cto_family,2013-05,2013-06,9,230,-0.17335653233529677
ridge_cto_family,2013-05,2013-06,10,231,-0.17894783217388596
ridge_cto_family,2013-06,2013-07,1,230,0.10383627517812453
ridge_cto_family,2013-06,2013-07,2,230,0.07594347373553081
ridge_cto_family,2013-06,2013-07,3,231,0.07171944474780483
ridge_cto_family,2013-06,2013-07,4,230,0.07129091417552393
ridge_cto_family,2013-06,2013-07,5,231,0.08263497710828946
ridge_cto_family,2013-06,2013-07,6,230,0.07860489289366959
ridge_cto_family,2013-06,2013-07,7,230,0.060232074044000945
ridge_cto_family,2013-06,2013-07,8,231,0.04966815990476555
ridge_cto_family,2013-06,2013-07,9,230,0.055196055890523454
ridge_cto_family,2013-06,2013-07,10,231,0.06325571267795485
ridge_cto_family,2013-07,2013-08,1,233,0.0478222970995521
ridge_cto_family,2013-07,2013-08,2,233,0.04626100104892517
ridge_cto_family,2013-07,2013-08,3,233,0.06984729876329443
ridge_cto_family,2013-07,2013-08,4,233,0.06844367784073575
ridge_cto_family,2013-07,2013-08,5,233,0.08495874212415712
ridge_cto_family,2013-07,2013-08,6,233,0.08536791651814896
ridge_cto_family,2013-07,2013-08,7,233,0.11061739142968262
ridge_cto_family,2013-07,2013-08,8,233,0.10732052953940585
ridge_cto_family,2013-07,2013-08,9,233,0.10803949216154836
ridge_cto_family,2013-07,2013-08,10,233,0.11495899836939044
ridge_cto_family,2013-08,2013-09,1,234,0.055574390359849804
ridge_cto_family,2013-08,2013-09,2,234,0.03260058056233779
ridge_cto_family,2013-08,2013-09,3,234,0.048593537786582014
ridge_cto_family,2013-08,2013-09,4,234,0.050977452964760465
ridge_cto_family,2013-08,2013-09,5,235,0.051967457013068964
ridge_cto_family,2013-08,2013-09,6,234,0.049126031975065335
ridge_cto_family,2013-08,2013-09,7,234,0.06805286904073461
ridge_cto_family,2013-08,2013-09,8,234,0.0667872179042085
ridge_cto_family,2013-08,2013-09,9,234,0.06007616260574054
ridge_cto_family,2013-08,2013-09,10,235,0.06461428733718842
ridge_cto_family,2013-09,2013-10,1,234,-0.09213819170504563
ridge_cto_family,2013-09,2013-10,2,235,-0.04920009392825031
ridge_cto_family,2013-09,2013-10,3,234,-0.030094642722019588
ridge_cto_family,2013-09,2013-10,4,235,-0.025165680026496683
ridge_cto_family,2013-09,2013-10,5,234,-0.008912473236144148
ridge_cto_family,2013-09,2013-10,6,235,-0.009845896834610388
ridge_cto_family,2013-09,2013-10,7,234,-0.007521875533487329
ridge_cto_family,2013-09,2013-10,8,235,-0.007394935060504468
ridge_cto_family,2013-09,2013-10,9,234,-0.016695209828483524
ridge_cto_family,2013-09,2013-10,10,235,-0.00890869896683854
ridge_cto_family,2013-10,2013-11,1,235,0.07972403336146125
ridge_cto_family,2013-10,2013-11,2,235,0.07252774736834552
ridge_cto_family,2013-10,2013-11,3,236,0.08632961324988961
ridge_cto_family,2013-10,2013-11,4,235,0.08119855661455708
ridge_cto_family,2013-10,2013-11,5,236,0.08730989155640402
ridge_cto_family,2013-10,2013-11,6,235,0.07948525302991831
ridge_cto_family,2013-10,2013-11,7,235,0.07319028185485042
ridge_cto_family,2013-10,2013-11,8,236,0.08964826557617421
ridge_cto_family,2013-10,2013-11,9,235,0.09326814342347352
ridge_cto_family,2013-10,2013-11,10,236,0.12330910644474179
ridge_cto_family,2013-11,2013-12,1,234,-0.06792218974040201
ridge_cto_family,2013-11,2013-12,2,234,-0.03764281283870312
ridge_cto_family,2013-11,2013-12,3,235,-0.03012113494033863
ridge_cto_family,2013-11,2013-12,4,234,-0.029697393872034232
ridge_cto_family,2013-11,2013-12,5,235,-0.021043527690769635
ridge_cto_family,2013-11,2013-12,6,234,-0.02310659352299331
ridge_cto_family,2013-11,2013-12,7,234,-0.023010125116033956
ridge_cto_family,2013-11,2013-12,8,235,-0.02889239176052933
ridge_cto_family,2013-11,2013-12,9,234,-0.03730099430134106
ridge_cto_family,2013-11,2013-12,10,235,-0.03099549450438195
ridge_cto_family,2013-12,2014-01,1,235,0.07762449906489456
ridge_cto_family,2013-12,2014-01,2,235,0.05173176488805685
ridge_cto_family,2013-12,2014-01,3,235,0.04728147280575684
ridge_cto_family,2013-12,2014-01,4,236,0.028008507906907214
ridge_cto_family,2013-12,2014-01,5,235,0.008623921968935822
ridge_cto_family,2013-12,2014-01,6,235,0.008859876981909393
ridge_cto_family,2013-12,2014-01,7,236,-0.014478377722513657
ridge_cto_family,2013-12,2014-01,8,235,-0.012439100988937773
ridge_cto_family,2013-12,2014-01,9,235,0.0034493996164007695
ridge_cto_family,2013-12,2014-01,10,236,0.0019002883037018965
ridge_cto_family,2014-01,2014-02,1,235,0.0047738481418305905
ridge_cto_family,2014-01,2014-02,2,235,0.03055312950945301
ridge_cto_family,2014-01,2014-02,3,235,0.03216966542197133
ridge_cto_family,2014-01,2014-02,4,235,0.049873508655480674
ridge_cto_family,2014-01,2014-02,5,235,0.04793772863534539
ridge_cto_family,2014-01,2014-02,6,235,0.049906589573737635
ridge_cto_family,2014-01,2014-02,7,235,0.038070966500388936
ridge_cto_family,2014-01,2014-02,8,235,0.03593708733054664
ridge_cto_family,2014-01,2014-02,9,235,0.029375620302718973
ridge_cto_family,2014-01,2014-02,10,235,0.0234256298615037
ridge_cto_family,2014-02,2014-03,1,232,-0.07384402244996993
ridge_cto_family,2014-02,2014-03,2,232,-0.05051438763518261
ridge_cto_family,2014-02,2014-03,3,233,-0.0386914761839747
ridge_cto_family,2014-02,2014-03,4,232,-0.012684797728203079
ridge_cto_family,2014-02,2014-03,5,233,-0.013253436237193226
ridge_cto_family,2014-02,2014-03,6,232,-0.012037571352774624
ridge_cto_family,2014-02,2014-03,7,232,-0.003940228313921798
ridge_cto_family,2014-02,2014-03,8,233,0.0006277559972914995
ridge_cto_family,2014-02,2014-03,9,232,-0.025093948589773284
ridge_cto_family,2014-02,2014-03,10,233,-0.03241327173763499
ridge_cto_family,2014-03,2014-04,1,234,-0.0221351721726602
ridge_cto_family,2014-03,2014-04,2,235,-0.007920105855506156
ridge_cto_family,2014-03,2014-04,3,235,-0.01387179971351164
ridge_cto_family,2014-03,2014-04,4,234,-0.012593148607258669
ridge_cto_family,2014-03,2014-04,5,235,-0.01294174379788832
ridge_cto_family,2014-03,2014-04,6,235,-0.020369377561112654
ridge_cto_family,2014-03,2014-04,7,234,-0.011332888444803055
ridge_cto_family,2014-03,2014-04,8,235,-0.013236570333259047
ridge_cto_family,2014-03,2014-04,9,235,-0.013679573809298065
ridge_cto_family,2014-03,2014-04,10,235,-0.00885075252325331
ridge_cto_family,2014-04,2014-05,1,232,0.020000901942816184
ridge_cto_family,2014-04,2014-05,2,232,0.03635383659929911
ridge_cto_family,2014-04,2014-05,3,232,0.03260815239677908
ridge_cto_family,2014-04,2014-05,4,232,0.02475206124939807
ridge_cto_family,2014-04,2014-05,5,233,0.03257374927141749
ridge_cto_family,2014-04,2014-05,6,232,0.027822587097710454
ridge_cto_family,2014-04,2014-05,7,232,0.028103405731540278
ridge_cto_family,2014-04,2014-05,8,232,0.021433550661639295
ridge_cto_family,2014-04,2014-05,9,232,0.02864442575604534
ridge_cto_family,2014-04,2014-05,10,233,0.031372510371969003
ridge_cto_family,2014-05,2014-06,1,228,0.050938952078697836
ridge_cto_family,2014-05,2014-06,2,229,0.04690678526657309
ridge_cto_family,2014-05,2014-06,3,228,0.04805889049415355
ridge_cto_family,2014-05,2014-06,4,229,0.056932390856835435
ridge_cto_family,2014-05,2014-06,5,229,0.057062607996068215
ridge_cto_family,2014-05,2014-06,6,228,0.05155694335881274
ridge_cto_family,2014-05,2014-06,7,229,0.03470092334506691
ridge_cto_family,2014-05,2014-06,8,228,0.03174874524708446
ridge_cto_family,2014-05,2014-06,9,229,0.04164592366546117
ridge_cto_family,2014-05,2014-06,10,229,0.048511195467579454
ridge_cto_family,2014-06,2014-07,1,229,0.027703166953374204
ridge_cto_family,2014-06,2014-07,2,230,0.04731309188767552
ridge_cto_family,2014-06,2014-07,3,229,0.05408582331183075
ridge_cto_family,2014-06,2014-07,4,230,0.07797222069245179
ridge_cto_family,2014-06,2014-07,5,230,0.07082235531864524
ridge_cto_family,2014-06,2014-07,6,229,0.08150259537385483
ridge_cto_family,2014-06,2014-07,7,230,0.09802217633419828
ridge_cto_family,2014-06,2014-07,8,229,0.10545498092827582
ridge_cto_family,2014-06,2014-07,9,230,0.10546527884480553
ridge_cto_family,2014-06,2014-07,10,230,0.08899740763517038
ridge_cto_family,2014-07,2014-08,1,229,0.0189526920170041
ridge_cto_family,2014-07,2014-08,2,230,0.03639526751734109
ridge_cto_family,2014-07,2014-08,3,230,0.05515515110222948
ridge_cto_family,2014-07,2014-08,4,230,0.047519865639615834
ridge_cto_family,2014-07,2014-08,5,230,0.0597916442853143
ridge_cto_family,2014-07,2014-08,6,229,0.06672934554433063
ridge_cto_family,2014-07,2014-08,7,230,0.05358548525006536
ridge_cto_family,2014-07,2014-08,8,230,0.06188619737307849
ridge_cto_family,2014-07,2014-08,9,230,0.07701171680522104
ridge_cto_family,2014-07,2014-08,10,230,0.06864334025420095
ridge_cto_family,2014-08,2014-09,1,229,0.13537452950117945
ridge_cto_family,2014-08,2014-09,2,229,0.13207251862700137
ridge_cto_family,2014-08,2014-09,3,229,0.1380509324221049
ridge_cto_family,2014-08,2014-09,4,230,0.1471261990910656
ridge_cto_family,2014-08,2014-09,5,229,0.14316002319028176
ridge_cto_family,2014-08,2014-09,6,229,0.14052471141959305
ridge_cto_family,2014-08,2014-09,7,230,0.13972936383945977
ridge_cto_family,2014-08,2014-09,8,229,0.14139195781494707
ridge_cto_family,2014-08,2014-09,9,229,0.12685350672834678
ridge_cto_family,2014-08,2014-09,10,230,0.101726697783998
ridge_cto_family,2014-09,2014-10,1,229,0.008983187944405755
ridge_cto_family,2014-09,2014-10,2,230,0.01008518955622891
ridge_cto_family,2014-09,2014-10,3,230,0.015411749337749539
ridge_cto_family,2014-09,2014-10,4,230,0.012014116122327438
ridge_cto_family,2014-09,2014-10,5,230,0.022744999322757694
ridge_cto_family,2014-09,2014-10,6,230,0.018455369842505665
ridge_cto_family,2014-09,2014-10,7,230,0.01809348601856716
ridge_cto_family,2014-09,2014-10,8,230,0.013295206252032208
ridge_cto_family,2014-09,2014-10,9,230,0.020372912464476176
ridge_cto_family,2014-09,2014-10,10,230,0.0032988019096599555
ridge_cto_family,2014-10,2014-11,1,226,0.07017510867936483
ridge_cto_family,2014-10,2014-11,2,227,0.05162161209511864
ridge_cto_family,2014-10,2014-11,3,227,0.05586796360653067
ridge_cto_family,2014-10,2014-11,4,226,0.07842367555541009
ridge_cto_family,2014-10,2014-11,5,227,0.05764812857531972
ridge_cto_family,2014-10,2014-11,6,227,0.06199489374873288
ridge_cto_family,2014-10,2014-11,7,226,0.05568615424830963
ridge_cto_family,2014-10,2014-11,8,227,0.04863837833258312
ridge_cto_family,2014-10,2014-11,9,227,0.055274490933457994
ridge_cto_family,2014-10,2014-11,10,227,0.044242457805195506
ridge_cto_family,2014-11,2014-12,1,226,0.013349109182317926
ridge_cto_family,2014-11,2014-12,2,227,-0.005815870712696485
ridge_cto_family,2014-11,2014-12,3,227,-0.013614454272702694
ridge_cto_family,2014-11,2014-12,4,226,-0.015081805517490356
ridge_cto_family,2014-11,2014-12,5,227,-0.022047192484204354
ridge_cto_family,2014-11,2014-12,6,227,-0.022124800148109223
ridge_cto_family,2014-11,2014-12,7,226,-0.055757418365923905
ridge_cto_family,2014-11,2014-12,8,227,-0.03753073464800369
ridge_cto_family,2014-11,2014-12,9,227,-0.06672593174548487
ridge_cto_family,2014-11,2014-12,10,227,-0.06247248194399723
ridge_cto_family,2014-12,2015-01,1,228,-0.02432781058726047
ridge_cto_family,2014-12,2015-01,2,229,0.03009298697018169
ridge_cto_family,2014-12,2015-01,3,229,0.04774838519707604
ridge_cto_family,2014-12,2015-01,4,228,0.06456914792781945
ridge_cto_family,2014-12,2015-01,5,229,0.08238280908441939
ridge_cto_family,2014-12,2015-01,6,229,0.08633186975077396
ridge_cto_family,2014-12,2015-01,7,228,0.09119554183085492
ridge_cto_family,2014-12,2015-01,8,229,0.10405658546254294
ridge_cto_family,2014-12,2015-01,9,229,0.11106082136063082
ridge_cto_family,2014-12,2015-01,10,229,0.1314101515958828
ridge_cto_family,2015-01,2015-02,1,230,0.11667276152241934
ridge_cto_family,2015-01,2015-02,2,230,0.09229739241895982
ridge_cto_family,2015-01,2015-02,3,230,0.09311664316778981
ridge_cto_family,2015-01,2015-02,4,230,0.07505434544520936
ridge_cto_family,2015-01,2015-02,5,231,0.07689935021389763
ridge_cto_family,2015-01,2015-02,6,230,0.06587357704342967
ridge_cto_family,2015-01,2015-02,7,230,0.06606733913756728
ridge_cto_family,2015-01,2015-02,8,230,0.061731930797982344
ridge_cto_family,2015-01,2015-02,9,230,0.05048064824311347
ridge_cto_family,2015-01,2015-02,10,231,0.05507508704520106
ridge_cto_family,2015-02,2015-03,1,228,0.23365145431948817
ridge_cto_family,2015-02,2015-03,2,228,0.2506371104044429
ridge_cto_family,2015-02,2015-03,3,229,0.24466768382238452
ridge_cto_family,2015-02,2015-03,4,228,0.22343433753081404
ridge_cto_family,2015-02,2015-03,5,229,0.22864460122512706
ridge_cto_family,2015-02,2015-03,6,228,0.22778506201407767
ridge_cto_family,2015-02,2015-03,7,228,0.21436916485315113
ridge_cto_family,2015-02,2015-03,8,229,0.22737530592033656
ridge_cto_family,2015-02,2015-03,9,228,0.21521055345175102
ridge_cto_family,2015-02,2015-03,10,229,0.19070123024719615
ridge_cto_family,2015-03,2015-04,1,229,0.1337760304639254
ridge_cto_family,2015-03,2015-04,2,230,0.1648943421415952
ridge_cto_family,2015-03,2015-04,3,230,0.16510519213154032
ridge_cto_family,2015-03,2015-04,4,230,0.16518896270318825
ridge_cto_family,2015-03,2015-04,5,230,0.16695766602473205
ridge_cto_family,2015-03,2015-04,6,230,0.1667101958692692
ridge_cto_family,2015-03,2015-04,7,230,0.18059226702613837
ridge_cto_family,2015-03,2015-04,8,230,0.15193981614917915
ridge_cto_family,2015-03,2015-04,9,230,0.1790181902188866
ridge_cto_family,2015-03,2015-04,10,230,0.16832257078371954
ridge_cto_family,2015-04,2015-05,1,228,0.20972632927238116
ridge_cto_family,2015-04,2015-05,2,229,0.262382194135557
ridge_cto_family,2015-04,2015-05,3,229,0.19899043402943367
ridge_cto_family,2015-04,2015-05,4,228,0.2263372004750129
ridge_cto_family,2015-04,2015-05,5,229,0.22122097074379612
ridge_cto_family,2015-04,2015-05,6,229,0.23576999285957964
ridge_cto_family,2015-04,2015-05,7,228,0.21423866804743766
ridge_cto_family,2015-04,2015-05,8,229,0.22005312788767437
ridge_cto_family,2015-04,2015-05,9,229,0.23418480349463394
ridge_cto_family,2015-04,2015-05,10,229,0.26899255304214564
ridge_cto_family,2015-05,2015-06,1,223,-0.190446127271378
ridge_cto_family,2015-05,2015-06,2,224,-0.1657559332115082
ridge_cto_family,2015-05,2015-06,3,223,-0.13503726346385592
ridge_cto_family,2015-05,2015-06,4,224,-0.1314646386604799
ridge_cto_family,2015-05,2015-06,5,223,-0.10783309765884991
ridge_cto_family,2015-05,2015-06,6,224,-0.0785776847834455
ridge_cto_family,2015-05,2015-06,7,223,-0.07437720383322138
ridge_cto_family,2015-05,2015-06,8,224,-0.051130084289485386
ridge_cto_family,2015-05,2015-06,9,223,-0.026161592462359908
ridge_cto_family,2015-05,2015-06,10,224,-0.039208833959100006
ridge_cto_family,2015-06,2015-07,1,221,-0.21603294375126575
ridge_cto_family,2015-06,2015-07,2,222,-0.2186724327588974
ridge_cto_family,2015-06,2015-07,3,222,-0.21210492070052575
ridge_cto_family,2015-06,2015-07,4,222,-0.199134701279864
ridge_cto_family,2015-06,2015-07,5,222,-0.1866592601978126
ridge_cto_family,2015-06,2015-07,6,221,-0.18222540602880002
ridge_cto_family,2015-06,2015-07,7,222,-0.16390153092805781
ridge_cto_family,2015-06,2015-07,8,222,-0.14437391541492445
ridge_cto_family,2015-06,2015-07,9,222,-0.15015441030768403
ridge_cto_family,2015-06,2015-07,10,222,-0.1264889938852251
ridge_cto_family,2015-07,2015-08,1,212,-0.13244170926627596
ridge_cto_family,2015-07,2015-08,2,212,-0.15639076634218615
ridge_cto_family,2015-07,2015-08,3,213,-0.13893427534688008
ridge_cto_family,2015-07,2015-08,4,212,-0.14843401991212665
ridge_cto_family,2015-07,2015-08,5,213,-0.13955956889017623
ridge_cto_family,2015-07,2015-08,6,212,-0.13022462261946727
ridge_cto_family,2015-07,2015-08,7,212,-0.13091501850539763
ridge_cto_family,2015-07,2015-08,8,213,-0.12793232093962742
ridge_cto_family,2015-07,2015-08,9,212,-0.10473398607757997
ridge_cto_family,2015-07,2015-08,10,213,-0.12178402376543487
ridge_cto_family,2015-08,2015-09,1,213,-0.06622132348571418
ridge_cto_family,2015-08,2015-09,2,213,-0.06697579496262086
ridge_cto_family,2015-08,2015-09,3,214,-0.023832545299307093
ridge_cto_family,2015-08,2015-09,4,213,-0.017263995681614346
ridge_cto_family,2015-08,2015-09,5,214,-0.0375851633982578
ridge_cto_family,2015-08,2015-09,6,213,-0.02285721728448795
ridge_cto_family,2015-08,2015-09,7,213,-0.026325327814410642
ridge_cto_family,2015-08,2015-09,8,214,-0.013925805174539852
ridge_cto_family,2015-08,2015-09,9,213,-0.015322732577543071
ridge_cto_family,2015-08,2015-09,10,214,0.006576485279503425
ridge_cto_family,2015-09,2015-10,1,213,0.2690300130501574
ridge_cto_family,2015-09,2015-10,2,213,0.22528481314272544
ridge_cto_family,2015-09,2015-10,3,214,0.2509740307951172
ridge_cto_family,2015-09,2015-10,4,213,0.25242065251635
ridge_cto_family,2015-09,2015-10,5,214,0.22647999836151558
ridge_cto_family,2015-09,2015-10,6,213,0.2338742648783898
ridge_cto_family,2015-09,2015-10,7,213,0.22625005831084438
ridge_cto_family,2015-09,2015-10,8,214,0.2050642323060487
ridge_cto_family,2015-09,2015-10,9,213,0.21949284270971375
ridge_cto_family,2015-09,2015-10,10,214,0.22425909398366084
ridge_cto_family,2015-10,2015-11,1,219,0.08613521518416165
ridge_cto_family,2015-10,2015-11,2,219,0.14287335472198112
ridge_cto_family,2015-10,2015-11,3,219,0.13020077689600654
ridge_cto_family,2015-10,2015-11,4,219,0.1184679174379206
ridge_cto_family,2015-10,2015-11,5,219,0.1147942514777231
ridge_cto_family,2015-10,2015-11,6,219,0.08622984677513457
ridge_cto_family,2015-10,2015-11,7,219,0.10556911901871356
ridge_cto_family,2015-10,2015-11,8,219,0.07894644675260147
ridge_cto_family,2015-10,2015-11,9,219,0.060909392949365614
ridge_cto_family,2015-10,2015-11,10,219,0.05179543367772611
ridge_cto_family,2015-11,2015-12,1,227,0.029716123833781447
ridge_cto_family,2015-11,2015-12,2,227,0.034902790690131136
ridge_cto_family,2015-11,2015-12,3,227,0.07646339686777436
ridge_cto_family,2015-11,2015-12,4,228,0.0836504009561166
ridge_cto_family,2015-11,2015-12,5,227,0.08147353548887168
ridge_cto_family,2015-11,2015-12,6,227,0.08343924940966724
ridge_cto_family,2015-11,2015-12,7,228,0.08844232674424851
ridge_cto_family,2015-11,2015-12,8,227,0.06890877912264537
ridge_cto_family,2015-11,2015-12,9,227,0.07322932839000698
ridge_cto_family,2015-11,2015-12,10,228,0.062331184275443624
ridge_cto_family,2015-12,2016-01,1,236,-0.31868404575613907
ridge_cto_family,2015-12,2016-01,2,236,-0.30479200580685034
ridge_cto_family,2015-12,2016-01,3,237,-0.3026530002080946
ridge_cto_family,2015-12,2016-01,4,236,-0.2929521088946452
ridge_cto_family,2015-12,2016-01,5,237,-0.29265178825651145
ridge_cto_family,2015-12,2016-01,6,236,-0.28674465942519206
ridge_cto_family,2015-12,2016-01,7,236,-0.2892050726248438
ridge_cto_family,2015-12,2016-01,8,237,-0.28785067655951835
ridge_cto_family,2015-12,2016-01,9,236,-0.286123479118062
ridge_cto_family,2015-12,2016-01,10,237,-0.2935066921187922
ridge_cto_family,2016-01,2016-02,1,239,-0.03273932846160486
ridge_cto_family,2016-01,2016-02,2,239,-0.014789986824038004
ridge_cto_family,2016-01,2016-02,3,239,-0.026586694269190116
ridge_cto_family,2016-01,2016-02,4,239,-0.03298602306822585
ridge_cto_family,2016-01,2016-02,5,240,-0.016910777813922213
ridge_cto_family,2016-01,2016-02,6,239,-0.008116084550369248
ridge_cto_family,2016-01,2016-02,7,239,-0.011843186094156584
ridge_cto_family,2016-01,2016-02,8,239,-0.020904422184780825
ridge_cto_family,2016-01,2016-02,9,239,-0.00730371653370299
ridge_cto_family,2016-01,2016-02,10,240,-0.002101020455180608
ridge_cto_family,2016-02,2016-03,1,239,0.10630087546650416
ridge_cto_family,2016-02,2016-03,2,240,0.1870132588014866
ridge_cto_family,2016-02,2016-03,3,240,0.20934281589574913
ridge_cto_family,2016-02,2016-03,4,240,0.20556303802506065
ridge_cto_family,2016-02,2016-03,5,240,0.20178411944271532
ridge_cto_family,2016-02,2016-03,6,240,0.20629180667060423
ridge_cto_family,2016-02,2016-03,7,240,0.20615420978527307
ridge_cto_family,2016-02,2016-03,8,240,0.19914787028790928
ridge_cto_family,2016-02,2016-03,9,240,0.21024720599509605
ridge_cto_family,2016-02,2016-03,10,240,0.21584291873937353
ridge_cto_family,2016-03,2016-04,1,244,-0.022822819415662794
ridge_cto_family,2016-03,2016-04,2,245,-0.014846308051557762
ridge_cto_family,2016-03,2016-04,3,244,-0.01738414489565974
ridge_cto_family,2016-03,2016-04,4,245,0.004476553815082641
ridge_cto_family,2016-03,2016-04,5,245,-0.0007836629092362537
ridge_cto_family,2016-03,2016-04,6,244,0.00811032201138785
ridge_cto_family,2016-03,2016-04,7,245,-0.011149790775750018
ridge_cto_family,2016-03,2016-04,8,244,-0.003060012737535056
ridge_cto_family,2016-03,2016-04,9,245,-0.010592061810736093
ridge_cto_family,2016-03,2016-04,10,245,0.0017003331066150066
ridge_cto_family,2016-04,2016-05,1,245,-0.028335006171020572
ridge_cto_family,2016-04,2016-05,2,246,-0.03187725838942207
ridge_cto_family,2016-04,2016-05,3,245,-0.026079777742950283
ridge_cto_family,2016-04,2016-05,4,246,-0.018708839478903477
ridge_cto_family,2016-04,2016-05,5,246,-0.002913545526631723
ridge_cto_family,2016-04,2016-05,6,245,-0.006520944389279755
ridge_cto_family,2016-04,2016-05,7,246,-0.009195695622282705
ridge_cto_family,2016-04,2016-05,8,245,-0.009797361528931089
ridge_cto_family,2016-04,2016-05,9,246,-0.008507508698959195
ridge_cto_family,2016-04,2016-05,10,246,-0.012418988713984313
ridge_cto_family,2016-05,2016-06,1,246,0.062215060723285275
ridge_cto_family,2016-05,2016-06,2,247,0.0842448240207811
ridge_cto_family,2016-05,2016-06,3,247,0.06794368491770769
ridge_cto_family,2016-05,2016-06,4,247,0.06507246153475571
ridge_cto_family,2016-05,2016-06,5,247,0.057431335360919655
ridge_cto_family,2016-05,2016-06,6,246,0.05077756861284581
ridge_cto_family,2016-05,2016-06,7,247,0.04550427119364663
ridge_cto_family,2016-05,2016-06,8,247,0.04874138175026157
ridge_cto_family,2016-05,2016-06,9,247,0.049882657409766204
ridge_cto_family,2016-05,2016-06,10,247,0.04464751776923472
ridge_cto_family,2016-06,2016-07,1,250,-0.07383518082662008
ridge_cto_family,2016-06,2016-07,2,250,-0.044719985968276615
ridge_cto_family,2016-06,2016-07,3,250,-0.03100311736053328
ridge_cto_family,2016-06,2016-07,4,251,-0.016639728324728757
ridge_cto_family,2016-06,2016-07,5,250,-0.004574777052163888
ridge_cto_family,2016-06,2016-07,6,250,0.004832383397600987
ridge_cto_family,2016-06,2016-07,7,251,0.019717036025158976
ridge_cto_family,2016-06,2016-07,8,250,0.028997209177172693
ridge_cto_family,2016-06,2016-07,9,250,0.04149106385563744
ridge_cto_family,2016-06,2016-07,10,251,0.022114118865020987
ridge_cto_family,2016-07,2016-08,1,254,0.035854312275524054
ridge_cto_family,2016-07,2016-08,2,254,0.040599015429222805
ridge_cto_family,2016-07,2016-08,3,254,0.04318735533749166
ridge_cto_family,2016-07,2016-08,4,255,0.05138818911282068
ridge_cto_family,2016-07,2016-08,5,254,0.06159802646749066
ridge_cto_family,2016-07,2016-08,6,254,0.055309472208007
ridge_cto_family,2016-07,2016-08,7,255,0.05639144789747576
ridge_cto_family,2016-07,2016-08,8,254,0.048282512472289256
ridge_cto_family,2016-07,2016-08,9,254,0.04034756179642297
ridge_cto_family,2016-07,2016-08,10,255,0.053481793822874955
ridge_cto_family,2016-08,2016-09,1,256,-0.01448832631425389
ridge_cto_family,2016-08,2016-09,2,256,-0.004288988890747076
ridge_cto_family,2016-08,2016-09,3,256,0.0014956940913324287
ridge_cto_family,2016-08,2016-09,4,257,0.0001395553179984753
ridge_cto_family,2016-08,2016-09,5,256,-0.011024769236867966
ridge_cto_family,2016-08,2016-09,6,256,0.0009431887889897817
ridge_cto_family,2016-08,2016-09,7,257,-0.008124245895727758
ridge_cto_family,2016-08,2016-09,8,256,-0.012161216854243604
ridge_cto_family,2016-08,2016-09,9,256,-0.019063496726951852
ridge_cto_family,2016-08,2016-09,10,257,-0.014970356588927668
ridge_cto_family,2016-09,2016-10,1,257,0.03135532519987141
ridge_cto_family,2016-09,2016-10,2,257,0.02138467006499525
ridge_cto_family,2016-09,2016-10,3,257,0.03365982832125119
ridge_cto_family,2016-09,2016-10,4,258,0.03504100845899972
ridge_cto_family,2016-09,2016-10,5,257,0.0334165266122653
ridge_cto_family,2016-09,2016-10,6,257,0.03253998997004468
ridge_cto_family,2016-09,2016-10,7,258,0.04021207567525085
ridge_cto_family,2016-09,2016-10,8,257,0.03602782918111653
ridge_cto_family,2016-09,2016-10,9,257,0.035763573330434895
ridge_cto_family,2016-09,2016-10,10,258,0.04829545700957967
ridge_cto_family,2016-10,2016-11,1,256,0.0067990902766038855
ridge_cto_family,2016-10,2016-11,2,257,0.019605874935571817
ridge_cto_family,2016-10,2016-11,3,256,0.03482731650813151
ridge_cto_family,2016-10,2016-11,4,257,0.03814431313587745
ridge_cto_family,2016-10,2016-11,5,257,0.03874208351230442
ridge_cto_family,2016-10,2016-11,6,256,0.03882509628441297
ridge_cto_family,2016-10,2016-11,7,257,0.038725220001667914
ridge_cto_family,2016-10,2016-11,8,256,0.031230617944875666
ridge_cto_family,2016-10,2016-11,9,257,0.01994457008551084
ridge_cto_family,2016-10,2016-11,10,257,0.014271574298932693
ridge_cto_family,2016-11,2016-12,1,260,-0.041237785814945006
ridge_cto_family,2016-11,2016-12,2,260,-0.04904606449148096
ridge_cto_family,2016-11,2016-12,3,260,-0.036289965597846224
ridge_cto_family,2016-11,2016-12,4,260,-0.04249188983206012
ridge_cto_family,2016-11,2016-12,5,260,-0.030824257573756685
ridge_cto_family,2016-11,2016-12,6,260,-0.042355593469535345
ridge_cto_family,2016-11,2016-12,7,260,-0.052185682559159854
ridge_cto_family,2016-11,2016-12,8,260,-0.05429399988660576
ridge_cto_family,2016-11,2016-12,9,260,-0.05678602978918608
ridge_cto_family,2016-11,2016-12,10,260,-0.05868718089880221
ridge_cto_family,2016-12,2017-01,1,261,-0.045879534949176216
ridge_cto_family,2016-12,2017-01,2,262,-0.01833418528229568
ridge_cto_family,2016-12,2017-01,3,262,-0.02014534466575861
ridge_cto_family,2016-12,2017-01,4,262,-0.013131169695574669
ridge_cto_family,2016-12,2017-01,5,262,-0.008968742548864017
ridge_cto_family,2016-12,2017-01,6,262,-0.009041884387778898
ridge_cto_family,2016-12,2017-01,7,262,-0.015141998066470751
ridge_cto_family,2016-12,2017-01,8,262,-0.017964601957489123
ridge_cto_family,2016-12,2017-01,9,262,-0.030421642623005736
ridge_cto_family,2016-12,2017-01,10,262,-0.03987165233945757
ridge_cto_family,2017-01,2017-02,1,261,0.03304395034647539
ridge_cto_family,2017-01,2017-02,2,262,0.035048918325971505
ridge_cto_family,2017-01,2017-02,3,262,0.038117955601246076
ridge_cto_family,2017-01,2017-02,4,261,0.041925860390337
ridge_cto_family,2017-01,2017-02,5,262,0.042280447786732865
ridge_cto_family,2017-01,2017-02,6,262,0.035119553455345794
ridge_cto_family,2017-01,2017-02,7,261,0.041272942335295576
ridge_cto_family,2017-01,2017-02,8,262,0.042395415032838474
ridge_cto_family,2017-01,2017-02,9,262,0.04372581772690927
ridge_cto_family,2017-01,2017-02,10,262,0.045188828664450516
ridge_cto_family,2017-02,2017-03,1,260,-0.03287953132271938
ridge_cto_family,2017-02,2017-03,2,261,-0.023426958051764965
ridge_cto_family,2017-02,2017-03,3,260,-0.018079611576162478
ridge_cto_family,2017-02,2017-03,4,261,-0.019448380039147305
ridge_cto_family,2017-02,2017-03,5,261,-0.02279063312754971
ridge_cto_family,2017-02,2017-03,6,260,-0.013844266229152698
ridge_cto_family,2017-02,2017-03,7,261,-0.02367247294274038
ridge_cto_family,2017-02,2017-03,8,260,-0.022795916022572266
ridge_cto_family,2017-02,2017-03,9,261,-0.017650842489507015
ridge_cto_family,2017-02,2017-03,10,261,-0.016628304487582818
ridge_cto_family,2017-03,2017-04,1,263,-0.04874594286476752
ridge_cto_family,2017-03,2017-04,2,263,-0.04920430552814037
ridge_cto_family,2017-03,2017-04,3,263,-0.05272655727884602
ridge_cto_family,2017-03,2017-04,4,263,-0.044931981263000804
ridge_cto_family,2017-03,2017-04,5,264,-0.05007166016975531
ridge_cto_family,2017-03,2017-04,6,263,-0.046031770552073144
ridge_cto_family,2017-03,2017-04,7,263,-0.06137247294397753
ridge_cto_family,2017-03,2017-04,8,263,-0.06459194574681726
ridge_cto_family,2017-03,2017-04,9,263,-0.07542131308759172
ridge_cto_family,2017-03,2017-04,10,264,-0.0731054312616882
ridge_cto_family,2017-04,2017-05,1,263,-0.06792597605965536
ridge_cto_family,2017-04,2017-05,2,264,-0.044584509617878854
ridge_cto_family,2017-04,2017-05,3,264,-0.05259446804625308
ridge_cto_family,2017-04,2017-05,4,264,-0.05615539695450122
ridge_cto_family,2017-04,2017-05,5,264,-0.06239867288120284
ridge_cto_family,2017-04,2017-05,6,263,-0.07704389593281898
ridge_cto_family,2017-04,2017-05,7,264,-0.07126115821568191
ridge_cto_family,2017-04,2017-05,8,264,-0.07918970525414999
ridge_cto_family,2017-04,2017-05,9,264,-0.07737069521242901
ridge_cto_family,2017-04,2017-05,10,264,-0.08931515998037166
ridge_cto_family,2017-05,2017-06,1,261,0.007423971233300777
ridge_cto_family,2017-05,2017-06,2,262,0.03107311497941312
ridge_cto_family,2017-05,2017-06,3,262,0.035890532235630504
ridge_cto_family,2017-05,2017-06,4,262,0.03680651199983004
ridge_cto_family,2017-05,2017-06,5,262,0.046044813330414665
ridge_cto_family,2017-05,2017-06,6,261,0.05031179150014037
ridge_cto_family,2017-05,2017-06,7,262,0.04244564672926175
ridge_cto_family,2017-05,2017-06,8,262,0.055053953521660905
ridge_cto_family,2017-05,2017-06,9,262,0.0602381721923551
ridge_cto_family,2017-05,2017-06,10,262,0.07353375581924991
ridge_cto_family,2017-06,2017-07,1,262,0.01926489416246829
ridge_cto_family,2017-06,2017-07,2,262,0.012571181771313472
ridge_cto_family,2017-06,2017-07,3,262,0.026958058278139352
ridge_cto_family,2017-06,2017-07,4,262,0.020474047729306024
ridge_cto_family,2017-06,2017-07,5,263,0.003093381336824256
ridge_cto_family,2017-06,2017-07,6,262,0.007781485244113549
ridge_cto_family,2017-06,2017-07,7,262,0.006854394522353389
ridge_cto_family,2017-06,2017-07,8,262,-0.0037157005195476395
ridge_cto_family,2017-06,2017-07,9,262,-0.012415105115338906
ridge_cto_family,2017-06,2017-07,10,263,-0.03225137174662037
ridge_cto_family,2017-07,2017-08,1,264,0.006946010756671297
ridge_cto_family,2017-07,2017-08,2,265,0.012046836850139202
ridge_cto_family,2017-07,2017-08,3,264,0.024956908249973174
ridge_cto_family,2017-07,2017-08,4,265,0.0264702736391944
ridge_cto_family,2017-07,2017-08,5,265,0.030148621812204856
ridge_cto_family,2017-07,2017-08,6,264,0.032419250866956247
ridge_cto_family,2017-07,2017-08,7,265,0.03607723395831479
ridge_cto_family,2017-07,2017-08,8,264,0.0500450741247892
ridge_cto_family,2017-07,2017-08,9,265,0.04803502609989715
ridge_cto_family,2017-07,2017-08,10,265,0.056104835750105136
ridge_cto_family,2017-08,2017-09,1,267,0.005290161553448764
ridge_cto_family,2017-08,2017-09,2,268,0.014347600198731726
ridge_cto_family,2017-08,2017-09,3,267,0.020061747320756423
ridge_cto_family,2017-08,2017-09,4,268,0.016816742182298856
ridge_cto_family,2017-08,2017-09,5,267,0.024509557689776106
ridge_cto_family,2017-08,2017-09,6,268,0.021278568901532242
ridge_cto_family,2017-08,2017-09,7,267,0.01501739364760659
ridge_cto_family,2017-08,2017-09,8,268,0.01717910199304663
ridge_cto_family,2017-08,2017-09,9,267,0.013820896043589373
ridge_cto_family,2017-08,2017-09,10,268,0.016417308058826314
ridge_cto_family,2017-09,2017-10,1,272,-0.05936172566165931
ridge_cto_family,2017-09,2017-10,2,273,-0.04223572468138013
ridge_cto_family,2017-09,2017-10,3,272,-0.026627434588573945
ridge_cto_family,2017-09,2017-10,4,273,-0.021273841900885816
ridge_cto_family,2017-09,2017-10,5,272,-0.006284930556478065
ridge_cto_family,2017-09,2017-10,6,273,-0.01434845427667819
ridge_cto_family,2017-09,2017-10,7,272,-0.007732937371465916
ridge_cto_family,2017-09,2017-10,8,273,-0.008326565237440551
ridge_cto_family,2017-09,2017-10,9,272,-0.008036155666232144
ridge_cto_family,2017-09,2017-10,10,273,-0.009252133785806357
ridge_cto_family,2017-10,2017-11,1,274,-0.0820920766873784
ridge_cto_family,2017-10,2017-11,2,275,-0.0682772432521601
ridge_cto_family,2017-10,2017-11,3,275,-0.059176905061918784
ridge_cto_family,2017-10,2017-11,4,275,-0.057747480621329235
ridge_cto_family,2017-10,2017-11,5,275,-0.05108568649340423
ridge_cto_family,2017-10,2017-11,6,274,-0.06289422018025521
ridge_cto_family,2017-10,2017-11,7,275,-0.062187938948850954
ridge_cto_family,2017-10,2017-11,8,275,-0.061144446967513776
ridge_cto_family,2017-10,2017-11,9,275,-0.06945839492664468
ridge_cto_family,2017-10,2017-11,10,275,-0.06608095367360244
ridge_cto_family,2017-11,2017-12,1,280,-0.031357415328741
ridge_cto_family,2017-11,2017-12,2,281,-0.0161803851795199
ridge_cto_family,2017-11,2017-12,3,280,-0.009385078267675068
ridge_cto_family,2017-11,2017-12,4,281,-0.017290261053288486
ridge_cto_family,2017-11,2017-12,5,280,-0.011973089822424938
ridge_cto_family,2017-11,2017-12,6,281,-0.014002177232190827
ridge_cto_family,2017-11,2017-12,7,280,-0.01446737968115788
ridge_cto_family,2017-11,2017-12,8,281,-0.020265332403572107
ridge_cto_family,2017-11,2017-12,9,280,-0.015014488254838306
ridge_cto_family,2017-11,2017-12,10,281,-0.02023598038684693
ridge_cto_family,2017-12,2018-01,1,282,-0.050681003157991816
ridge_cto_family,2017-12,2018-01,2,282,-0.034610246362701616
ridge_cto_family,2017-12,2018-01,3,283,-0.03454596644507922
ridge_cto_family,2017-12,2018-01,4,282,-0.01619451812509188
ridge_cto_family,2017-12,2018-01,5,283,-0.022331759778554172
ridge_cto_family,2017-12,2018-01,6,282,-0.019680967426325892
ridge_cto_family,2017-12,2018-01,7,282,-0.01420677106436206
ridge_cto_family,2017-12,2018-01,8,283,-0.020272350653955
ridge_cto_family,2017-12,2018-01,9,282,-0.012361017338497935
ridge_cto_family,2017-12,2018-01,10,283,-0.016570547175026058
ridge_cto_family,2018-01,2018-02,1,288,-0.0491566193099152
ridge_cto_family,2018-01,2018-02,2,288,-0.04295779526754132
ridge_cto_family,2018-01,2018-02,3,288,-0.053611911501452156
ridge_cto_family,2018-01,2018-02,4,288,-0.051218810392187925
ridge_cto_family,2018-01,2018-02,5,288,-0.04856340452624746
ridge_cto_family,2018-01,2018-02,6,288,-0.060321915538016434
ridge_cto_family,2018-01,2018-02,7,288,-0.049951126811635306
ridge_cto_family,2018-01,2018-02,8,288,-0.04365896684078333
ridge_cto_family,2018-01,2018-02,9,288,-0.0316813232080905
ridge_cto_family,2018-01,2018-02,10,289,-0.024835160842388185
ridge_cto_family,2018-02,2018-03,1,285,0.043945331163737944
ridge_cto_family,2018-02,2018-03,2,285,0.050439048687345
ridge_cto_family,2018-02,2018-03,3,285,0.04155594360326844
ridge_cto_family,2018-02,2018-03,4,286,0.05593085724858045
ridge_cto_family,2018-02,2018-03,5,285,0.042062810053095576
ridge_cto_family,2018-02,2018-03,6,285,0.0503087640781782
ridge_cto_family,2018-02,2018-03,7,286,0.04354878142053097
ridge_cto_family,2018-02,2018-03,8,285,0.04364347063928899
ridge_cto_family,2018-02,2018-03,9,285,0.03977164976247956
ridge_cto_family,2018-02,2018-03,10,286,0.0495295586329121
ridge_cto_family,2018-03,2018-04,1,290,-0.06310579656854086
ridge_cto_family,2018-03,2018-04,2,290,-0.04159042147795827
ridge_cto_family,2018-03,2018-04,3,291,-0.03601123568266701
ridge_cto_family,2018-03,2018-04,4,290,-0.03822795983228222
ridge_cto_family,2018-03,2018-04,5,291,-0.04452978373784122
ridge_cto_family,2018-03,2018-04,6,290,-0.03728329351236374
ridge_cto_family,2018-03,2018-04,7,290,-0.04073356054567841
ridge_cto_family,2018-03,2018-04,8,291,-0.040326641356003945
ridge_cto_family,2018-03,2018-04,9,290,-0.03380511207099701
ridge_cto_family,2018-03,2018-04,10,291,-0.03188078417807225
ridge_cto_family,2018-04,2018-05,1,294,-0.0270921991188877
ridge_cto_family,2018-04,2018-05,2,295,-0.03129007379562199
ridge_cto_family,2018-04,2018-05,3,294,-0.0071945288887526
ridge_cto_family,2018-04,2018-05,4,295,0.0048185263362390774
ridge_cto_family,2018-04,2018-05,5,294,-0.005086651459735165
ridge_cto_family,2018-04,2018-05,6,295,0.0027763546048412712
ridge_cto_family,2018-04,2018-05,7,294,-0.00993006811171426
ridge_cto_family,2018-04,2018-05,8,295,-0.0057303306949159
ridge_cto_family,2018-04,2018-05,9,294,0.0032151232672476796
ridge_cto_family,2018-04,2018-05,10,295,-0.017076282944780294
ridge_cto_family,2018-05,2018-06,1,301,-0.12657922728818902
ridge_cto_family,2018-05,2018-06,2,301,-0.10942997831796168
ridge_cto_family,2018-05,2018-06,3,301,-0.1066684989324655
ridge_cto_family,2018-05,2018-06,4,301,-0.11525815000766165
ridge_cto_family,2018-05,2018-06,5,301,-0.10524907573683699
ridge_cto_family,2018-05,2018-06,6,301,-0.10297182250206376
ridge_cto_family,2018-05,2018-06,7,301,-0.09631807491365259
ridge_cto_family,2018-05,2018-06,8,301,-0.10277463075987324
ridge_cto_family,2018-05,2018-06,9,301,-0.10118156473771865
ridge_cto_family,2018-05,2018-06,10,301,-0.10325934717669417
ridge_cto_family,2018-06,2018-07,1,305,-0.03451283358045556
ridge_cto_family,2018-06,2018-07,2,306,0.003428043243756546
ridge_cto_family,2018-06,2018-07,3,306,0.0001794809011967253
ridge_cto_family,2018-06,2018-07,4,305,0.008306781303479858
ridge_cto_family,2018-06,2018-07,5,306,0.0018712804934603432
ridge_cto_family,2018-06,2018-07,6,306,0.007027202126720133
ridge_cto_family,2018-06,2018-07,7,305,0.017833634157839572
ridge_cto_family,2018-06,2018-07,8,306,0.023800965019786104
ridge_cto_family,2018-06,2018-07,9,306,0.02443076844306169
ridge_cto_family,2018-06,2018-07,10,306,0.01550781530668188
ridge_cto_family,2018-07,2018-08,1,309,-0.10223322093635155
ridge_cto_family,2018-07,2018-08,2,310,-0.07801533634823066
ridge_cto_family,2018-07,2018-08,3,310,-0.07119137821928256
ridge_cto_family,2018-07,2018-08,4,309,-0.0715165627573914
ridge_cto_family,2018-07,2018-08,5,310,-0.06305663962671089
ridge_cto_family,2018-07,2018-08,6,310,-0.06818697924136104
ridge_cto_family,2018-07,2018-08,7,309,-0.07593571797659726
ridge_cto_family,2018-07,2018-08,8,310,-0.07468170556304073
ridge_cto_family,2018-07,2018-08,9,310,-0.07713973913481167
ridge_cto_family,2018-07,2018-08,10,310,-0.10072660141500514
ridge_cto_family,2018-08,2018-09,1,317,-0.012931188804345637
ridge_cto_family,2018-08,2018-09,2,317,-0.0033746146992552125
ridge_cto_family,2018-08,2018-09,3,317,-0.011628208439759211
ridge_cto_family,2018-08,2018-09,4,317,0.0030916840722167134
ridge_cto_family,2018-08,2018-09,5,318,-0.0015398613499435143
ridge_cto_family,2018-08,2018-09,6,317,0.0016843149344515716
ridge_cto_family,2018-08,2018-09,7,317,0.002801912166260065
ridge_cto_family,2018-08,2018-09,8,317,-0.0030776280046646647
ridge_cto_family,2018-08,2018-09,9,317,-0.004279206030888879
ridge_cto_family,2018-08,2018-09,10,318,0.011856277552032083
ridge_cto_family,2018-09,2018-10,1,323,-0.11399960286054575
ridge_cto_family,2018-09,2018-10,2,323,-0.10395151523565262
ridge_cto_family,2018-09,2018-10,3,323,-0.10025229511790265
ridge_cto_family,2018-09,2018-10,4,323,-0.08902716714512687
ridge_cto_family,2018-09,2018-10,5,323,-0.0771556758569754
ridge_cto_family,2018-09,2018-10,6,323,-0.09287268052822285
ridge_cto_family,2018-09,2018-10,7,323,-0.0849479346876084
ridge_cto_family,2018-09,2018-10,8,323,-0.08664250049771104
ridge_cto_family,2018-09,2018-10,9,323,-0.09799880627909664
ridge_cto_family,2018-09,2018-10,10,324,-0.09314859471395652
ridge_cto_family,2018-10,2018-11,1,327,0.025789158202661727
ridge_cto_family,2018-10,2018-11,2,328,0.04179070197315406
ridge_cto_family,2018-10,2018-11,3,327,0.058330900516849235
ridge_cto_family,2018-10,2018-11,4,328,0.05233830314863775
ridge_cto_family,2018-10,2018-11,5,328,0.05649862438669072
ridge_cto_family,2018-10,2018-11,6,327,0.07289457554215525
ridge_cto_family,2018-10,2018-11,7,328,0.06527521860957286
ridge_cto_family,2018-10,2018-11,8,327,0.06501428376564865
ridge_cto_family,2018-10,2018-11,9,328,0.07715205194213802
ridge_cto_family,2018-10,2018-11,10,328,0.07674988527360246
ridge_cto_family,2018-11,2018-12,1,334,-0.05802644439722862
ridge_cto_family,2018-11,2018-12,2,334,-0.054561525816599184
ridge_cto_family,2018-11,2018-12,3,334,-0.04803525717188127
ridge_cto_family,2018-11,2018-12,4,334,-0.040349405235010544
ridge_cto_family,2018-11,2018-12,5,334,-0.0415047288550495
ridge_cto_family,2018-11,2018-12,6,334,-0.03823537628467749
ridge_cto_family,2018-11,2018-12,7,334,-0.040655183022237876
ridge_cto_family,2018-11,2018-12,8,334,-0.03964609384006294
ridge_cto_family,2018-11,2018-12,9,334,-0.03735463132016457
ridge_cto_family,2018-11,2018-12,10,334,-0.022894302504024525
ridge_cto_family,2018-12,2019-01,1,336,-0.08280846094581766
ridge_cto_family,2018-12,2019-01,2,337,-0.025262918386850592
ridge_cto_family,2018-12,2019-01,3,337,-0.024986677890401012
ridge_cto_family,2018-12,2019-01,4,337,-0.023474323556009882
ridge_cto_family,2018-12,2019-01,5,337,-0.0069420153475478995
ridge_cto_family,2018-12,2019-01,6,337,-0.003644415816219212
ridge_cto_family,2018-12,2019-01,7,337,-0.012339025312615291
ridge_cto_family,2018-12,2019-01,8,337,-0.005452073776498949
ridge_cto_family,2018-12,2019-01,9,337,-0.0037260873549450147
ridge_cto_family,2018-12,2019-01,10,337,-0.015663186004301083
ridge_cto_family,2019-01,2019-02,1,338,0.25318051961842303
ridge_cto_family,2019-01,2019-02,2,339,0.23393200443376985
ridge_cto_family,2019-01,2019-02,3,339,0.22855090639950107
ridge_cto_family,2019-01,2019-02,4,339,0.21769952573509702
ridge_cto_family,2019-01,2019-02,5,339,0.20842113403361445
ridge_cto_family,2019-01,2019-02,6,339,0.19774225779106794
ridge_cto_family,2019-01,2019-02,7,339,0.21245028103826255
ridge_cto_family,2019-01,2019-02,8,339,0.21420338310185008
ridge_cto_family,2019-01,2019-02,9,339,0.23043569923538354
ridge_cto_family,2019-01,2019-02,10,339,0.2539381708561701
ridge_cto_family,2019-02,2019-03,1,340,0.10434711290329764
ridge_cto_family,2019-02,2019-03,2,340,0.10641508025516874
ridge_cto_family,2019-02,2019-03,3,340,0.11199102954427298
ridge_cto_family,2019-02,2019-03,4,340,0.10119798489627996
ridge_cto_family,2019-02,2019-03,5,340,0.12235326395341466
ridge_cto_family,2019-02,2019-03,6,340,0.10891803341215749
ridge_cto_family,2019-02,2019-03,7,340,0.10545997413621164
ridge_cto_family,2019-02,2019-03,8,340,0.11044121573225282
ridge_cto_family,2019-02,2019-03,9,340,0.09691165356890566
ridge_cto_family,2019-02,2019-03,10,340,0.0917261079165502
ridge_cto_family,2019-03,2019-04,1,341,-0.0749821719866687
ridge_cto_family,2019-03,2019-04,2,341,-0.05252401743331779
ridge_cto_family,2019-03,2019-04,3,341,-0.046107942701991166
ridge_cto_family,2019-03,2019-04,4,341,-0.03649132906497109
ridge_cto_family,2019-03,2019-04,5,341,-0.05185346934991636
ridge_cto_family,2019-03,2019-04,6,341,-0.022471868835457258
ridge_cto_family,2019-03,2019-04,7,341,-0.03165559923109989
ridge_cto_family,2019-03,2019-04,8,341,-0.014186617079570828
ridge_cto_family,2019-03,2019-04,9,341,-0.031450901898922606
ridge_cto_family,2019-03,2019-04,10,341,-0.015508114055361103
ridge_cto_family,2019-04,2019-05,1,342,-0.09305776672244959
ridge_cto_family,2019-04,2019-05,2,342,-0.054675858081840334
ridge_cto_family,2019-04,2019-05,3,343,-0.061432242945340686
ridge_cto_family,2019-04,2019-05,4,342,-0.054233483866810435
ridge_cto_family,2019-04,2019-05,5,343,-0.046557772016290064
ridge_cto_family,2019-04,2019-05,6,342,-0.03555211044186113
ridge_cto_family,2019-04,2019-05,7,342,-0.040661698623790286
ridge_cto_family,2019-04,2019-05,8,343,-0.031845869984439064
ridge_cto_family,2019-04,2019-05,9,342,-0.04831781540046537
ridge_cto_family,2019-04,2019-05,10,343,-0.02986173716807844
ridge_cto_family,2019-05,2019-06,1,337,-0.032559639211713336
ridge_cto_family,2019-05,2019-06,2,338,0.015017067811415864
ridge_cto_family,2019-05,2019-06,3,338,0.010616470243370583
ridge_cto_family,2019-05,2019-06,4,337,0.01533002906426806
ridge_cto_family,2019-05,2019-06,5,338,0.01895479832344659
ridge_cto_family,2019-05,2019-06,6,338,0.016918607228190302
ridge_cto_family,2019-05,2019-06,7,337,0.01625199462265712
ridge_cto_family,2019-05,2019-06,8,338,0.009153866256053526
ridge_cto_family,2019-05,2019-06,9,338,0.012790391693668197
ridge_cto_family,2019-05,2019-06,10,338,0.0144551873652831
ridge_cto_family,2019-06,2019-07,1,338,-0.049619671422813906
ridge_cto_family,2019-06,2019-07,2,338,-0.02253380541051072
ridge_cto_family,2019-06,2019-07,3,338,-0.01653847905970761
ridge_cto_family,2019-06,2019-07,4,338,-0.00991747150227802
ridge_cto_family,2019-06,2019-07,5,339,-0.009723926500286906
ridge_cto_family,2019-06,2019-07,6,338,-0.009401790192846224
ridge_cto_family,2019-06,2019-07,7,338,-0.009132523749381071
ridge_cto_family,2019-06,2019-07,8,338,-0.009400476406101966
ridge_cto_family,2019-06,2019-07,9,338,-0.016204420177971936
ridge_cto_family,2019-06,2019-07,10,339,-0.00794343175134954
ridge_cto_family,2019-07,2019-08,1,338,-0.000581156705502037
ridge_cto_family,2019-07,2019-08,2,339,-0.0015577853177082995
ridge_cto_family,2019-07,2019-08,3,338,-0.006541112229476063
ridge_cto_family,2019-07,2019-08,4,339,-0.007623962911342555
ridge_cto_family,2019-07,2019-08,5,338,-0.012774035597636792
ridge_cto_family,2019-07,2019-08,6,339,-0.02000621409366263
ridge_cto_family,2019-07,2019-08,7,338,-0.02723773434087812
ridge_cto_family,2019-07,2019-08,8,339,-0.0130597649784926
ridge_cto_family,2019-07,2019-08,9,338,-0.014320575448827515
ridge_cto_family,2019-07,2019-08,10,339,-0.012425278308672067
ridge_cto_family,2019-08,2019-09,1,339,-0.009700261460503512
ridge_cto_family,2019-08,2019-09,2,339,0.022894753038287332
ridge_cto_family,2019-08,2019-09,3,339,0.028817520129653874
ridge_cto_family,2019-08,2019-09,4,339,0.01466146667348124
ridge_cto_family,2019-08,2019-09,5,339,0.013044602137498317
ridge_cto_family,2019-08,2019-09,6,339,0.021606630537126234
ridge_cto_family,2019-08,2019-09,7,339,0.008903977078732254
ridge_cto_family,2019-08,2019-09,8,339,0.014892042833058752
ridge_cto_family,2019-08,2019-09,9,339,0.017029744800850094
ridge_cto_family,2019-08,2019-09,10,340,0.014108980811363981
ridge_cto_family,2019-09,2019-10,1,339,-0.012746757029329751
ridge_cto_family,2019-09,2019-10,2,340,0.0017221611310525538
ridge_cto_family,2019-09,2019-10,3,340,-0.014045402019260064
ridge_cto_family,2019-09,2019-10,4,340,0.0033384703063824702
ridge_cto_family,2019-09,2019-10,5,340,0.0012572490099825916
ridge_cto_family,2019-09,2019-10,6,340,0.0059880199638572
ridge_cto_family,2019-09,2019-10,7,340,0.0019477780200530777
ridge_cto_family,2019-09,2019-10,8,340,0.0017119458515953486
ridge_cto_family,2019-09,2019-10,9,340,0.0037646118716832154
ridge_cto_family,2019-09,2019-10,10,340,-0.0022256890898592683
ridge_cto_family,2019-10,2019-11,1,340,-0.047792450436029074
ridge_cto_family,2019-10,2019-11,2,341,-0.019701955522614223
ridge_cto_family,2019-10,2019-11,3,340,-0.022628038594403866
ridge_cto_family,2019-10,2019-11,4,341,-0.022988012190692665
ridge_cto_family,2019-10,2019-11,5,341,-0.013252596165486612
ridge_cto_family,2019-10,2019-11,6,340,-0.022017036506148082
ridge_cto_family,2019-10,2019-11,7,341,-0.009592096849398568
ridge_cto_family,2019-10,2019-11,8,340,-0.024870154251304833
ridge_cto_family,2019-10,2019-11,9,341,-0.019117460398364598
ridge_cto_family,2019-10,2019-11,10,341,-0.019820662932113323
ridge_cto_family,2019-11,2019-12,1,340,0.09678680563498185
ridge_cto_family,2019-11,2019-12,2,341,0.08750611256349002
ridge_cto_family,2019-11,2019-12,3,341,0.08749399692154662
ridge_cto_family,2019-11,2019-12,4,341,0.08648053161828438
ridge_cto_family,2019-11,2019-12,5,341,0.06601971672545782
ridge_cto_family,2019-11,2019-12,6,340,0.0757277714109963
ridge_cto_family,2019-11,2019-12,7,341,0.0761198350631899
ridge_cto_family,2019-11,2019-12,8,341,0.08079888748652188
ridge_cto_family,2019-11,2019-12,9,341,0.08373098041617653
ridge_cto_family,2019-11,2019-12,10,341,0.08378828698194732
ridge_cto_family,2019-12,2020-01,1,341,0.037049172784227896
ridge_cto_family,2019-12,2020-01,2,342,0.014572347502656909
ridge_cto_family,2019-12,2020-01,3,341,0.005917186617597236
ridge_cto_family,2019-12,2020-01,4,342,0.007345231203234683
ridge_cto_family,2019-12,2020-01,5,342,0.003830079495683188
ridge_cto_family,2019-12,2020-01,6,341,-0.0067668506624321695
ridge_cto_family,2019-12,2020-01,7,342,-0.0015795675880349894
ridge_cto_family,2019-12,2020-01,8,341,-0.010757136133883035
ridge_cto_family,2019-12,2020-01,9,342,-0.0032749323199649473
ridge_cto_family,2019-12,2020-01,10,342,0.00047718636782097024
ridge_cto_family,2020-01,2020-02,1,342,0.048591215425020304
ridge_cto_family,2020-01,2020-02,2,343,0.04005986777249289
ridge_cto_family,2020-01,2020-02,3,342,0.021221811877384335
ridge_cto_family,2020-01,2020-02,4,343,0.01918734161279602
ridge_cto_family,2020-01,2020-02,5,342,0.004068978267610024
ridge_cto_family,2020-01,2020-02,6,343,-0.009713903193015305
ridge_cto_family,2020-01,2020-02,7,342,-0.016937692359543066
ridge_cto_family,2020-01,2020-02,8,343,-0.02220939838740243
ridge_cto_family,2020-01,2020-02,9,342,-0.03425475938968562
ridge_cto_family,2020-01,2020-02,10,343,-0.030741326696386087
ridge_cto_family,2020-02,2020-03,1,343,-0.11837241294587433
ridge_cto_family,2020-02,2020-03,2,343,-0.08651535360431038
ridge_cto_family,2020-02,2020-03,3,343,-0.0504958167302298
ridge_cto_family,2020-02,2020-03,4,344,-0.02921803203459641
ridge_cto_family,2020-02,2020-03,5,343,-0.030267097981129882
ridge_cto_family,2020-02,2020-03,6,343,-0.01743576697205497
ridge_cto_family,2020-02,2020-03,7,344,-0.008651146692015181
ridge_cto_family,2020-02,2020-03,8,343,-0.01258327580156397
ridge_cto_family,2020-02,2020-03,9,343,-0.007646332288407109
ridge_cto_family,2020-02,2020-03,10,344,-0.016246173322372392
ridge_cto_family,2020-03,2020-04,1,344,-0.0061187011137563176
ridge_cto_family,2020-03,2020-04,2,344,-0.0017154238313871976
ridge_cto_family,2020-03,2020-04,3,345,0.005511783584782613
ridge_cto_family,2020-03,2020-04,4,344,0.01115139569860028
ridge_cto_family,2020-03,2020-04,5,345,0.02244717781750719
ridge_cto_family,2020-03,2020-04,6,344,0.02613173052121976
ridge_cto_family,2020-03,2020-04,7,344,0.023746219285020027
ridge_cto_family,2020-03,2020-04,8,345,0.02850054412682506
ridge_cto_family,2020-03,2020-04,9,344,0.04128833578449799
ridge_cto_family,2020-03,2020-04,10,345,0.07836384980266485
ridge_cto_family,2020-04,2020-05,1,345,0.012665105956775781
ridge_cto_family,2020-04,2020-05,2,346,0.004506223599186091
ridge_cto_family,2020-04,2020-05,3,346,0.025275871356257387
ridge_cto_family,2020-04,2020-05,4,345,0.034137738067843565
ridge_cto_family,2020-04,2020-05,5,346,0.01327325725775454
ridge_cto_family,2020-04,2020-05,6,346,0.026254661087002768
ridge_cto_family,2020-04,2020-05,7,345,0.02351117465255469
ridge_cto_family,2020-04,2020-05,8,346,0.015705064938678924
ridge_cto_family,2020-04,2020-05,9,346,0.022774135529050003
ridge_cto_family,2020-04,2020-05,10,346,0.024196987380191038
ridge_cto_family,2020-05,2020-06,1,340,0.06190190728944703
ridge_cto_family,2020-05,2020-06,2,340,0.06889092148899477
ridge_cto_family,2020-05,2020-06,3,340,0.07290202317172685
ridge_cto_family,2020-05,2020-06,4,341,0.07681880220033147
ridge_cto_family,2020-05,2020-06,5,340,0.06753990149129818
ridge_cto_family,2020-05,2020-06,6,340,0.06483817220608035
ridge_cto_family,2020-05,2020-06,7,341,0.05437428202184839
ridge_cto_family,2020-05,2020-06,8,340,0.06019825241601066
ridge_cto_family,2020-05,2020-06,9,340,0.07653547410139289
ridge_cto_family,2020-05,2020-06,10,341,0.08854259605327502
ridge_cto_family,2020-06,2020-07,1,341,0.13080155690934028
ridge_cto_family,2020-06,2020-07,2,342,0.0982790294020211
ridge_cto_family,2020-06,2020-07,3,342,0.13432103462529613
ridge_cto_family,2020-06,2020-07,4,341,0.12792170463138416
ridge_cto_family,2020-06,2020-07,5,342,0.16903904450645127
ridge_cto_family,2020-06,2020-07,6,342,0.15889986574202647
ridge_cto_family,2020-06,2020-07,7,341,0.16908271429144606
ridge_cto_family,2020-06,2020-07,8,342,0.1316839607007775
ridge_cto_family,2020-06,2020-07,9,342,0.13531911678201178
ridge_cto_family,2020-06,2020-07,10,342,0.14662438485160606
ridge_cto_family,2020-07,2020-08,1,343,-0.013023719992111141
ridge_cto_family,2020-07,2020-08,2,344,0.025169647141929714
ridge_cto_family,2020-07,2020-08,3,344,0.037459630422461226
ridge_cto_family,2020-07,2020-08,4,344,0.03211114584627074
ridge_cto_family,2020-07,2020-08,5,344,0.03638648559203254
ridge_cto_family,2020-07,2020-08,6,344,0.0492458392422731
ridge_cto_family,2020-07,2020-08,7,344,0.05198102501426107
ridge_cto_family,2020-07,2020-08,8,344,0.0509329986774923
ridge_cto_family,2020-07,2020-08,9,344,0.054503963517430636
ridge_cto_family,2020-07,2020-08,10,344,0.03370972610898159
ridge_cto_family,2020-08,2020-09,1,344,-0.05750349233175602
ridge_cto_family,2020-08,2020-09,2,345,-0.07464397999923188
ridge_cto_family,2020-08,2020-09,3,345,-0.06752349890909419
ridge_cto_family,2020-08,2020-09,4,344,-0.06990327924615276
ridge_cto_family,2020-08,2020-09,5,345,-0.06962832619254522
ridge_cto_family,2020-08,2020-09,6,345,-0.07084605672329354
ridge_cto_family,2020-08,2020-09,7,344,-0.06950155929741507
ridge_cto_family,2020-08,2020-09,8,345,-0.06995469334612936
ridge_cto_family,2020-08,2020-09,9,345,-0.07078064869205905
ridge_cto_family,2020-08,2020-09,10,345,-0.06893762488277745
ridge_cto_family,2020-09,2020-10,1,345,0.05378123729079006
ridge_cto_family,2020-09,2020-10,2,346,0.027305359204954666
ridge_cto_family,2020-09,2020-10,3,345,0.00692006230618075
ridge_cto_family,2020-09,2020-10,4,346,-0.00352525616342781
ridge_cto_family,2020-09,2020-10,5,345,-0.01611093043824857
ridge_cto_family,2020-09,2020-10,6,346,-0.014407952870855303
ridge_cto_family,2020-09,2020-10,7,345,-0.00790005242216351
ridge_cto_family,2020-09,2020-10,8,346,-0.005140584325915675
ridge_cto_family,2020-09,2020-10,9,345,-0.005268271539096687
ridge_cto_family,2020-09,2020-10,10,346,-0.01541208837689883
ridge_cto_family,2020-10,2020-11,1,346,-0.026299468535970677
ridge_cto_family,2020-10,2020-11,2,346,0.007106944684541345
ridge_cto_family,2020-10,2020-11,3,347,0.03438900829073221
ridge_cto_family,2020-10,2020-11,4,346,0.042215563434567165
ridge_cto_family,2020-10,2020-11,5,347,0.03693901929017982
ridge_cto_family,2020-10,2020-11,6,346,0.051190426917936446
ridge_cto_family,2020-10,2020-11,7,346,0.05483313780763344
ridge_cto_family,2020-10,2020-11,8,347,0.03836210526104142
ridge_cto_family,2020-10,2020-11,9,346,0.03672044199746104
ridge_cto_family,2020-10,2020-11,10,347,0.023916444826941156
ridge_cto_family,2020-11,2020-12,1,349,0.0007484031597021799
ridge_cto_family,2020-11,2020-12,2,350,-0.02156018995650678
ridge_cto_family,2020-11,2020-12,3,350,-0.03338332510257123
ridge_cto_family,2020-11,2020-12,4,350,-0.03867512168692406
ridge_cto_family,2020-11,2020-12,5,350,-0.030422185811986253
ridge_cto_family,2020-11,2020-12,6,350,-0.038229823151903396
ridge_cto_family,2020-11,2020-12,7,350,-0.03841019477567759
ridge_cto_family,2020-11,2020-12,8,350,-0.049866465256708466
ridge_cto_family,2020-11,2020-12,9,350,-0.04881014393506977
ridge_cto_family,2020-11,2020-12,10,350,-0.015402553638125422
ridge_cto_family,2020-12,2021-01,1,352,-0.10879107191909666
ridge_cto_family,2020-12,2021-01,2,353,-0.05639719349116641
ridge_cto_family,2020-12,2021-01,3,353,-0.05369502934867877
ridge_cto_family,2020-12,2021-01,4,352,-0.06078009965919117
ridge_cto_family,2020-12,2021-01,5,353,-0.06038055335626087
ridge_cto_family,2020-12,2021-01,6,353,-0.059466396724783786
ridge_cto_family,2020-12,2021-01,7,352,-0.06141946716261486
ridge_cto_family,2020-12,2021-01,8,353,-0.06990456694943521
ridge_cto_family,2020-12,2021-01,9,353,-0.06990790134076245
ridge_cto_family,2020-12,2021-01,10,353,-0.07320324143719582
ridge_cto_family,2021-01,2021-02,1,354,0.006036291455562559
ridge_cto_family,2021-01,2021-02,2,355,0.01380849347274004
ridge_cto_family,2021-01,2021-02,3,354,0.027891514468424354
ridge_cto_family,2021-01,2021-02,4,355,0.0328363179903057
ridge_cto_family,2021-01,2021-02,5,354,0.037721579161744165
ridge_cto_family,2021-01,2021-02,6,355,0.04206647157757101
ridge_cto_family,2021-01,2021-02,7,354,0.04076770896806018
ridge_cto_family,2021-01,2021-02,8,355,0.03794745745184448
ridge_cto_family,2021-01,2021-02,9,354,0.04349866154013234
ridge_cto_family,2021-01,2021-02,10,355,0.050449028316512136
ridge_cto_family,2021-02,2021-03,1,356,-0.008324253927041812
ridge_cto_family,2021-02,2021-03,2,356,0.00564242537117062
ridge_cto_family,2021-02,2021-03,3,356,0.021750746076724538
ridge_cto_family,2021-02,2021-03,4,357,0.01385133175094298
ridge_cto_family,2021-02,2021-03,5,356,0.030603267735184757
ridge_cto_family,2021-02,2021-03,6,356,0.03254088094317777
ridge_cto_family,2021-02,2021-03,7,357,0.023562560431294333
ridge_cto_family,2021-02,2021-03,8,356,0.017087065592692595
ridge_cto_family,2021-02,2021-03,9,356,0.021301550543584156
ridge_cto_family,2021-02,2021-03,10,357,-0.005551756372248991
ridge_cto_family,2021-03,2021-04,1,358,-0.034856369359819714
ridge_cto_family,2021-03,2021-04,2,358,-0.00048425493592951194
ridge_cto_family,2021-03,2021-04,3,358,0.00643637837104074
ridge_cto_family,2021-03,2021-04,4,359,-0.0054851642870128135
ridge_cto_family,2021-03,2021-04,5,358,0.013591884537443746
ridge_cto_family,2021-03,2021-04,6,358,0.006027700287238144
ridge_cto_family,2021-03,2021-04,7,359,0.015395007469371275
ridge_cto_family,2021-03,2021-04,8,358,0.014544752194795745
ridge_cto_family,2021-03,2021-04,9,358,0.025352083809207747
ridge_cto_family,2021-03,2021-04,10,359,0.019843068496541917
ridge_cto_family,2021-04,2021-05,1,362,0.10405002217053942
ridge_cto_family,2021-04,2021-05,2,363,0.07195537815494282
ridge_cto_family,2021-04,2021-05,3,363,0.06627070787510535
ridge_cto_family,2021-04,2021-05,4,363,0.057755580996127556
ridge_cto_family,2021-04,2021-05,5,363,0.057405498214270816
ridge_cto_family,2021-04,2021-05,6,362,0.06098112049123951
ridge_cto_family,2021-04,2021-05,7,363,0.05126633617934029
ridge_cto_family,2021-04,2021-05,8,363,0.05062537440098933
ridge_cto_family,2021-04,2021-05,9,363,0.03725216750894548
ridge_cto_family,2021-04,2021-05,10,363,0.05179305891232275
ridge_cto_family,2021-05,2021-06,1,361,0.007466679146582006
ridge_cto_family,2021-05,2021-06,2,362,0.034849725307729264
ridge_cto_family,2021-05,2021-06,3,362,0.03654535215962063
ridge_cto_family,2021-05,2021-06,4,362,0.0585788583635704
ridge_cto_family,2021-05,2021-06,5,362,0.04012931520645844
ridge_cto_family,2021-05,2021-06,6,361,0.021234737252503695
ridge_cto_family,2021-05,2021-06,7,362,0.03582729008475285
ridge_cto_family,2021-05,2021-06,8,362,0.01690968201808413
ridge_cto_family,2021-05,2021-06,9,362,0.019396417564892375
ridge_cto_family,2021-05,2021-06,10,362,0.015486873521436706
ridge_cto_family,2021-06,2021-07,1,366,0.043468985024004404
ridge_cto_family,2021-06,2021-07,2,366,0.05390787043083887
ridge_cto_family,2021-06,2021-07,3,366,0.03959580117330192
ridge_cto_family,2021-06,2021-07,4,366,0.009899652908600648
ridge_cto_family,2021-06,2021-07,5,366,0.0021756248535673944
ridge_cto_family,2021-06,2021-07,6,366,-0.002144271587373169
ridge_cto_family,2021-06,2021-07,7,366,-0.01850194041472431
ridge_cto_family,2021-06,2021-07,8,366,-0.016127475431626
ridge_cto_family,2021-06,2021-07,9,366,-0.02893373075484658
ridge_cto_family,2021-06,2021-07,10,367,-0.04597973226074416
ridge_cto_family,2021-07,2021-08,1,370,0.05020370909883859
ridge_cto_family,2021-07,2021-08,2,371,0.062349258249744154
ridge_cto_family,2021-07,2021-08,3,370,0.07031875951115603
ridge_cto_family,2021-07,2021-08,4,371,0.06602126383704413
ridge_cto_family,2021-07,2021-08,5,371,0.08480381753536341
ridge_cto_family,2021-07,2021-08,6,370,0.07763031870942728
ridge_cto_family,2021-07,2021-08,7,371,0.07043307211295038
ridge_cto_family,2021-07,2021-08,8,370,0.07114262395111592
ridge_cto_family,2021-07,2021-08,9,371,0.06172925373353429
ridge_cto_family,2021-07,2021-08,10,371,0.060870486475638315
ridge_cto_family,2021-08,2021-09,1,377,-0.07969360337306489
ridge_cto_family,2021-08,2021-09,2,377,-0.03209874546180494
ridge_cto_family,2021-08,2021-09,3,377,-0.02956963892105909
ridge_cto_family,2021-08,2021-09,4,377,-0.008755708567807108
ridge_cto_family,2021-08,2021-09,5,378,0.008906992818212838
ridge_cto_family,2021-08,2021-09,6,377,0.003658088402758628
ridge_cto_family,2021-08,2021-09,7,377,0.0036914055233323168
ridge_cto_family,2021-08,2021-09,8,377,0.005221836207047834
ridge_cto_family,2021-08,2021-09,9,377,0.0023896783135212833
ridge_cto_family,2021-08,2021-09,10,378,-0.016870463435951222
ridge_cto_family,2021-09,2021-10,1,383,-0.0413149995775698
ridge_cto_family,2021-09,2021-10,2,383,-0.015085745700733715
ridge_cto_family,2021-09,2021-10,3,384,-0.009836508454673064
ridge_cto_family,2021-09,2021-10,4,383,-0.030181324840715423
ridge_cto_family,2021-09,2021-10,5,384,-0.028882103823730524
ridge_cto_family,2021-09,2021-10,6,383,-0.03093937769415854
ridge_cto_family,2021-09,2021-10,7,383,-0.012031170487261378
ridge_cto_family,2021-09,2021-10,8,384,-0.015821039259506092
ridge_cto_family,2021-09,2021-10,9,383,-0.016678685077304658
ridge_cto_family,2021-09,2021-10,10,384,-0.009504515925344474
ridge_cto_family,2021-10,2021-11,1,385,0.06233332573546268
ridge_cto_family,2021-10,2021-11,2,385,0.0972277731747
ridge_cto_family,2021-10,2021-11,3,386,0.10506809415980706
ridge_cto_family,2021-10,2021-11,4,385,0.09463720742629213
ridge_cto_family,2021-10,2021-11,5,386,0.11426759276234089
ridge_cto_family,2021-10,2021-11,6,385,0.09952380233765325
ridge_cto_family,2021-10,2021-11,7,385,0.09540522845516673
ridge_cto_family,2021-10,2021-11,8,386,0.08595887063987198
ridge_cto_family,2021-10,2021-11,9,385,0.11311391349854935
ridge_cto_family,2021-10,2021-11,10,386,0.13303815462268737
ridge_cto_family,2021-11,2021-12,1,388,-0.021586583212960298
ridge_cto_family,2021-11,2021-12,2,388,0.01471230428293263
ridge_cto_family,2021-11,2021-12,3,388,0.01762280305773204
ridge_cto_family,2021-11,2021-12,4,388,0.04637474200473139
ridge_cto_family,2021-11,2021-12,5,389,0.03405889095393973
ridge_cto_family,2021-11,2021-12,6,388,0.055459950172832354
ridge_cto_family,2021-11,2021-12,7,388,0.051914623877980653
ridge_cto_family,2021-11,2021-12,8,388,0.07147508337596062
ridge_cto_family,2021-11,2021-12,9,388,0.06319158523307122
ridge_cto_family,2021-11,2021-12,10,389,0.04584419810469421
ridge_cto_family,2021-12,2022-01,1,393,-0.12071317528966095
ridge_cto_family,2021-12,2022-01,2,394,-0.09144007106699574
ridge_cto_family,2021-12,2022-01,3,393,-0.09864648215028572
ridge_cto_family,2021-12,2022-01,4,394,-0.08453593108863006
ridge_cto_family,2021-12,2022-01,5,394,-0.07979602983398422
ridge_cto_family,2021-12,2022-01,6,393,-0.08374783374452335
ridge_cto_family,2021-12,2022-01,7,394,-0.08256532501464525
ridge_cto_family,2021-12,2022-01,8,393,-0.07964071067007555
ridge_cto_family,2021-12,2022-01,9,394,-0.09517939757132389
ridge_cto_family,2021-12,2022-01,10,394,-0.0901614791612435
ridge_cto_family,2022-01,2022-02,1,396,0.04820886857763945
ridge_cto_family,2022-01,2022-02,2,397,0.05158607470964751
ridge_cto_family,2022-01,2022-02,3,396,0.04838165856657067
ridge_cto_family,2022-01,2022-02,4,397,0.04671232075534466
ridge_cto_family,2022-01,2022-02,5,397,0.043337450061410474
ridge_cto_family,2022-01,2022-02,6,396,0.053734005186933456
ridge_cto_family,2022-01,2022-02,7,397,0.05443333068079224
ridge_cto_family,2022-01,2022-02,8,396,0.04686175449591776
ridge_cto_family,2022-01,2022-02,9,397,0.052566243912557556
ridge_cto_family,2022-01,2022-02,10,397,0.04388567571017145
ridge_cto_family,2022-02,2022-03,1,399,-0.023022295233729978
ridge_cto_family,2022-02,2022-03,2,400,-0.03178395873725029
ridge_cto_family,2022-02,2022-03,3,399,-0.058759583104445956
ridge_cto_family,2022-02,2022-03,4,400,-0.050605865851537424
ridge_cto_family,2022-02,2022-03,5,399,-0.0541819522352425
ridge_cto_family,2022-02,2022-03,6,400,-0.03473884661004027
ridge_cto_family,2022-02,2022-03,7,399,-0.04920856730456718
ridge_cto_family,2022-02,2022-03,8,400,-0.047837113446291275
ridge_cto_family,2022-02,2022-03,9,399,-0.065305520217615
ridge_cto_family,2022-02,2022-03,10,400,-0.07130373770334689
ridge_cto_family,2022-03,2022-04,1,403,-0.21031658913536955
ridge_cto_family,2022-03,2022-04,2,404,-0.15610549885256436
ridge_cto_family,2022-03,2022-04,3,404,-0.15362309423803996
ridge_cto_family,2022-03,2022-04,4,404,-0.140152064429523
ridge_cto_family,2022-03,2022-04,5,404,-0.12777997829420254
ridge_cto_family,2022-03,2022-04,6,403,-0.13242631786589065
ridge_cto_family,2022-03,2022-04,7,404,-0.13345030339423966
ridge_cto_family,2022-03,2022-04,8,404,-0.12537561118364943
ridge_cto_family,2022-03,2022-04,9,404,-0.14452037704840884
ridge_cto_family,2022-03,2022-04,10,404,-0.1672265098745204
ridge_cto_family,2022-04,2022-05,1,409,0.09281616241824582
ridge_cto_family,2022-04,2022-05,2,410,0.07770400948575772
ridge_cto_family,2022-04,2022-05,3,410,0.09940336315498795
ridge_cto_family,2022-04,2022-05,4,410,0.11510872206107213
ridge_cto_family,2022-04,2022-05,5,410,0.09863262603219353
ridge_cto_family,2022-04,2022-05,6,409,0.11491706378408421
ridge_cto_family,2022-04,2022-05,7,410,0.10688050508756941
ridge_cto_family,2022-04,2022-05,8,410,0.12110777097464795
ridge_cto_family,2022-04,2022-05,9,410,0.12183638806122296
ridge_cto_family,2022-04,2022-05,10,410,0.13218445764872644
ridge_cto_family,2022-05,2022-06,1,412,0.05432358599651657
ridge_cto_family,2022-05,2022-06,2,413,0.07989416565528064
ridge_cto_family,2022-05,2022-06,3,412,0.09314301413942706
ridge_cto_family,2022-05,2022-06,4,413,0.08984626041673521
ridge_cto_family,2022-05,2022-06,5,412,0.08661571943985998
ridge_cto_family,2022-05,2022-06,6,413,0.08358710375996112
ridge_cto_family,2022-05,2022-06,7,412,0.0849755455195964
ridge_cto_family,2022-05,2022-06,8,413,0.08060809409965597
ridge_cto_family,2022-05,2022-06,9,412,0.08744995741471899
ridge_cto_family,2022-05,2022-06,10,413,0.08791129044740434
ridge_cto_family,2022-06,2022-07,1,417,0.052509847998271304
ridge_cto_family,2022-06,2022-07,2,417,0.02215721216685305
ridge_cto_family,2022-06,2022-07,3,417,0.025566432737239745
ridge_cto_family,2022-06,2022-07,4,417,0.018937827453020067
ridge_cto_family,2022-06,2022-07,5,418,0.01913210091750461
ridge_cto_family,2022-06,2022-07,6,417,0.02395199492253863
ridge_cto_family,2022-06,2022-07,7,417,0.024581761341989014
ridge_cto_family,2022-06,2022-07,8,417,0.03032174150682228
ridge_cto_family,2022-06,2022-07,9,417,0.03025179971432274
ridge_cto_family,2022-06,2022-07,10,418,0.042672562843710286
ridge_cto_family,2022-07,2022-08,1,421,-0.09581806517732695
ridge_cto_family,2022-07,2022-08,2,422,-0.06726745019785947
ridge_cto_family,2022-07,2022-08,3,422,-0.034314347860279884
ridge_cto_family,2022-07,2022-08,4,422,-0.028417267323215308
ridge_cto_family,2022-07,2022-08,5,422,-0.025564012101858324
ridge_cto_family,2022-07,2022-08,6,422,-0.013800746731016174
ridge_cto_family,2022-07,2022-08,7,422,-0.016970440040538094
ridge_cto_family,2022-07,2022-08,8,422,-0.012024873486558984
ridge_cto_family,2022-07,2022-08,9,422,-0.013037877638597541
ridge_cto_family,2022-07,2022-08,10,422,-0.01021363109441296
ridge_cto_family,2022-08,2022-09,1,426,-0.10388183132128369
ridge_cto_family,2022-08,2022-09,2,427,-0.09394998585309951
ridge_cto_family,2022-08,2022-09,3,427,-0.0891958255687777
ridge_cto_family,2022-08,2022-09,4,427,-0.0815067051039731
ridge_cto_family,2022-08,2022-09,5,427,-0.08580241648717105
ridge_cto_family,2022-08,2022-09,6,426,-0.08792351382690974
ridge_cto_family,2022-08,2022-09,7,427,-0.07443534659905517
ridge_cto_family,2022-08,2022-09,8,427,-0.0880304810407325
ridge_cto_family,2022-08,2022-09,9,427,-0.08001659157619682
ridge_cto_family,2022-08,2022-09,10,427,-0.09004098484580972
ridge_cto_family,2022-09,2022-10,1,430,0.015388338931531862
ridge_cto_family,2022-09,2022-10,2,431,0.019199017990305135
ridge_cto_family,2022-09,2022-10,3,431,0.020096052264047242
ridge_cto_family,2022-09,2022-10,4,431,0.024599478307967108
ridge_cto_family,2022-09,2022-10,5,431,0.039763430698300926
ridge_cto_family,2022-09,2022-10,6,430,0.035309052658588476
ridge_cto_family,2022-09,2022-10,7,431,0.03971271396170875
ridge_cto_family,2022-09,2022-10,8,431,0.05418006617065351
ridge_cto_family,2022-09,2022-10,9,431,0.051927126243919014
ridge_cto_family,2022-09,2022-10,10,431,0.05845756048450266
ridge_cto_family,2022-10,2022-11,1,434,0.035205621625838575
ridge_cto_family,2022-10,2022-11,2,434,0.048496607616809684
ridge_cto_family,2022-10,2022-11,3,434,0.062249432835868
ridge_cto_family,2022-10,2022-11,4,434,0.07866270215986798
ridge_cto_family,2022-10,2022-11,5,435,0.07649964097624487
ridge_cto_family,2022-10,2022-11,6,434,0.07895864399217695
ridge_cto_family,2022-10,2022-11,7,434,0.08851682912662684
ridge_cto_family,2022-10,2022-11,8,434,0.09851889392999923
ridge_cto_family,2022-10,2022-11,9,434,0.11167416497882679
ridge_cto_family,2022-10,2022-11,10,435,0.11980658009908723
ridge_cto_family,2022-11,2022-12,1,438,-0.047939712020933764
ridge_cto_family,2022-11,2022-12,2,438,-0.035016227887721865
ridge_cto_family,2022-11,2022-12,3,438,-0.029112807533869113
ridge_cto_family,2022-11,2022-12,4,438,-0.03850130000608684
ridge_cto_family,2022-11,2022-12,5,438,-0.03314700280933872
ridge_cto_family,2022-11,2022-12,6,438,-0.02996230192836907
ridge_cto_family,2022-11,2022-12,7,438,-0.03198645216804367
ridge_cto_family,2022-11,2022-12,8,438,-0.03445523801214377
ridge_cto_family,2022-11,2022-12,9,438,-0.04629867766312391
ridge_cto_family,2022-11,2022-12,10,438,-0.05028742632755497
ridge_cto_family,2022-12,2023-01,1,442,0.016974809520150905
ridge_cto_family,2022-12,2023-01,2,442,0.06531969619058713
ridge_cto_family,2022-12,2023-01,3,442,0.07337638953698145
ridge_cto_family,2022-12,2023-01,4,442,0.08546483914537485
ridge_cto_family,2022-12,2023-01,5,443,0.08237963343296499
ridge_cto_family,2022-12,2023-01,6,442,0.09405233930331657
ridge_cto_family,2022-12,2023-01,7,442,0.08888834647680356
ridge_cto_family,2022-12,2023-01,8,442,0.08915230884063373
ridge_cto_family,2022-12,2023-01,9,442,0.10082865209103976
ridge_cto_family,2022-12,2023-01,10,443,0.10459134559840264
ridge_cto_family,2023-01,2023-02,1,445,0.01604288391066866
ridge_cto_family,2023-01,2023-02,2,446,0.02606689400830212
ridge_cto_family,2023-01,2023-02,3,445,0.024441310770275965
ridge_cto_family,2023-01,2023-02,4,446,0.04875255813676957
ridge_cto_family,2023-01,2023-02,5,446,0.03938819319089633
ridge_cto_family,2023-01,2023-02,6,445,0.03920063434708789
ridge_cto_family,2023-01,2023-02,7,446,0.039052885926917136
ridge_cto_family,2023-01,2023-02,8,445,0.040975013628811174
ridge_cto_family,2023-01,2023-02,9,446,0.03395990245734651
ridge_cto_family,2023-01,2023-02,10,446,0.036473096285989104
ridge_cto_family,2023-02,2023-03,1,446,0.028393546567763484
ridge_cto_family,2023-02,2023-03,2,447,0.0013381129711343
ridge_cto_family,2023-02,2023-03,3,447,-0.0021947562896282823
ridge_cto_family,2023-02,2023-03,4,447,-0.003456950214365061
ridge_cto_family,2023-02,2023-03,5,447,-0.00031448465648032753
ridge_cto_family,2023-02,2023-03,6,446,-0.02221154139553872
ridge_cto_family,2023-02,2023-03,7,447,-0.02198391400774449
ridge_cto_family,2023-02,2023-03,8,447,-0.031321539890842784
ridge_cto_family,2023-02,2023-03,9,447,-0.02838069281093127
ridge_cto_family,2023-02,2023-03,10,447,-0.037183153135196524
ridge_cto_family,2023-03,2023-04,1,450,-0.015849592900369972
ridge_cto_family,2023-03,2023-04,2,451,-0.017001514865765205
ridge_cto_family,2023-03,2023-04,3,450,-0.028203166799028845
ridge_cto_family,2023-03,2023-04,4,451,-0.028422336700903154
ridge_cto_family,2023-03,2023-04,5,450,-0.02430271318505998
ridge_cto_family,2023-03,2023-04,6,451,-0.027853886292147634
ridge_cto_family,2023-03,2023-04,7,450,-0.024748432982642225
ridge_cto_family,2023-03,2023-04,8,451,-0.03622425111552619
ridge_cto_family,2023-03,2023-04,9,450,-0.035044558226523685
ridge_cto_family,2023-03,2023-04,10,451,-0.03841960894668197
ridge_cto_family,2023-04,2023-05,1,454,-0.0013607372492121723
ridge_cto_family,2023-04,2023-05,2,454,-0.011804662843853335
ridge_cto_family,2023-04,2023-05,3,454,0.00545187077823047
ridge_cto_family,2023-04,2023-05,4,454,-0.0030472798875561214
ridge_cto_family,2023-04,2023-05,5,454,-0.000784446670927493
ridge_cto_family,2023-04,2023-05,6,454,-0.0012233186104963795
ridge_cto_family,2023-04,2023-05,7,454,-5.6405149693381964e-05
ridge_cto_family,2023-04,2023-05,8,454,0.0026209667285663906
ridge_cto_family,2023-04,2023-05,9,454,0.013660025375617927
ridge_cto_family,2023-04,2023-05,10,454,0.005099804680381304
ridge_cto_family,2023-05,2023-06,1,451,0.036245345328537425
ridge_cto_family,2023-05,2023-06,2,451,0.02339871807815708
ridge_cto_family,2023-05,2023-06,3,451,0.0260241291250518
ridge_cto_family,2023-05,2023-06,4,451,0.03216108875763303
ridge_cto_family,2023-05,2023-06,5,451,0.027045960850224357
ridge_cto_family,2023-05,2023-06,6,451,0.023035392890696678
ridge_cto_family,2023-05,2023-06,7,451,0.015044697456840709
ridge_cto_family,2023-05,2023-06,8,451,0.020718213057269615
ridge_cto_family,2023-05,2023-06,9,451,0.02865175937314324
ridge_cto_family,2023-05,2023-06,10,452,0.021906619669343024
ridge_cto_family,2023-06,2023-07,1,455,-0.06729054884501469
ridge_cto_family,2023-06,2023-07,2,456,-0.02231974107854767
ridge_cto_family,2023-06,2023-07,3,456,-0.0011403204232990631
ridge_cto_family,2023-06,2023-07,4,456,0.01345586609450128
ridge_cto_family,2023-06,2023-07,5,456,0.023173837340031384
ridge_cto_family,2023-06,2023-07,6,456,0.02191051325976279
ridge_cto_family,2023-06,2023-07,7,456,0.04682128873377383
ridge_cto_family,2023-06,2023-07,8,456,0.047837751806061236
ridge_cto_family,2023-06,2023-07,9,456,0.03806506508690794
ridge_cto_family,2023-06,2023-07,10,456,0.027574299738585682
ridge_cto_family,2023-07,2023-08,1,457,-0.044707722928747855
ridge_cto_family,2023-07,2023-08,2,457,-0.05052781660041566
ridge_cto_family,2023-07,2023-08,3,457,-0.055233336402109943
ridge_cto_family,2023-07,2023-08,4,458,-0.04911826625004335
ridge_cto_family,2023-07,2023-08,5,457,-0.050451860226626705
ridge_cto_family,2023-07,2023-08,6,457,-0.04273513274949677
ridge_cto_family,2023-07,2023-08,7,458,-0.04221248523711132
ridge_cto_family,2023-07,2023-08,8,457,-0.041769736490672255
ridge_cto_family,2023-07,2023-08,9,457,-0.039075364264122794
ridge_cto_family,2023-07,2023-08,10,458,-0.019188855138512796
ridge_cto_family,2023-08,2023-09,1,461,-0.041125607466694414
ridge_cto_family,2023-08,2023-09,2,462,-0.0045746680608143835
ridge_cto_family,2023-08,2023-09,3,462,0.01568400937198127
ridge_cto_family,2023-08,2023-09,4,462,0.010501586193270287
ridge_cto_family,2023-08,2023-09,5,462,0.0038831562518761736
ridge_cto_family,2023-08,2023-09,6,461,0.007394398583054776
ridge_cto_family,2023-08,2023-09,7,462,0.012648887459690183
ridge_cto_family,2023-08,2023-09,8,462,0.0034148532091477567
ridge_cto_family,2023-08,2023-09,9,462,0.005543752914806007
ridge_cto_family,2023-08,2023-09,10,462,-0.003363562172458
ridge_cto_family,2023-09,2023-10,1,465,0.004919695116691241
ridge_cto_family,2023-09,2023-10,2,466,0.013000609445287114
ridge_cto_family,2023-09,2023-10,3,466,-0.009249051564576902
ridge_cto_family,2023-09,2023-10,4,466,-0.0008532173432820564
ridge_cto_family,2023-09,2023-10,5,466,-0.011029048252198838
ridge_cto_family,2023-09,2023-10,6,465,-0.010642546005001743
ridge_cto_family,2023-09,2023-10,7,466,-0.017700590253082314
ridge_cto_family,2023-09,2023-10,8,466,-0.013447445086462987
ridge_cto_family,2023-09,2023-10,9,466,-0.013871974743677844
ridge_cto_family,2023-09,2023-10,10,466,-0.017153288419298668
ridge_cto_family,2023-10,2023-11,1,468,0.030543213050454366
ridge_cto_family,2023-10,2023-11,2,469,0.03434387464153197
ridge_cto_family,2023-10,2023-11,3,469,0.049648989311656726
ridge_cto_family,2023-10,2023-11,4,468,0.04607555147433813
ridge_cto_family,2023-10,2023-11,5,469,0.03724670698412349
ridge_cto_family,2023-10,2023-11,6,469,0.02698387313949997
ridge_cto_family,2023-10,2023-11,7,468,0.030663191468923243
ridge_cto_family,2023-10,2023-11,8,469,0.03872449846194235
ridge_cto_family,2023-10,2023-11,9,469,0.031500760273891815
ridge_cto_family,2023-10,2023-11,10,469,0.03678364963337854
ridge_cto_family,2023-11,2023-12,1,471,-0.028131262249708654
ridge_cto_family,2023-11,2023-12,2,471,-0.027315685253018793
ridge_cto_family,2023-11,2023-12,3,472,-0.019706545972021264
ridge_cto_family,2023-11,2023-12,4,471,-0.020227899311145086
ridge_cto_family,2023-11,2023-12,5,472,-0.01794250614165442
ridge_cto_family,2023-11,2023-12,6,471,-0.013315621723624476
ridge_cto_family,2023-11,2023-12,7,471,-0.01886120473190299
ridge_cto_family,2023-11,2023-12,8,472,-0.017770122302145485
ridge_cto_family,2023-11,2023-12,9,471,-0.0200511751954875
ridge_cto_family,2023-11,2023-12,10,472,-0.020940959420561938
ridge_cto_family,2023-12,2024-01,1,474,-0.23141880490980332
ridge_cto_family,2023-12,2024-01,2,474,-0.19750200269102627
ridge_cto_family,2023-12,2024-01,3,474,-0.18208303387026706
ridge_cto_family,2023-12,2024-01,4,474,-0.17420463049643464
ridge_cto_family,2023-12,2024-01,5,474,-0.1635066117606117
ridge_cto_family,2023-12,2024-01,6,474,-0.16450734343342943
ridge_cto_family,2023-12,2024-01,7,474,-0.1625339578822885
ridge_cto_family,2023-12,2024-01,8,474,-0.16462211274746769
ridge_cto_family,2023-12,2024-01,9,474,-0.18763282547889704
ridge_cto_family,2023-12,2024-01,10,475,-0.2128491129592988
ridge_cto_family,2024-01,2024-02,1,474,0.04714638553693616
ridge_cto_family,2024-01,2024-02,2,475,0.07112712672820602
ridge_cto_family,2024-01,2024-02,3,475,0.0660193284563485
ridge_cto_family,2024-01,2024-02,4,474,0.06144228866792371
ridge_cto_family,2024-01,2024-02,5,475,0.06714636404574063
ridge_cto_family,2024-01,2024-02,6,475,0.055135825237251586
ridge_cto_family,2024-01,2024-02,7,474,0.06758361534172093
ridge_cto_family,2024-01,2024-02,8,475,0.07177351212387369
ridge_cto_family,2024-01,2024-02,9,475,0.05489551476374547
ridge_cto_family,2024-01,2024-02,10,475,0.035762103687628465
ridge_cto_family,2024-02,2024-03,1,476,0.03818001842635606
ridge_cto_family,2024-02,2024-03,2,476,0.04279750619334441
ridge_cto_family,2024-02,2024-03,3,476,0.03995359596200243
ridge_cto_family,2024-02,2024-03,4,476,0.03508840744355639
ridge_cto_family,2024-02,2024-03,5,477,0.035040235543308824
ridge_cto_family,2024-02,2024-03,6,476,0.04261964940791178
ridge_cto_family,2024-02,2024-03,7,476,0.05083039568085487
ridge_cto_family,2024-02,2024-03,8,476,0.04139140655188557
ridge_cto_family,2024-02,2024-03,9,476,0.05778232266434823
ridge_cto_family,2024-02,2024-03,10,477,0.09344873030924498
ridge_cto_family,2024-03,2024-04,1,478,-0.08813363637718548
ridge_cto_family,2024-03,2024-04,2,479,-0.039144094994213244
ridge_cto_family,2024-03,2024-04,3,478,-0.03306571608455781
ridge_cto_family,2024-03,2024-04,4,479,-0.017548099950699513
ridge_cto_family,2024-03,2024-04,5,478,-0.0018968263463098947
ridge_cto_family,2024-03,2024-04,6,479,0.00017161657660408556
ridge_cto_family,2024-03,2024-04,7,478,0.009061400734622286
ridge_cto_family,2024-03,2024-04,8,479,0.00028914119682497703
ridge_cto_family,2024-03,2024-04,9,478,0.008918627490492251
ridge_cto_family,2024-03,2024-04,10,479,0.01012963942677021
ridge_cto_family,2024-04,2024-05,1,481,-0.015134862137219242
ridge_cto_family,2024-04,2024-05,2,481,-0.007109113312172133
ridge_cto_family,2024-04,2024-05,3,481,-0.010102955602123346
ridge_cto_family,2024-04,2024-05,4,481,-0.012097185932589497
ridge_cto_family,2024-04,2024-05,5,482,-0.00870200605198327
ridge_cto_family,2024-04,2024-05,6,481,-0.006381334340126792
ridge_cto_family,2024-04,2024-05,7,481,-0.016941123433348193
ridge_cto_family,2024-04,2024-05,8,481,-0.009184763387451583
ridge_cto_family,2024-04,2024-05,9,481,-0.019609413752699326
ridge_cto_family,2024-04,2024-05,10,482,-0.04018841657514793
ridge_cto_family,2024-05,2024-06,1,477,-0.0910443668303782
ridge_cto_family,2024-05,2024-06,2,477,-0.0820664979655195
ridge_cto_family,2024-05,2024-06,3,477,-0.07946251704139322
ridge_cto_family,2024-05,2024-06,4,478,-0.06829739420903724
ridge_cto_family,2024-05,2024-06,5,477,-0.07876559046815595
ridge_cto_family,2024-05,2024-06,6,477,-0.07640019500217961
ridge_cto_family,2024-05,2024-06,7,478,-0.07872131122089197
ridge_cto_family,2024-05,2024-06,8,477,-0.08768132398965545
ridge_cto_family,2024-05,2024-06,9,477,-0.09042544364065176
ridge_cto_family,2024-05,2024-06,10,478,-0.10231901031933732
ridge_cto_family,2024-06,2024-07,1,481,-0.008118597390644567
ridge_cto_family,2024-06,2024-07,2,482,-0.00482600754308411
ridge_cto_family,2024-06,2024-07,3,482,0.0020190298073066992
ridge_cto_family,2024-06,2024-07,4,481,-0.008687158279795644
ridge_cto_family,2024-06,2024-07,5,482,0.001779367572387749
ridge_cto_family,2024-06,2024-07,6,482,0.011417721372802645
ridge_cto_family,2024-06,2024-07,7,481,0.015246912938828874
ridge_cto_family,2024-06,2024-07,8,482,0.012291415373022275
ridge_cto_family,2024-06,2024-07,9,482,0.013236633565747438
ridge_cto_family,2024-06,2024-07,10,482,0.021884162337009495
ridge_cto_family,2024-07,2024-08,1,485,-0.06302797943418442
ridge_cto_family,2024-07,2024-08,2,486,-0.04519458304731308
ridge_cto_family,2024-07,2024-08,3,485,-0.03911939780146015
ridge_cto_family,2024-07,2024-08,4,486,-0.03578557457083119
ridge_cto_family,2024-07,2024-08,5,486,-0.03651978869190163
ridge_cto_family,2024-07,2024-08,6,485,-0.03525445962133965
ridge_cto_family,2024-07,2024-08,7,486,-0.02867612697750762
ridge_cto_family,2024-07,2024-08,8,485,-0.029728542683512466
ridge_cto_family,2024-07,2024-08,9,486,-0.03047319080736849
ridge_cto_family,2024-07,2024-08,10,486,-0.031853743503080484
ridge_cto_family,2024-08,2024-09,1,487,0.24370785095470007
ridge_cto_family,2024-08,2024-09,2,488,0.23795846546364183
ridge_cto_family,2024-08,2024-09,3,488,0.23043523035457736
ridge_cto_family,2024-08,2024-09,4,487,0.22891794928126455
ridge_cto_family,2024-08,2024-09,5,488,0.2350957433186678
ridge_cto_family,2024-08,2024-09,6,488,0.23630840821001964
ridge_cto_family,2024-08,2024-09,7,487,0.22461494233300683
ridge_cto_family,2024-08,2024-09,8,488,0.23324709365071478
ridge_cto_family,2024-08,2024-09,9,488,0.22667027811902374
ridge_cto_family,2024-08,2024-09,10,488,0.24337056355384548
ridge_cto_family,2024-09,2024-10,1,489,0.15124967382008234
ridge_cto_family,2024-09,2024-10,2,489,0.11619839943748461
ridge_cto_family,2024-09,2024-10,3,489,0.09328022634365826
ridge_cto_family,2024-09,2024-10,4,489,0.0616077723637497
ridge_cto_family,2024-09,2024-10,5,489,0.061417690309674616
ridge_cto_family,2024-09,2024-10,6,489,0.058532480611012516
ridge_cto_family,2024-09,2024-10,7,489,0.029745511906474672
ridge_cto_family,2024-09,2024-10,8,489,0.04771154540699113
ridge_cto_family,2024-09,2024-10,9,489,0.037143462829368395
ridge_cto_family,2024-09,2024-10,10,489,0.043494708665044964
ridge_cto_family,2024-10,2024-11,1,489,-0.03262622586889669
ridge_cto_family,2024-10,2024-11,2,490,0.025480097238082523
ridge_cto_family,2024-10,2024-11,3,490,0.0466271743528465
ridge_cto_family,2024-10,2024-11,4,490,0.05756438954426241
ridge_cto_family,2024-10,2024-11,5,490,0.063120533292246
ridge_cto_family,2024-10,2024-11,6,489,0.064579475551645
ridge_cto_family,2024-10,2024-11,7,490,0.06000152706725205
ridge_cto_family,2024-10,2024-11,8,490,0.06333526709501194
ridge_cto_family,2024-10,2024-11,9,490,0.0694538271649065
ridge_cto_family,2024-10,2024-11,10,490,0.04135852540950793
ridge_cto_family,2024-11,2024-12,1,490,-0.09475862200913157
ridge_cto_family,2024-11,2024-12,2,491,-0.06852687530080731
ridge_cto_family,2024-11,2024-12,3,490,-0.044413789366585625
ridge_cto_family,2024-11,2024-12,4,491,-0.04553835370972909
ridge_cto_family,2024-11,2024-12,5,490,-0.04352589694062329
ridge_cto_family,2024-11,2024-12,6,491,-0.034983828562788505
ridge_cto_family,2024-11,2024-12,7,490,-0.027455659834719637
ridge_cto_family,2024-11,2024-12,8,491,-0.026170314452318807
ridge_cto_family,2024-11,2024-12,9,490,-0.02427182743508778
ridge_cto_family,2024-11,2024-12,10,491,-0.030535610617675218
ridge_cto_family,2024-12,2025-01,1,491,-0.02845033692908331
ridge_cto_family,2024-12,2025-01,2,492,-0.015934798335729243
ridge_cto_family,2024-12,2025-01,3,492,-0.014762251641090846
ridge_cto_family,2024-12,2025-01,4,492,-0.020538208597402827
ridge_cto_family,2024-12,2025-01,5,492,-0.013900459500415654
ridge_cto_family,2024-12,2025-01,6,491,-0.01681070411727041
ridge_cto_family,2024-12,2025-01,7,492,-0.013315562816190148
ridge_cto_family,2024-12,2025-01,8,492,-0.013221786494987373
ridge_cto_family,2024-12,2025-01,9,492,-0.012973014660097894
ridge_cto_family,2024-12,2025-01,10,492,-0.007342197179461302
ridge_cto_family,2025-01,2025-02,1,492,0.1027485319397908
ridge_cto_family,2025-01,2025-02,2,492,0.0910662259128222
ridge_cto_family,2025-01,2025-02,3,492,0.08458914455208688
ridge_cto_family,2025-01,2025-02,4,493,0.06954739857818623
ridge_cto_family,2025-01,2025-02,5,492,0.07464912552797466
ridge_cto_family,2025-01,2025-02,6,492,0.06542633278504549
ridge_cto_family,2025-01,2025-02,7,493,0.053309085302138966
ridge_cto_family,2025-01,2025-02,8,492,0.0688072512188321
ridge_cto_family,2025-01,2025-02,9,492,0.07127428855319055
ridge_cto_family,2025-01,2025-02,10,493,0.08793564631904721
ridge_cto_family,2025-02,2025-03,1,492,-0.0621963574424822
ridge_cto_family,2025-02,2025-03,2,493,-0.023168646370262398
ridge_cto_family,2025-02,2025-03,3,493,-0.012674366200222319
ridge_cto_family,2025-02,2025-03,4,492,-0.002461689932516846
ridge_cto_family,2025-02,2025-03,5,493,0.0016730319405129433
ridge_cto_family,2025-02,2025-03,6,493,0.014179490044113726
ridge_cto_family,2025-02,2025-03,7,492,0.016229115042134944
ridge_cto_family,2025-02,2025-03,8,493,0.01941730025879372
ridge_cto_family,2025-02,2025-03,9,493,0.02438825115927482
ridge_cto_family,2025-02,2025-03,10,493,0.034232963183027376
ridge_cto_family,2025-03,2025-04,1,493,-0.0442407348806062
ridge_cto_family,2025-03,2025-04,2,493,-0.023190709822683637
ridge_cto_family,2025-03,2025-04,3,493,-0.029377228990211033
ridge_cto_family,2025-03,2025-04,4,494,-0.03521374585190823
ridge_cto_family,2025-03,2025-04,5,493,-0.024275544389907134
ridge_cto_family,2025-03,2025-04,6,493,-0.024491860523611644
ridge_cto_family,2025-03,2025-04,7,494,-0.02036337887461044
ridge_cto_family,2025-03,2025-04,8,493,-0.014741016542489117
ridge_cto_family,2025-03,2025-04,9,493,-0.017875991106210676
ridge_cto_family,2025-03,2025-04,10,494,-0.015207018129550763
ridge_cto_family,2025-04,2025-05,1,493,0.07470869900498507
ridge_cto_family,2025-04,2025-05,2,493,0.06138984724748856
ridge_cto_family,2025-04,2025-05,3,493,0.04509124631222077
ridge_cto_family,2025-04,2025-05,4,493,0.04882906879125398
ridge_cto_family,2025-04,2025-05,5,494,0.04755230790249588
ridge_cto_family,2025-04,2025-05,6,493,0.03330701006301643
ridge_cto_family,2025-04,2025-05,7,493,0.051976143097569705
ridge_cto_family,2025-04,2025-05,8,493,0.05290644167751601
ridge_cto_family,2025-04,2025-05,9,493,0.04362160458670817
ridge_cto_family,2025-04,2025-05,10,494,0.04697076738367522
ridge_cto_family,2025-05,2025-06,1,486,0.046549864057161675
ridge_cto_family,2025-05,2025-06,2,487,0.06476897651708988
ridge_cto_family,2025-05,2025-06,3,486,0.06967442662482114
ridge_cto_family,2025-05,2025-06,4,487,0.06499743193682037
ridge_cto_family,2025-05,2025-06,5,487,0.07793833088069521
ridge_cto_family,2025-05,2025-06,6,486,0.060322654396153315
ridge_cto_family,2025-05,2025-06,7,487,0.059012436288462825
ridge_cto_family,2025-05,2025-06,8,486,0.04804888612615488
ridge_cto_family,2025-05,2025-06,9,487,0.06190273690617965
ridge_cto_family,2025-05,2025-06,10,487,0.07497037904580839
ridge_cto_family,2025-06,2025-07,1,488,0.03475493990056681
ridge_cto_family,2025-06,2025-07,2,489,0.040215554334977976
ridge_cto_family,2025-06,2025-07,3,489,0.04869274171447158
ridge_cto_family,2025-06,2025-07,4,489,0.05976584208953397
ridge_cto_family,2025-06,2025-07,5,489,0.06036026448407385
ridge_cto_family,2025-06,2025-07,6,488,0.05849179586278335
ridge_cto_family,2025-06,2025-07,7,489,0.08052410689775241
ridge_cto_family,2025-06,2025-07,8,489,0.05722817700730156
ridge_cto_family,2025-06,2025-07,9,489,0.0724260303395271
ridge_cto_family,2025-06,2025-07,10,489,0.060137410675231665
ridge_cto_family,2025-07,2025-08,1,489,0.0927391276380334
ridge_cto_family,2025-07,2025-08,2,489,0.10569719326827728
ridge_cto_family,2025-07,2025-08,3,489,0.10393574430606839
ridge_cto_family,2025-07,2025-08,4,489,0.09070089306139992
ridge_cto_family,2025-07,2025-08,5,489,0.09215510564480979
ridge_cto_family,2025-07,2025-08,6,489,0.08875986873036529
ridge_cto_family,2025-07,2025-08,7,489,0.08064011313742923
ridge_cto_family,2025-07,2025-08,8,489,0.08141018619911526
ridge_cto_family,2025-07,2025-08,9,489,0.06495234344066926
ridge_cto_family,2025-07,2025-08,10,490,0.06431772552663495
ridge_cto_family,2025-08,2025-09,1,489,-0.008973741768497263
ridge_cto_family,2025-08,2025-09,2,490,0.017791269841350228
ridge_cto_family,2025-08,2025-09,3,490,0.04289387550693172
ridge_cto_family,2025-08,2025-09,4,489,0.017490049374943785
ridge_cto_family,2025-08,2025-09,5,490,0.021197778205873652
ridge_cto_family,2025-08,2025-09,6,490,0.007138701718617854
ridge_cto_family,2025-08,2025-09,7,489,0.0016278505770145001
ridge_cto_family,2025-08,2025-09,8,490,0.008461697938911486
ridge_cto_family,2025-08,2025-09,9,490,0.001638536264703726
ridge_cto_family,2025-08,2025-09,10,490,0.012455941650689972
ridge_cto_family,2025-09,2025-10,1,490,0.00033982351518199646
ridge_cto_family,2025-09,2025-10,2,490,-0.009825781591893137
ridge_cto_family,2025-09,2025-10,3,490,-0.00638903914072413
ridge_cto_family,2025-09,2025-10,4,491,0.013252369319859571
ridge_cto_family,2025-09,2025-10,5,490,0.01716035530015494
ridge_cto_family,2025-09,2025-10,6,490,0.02073828967078555
ridge_cto_family,2025-09,2025-10,7,491,0.028332066050004327
ridge_cto_family,2025-09,2025-10,8,490,0.03186047707168723
ridge_cto_family,2025-09,2025-10,9,490,0.025936876700212712
ridge_cto_family,2025-09,2025-10,10,491,0.02043510245448474
ridge_cto_family,2025-10,2025-11,1,490,0.0008630909232592127
ridge_cto_family,2025-10,2025-11,2,490,-0.0007547737517062435
ridge_cto_family,2025-10,2025-11,3,491,-0.003945830703957016
ridge_cto_family,2025-10,2025-11,4,490,0.0044170078086585955
ridge_cto_family,2025-10,2025-11,5,491,-0.0004385601138874978
ridge_cto_family,2025-10,2025-11,6,490,-0.0020991052044159477
ridge_cto_family,2025-10,2025-11,7,490,-0.0015853471135173292
ridge_cto_family,2025-10,2025-11,8,491,-0.004978789968861933
ridge_cto_family,2025-10,2025-11,9,490,-0.0014914870855545022
ridge_cto_family,2025-10,2025-11,10,491,-0.020870631234017934
ridge_cto_family,2025-11,2025-12,1,490,0.016972708481939842
ridge_cto_family,2025-11,2025-12,2,491,0.033364286436337265
ridge_cto_family,2025-11,2025-12,3,491,0.030064753153376932
ridge_cto_family,2025-11,2025-12,4,491,0.025334485977759013
ridge_cto_family,2025-11,2025-12,5,491,0.023923603539424836
ridge_cto_family,2025-11,2025-12,6,491,0.013439825779256733
ridge_cto_family,2025-11,2025-12,7,491,0.021340829671355057
ridge_cto_family,2025-11,2025-12,8,491,0.02833043577579029
ridge_cto_family,2025-11,2025-12,9,491,0.0033414694084958475
ridge_cto_family,2025-11,2025-12,10,491,0.01345053054003301
ridge_cto_family,2025-12,2026-01,1,492,0.04532180266601974
ridge_cto_family,2025-12,2026-01,2,492,0.07942445197295536
ridge_cto_family,2025-12,2026-01,3,492,0.08437568952454483
ridge_cto_family,2025-12,2026-01,4,492,0.08800680068850777
ridge_cto_family,2025-12,2026-01,5,492,0.09697235549326831
ridge_cto_family,2025-12,2026-01,6,492,0.0855417240995013
ridge_cto_family,2025-12,2026-01,7,492,0.07512046948018616
ridge_cto_family,2025-12,2026-01,8,492,0.07955180694424697
ridge_cto_family,2025-12,2026-01,9,492,0.08363464649937423
ridge_cto_family,2025-12,2026-01,10,493,0.08692824427501741
ridge_cto_family,2026-01,2026-02,1,492,0.04844995652036839
ridge_cto_family,2026-01,2026-02,2,493,0.046866276807259515
ridge_cto_family,2026-01,2026-02,3,492,0.057101701681001656
ridge_cto_family,2026-01,2026-02,4,493,0.04454664435471118
ridge_cto_family,2026-01,2026-02,5,492,0.03994507897837525
ridge_cto_family,2026-01,2026-02,6,493,0.035853242725414715
ridge_cto_family,2026-01,2026-02,7,492,0.03742951327055477
ridge_cto_family,2026-01,2026-02,8,493,0.036392241012630014
ridge_cto_family,2026-01,2026-02,9,492,0.03191141193363325
ridge_cto_family,2026-01,2026-02,10,493,0.03189299665156075
ridge_cto_family,2026-02,2026-03,1,492,-0.12382723138839936
ridge_cto_family,2026-02,2026-03,2,492,-0.10795778996614776
ridge_cto_family,2026-02,2026-03,3,493,-0.10470803918537891
ridge_cto_family,2026-02,2026-03,4,492,-0.10449469319873603
ridge_cto_family,2026-02,2026-03,5,493,-0.09020854386757987
ridge_cto_family,2026-02,2026-03,6,492,-0.09073407460114646
ridge_cto_family,2026-02,2026-03,7,492,-0.08362541423205824
ridge_cto_family,2026-02,2026-03,8,493,-0.0777364828493342
ridge_cto_family,2026-02,2026-03,9,492,-0.08005309823197704
ridge_cto_family,2026-02,2026-03,10,493,-0.0878985849295225
ridge_cto_family,2026-03,2026-04,1,493,0.0896105578966148
ridge_cto_family,2026-03,2026-04,2,494,0.09160083188843808
ridge_cto_family,2026-03,2026-04,3,494,0.05869865647604281
ridge_cto_family,2026-03,2026-04,4,493,0.06621416939411977
ridge_cto_family,2026-03,2026-04,5,494,0.06711440773628823
ridge_cto_family,2026-03,2026-04,6,494,0.041043863073702815
ridge_cto_family,2026-03,2026-04,7,493,0.05815390159058467
ridge_cto_family,2026-03,2026-04,8,494,0.060136753684213846
ridge_cto_family,2026-03,2026-04,9,494,0.07564935647685214
ridge_cto_family,2026-03,2026-04,10,494,0.08314092122050325
ridge_cto_family,2026-04,2026-05,1,495,0.01244156886597099
ridge_cto_family,2026-04,2026-05,2,495,-0.003929994629930147
ridge_cto_family,2026-04,2026-05,3,495,0.007980852785935317
ridge_cto_family,2026-04,2026-05,4,495,-0.013970795718201204
ridge_cto_family,2026-04,2026-05,5,495,-0.044997615480161283
ridge_cto_family,2026-04,2026-05,6,495,-0.043957810168719566
ridge_cto_family,2026-04,2026-05,7,495,-0.04689616867875623
ridge_cto_family,2026-04,2026-05,8,495,-0.051185685944088705
ridge_cto_family,2026-04,2026-05,9,495,-0.05436639574248536
ridge_cto_family,2026-04,2026-05,10,495,-0.05941286514183003
ridge_cto_family,2026-05,2026-06,1,487,0.05843559183062828
ridge_cto_family,2026-05,2026-06,2,487,0.0023058123072573437
ridge_cto_family,2026-05,2026-06,3,488,-0.010683491917569106
ridge_cto_family,2026-05,2026-06,4,487,-0.027572352967531296
ridge_cto_family,2026-05,2026-06,5,488,-0.05386781547067403
ridge_cto_family,2026-05,2026-06,6,487,-0.0655342816640949
ridge_cto_family,2026-05,2026-06,7,487,-0.049604308905554714
ridge_cto_family,2026-05,2026-06,8,488,-0.06170907952573395
ridge_cto_family,2026-05,2026-06,9,487,-0.06445357535193676
ridge_cto_family,2026-05,2026-06,10,488,-0.0816008713648739
ridge_cto_family,2026-06,2026-07,1,491,-0.28005731397605793
ridge_cto_family,2026-06,2026-07,2,492,-0.18381212060123944
ridge_cto_family,2026-06,2026-07,3,491,-0.14171696550725238
ridge_cto_family,2026-06,2026-07,4,492,-0.08214775303486625
ridge_cto_family,2026-06,2026-07,5,491,-0.07059376335281423
ridge_cto_family,2026-06,2026-07,6,492,-0.05507277220365212
ridge_cto_family,2026-06,2026-07,7,491,-0.03039241540898159
ridge_cto_family,2026-06,2026-07,8,492,-0.027710759447401288
ridge_cto_family,2026-06,2026-07,9,491,-0.034185347818936965
ridge_cto_family,2026-06,2026-07,10,492,-0.0831140892446147
