model,formation_month,holding_month,1,2,3,4,5,6,7,8,9,10,gross_long_short,low_one_way_turnover,high_one_way_turnover,mean_leg_one_way_turnover,two_leg_one_way_turnover,two_leg_buy_sell_turnover,cost_10bps,net_10bps,cost_15bps,net_15bps,cost_25bps,net_25bps
cto_sort,2013-01,2013-02,0.04399607714766828,0.03463713107591727,0.037965194159172586,0.040602882547216404,0.03549337242433092,0.03124525324522695,0.024924832999703505,0.03649674490825243,0.033299334142521016,0.04957031201739642,0.005574234869728141,,,,,,,,,,,
cto_sort,2013-02,2013-03,-0.048972686814080776,-0.032874578888709434,-0.023944281821247464,-0.034284910594164344,-0.0426677498076976,-0.03695873495992005,-0.03813830819284917,-0.049055681109686465,-0.032366120465346204,-0.03085825704099918,0.018114429773081597,0.8099547511312217,0.8243243243243243,0.817139537727773,1.634279075455546,3.268558150911092,0.0032685581509110917,0.014845871622170504,0.004902837226366638,0.01321159254671496,0.00817139537727773,0.009943034395803867
cto_sort,2013-03,2013-04,-0.04176895195811224,-0.023755380731794753,-0.03651542063724955,-0.026510676134923316,-0.018854823375733822,-0.03615917015916327,-0.030714907900959133,-0.02579452814862205,-0.021528972936616726,-0.031502461394000654,0.010266490564111587,0.7544642857142857,0.8355555555555556,0.7950099206349206,1.5900198412698412,3.1800396825396824,0.0031800396825396823,0.007086450881571905,0.004770059523809524,0.005496431040302063,0.007950099206349205,0.0023163913577623815
cto_sort,2013-04,2013-05,0.13409625857476015,0.16594960217644703,0.16118693320046779,0.1572536324342276,0.1391686432899664,0.13014737704711193,0.1392961743262303,0.1261162788236038,0.13923014772236514,0.14394284900972817,0.009846590434968022,0.8053097345132744,0.8810572687224669,0.8431835016178706,1.6863670032357412,3.3727340064714824,0.0033727340064714823,0.00647385642849654,0.005059101009707224,0.004787489425260799,0.008431835016178706,0.001414755418789316
cto_sort,2013-05,2013-06,-0.12573066599677118,-0.14167564067061333,-0.16077469263225072,-0.1571560688095926,-0.16275330211948721,-0.15001357309949068,-0.17468406205710438,-0.15489825133980206,-0.16557285207922284,-0.1571056080517056,-0.03137494205493441,0.808695652173913,0.8571428571428572,0.8329192546583851,1.6658385093167702,3.3316770186335405,0.0033316770186335404,-0.034706619073567944,0.00499751552795031,-0.03637245758288472,0.008329192546583852,-0.03970413460151826
cto_sort,2013-06,2013-07,0.11354780406062341,0.08496622698786133,0.09292006537517422,0.07625223132667007,0.07869744945735517,0.06420178678615879,0.057286503412897,0.05718625935335142,0.04995991440407612,0.03736854776804167,-0.07617925629258174,0.7391304347826086,0.9047619047619048,0.8219461697722568,1.6438923395445135,3.287784679089027,0.0032877846790890274,-0.07946704097167076,0.004931677018633541,-0.08111093331121527,0.008219461697722568,-0.08439871799030431
cto_sort,2013-07,2013-08,0.06528186044217187,0.05654170410211823,0.07812285949176125,0.08408958409367508,0.0890462565617545,0.10090348427074873,0.09546046661390281,0.09715132082618781,0.09224860319649868,0.08479120529602185,0.01950934485384999,0.7124463519313304,0.8669527896995708,0.7896995708154506,1.5793991416309012,3.1587982832618025,0.0031587982832618025,0.016350546570588185,0.004738197424892704,0.014771147428957285,0.007896995708154506,0.011612349145695483
cto_sort,2013-08,2013-09,0.07031864034169563,0.05392920975860118,0.051291955432292494,0.049660685724830456,0.059997554380199,0.06956870066704644,0.05086399066333415,0.053268670264975095,0.04162092997754167,0.047886818592769435,-0.022431821748926196,0.7692307692307692,0.8297872340425532,0.7995090016366612,1.5990180032733223,3.1980360065466447,0.0031980360065466448,-0.025629857755472843,0.004797054009819967,-0.027228875758746163,0.007995090016366613,-0.03042691176529281
cto_sort,2013-09,2013-10,-0.04912747427456873,-0.02978089123105709,-0.04468658353899306,-0.024349480509060335,-0.020864615696105645,-0.0226231882796227,-0.01509514685424113,-0.016847533703002647,-0.017761590048653027,-0.014707887397586378,0.03441958687698236,0.7564102564102564,0.7829787234042553,0.7696944899072559,1.5393889798145117,3.0787779596290235,0.0030787779596290234,0.03134080891735333,0.004618166939443535,0.02980141993753882,0.007696944899072558,0.0267226419779098
cto_sort,2013-10,2013-11,0.08572662965199439,0.07941610881848069,0.08664336506666974,0.0863438661367905,0.09031014784939949,0.08038742571502965,0.0935939062064129,0.09190847486175836,0.0854220858872633,0.08637233994179366,0.0006457102897992756,0.7574468085106383,0.847457627118644,0.8024522178146412,1.6049044356292823,3.2098088712585646,0.003209808871258565,-0.0025640985814592895,0.004814713306887847,-0.004169003017088571,0.008024522178146412,-0.007378811888347136
cto_sort,2013-11,2013-12,-0.06325873924370187,-0.0478778508079625,-0.03031651434019525,-0.02755952602195138,-0.01896216561748339,-0.02248443004569306,-0.01585539798463092,-0.023078606992656094,-0.03141031287379729,-0.048885566051311745,0.014373173192390128,0.6923076923076923,0.8765957446808511,0.7844517184942716,1.5689034369885433,3.1378068739770866,0.003137806873977087,0.01123536631841304,0.00470671031096563,0.009666462881424497,0.007844517184942716,0.0065286560074474115
cto_sort,2013-12,2014-01,0.07647333385699875,0.06796100930098807,0.04681408037241037,0.016570001033765856,0.016843937226283686,-0.0006801223575330273,-0.0015020179281557495,-0.015341537684686829,-0.013314202586706172,0.006710757455267022,-0.06976257640173174,0.7574468085106383,0.8813559322033898,0.819401370357014,1.638802740714028,3.277605481428056,0.0032776054814280557,-0.07304018188315979,0.004916408222142084,-0.07467898462387382,0.00819401370357014,-0.07795659010530187
cto_sort,2014-01,2014-02,0.021509204901681983,0.030068511969038727,0.04161533729153629,0.028415620229620856,0.03623981212038119,0.035513120048664214,0.028606515082120875,0.03811700891795066,0.035620526243558596,0.04631811712842347,0.02480891222674149,0.7276595744680852,0.902127659574468,0.8148936170212766,1.6297872340425532,3.2595744680851064,0.003259574468085106,0.021549337758656383,0.00488936170212766,0.01991955052461383,0.008148936170212766,0.016659976056528723
cto_sort,2014-02,2014-03,-0.05633845226656723,-0.036244288519854444,-0.02313278093806901,-0.01879439473783475,-0.01311892102823361,-0.009814995306280468,-0.010038233443229473,-0.011161777009102676,-0.03138703693125236,-0.05174799093990495,0.004590461326662278,0.7241379310344828,0.8412017167381974,0.7826698238863401,1.5653396477726802,3.1306792955453604,0.0031306792955453602,0.0014597820311169174,0.004696018943318041,-0.00010555761665576296,0.007826698238863401,-0.0032362369122011236
cto_sort,2014-03,2014-04,-0.02115077946496442,-0.023304906099228428,-0.0163848376361721,-0.01093347717350001,-0.01968127935882552,-0.003332292755123376,-0.013011714050505871,-0.008358275918759645,-0.013426750278207202,-0.007342712685240071,0.013808066779724348,0.7692307692307692,0.8808510638297873,0.8250409165302782,1.6500818330605564,3.300163666121113,0.003300163666121113,0.010507903113603235,0.004950245499181669,0.00885782128054268,0.008250409165302782,0.005557657614421566
cto_sort,2014-04,2014-05,0.03484046221181618,0.0377991957992426,0.031203818258625875,0.02090119741962082,0.02993821707255335,0.029732261095742483,0.028209116198226414,0.020749293690242386,0.024323374934591493,0.026002749969510134,-0.008837712242306044,0.7327586206896552,0.8111587982832618,0.7719587094864585,1.543917418972917,3.087834837945834,0.003087834837945834,-0.011925547080251878,0.004631752256918751,-0.013469464499224796,0.007719587094864585,-0.01655729933717063
cto_sort,2014-05,2014-06,0.04055478796495368,0.04956955492172786,0.053415902679056625,0.0444630528861112,0.041234709944294436,0.04623557207177197,0.044240636170917856,0.04094300152911552,0.05144119405137261,0.05595990509005098,0.015405117125097297,0.7149122807017544,0.8296943231441047,0.7723033019229295,1.544606603845859,3.089213207691718,0.003089213207691718,0.012315903917405578,0.004633819811537577,0.010771297313559719,0.007723033019229295,0.0076820841058680015
cto_sort,2014-06,2014-07,0.07257320191991555,0.07611848524393018,0.08048179565082542,0.09055978539383643,0.08289661663680782,0.08553388626162699,0.07804934060402731,0.06720205783386668,0.07512577151905704,0.048959218716818964,-0.023613983203096586,0.7554585152838428,0.8695652173913043,0.8125118663375736,1.625023732675147,3.250047465350294,0.003250047465350294,-0.02686403066844688,0.0048750711980254414,-0.028489054401122028,0.008125118663375735,-0.03173910186647232
cto_sort,2014-07,2014-08,0.04106576172544396,0.058040466649851304,0.06901240986285645,0.062105222587475625,0.05974256044289671,0.05744507602281294,0.0482195612134896,0.04204551831110419,0.05605206180540706,0.05199784455918048,0.01093208283373652,0.7554585152838428,0.8434782608695652,0.799468388076704,1.598936776153408,3.197873552306816,0.003197873552306816,0.007734209281429704,0.004796810328460224,0.006135272505276296,0.007994683880767038,0.002937398952969482
cto_sort,2014-08,2014-09,0.1295766425303781,0.15062895691428563,0.14985294418576053,0.14577094720330616,0.14396679069334847,0.1408173620333181,0.12275430077978583,0.11504768670918915,0.12468155047733522,0.12290084042970607,-0.006675802100672021,0.7554585152838428,0.8521739130434782,0.8038162141636604,1.607632428327321,3.215264856654642,0.003215264856654642,-0.009891066957326663,0.004822897284981963,-0.011498699385653984,0.008038162141636605,-0.014713964242308626
cto_sort,2014-09,2014-10,0.0026939754029395393,0.01112948169890258,0.01330150243539437,0.012701509495488058,0.020417368631174746,0.018267703764492292,0.020062568125435623,0.02258531021633199,0.006049859390539605,0.0155183952076575,0.01282441980471796,0.8078602620087336,0.8652173913043478,0.8365388266565408,1.6730776533130816,3.346155306626163,0.003346155306626163,0.009478264498091797,0.005019232959939245,0.007805186844778716,0.008365388266565408,0.0044590315381525525
cto_sort,2014-10,2014-11,0.044868452729687994,0.06060477651741792,0.05625238193552172,0.06594948106274273,0.055235821840809544,0.07089405861501724,0.05358664085104248,0.05586862741786262,0.05722701378842492,0.05890992439929495,0.014041471669606953,0.8008849557522124,0.8678414096916299,0.8343631827219211,1.6687263654438422,3.3374527308876845,0.0033374527308876844,0.010704018938719268,0.0050061790963315264,0.009035292573275427,0.00834363182721921,0.005697839842387743
cto_sort,2014-11,2014-12,-0.07325439579242098,-0.06262691474600239,-0.059330525329822616,-0.05699898030944978,-0.0534763408484524,-0.032887139862902356,-0.03472465992908363,0.008151297467338139,0.0246579027687577,0.052194660853805724,0.1254490566462267,0.7743362831858407,0.8766519823788547,0.8254941327823477,1.6509882655646955,3.301976531129391,0.0033019765311293908,0.1221470801150973,0.004952964796694086,0.1204960918495326,0.008254941327823477,0.11719411531840321
cto_sort,2014-12,2015-01,0.0799075637334277,0.07522626824914698,0.05887167227098738,0.0670893110656419,0.07545067204765356,0.07630328648979144,0.06858397375770786,0.08581374694952604,0.07104969335924861,0.06659174158413662,-0.01331582214929107,0.7850877192982456,0.8340611353711791,0.8095744273347123,1.6191488546694246,3.238297709338849,0.003238297709338849,-0.01655411985862992,0.004857446564008274,-0.018173268713299343,0.008095744273347123,-0.021411566422638195
cto_sort,2015-01,2015-02,0.07206385189076824,0.07546337115117523,0.07862707308042399,0.06950272189495646,0.06949985521137945,0.07411044031308704,0.07998031885403936,0.07874033042225419,0.06526540595283921,0.08989648061868596,0.01783262872791773,0.7869565217391304,0.8744588744588745,0.8307076980990025,1.661415396198005,3.32283079239601,0.00332283079239601,0.014509797935521719,0.004984246188594015,0.012848382539323714,0.008307076980990024,0.009525551746927706
cto_sort,2015-02,2015-03,0.2332864653982315,0.220954750989451,0.23795439208364574,0.2233242689556624,0.22379213729956457,0.23610489230287812,0.21151332441114964,0.23359303731170464,0.2060069361570844,0.22979827685162751,-0.0034881885466039875,0.8201754385964912,0.9301310043668123,0.8751532214816518,1.7503064429633035,3.500612885926607,0.003500612885926607,-0.006988801432530594,0.005250919328889911,-0.008739107875493899,0.008751532214816518,-0.012239720761420506
cto_sort,2015-03,2015-04,0.17735000373422194,0.15634793926588927,0.15915634512940705,0.1662900475875283,0.15967343799945025,0.16604333703630392,0.16732573499637624,0.15627852322957167,0.1744041013901353,0.15982521520098716,-0.017524788533234775,0.7554585152838428,0.8782608695652174,0.8168596924245302,1.6337193848490603,3.2674387696981206,0.0032674387696981205,-0.020792227302932897,0.0049011581545471816,-0.02242594668778196,0.008168596924245302,-0.025693385457480077
cto_sort,2015-04,2015-05,0.2644567626146055,0.21258552945809303,0.2555957447146073,0.23818497455306406,0.2430010729002713,0.2078581876634955,0.21352538453016318,0.2161471076949871,0.20293049497087173,0.23789863464252847,-0.026558127972077017,0.7587719298245614,0.8733624454148472,0.8160671876197043,1.6321343752394086,3.2642687504788173,0.003264268750478817,-0.029822396722555836,0.0048964031257182255,-0.031454531097795245,0.008160671876197043,-0.03471879984827406
cto_sort,2015-05,2015-06,-0.1627954688561993,-0.0991020456418019,-0.09446594520649175,-0.05951954464391497,-0.07458379479805023,-0.07163058527714938,-0.08232040062047213,-0.0977928163367675,-0.10272979645303625,-0.1549763480153569,0.007819120840842408,0.7533632286995515,0.84375,0.7985566143497758,1.5971132286995515,3.194226457399103,0.003194226457399103,0.004624894383443306,0.004791339686098655,0.0030277811547437536,0.007985566143497758,-0.00016644530265534987
cto_sort,2015-06,2015-07,-0.21201253958426017,-0.20841035010506254,-0.1955699981289756,-0.182804039643711,-0.1948336602983102,-0.182407556243171,-0.17240347388908553,-0.16654726287772273,-0.13540076423120925,-0.14934158081932983,0.06267095876493034,0.8054298642533937,0.8918918918918919,0.8486608780726428,1.6973217561452856,3.394643512290571,0.003394643512290571,0.059276315252639766,0.005091965268435856,0.057578993496494486,0.008486608780726428,0.05418434998420391
cto_sort,2015-07,2015-08,-0.13752142395109962,-0.10615923682449128,-0.1265036017455528,-0.12227091044451197,-0.12596948290611773,-0.12012015347715217,-0.13187754381203134,-0.1411424017967313,-0.1589283435721352,-0.16073391496330242,-0.023212491012202796,0.8018867924528301,0.892018779342723,0.8469527858977766,1.6939055717955531,3.3878111435911062,0.0033878111435911066,-0.0266003021557939,0.005081716715386659,-0.028294207727589456,0.008469527858977767,-0.031682018871180564
cto_sort,2015-08,2015-09,-0.010739364485588708,-0.03381628352047984,-0.026795286198785396,-0.03341367972956571,-0.020396049825052106,-0.03187960048521934,-0.024091469733762496,-0.02993208216496308,-0.030520939917759206,-0.04191265941289118,-0.031173294927302468,0.8779342723004695,0.8878504672897196,0.8828923697950946,1.7657847395901891,3.5315694791803782,0.0035315694791803777,-0.03470486440648285,0.005297354218770567,-0.036470649146073036,0.008828923697950946,-0.04000221862525341
cto_sort,2015-09,2015-10,0.2514121423804643,0.23874755216963417,0.21224013846256748,0.22553611485520467,0.20774698980174275,0.22255978518789152,0.23404890840705836,0.24503076779276914,0.2492738620568569,0.2465114292228055,-0.004900713157658776,0.8403755868544601,0.8878504672897196,0.8641130270720898,1.7282260541441796,3.4564521082883592,0.0034564521082883592,-0.008357165265947136,0.005184678162432539,-0.010085391320091314,0.008641130270720897,-0.013541843428379673
cto_sort,2015-10,2015-11,0.08290732872229022,0.12971030251449436,0.10238728441184178,0.10475140131538424,0.10500546482111953,0.08144639358323351,0.07530499235715327,0.1061357156678353,0.09179192453772562,0.09648094696025647,0.013573618237966253,0.817351598173516,0.863013698630137,0.8401826484018264,1.6803652968036529,3.3607305936073057,0.0033607305936073062,0.010212887644358947,0.005041095890410958,0.008532522347555294,0.008401826484018264,0.005171791753947989
cto_sort,2015-11,2015-12,0.05089741085702179,0.08759467741655583,0.07254311503942028,0.07792381001879538,0.07679993496899208,0.07942730210501624,0.07147807514890345,0.06668552665745267,0.053374058422425735,0.0460050859408754,-0.004892324916146391,0.788546255506608,0.8728070175438596,0.8306766365252338,1.6613532730504676,3.3227065461009353,0.0033227065461009352,-0.008215031462247327,0.004984059819151404,-0.009876384735297795,0.008306766365252337,-0.013199091281398729
cto_sort,2015-12,2016-01,-0.29419915214561443,-0.3048238858983893,-0.2972593459970581,-0.2924722598289693,-0.2899893842642322,-0.29544048832215636,-0.30162193141296256,-0.2853581938704016,-0.29676480380300624,-0.297262864448582,-0.0030637123029675917,0.8008474576271186,0.8734177215189873,0.837132589573053,1.674265179146106,3.348530358292212,0.003348530358292212,-0.006412242661259804,0.005022795537438319,-0.008086507840405911,0.00837132589573053,-0.011435038198698122
cto_sort,2016-01,2016-02,-0.02062187220491525,-0.03352131556449266,-0.02166459117876878,-0.016668451179281195,-0.018903739991816937,-0.00985873083908904,-0.01375961201782938,-0.010640690698418841,-0.018650219338836805,-0.009950834079370625,0.010671038125544626,0.8200836820083682,0.9125,0.8662918410041841,1.7325836820083682,3.4651673640167364,0.003465167364016737,0.007205870761527889,0.005197751046025104,0.0054732870795195215,0.008662918410041841,0.0020081197155027847
cto_sort,2016-02,2016-03,0.18551803702776065,0.2280532278012327,0.2012003447858047,0.20662227503162178,0.20791931761119856,0.1885737915622179,0.18832734280449812,0.18419132548090716,0.17403371770662934,0.18357881080440627,-0.0019392262233543789,0.7405857740585774,0.8916666666666666,0.8161262203626221,1.6322524407252441,3.2645048814504882,0.0032645048814504882,-0.0052037311048048675,0.004896757322175732,-0.006835983545530111,0.00816126220362622,-0.0101004884269806
cto_sort,2016-03,2016-04,-0.022052247929357394,-0.015075293837944129,-0.008548210116283417,-0.012462294611146148,-0.0002617951990394956,-0.004658596206365187,0.009453898642292088,-0.0034234063333593366,-0.0031131456742201674,-0.006224891440681668,0.015827356488675726,0.7704918032786885,0.889795918367347,0.8301438608230177,1.6602877216460354,3.320575443292071,0.0033205754432920707,0.012506781045383655,0.004980863164938106,0.010846493323737619,0.008301438608230178,0.007525917880445548
cto_sort,2016-04,2016-05,-0.019043790681326292,-0.02251146060266382,-0.020425681267357543,-0.02774242299400697,-0.013146400194724246,-0.009176619403446579,-0.016314536228737415,-0.008238364034736339,-0.010609710508464671,-0.007089645084928479,0.011954145596397812,0.7918367346938775,0.8577235772357723,0.8247801559648249,1.6495603119296498,3.2991206238592996,0.0032991206238592993,0.008655024972538512,0.004948680935788949,0.007005464660608863,0.008247801559648249,0.0037063440367495638
cto_sort,2016-05,2016-06,0.07291806944942213,0.06382258903525376,0.06371212508499893,0.057478514904099644,0.057009051792656563,0.05164077894520461,0.049012226112500494,0.05127259853400714,0.046737000589979594,0.0629046356428892,-0.010013433806532926,0.8252032520325203,0.8663967611336032,0.8458000065830618,1.6916000131661235,3.383200026332247,0.003383200026332247,-0.013396633832865172,0.005074800039498371,-0.015088233846031297,0.008458000065830617,-0.018471433872363545
cto_sort,2016-06,2016-07,-0.05490841015002702,-0.03005356036614277,-0.019987246747746597,-0.004770076703747167,0.0017648113068354037,0.01418144871100916,0.021465407719287403,0.024615468093273665,0.01865742983647732,-0.024454447737800106,0.030453962412226917,0.736,0.8207171314741035,0.7783585657370518,1.5567171314741035,3.113434262948207,0.003113434262948207,0.02734052814927871,0.004670151394422311,0.025783811017804605,0.007783585657370517,0.0226703767548564
cto_sort,2016-07,2016-08,0.05201915520942388,0.05268627001974137,0.04136355506764415,0.049998462906173095,0.05135802343954558,0.04343760969438504,0.0523373614968138,0.046134670275601995,0.04521536075612314,0.05191681163446583,-0.00010234357495805119,0.7637795275590551,0.8941176470588236,0.8289485873089393,1.6578971746178786,3.315794349235757,0.0033157943492357574,-0.0034181379241938086,0.0049736915238536355,-0.005076035098811687,0.008289485873089393,-0.008391829448047445
cto_sort,2016-08,2016-09,-0.01894098059287579,-0.009216781427588795,-0.009994656096959827,-0.010470281942434845,-0.010788672451814587,-0.003218237558318404,-0.004533963718750725,-0.011865868080182772,-0.004354643997200247,0.0018030226809984706,0.02074400327387426,0.7265625,0.8287937743190661,0.777678137159533,1.555356274319066,3.110712548638132,0.003110712548638132,0.017633290725236127,0.004666068822957198,0.016077934450917063,0.007776781371595331,0.01296722190227893
cto_sort,2016-09,2016-10,0.04767059852515453,0.03219401554592498,0.034148138167572964,0.03457869959743647,0.03869467364602318,0.037139195805950355,0.03177467282942337,0.03586439311201359,0.028699280658761817,0.027049912651755284,-0.02062068587339925,0.7509727626459144,0.8255813953488372,0.7882770789973759,1.5765541579947517,3.1531083159895035,0.003153108315989503,-0.023773794189388752,0.0047296624739842546,-0.025350348347383502,0.007882770789973759,-0.028503456663373006
cto_sort,2016-10,2016-11,0.021420157692393776,0.029505147255750125,0.039689286605529714,0.037086876940920034,0.031784132723163515,0.03345984131089419,0.02059403567658579,0.02364024294333518,0.01986083914454253,0.02410059516368531,0.0026804374712915344,0.74609375,0.8404669260700389,0.7932803380350195,1.586560676070039,3.173121352140078,0.003173121352140078,-0.0004926838808485437,0.004759682028210117,-0.0020792445569185825,0.007932803380350194,-0.00525236590905866
cto_sort,2016-11,2016-12,-0.0368773677453801,-0.033291804285679995,-0.048776685309417325,-0.04424884657162081,-0.04845349156277864,-0.048739476084591477,-0.055926731339106084,-0.04872071053138461,-0.05069448570077668,-0.04846885078264253,-0.011591483037262429,0.7192307692307692,0.9076923076923077,0.8134615384615385,1.626923076923077,3.253846153846154,0.003253846153846154,-0.014845329191108583,0.004880769230769231,-0.01647225226803166,0.008134615384615384,-0.019726098421877815
cto_sort,2016-12,2017-01,-0.03569963206987658,-0.0266009828229439,-0.024632765446416075,-0.012114896078388395,-0.02188904400651392,-0.017993083817176878,-0.022533195350171318,-0.014296871282434693,-0.015524909277665056,-0.02757652177314208,0.008123110296734497,0.7126436781609196,0.8282442748091603,0.7704439764850399,1.5408879529700799,3.0817759059401597,0.0030817759059401594,0.005041334390794338,0.004622663858910239,0.0035004464378242586,0.007704439764850399,0.0004186705318840987
cto_sort,2017-01,2017-02,0.04468575084352026,0.04165256603101493,0.04204190008030227,0.046373898522864866,0.035741651459416386,0.04037732087244664,0.03318429006841854,0.036733232922491366,0.04230447852616181,0.03505513921821235,-0.009630611625307907,0.6896551724137931,0.8053435114503817,0.7474993419320874,1.494998683864175,2.98999736772835,0.00298999736772835,-0.012620608993036256,0.004484996051592524,-0.01411560767690043,0.007474993419320874,-0.017105605044628783
cto_sort,2017-02,2017-03,-0.03769028253438334,-0.026781011121151378,-0.022106242616681513,-0.02442200057901804,-0.02321045173357151,-0.019401835882097464,-0.017541615204878833,-0.012535306193898442,-0.011389150930461998,-0.01615485988385402,0.021535422650529323,0.6076923076923078,0.8199233716475096,0.7138078396699087,1.4276156793398174,2.8552313586796347,0.0028552313586796348,0.01868019129184969,0.004282847038019452,0.017252575612509872,0.007138078396699086,0.014397344253830237
cto_sort,2017-03,2017-04,-0.08816543053110847,-0.0649327584841335,-0.051377212149746575,-0.059556283384711424,-0.05316356370131172,-0.0488248552596088,-0.04907740063426755,-0.05076103228669034,-0.04466046997622962,-0.05573865138521832,0.03242677914589014,0.6692015209125475,0.8257575757575757,0.7474795483350616,1.4949590966701232,2.9899181933402463,0.0029899181933402464,0.029436860952549895,0.00448487729001037,0.027941901855879775,0.007474795483350616,0.024951983662539527
cto_sort,2017-04,2017-05,-0.10356951057249,-0.07118110617046827,-0.056203711058969166,-0.06831773390211231,-0.06375751610713355,-0.06449751870439172,-0.06793386800411248,-0.06186463456428535,-0.06791848053192735,-0.05268304777119066,0.05088646280129935,0.7262357414448669,0.8636363636363636,0.7949360525406153,1.5898721050812306,3.179744210162461,0.003179744210162461,0.047706718591136885,0.004769616315243691,0.04611684648605566,0.007949360525406152,0.042937102275893195
cto_sort,2017-05,2017-06,0.013371483911964207,0.04805690533073917,0.04452820403244714,0.05184083049656496,0.046870186921123914,0.04910957062696778,0.0532601395033552,0.05011447717952133,0.04172886857852383,0.03995970876083393,0.026588224848869718,0.7739463601532567,0.8282442748091603,0.8010953174812085,1.602190634962417,3.204381269924834,0.0032043812699248343,0.023383843578944883,0.004806571904887251,0.021781652943982467,0.008010953174812086,0.018577271674057632
cto_sort,2017-06,2017-07,-0.029339718691140545,-0.001681529818269468,0.005153829701338271,0.016702473243773757,0.01512139108555614,0.01909231442004728,0.016490863882910267,0.00988623651082822,0.0008451860896585117,-0.0038102431218950553,0.02552947556924549,0.6870229007633588,0.8060836501901141,0.7465532754767364,1.4931065509534729,2.9862131019069458,0.0029862131019069457,0.022543262467338544,0.004479319652860418,0.021050155916385073,0.007465532754767365,0.018063942814478123
cto_sort,2017-07,2017-08,0.030629025148787393,0.03063125699716181,0.035686955876440225,0.0393540857374938,0.03308704029778759,0.025414498588151875,0.025482170960483646,0.03372510333888252,0.038964558415286524,0.03031721953627525,-0.0003118056125121435,0.803030303030303,0.8113207547169812,0.8071755288736421,1.6143510577472842,3.2287021154945683,0.0032287021154945683,-0.003540507728006712,0.004843053173241852,-0.005154858785753996,0.00807175528873642,-0.008383560901248564
cto_sort,2017-08,2017-09,-0.0014150421556822113,0.01610720308516816,0.02049058206512402,0.00898188753943383,0.021388633191573036,0.013553309044394503,0.018189034026339233,0.017087384495950673,0.017360376605223035,0.032985686660288,0.03440072881597021,0.7602996254681648,0.8246268656716418,0.7924632455699032,1.5849264911398064,3.169852982279613,0.003169852982279613,0.031230875833690594,0.004754779473419419,0.029645949342550788,0.007924632455699031,0.026476096360271175
cto_sort,2017-09,2017-10,-0.05765466016521856,-0.03973656829848009,-0.029791131377060354,-0.01967608928303848,-0.01905276990046766,-0.00955153158633087,0.00019855364974950991,-0.005548185755022818,-0.00785360800632155,-0.01483629553904292,0.04281836462617564,0.6875,0.8571428571428572,0.7723214285714286,1.5446428571428572,3.0892857142857144,0.0030892857142857146,0.039729078911889926,0.004633928571428572,0.03818443605474706,0.007723214285714286,0.03509515034046135
cto_sort,2017-10,2017-11,-0.08693138500681474,-0.06801528057552864,-0.0682194147077527,-0.06564308836403683,-0.060323123196927356,-0.06241559656866792,-0.06198707484348799,-0.05553470063554201,-0.05336620803436853,-0.0577253319152324,0.02920605309158234,0.718978102189781,0.8654545454545455,0.7922163238221632,1.5844326476443265,3.168865295288653,0.0031688652952886528,0.026037187796293687,0.004753297942932979,0.024452755148649363,0.007922163238221633,0.02128388985336071
cto_sort,2017-11,2017-12,-0.018268332546376356,-0.01577188029827936,-0.015322274954350805,-0.023460296297586943,-0.014693296069171104,-0.014375130172740596,-0.012767929335492463,-0.01868352780823513,-0.015632902667449957,-0.021176399254942847,-0.002908066708566491,0.8,0.8505338078291815,0.8252669039145908,1.6505338078291816,3.301067615658363,0.003301067615658363,-0.006209134324224853,0.004951601423487545,-0.007859668132054036,0.008252669039145908,-0.011160735747712399
cto_sort,2017-12,2018-01,-0.058913067148564514,-0.022709514567518952,-0.027551754922728582,-0.0121096859497762,-0.015542696314043501,-0.011671496380670063,-0.026296339610001662,-0.01666516130177646,-0.018319989312235958,-0.03168351823756232,0.027229548911002197,0.7269503546099291,0.8515901060070672,0.7892702303084982,1.5785404606169964,3.1570809212339928,0.0031570809212339928,0.024072467989768205,0.004735621381850989,0.022493927529151206,0.007892702303084982,0.019336846607917214
cto_sort,2018-01,2018-02,-0.04169328578099913,-0.046594138793854954,-0.04208460270327298,-0.05442148074990118,-0.048117910930895604,-0.04686584474087503,-0.052173668408506894,-0.0423135160095125,-0.0472554018584225,-0.03440395926748549,0.00728932651351364,0.7638888888888888,0.8512110726643598,0.8075499807766243,1.6150999615532486,3.2301999231064973,0.0032301999231064975,0.004059126590407143,0.004845299884659746,0.0024440266288538945,0.008075499807766243,-0.0007861732942526026
cto_sort,2018-02,2018-03,0.054781348064096645,0.048893210782967614,0.039831312720034415,0.041696823892646194,0.04166516039286371,0.048624322514351594,0.04630259852048577,0.0412586976950557,0.055155553665399946,0.04259181147454842,-0.012189536589548224,0.7789473684210526,0.8496503496503497,0.8142988590357012,1.6285977180714024,3.257195436142805,0.0032571954361428047,-0.015446732025691029,0.004885793154214207,-0.01707532974376243,0.008142988590357012,-0.020332525179905234
cto_sort,2018-03,2018-04,-0.07096232800335375,-0.046998143166041374,-0.04025316508315243,-0.04780170007317878,-0.04307982442017541,-0.03451347750876756,-0.03647358076143074,-0.028896319644825863,-0.031594696149588326,-0.026968081923899434,0.04399424607945432,0.7931034482758621,0.845360824742268,0.8192321365090651,1.6384642730181302,3.2769285460362605,0.00327692854603626,0.040717317533418056,0.0049153928190543905,0.03907885326039993,0.008192321365090651,0.035801924714363664
cto_sort,2018-04,2018-05,-0.03036842205081129,-0.01865118684603913,-0.012906515637186143,-0.013000249946326498,-0.014169321830063775,-6.850825245803046e-05,0.0007451104384437993,-0.00860655023959363,0.00154015890993791,0.002864606628159837,0.03323302867897113,0.7721088435374149,0.8508474576271187,0.8114781505822668,1.6229563011645336,3.245912602329067,0.0032459126023290674,0.02998711607664206,0.0048688689034936,0.028364159775477526,0.008114781505822668,0.025118247173148457
cto_sort,2018-05,2018-06,-0.10536813279450549,-0.1130969113449863,-0.11190011078431476,-0.10418254044844207,-0.11089183518355596,-0.10370581323801255,-0.0998088889321397,-0.10825358038162143,-0.10871345172106861,-0.1037691055444704,0.0015990272500350927,0.7973421926910299,0.8405315614617941,0.818936877076412,1.637873754152824,3.275747508305648,0.0032757475083056483,-0.0016767202582705556,0.0049136212624584725,-0.0033145940124233797,0.00818936877076412,-0.006590341520729027
cto_sort,2018-06,2018-07,-0.024920329561128926,-0.0003290890106754166,0.015099421350904611,0.007687389801571112,0.010386955843197482,0.020895004616904866,0.02144697962058448,0.012841647644981316,0.008418371824097,-0.0036120824992877877,0.02130824706184114,0.7836065573770492,0.8529411764705882,0.8182738669238188,1.6365477338476375,3.273095467695275,0.003273095467695275,0.018035151594145864,0.0049096432015429126,0.016398603860298226,0.008182738669238188,0.013125508392602951
cto_sort,2018-07,2018-08,-0.10853166279063013,-0.08865648935069388,-0.08265162559550582,-0.06896240048945368,-0.07669693050221875,-0.06977709321141018,-0.0729099714440161,-0.06657047983827107,-0.07339189764388669,-0.07453764820125719,0.03399401458937294,0.7216828478964401,0.8806451612903226,0.8011640045933813,1.6023280091867627,3.2046560183735253,0.003204656018373525,0.030789358570999417,0.004806984027560288,0.029187030561812655,0.008011640045933814,0.02598237454343913
cto_sort,2018-08,2018-09,-0.0001969722621742826,-0.003333318475476527,-0.0027959121719520006,-0.0013777206039536818,-0.00267717057067947,-0.003567404711222948,-0.0037693127837952543,-0.007085156348549887,0.005452895860183593,0.0019882705496012806,0.002185242811775563,0.7917981072555205,0.8238993710691824,0.8078487391623514,1.615697478324703,3.231394956649406,0.003231394956649406,-0.0010461521448738428,0.004847092434974109,-0.0026618496231985457,0.008078487391623514,-0.005893244579847951
cto_sort,2018-09,2018-10,-0.10771164993001041,-0.09483792221693511,-0.09549359854263356,-0.09477163646368757,-0.08914020443504474,-0.08585233294116926,-0.09491734704569571,-0.09758987846101831,-0.08765029606710416,-0.09203535338707544,0.015676296542934967,0.7554179566563468,0.8580246913580247,0.8067213240071858,1.6134426480143715,3.226885296028743,0.0032268852960287433,0.012449411246906223,0.004840327944043115,0.010835968598891852,0.008067213240071858,0.007609083302863109
cto_sort,2018-10,2018-11,0.03362559742235869,0.05428355794771896,0.06136717055589001,0.05954886975568088,0.05703979502499272,0.057135886457036496,0.06354097338871213,0.07109566218980792,0.061287898532622065,0.0729119365942109,0.03928633917185221,0.7553516819571866,0.8384146341463414,0.796883158051764,1.593766316103528,3.187532632207056,0.003187532632207056,0.03609880653964515,0.0047812989483105835,0.03450504022354162,0.00796883158051764,0.03131750759133457
cto_sort,2018-11,2018-12,-0.04836422938084247,-0.0450931901808854,-0.0375803741926296,-0.040340582364175,-0.04532059584589589,-0.03908090152975636,-0.03415444144265313,-0.042035914360904376,-0.0449661390143817,-0.04432658013481261,0.0040376492460298605,0.7694610778443114,0.8592814371257484,0.8143712574850299,1.6287425149700598,3.2574850299401197,0.00325748502994012,0.0007801642160897406,0.004886227544910179,-0.0008485782988803189,0.008143712574850298,-0.004106063328820438
cto_sort,2018-12,2019-01,-0.08512899173174251,-0.03718111116772156,-0.025240891095698926,-0.012713014545472632,-0.015812695359612088,-0.007771696163758757,-0.0032787119615948677,0.003724167187210576,-0.01086584025385318,-0.010037285146992092,0.07509170658475042,0.7321428571428572,0.8249258160237389,0.7785343365832981,1.5570686731665961,3.1141373463331923,0.0031141373463331925,0.07197756923841724,0.004671206019499788,0.07042050056525063,0.00778534336583298,0.06730636321891745
cto_sort,2019-01,2019-02,0.30606649553326903,0.24462853896346068,0.22769524038226258,0.22562912215948197,0.21145132872851718,0.21546090878355034,0.20375695312795683,0.20299500081335972,0.1994626111421702,0.21356368843776852,-0.09250280709550052,0.7130177514792899,0.8466076696165192,0.7798127105479046,1.5596254210958092,3.1192508421916183,0.0031192508421916186,-0.09562205793769213,0.004678876263287428,-0.09718168335878795,0.007798127105479046,-0.10030093420097956
cto_sort,2019-02,2019-03,0.09557128004469491,0.0995119239487966,0.11027242124083188,0.10837485548491568,0.09396070105044611,0.09744347027143654,0.11730232890096112,0.11533775166372513,0.1156913146414348,0.10629540907126898,0.010724129026574075,0.75,0.8441176470588235,0.7970588235294118,1.5941176470588236,3.1882352941176473,0.003188235294117647,0.007535893732456428,0.004782352941176471,0.005941776085397604,0.007970588235294118,0.002753540791279957
cto_sort,2019-03,2019-04,-0.0704464238732344,-0.060557258327681225,-0.036991766731000526,-0.03783813078793664,-0.022397858012195068,-0.03486757798839025,-0.030091967322260542,-0.016416870461751918,-0.03777250942383162,-0.02985166870899459,0.040594755164239806,0.7390029325513197,0.8768328445747801,0.8079178885630498,1.6158357771260996,3.231671554252199,0.003231671554252199,0.03736308360998761,0.004847507331378299,0.035747247832861505,0.008079178885630497,0.03251557627860931
cto_sort,2019-04,2019-05,-0.08146746642644115,-0.04591649196700757,-0.04571896703263696,-0.04840688230014472,-0.04421348978098126,-0.04426166508640024,-0.04601173333673126,-0.0462951163314009,-0.04735537439003145,-0.04651103705547776,0.03495642937096339,0.6812865497076024,0.8483965014577259,0.7648415255826642,1.5296830511653283,3.0593661023306566,0.0030593661023306565,0.03189706326863273,0.004589049153495985,0.030367380217467405,0.0076484152558266415,0.027308014115136746
cto_sort,2019-05,2019-06,-0.011487772251942408,0.014490572982904295,0.005601252305490461,0.01971885062952312,0.010196725354818087,0.012814860437401071,0.01426052903297575,0.013028100655542448,0.012929224208974235,0.005445865611767563,0.016933637863709973,0.7774480712166172,0.8698224852071006,0.8236352782118589,1.6472705564237178,3.2945411128474356,0.0032945411128474356,0.013639096750862537,0.004941811669271153,0.01199182619443882,0.008236352782118588,0.008697285081591385
cto_sort,2019-06,2019-07,-0.0486432440739771,-0.025824626274585673,-0.01718185884676615,-0.009342042807100225,-0.019526111159167976,-0.007779846241365986,-0.0036863363164848432,-0.010237320359306953,-0.005511684772888074,-0.012640029515619253,0.036003214558357845,0.8076923076923077,0.8407079646017699,0.8242001361470388,1.6484002722940776,3.296800544588155,0.0032968005445881553,0.03270641401376969,0.004945200816882233,0.031058013741475612,0.008242001361470387,0.027761213196887458
cto_sort,2019-07,2019-08,-0.013901946232594414,-0.0155400305371222,-0.0149906720972148,-0.02296523604171589,-0.009913778974148522,-0.01788080334092482,-0.01910836257008035,-0.004665578391438774,-0.007016113133382004,0.009844646936024576,0.02374659316861899,0.7840236686390533,0.8849557522123894,0.8344897104257214,1.6689794208514428,3.3379588417028856,0.0033379588417028856,0.020408634326916104,0.005006938262554329,0.018739654906064662,0.008344897104257214,0.015401696064361776
cto_sort,2019-08,2019-09,-0.0011289739779831345,0.015338926717566577,0.023882902684260004,0.009872135190963473,0.00812553966922272,0.01882125591846616,0.014683710457287226,0.021237123455997108,0.02007055416325212,0.015352613766724681,0.016481587744707815,0.7433628318584071,0.8382352941176471,0.790799062988027,1.581598125976054,3.163196251952108,0.003163196251952108,0.013318391492755707,0.004744794377928162,0.011736793366779654,0.007907990629880271,0.008573597114827544
cto_sort,2019-09,2019-10,-0.021805075213214148,-0.0007814649659673615,0.0008134183365931446,-0.0023630551486877706,-0.0008741437266618458,0.0026528022727343877,0.0009744103069422886,0.003992427885789401,0.009241483351858927,-0.001165057195535184,0.020640018017678965,0.7374631268436578,0.8647058823529412,0.8010845045982995,1.602169009196599,3.204338018393198,0.003204338018393198,0.017435679999285768,0.0048065070275897966,0.01583351099008917,0.008010845045982996,0.01262917297169597
cto_sort,2019-10,2019-11,-0.04084011153502138,-0.025017867200195467,-0.016980615411452446,-0.015799752927381713,-0.018474126755624338,-0.015489401966326888,-0.019299054713070345,-0.02255117219458453,-0.021497774236930098,-0.025767694299867472,0.015072417235153908,0.7411764705882353,0.8533724340175953,0.7972744523029154,1.5945489046058308,3.1890978092116615,0.0031890978092116613,0.011883319425942247,0.004783646713817493,0.010288770521336414,0.007972744523029153,0.007099672712124755
cto_sort,2019-11,2019-12,0.09403860729937105,0.08762587571301327,0.08788446575643138,0.08401899374318045,0.08110494983859487,0.08029532625875381,0.07196765497557758,0.07393673893496523,0.07899925920271444,0.08458638845633111,-0.009452218843039942,0.7088235294117646,0.8475073313782991,0.7781654303950318,1.5563308607900637,3.1126617215801273,0.0031126617215801273,-0.01256488056462007,0.004668992582370191,-0.014121211425410132,0.007781654303950319,-0.01723387314699026
cto_sort,2019-12,2020-01,0.006123562789016882,0.023223970394054577,-0.007538055241111508,0.0015949725704524835,-0.0040948735532706036,-0.008315530745761444,0.008328064664410285,-0.002510099645738228,0.011524714130356394,0.018365809169265612,0.01224224638024873,0.6510263929618768,0.8128654970760234,0.73194594501895,1.4638918900379,2.9277837800758,0.0029277837800758,0.00931446260017293,0.0043916756701137,0.00785057071013503,0.0073194594501895015,0.004922786930059229
cto_sort,2020-01,2020-02,0.013787257513981393,0.011637701747041578,-0.0006278861588765368,-0.009846433245548966,-0.004141669721504991,-0.02490250178361221,-0.017222019401342797,-0.01220508182902826,0.004986689161795133,0.05773054750226546,0.04394328998828406,0.7251461988304093,0.8746355685131195,0.7998908836717644,1.5997817673435288,3.1995635346870577,0.003199563534687058,0.040743726453597,0.004799345302030586,0.03914394468625348,0.007998908836717644,0.03594438115156642
cto_sort,2020-02,2020-03,-0.11362974430045622,-0.061242304112357523,-0.03463687750759914,-0.03213086515661144,-0.019182111544470457,-0.014904418583764319,-0.011799552477886164,-0.014187319203818945,-0.027113179472407687,-0.048493349671325854,0.06513639462913037,0.760932944606414,0.6627906976744187,0.7118618211404164,1.4237236422808328,2.8474472845616656,0.002847447284561666,0.062288947344568704,0.004271170926842498,0.06086522370228788,0.007118618211404164,0.05801777641772621
cto_sort,2020-03,2020-04,-0.014689396808562948,0.0042715756515324665,0.005698804951185774,0.01523323318425713,0.019062665507498203,0.029246762842259213,0.019033751531069284,0.03758295996668396,0.042106836825495216,0.07176180268218453,0.08645119949074748,0.8691860465116279,0.8231884057971015,0.8461872261543647,1.6923744523087294,3.384748904617459,0.0033847489046174586,0.08306645058613002,0.0050771233569261885,0.08137407613382129,0.008461872261543647,0.07798932722920383
cto_sort,2020-04,2020-05,-0.004740965171681516,0.004315382601635596,0.021073558315412716,0.03418113334553709,0.025579224052185535,0.017024453192664046,0.020071809125416097,0.02312125455038636,0.018459072284209458,0.04315517602265686,0.047896141194338375,0.6898550724637681,0.7687861271676301,0.7293205998156991,1.4586411996313982,2.9172823992627963,0.002917282399262796,0.04497885879507558,0.004375923598894195,0.04352021759544418,0.007293205998156991,0.04060293519618138
cto_sort,2020-05,2020-06,0.052175638687245,0.06270561221545572,0.056541357215699965,0.06404158426306651,0.0667402561069986,0.06632524101613851,0.07100377316850276,0.07084330029036719,0.08891412276391901,0.09322634077791221,0.04105070209066721,0.7323529411764707,0.7595307917888563,0.7459418664826635,1.491883732965327,2.983767465930654,0.002983767465930654,0.03806693462473656,0.004475651198895981,0.03657505089177123,0.0074594186648266345,0.03359128342584058
cto_sort,2020-06,2020-07,0.11513918710961851,0.1314138940327295,0.13896145466426346,0.15052856974054324,0.1538195430457632,0.13902159799865493,0.15190581736087605,0.14326575974941586,0.13154929956035377,0.14633736987715645,0.03119818276753794,0.7419354838709677,0.7748538011695907,0.7583946425202792,1.5167892850405584,3.033578570081117,0.0030335785700811167,0.028164604197456825,0.004550367855121675,0.026647814912416266,0.0075839464252027925,0.02361423634233515
cto_sort,2020-07,2020-08,0.0062980341205577115,0.03847803209579215,0.02856295464852079,0.03582901515412486,0.050333810917012604,0.04299345698176829,0.04673562850190293,0.05185588762334599,0.031635569627310775,0.025810519790548072,0.01951248566999036,0.7842565597667639,0.8255813953488372,0.8049189775578005,1.609837955115601,3.219675910231202,0.003219675910231202,0.01629280975975916,0.004829513865346803,0.01468297180464356,0.008049189775578005,0.011463295894412357
cto_sort,2020-08,2020-09,-0.07060278511707582,-0.05776395514250308,-0.07615732847112872,-0.07539134760884095,-0.0717065964598404,-0.06438134936493738,-0.06747882069310762,-0.06769454697575089,-0.06784320238049461,-0.07025124080545248,0.00035154431162334743,0.7790697674418605,0.817391304347826,0.7982305358948433,1.5964610717896865,3.192922143579373,0.003192922143579373,-0.0028413778319560257,0.00478938321536906,-0.004437838903745712,0.007982305358948434,-0.007630761047325086
cto_sort,2020-09,2020-10,0.04361883675500284,0.008726100190253758,-0.0013027105597415687,-0.01611671852432394,-0.010754523941237971,-0.013594633429177615,-0.00681019245919171,0.0056236884162328095,-0.006241808670149541,0.017056165685129562,-0.026562671069873277,0.7246376811594203,0.7543352601156069,0.7394864706375136,1.4789729412750272,2.9579458825500544,0.0029579458825500543,-0.02952061695242333,0.004436918823825082,-0.03099958989369836,0.0073948647063751365,-0.03395753577624841
cto_sort,2020-10,2020-11,-0.006131300489822576,0.024915907464194895,0.03834374244331996,0.046734641793320236,0.04185776337759868,0.045766102517852465,0.03125359933458734,0.034545627471594544,0.03271936380263793,0.009395528617464623,0.015526829107287199,0.6329479768786127,0.7694524495677233,0.7012002132231681,1.4024004264463361,2.8048008528926722,0.0028048008528926724,0.012722028254394526,0.004207201279339008,0.011319627827948191,0.00701200213223168,0.008514826975055519
cto_sort,2020-11,2020-12,-0.025525423274355547,-0.01977719870346904,-0.04472439061182192,-0.04670858869942495,-0.035723851810560196,-0.03136172192058764,-0.034031817704178007,-0.03420927934497003,-0.03883851215795848,-0.0031858840039708713,0.022339539270384675,0.7392550143266476,0.7714285714285715,0.7553417928776096,1.5106835857552192,3.0213671715104384,0.0030213671715104383,0.019318172098874237,0.0045320507572656574,0.017807488513119016,0.007553417928776097,0.014786121341608578
cto_sort,2020-12,2021-01,-0.11823291468922438,-0.08821659939980989,-0.07083228287615587,-0.08023503453145099,-0.06377646287807352,-0.059882280033905666,-0.049605884152703617,-0.05915005439220196,-0.053544005255323,-0.030518397499409315,0.08771451718981507,0.7670454545454546,0.7960339943342776,0.7815397244398661,1.5630794488797322,3.1261588977594643,0.003126158897759464,0.0845883582920556,0.004689238346639197,0.08302527884317587,0.007815397244398661,0.07989911994541642
cto_sort,2021-01,2021-02,0.023913268798610554,0.03399690651293571,0.03408772165186431,0.033127294412386696,0.04218499200906341,0.03732273098675471,0.037783933731202125,0.03885108338359817,0.03165556209697485,0.020138649756672053,-0.003774619041938501,0.6864406779661016,0.8,0.7432203389830508,1.4864406779661017,2.9728813559322034,0.0029728813559322036,-0.006747500397870705,0.004459322033898305,-0.008233941075836807,0.007432203389830508,-0.01120682243176901
cto_sort,2021-02,2021-03,-0.005287559028470404,0.01734095728069951,0.019979699091122502,0.025077755767949624,0.016625316770481097,0.02961706787002049,0.0281911921978695,0.026220147521736365,0.012826894024433936,-0.01813683866914448,-0.012849279640674074,0.8033707865168539,0.8291316526610644,0.8162512195889591,1.6325024391779182,3.2650048783558363,0.003265004878355836,-0.01611428451902991,0.004897507317533754,-0.01774678695820783,0.00816251219588959,-0.021011791836563664
cto_sort,2021-03,2021-04,-0.017696101462579203,-0.01665658461952881,0.011247536961334608,-0.0006412361135991457,-0.00020705418809581526,0.007259251169944134,0.01329328578615669,0.012102956880944649,0.011824269493396131,0.03977542590423951,0.057471527366818716,0.7597765363128491,0.8635097493036212,0.8116431428082351,1.6232862856164703,3.2465725712329405,0.0032465725712329404,0.05422495479558578,0.004869858856849411,0.05260166850996931,0.008116431428082351,0.04935509593873637
cto_sort,2021-04,2021-05,0.09090301375021723,0.06542108419558557,0.054943390747996326,0.05738604607097377,0.045394797050888336,0.05427839712794293,0.05701597744201029,0.06589072235944674,0.06638358158083209,0.05168355212122586,-0.03921946162899136,0.7127071823204421,0.8071625344352618,0.7599348583778519,1.5198697167557038,3.0397394335114076,0.0030397394335114074,-0.04225920106250277,0.004559609150267111,-0.043779070779258474,0.007599348583778518,-0.04681881021276988
cto_sort,2021-05,2021-06,-0.0018647613320755655,0.03149401478736561,0.029649395293835448,0.0324097224856642,0.02820661755256868,0.025296859212011403,0.030328430962901404,0.026653813371929506,0.03917313488341023,0.04506314727951363,0.0469279086115892,0.6759002770083102,0.8149171270718232,0.7454087020400667,1.4908174040801334,2.981634808160267,0.002981634808160267,0.043946273803428935,0.004472452212240401,0.0424554563993488,0.007454087020400666,0.039473821591188535
cto_sort,2021-06,2021-07,0.023398989934035136,0.0012983000797342423,0.009609387750988624,0.011090520014997848,-0.01531284311357977,-0.009403106148408402,-0.011393950795386628,-0.003763221532496666,-0.005219051384089539,0.03682950439025608,0.013430514456220947,0.6967213114754098,0.8392370572207084,0.7679791843480591,1.5359583686961182,3.0719167373922365,0.0030719167373922363,0.01035859771882871,0.004607875106088355,0.008822639350132593,0.007679791843480591,0.0057507226127403565
cto_sort,2021-07,2021-08,0.028483083284264424,0.039452394971762096,0.05188189971046966,0.057748895236007944,0.07971760923813323,0.07923405187266414,0.07658111038028649,0.07425294636615906,0.07845307395738667,0.1096019633458271,0.08111888006156268,0.7054054054054054,0.8086253369272237,0.7570153711663146,1.5140307423326291,3.0280614846652583,0.0030280614846652583,0.07809081857689741,0.004542092226997888,0.07657678783456479,0.0075701537116631456,0.07354872634989953
cto_sort,2021-08,2021-09,-0.044373410539750795,-0.024940492857579148,-0.016228352885482494,-0.00015428753365512768,0.0009493139288115892,0.0015567146445651246,-0.0011811434517513008,-0.007391186614619911,-0.012367727757820628,-0.038910017171232755,0.005463393368518039,0.7135278514588859,0.8201058201058201,0.766816835782353,1.533633671564706,3.067267343129412,0.0030672673431294123,0.002396126025388627,0.004600901014694118,0.0008624923538239218,0.007668168357823531,-0.0022047749893054913
cto_sort,2021-09,2021-10,-0.015030933115866757,-0.011399834271825485,-0.014207853474206111,-0.018853816921712934,-0.031327074228659345,-0.023905257099179036,-0.023005148783882375,-0.03280171028796223,-0.017787159064939134,-0.02186228475390924,-0.006831351638042483,0.7362924281984334,0.8541666666666666,0.79522954743255,1.5904590948651,3.1809181897302,0.0031809181897302,-0.010012269827772683,0.0047713772845953,-0.011602728922637782,0.0079522954743255,-0.014783647112367983
cto_sort,2021-10,2021-11,0.0577207874924764,0.0996519838393855,0.09144400156109829,0.10525674171869179,0.10006893370095271,0.10958423180941045,0.09076625762366643,0.09938250459260443,0.12075749880144494,0.12599671144134258,0.06827592394886618,0.7480519480519481,0.805699481865285,0.7768757149586165,1.553751429917233,3.107502859834466,0.003107502859834466,0.06516842108903172,0.004661254289751698,0.06361466965911448,0.007768757149586165,0.06050716679928002
cto_sort,2021-11,2021-12,-0.006870537160682851,0.03138593080237492,0.054086852262226724,0.05773133369693437,0.0524985126374787,0.04765478437224554,0.04590351047612479,0.03990294720585645,0.041363152340746265,0.015441942747695841,0.02231247990837869,0.7474226804123711,0.8226221079691517,0.7850223941907615,1.570044788381523,3.140089576763046,0.0031400895767630457,0.019172390331615646,0.004710134365144569,0.017602345543234123,0.007850223941907614,0.014462255966471077
cto_sort,2021-12,2022-01,-0.11536102973321297,-0.10075970889696617,-0.10245469843182219,-0.07978561481953932,-0.08224679144823821,-0.0777348165119157,-0.07371456877363482,-0.09426989188353814,-0.08509105299505526,-0.09502621193172453,0.020334817801488436,0.7760814249363868,0.8045685279187818,0.7903249764275843,1.5806499528551685,3.161299905710337,0.003161299905710337,0.0171735178957781,0.004741949858565506,0.01559286794292293,0.007903249764275843,0.012431568037212593
cto_sort,2022-01,2022-02,0.04815362844416131,0.04661958026286504,0.04959875533405399,0.039619611240370424,0.052937591518045966,0.04704754332938808,0.04463429166815518,0.05307646964095472,0.055378734780166985,0.052642914750968384,0.004489286306807075,0.7222222222222222,0.8161209068010076,0.7691715645116148,1.5383431290232297,3.0766862580464593,0.0030766862580464596,0.0014126000487606153,0.004615029387069689,-0.00012574308026261447,0.007691715645116149,-0.003202429338309074
cto_sort,2022-02,2022-03,-0.014801366745711357,-0.038064776900994836,-0.06593559815730257,-0.043704598162227354,-0.05027853696929657,-0.04592405686313846,-0.04209875757465589,-0.05979888871834243,-0.056190518590119615,-0.06989740891213138,-0.05509604216642002,0.7393483709273183,0.835,0.7871741854636591,1.5743483709273183,3.1486967418546365,0.003148696741854636,-0.058244738908274654,0.004723045112781955,-0.059819087279201974,0.007871741854636592,-0.06296778402105661
cto_sort,2022-03,2022-04,-0.20146442513586993,-0.15532033539332646,-0.1427173953315266,-0.13525442780107838,-0.1285826396342419,-0.13474729084053502,-0.14392708493302522,-0.1337333088432301,-0.14783389626940563,-0.1673793738197512,0.03408505131611872,0.6873449131513647,0.8193069306930694,0.753325921922217,1.506651843844434,3.013303687688868,0.0030133036876888683,0.03107174762842985,0.004519955531533303,0.029565095784585417,0.007533259219222171,0.026551792096896547
cto_sort,2022-04,2022-05,0.09307036039931872,0.09995812860006328,0.1096357408084453,0.11185254294394166,0.11969987570650419,0.10671735410668967,0.11078964547930056,0.10532514692613387,0.10528805694290005,0.11823483749839049,0.02516447709907177,0.7114914425427873,0.8463414634146341,0.7789164529787107,1.5578329059574214,3.115665811914843,0.0031156658119148428,0.022048811287156925,0.004673498717872264,0.020490978381199506,0.007789164529787107,0.01737531256928466
cto_sort,2022-05,2022-06,0.05053005790686387,0.06891842130309803,0.08402406470023259,0.0825836441891145,0.08291754019889643,0.08476989468202316,0.08473888483136384,0.1069338597509747,0.08716388704295495,0.0957329970830778,0.04520293917621392,0.691747572815534,0.8547215496368039,0.773234561226169,1.546469122452338,3.092938244904676,0.003092938244904676,0.04211000093130925,0.004639407367357014,0.04056353180885691,0.007732345612261689,0.037470593563952236
cto_sort,2022-06,2022-07,0.031721302082537144,0.008175128337819089,0.021976223516761918,0.026160871594179638,0.01967391333503358,0.016495023332650717,0.031055369850800683,0.03662151442538802,0.046116968945265104,0.05206314748385581,0.020341845401318663,0.762589928057554,0.8421052631578947,0.8023475956077244,1.6046951912154488,3.2093903824308976,0.0032093903824308976,0.017132455018887764,0.004814085573646347,0.015527759827672316,0.008023475956077244,0.01231836944524142
cto_sort,2022-07,2022-08,-0.06561827370290232,-0.04915026469681974,-0.028146430857825675,-0.035692751578679814,-0.01073712169451873,-0.02153533844270366,-0.01581981886217423,-0.026111486115624038,-0.025549499852451387,-0.03899616236105787,0.026622111341844452,0.7577197149643705,0.8341232227488151,0.7959214688565928,1.5918429377131855,3.183685875426371,0.003183685875426371,0.02343842546641808,0.004775528813139557,0.021846582528704896,0.007959214688565927,0.018662896653278527
cto_sort,2022-08,2022-09,-0.10120050730848096,-0.09418527127673895,-0.09219732455669659,-0.08793991903490582,-0.08222940973439495,-0.08284105006565379,-0.0800551357452358,-0.09013522191054028,-0.08325944488228106,-0.08072221553530778,0.020478291773173174,0.7253521126760563,0.8032786885245902,0.7643154006003232,1.5286308012006464,3.057261602401293,0.003057261602401293,0.01742103017077188,0.0045858924036019395,0.015892399369571236,0.007643154006003232,0.012835137767169942
cto_sort,2022-09,2022-10,0.015164597339386396,0.006027294887312366,0.035549169168442536,0.02615471110063049,0.042318478139221384,0.038642355953515256,0.04394858225947147,0.046870177306644716,0.05390793537865007,0.0500567509385813,0.034892153599194904,0.8395348837209302,0.7981438515081206,0.8188393676145254,1.6376787352290507,3.2753574704581014,0.0032753574704581013,0.0316167961287368,0.004913036205687152,0.029979117393507754,0.008188393676145253,0.02670375992304965
cto_sort,2022-10,2022-11,0.07743171200314324,0.07978350467783969,0.0929167312513575,0.0903809353898102,0.08188804863788987,0.09844146103239,0.08188599542802966,0.07635845284602191,0.07249075022378075,0.04716648365932787,-0.030265228343815363,0.815668202764977,0.8183908045977011,0.8170295036813391,1.6340590073626782,3.2681180147253563,0.0032681180147253563,-0.03353334635854072,0.004902177022088034,-0.0351674053659034,0.008170295036813392,-0.03843552338062876
cto_sort,2022-11,2022-12,-0.04236864250162491,-0.03614672657697154,-0.032586594007095876,-0.02950680112394997,-0.025902826195819476,-0.03408590373698298,-0.03877822464447586,-0.040632947404381836,-0.04072256394122432,-0.05597591622465892,-0.013607273723034004,0.7168949771689498,0.8242009132420092,0.7705479452054795,1.541095890410959,3.082191780821918,0.003082191780821918,-0.016689465503855923,0.004623287671232878,-0.018230561394266882,0.007705479452054796,-0.0213127531750888
cto_sort,2022-12,2023-01,0.04499324408080119,0.08097518579043668,0.08290250296347726,0.0865168829915303,0.08768580605841973,0.08638874574738507,0.09025205230538506,0.08686979722618904,0.0855798357300304,0.06893297736840302,0.023939733287601836,0.7149321266968326,0.8442437923250564,0.7795879595109445,1.559175919021889,3.118351838043778,0.003118351838043778,0.020821381449558057,0.004677527757065667,0.019262205530536168,0.007795879595109445,0.01614385369249239
cto_sort,2023-01,2023-02,0.01564622731986371,0.029667941326150884,0.05202213526064555,0.034866081540189366,0.03317228313072549,0.036921706871251465,0.039822365439258434,0.03919985407354151,0.02823066549226679,0.03485597337703775,0.019209746057174036,0.701123595505618,0.8834080717488789,0.7922658336272485,1.584531667254497,3.169063334508994,0.003169063334508994,0.016040682722665043,0.004753595001763491,0.014456151055410545,0.007922658336272485,0.011287087720901551
cto_sort,2023-02,2023-03,-0.014178781116493712,-0.018095585730297195,-0.005694805770670733,-0.009592204392175714,-0.004705716982107281,-0.009925925620554702,-0.01958583706945983,-0.021073831438617747,-0.010457955573301717,-0.004072484675778059,0.010106296440715652,0.7713004484304933,0.8769574944071589,0.824128971418826,1.648257942837652,3.296515885675304,0.0032965158856753042,0.006809780555040348,0.004944773828512956,0.0051615226122026965,0.00824128971418826,0.0018650067265273927
cto_sort,2023-03,2023-04,-0.03598279523685108,-0.02976535745518764,-0.036742779909261745,-0.0229364052241501,-0.03187098439734228,-0.029628283539425447,-0.014445139791030653,-0.02963692679578002,-0.01570895764287373,-0.029367071031357588,0.00661572420549349,0.7533333333333333,0.8181818181818181,0.7857575757575757,1.5715151515151513,3.1430303030303026,0.0031430303030303025,0.0034726939024631877,0.004714545454545454,0.0019011787509480363,0.007857575757575756,-0.0012418515520822657
cto_sort,2023-04,2023-05,0.0033276171604700233,-0.00606877751869738,-0.0021946481122055834,-0.004055071041818821,-0.00730521121099651,0.0018771321284384238,-0.004053412814406225,0.00403161889437315,0.016291872572334935,0.006704697093565206,0.0033770799330951826,0.7290748898678414,0.8656387665198237,0.7973568281938326,1.5947136563876652,3.1894273127753303,0.0031894273127753303,0.0001876526203198523,0.004784140969162996,-0.001407061036067813,0.007973568281938325,-0.004596488348843143
cto_sort,2023-05,2023-06,0.02420816598762326,0.019446295311675847,0.033346702456620726,0.01587331309262639,0.02283423968375393,0.020891608307468876,0.025940481429885417,0.03170486028785998,0.028005963750556265,0.03195800738809734,0.007749841400474081,0.7339246119733924,0.8296460176991151,0.7817853148362537,1.5635706296725074,3.1271412593450147,0.0031271412593450146,0.004622700141129067,0.004690711889017522,0.0030591295114565592,0.007817853148362537,-6.801174788845579e-05
cto_sort,2023-06,2023-07,-0.037281602062705775,-0.007328184792798962,0.016579358745388736,0.02396682671355828,0.028133084483886503,0.0276173516566724,0.03161618697431286,0.034545707400911924,0.015559714597582767,-0.0052546229102251405,0.032026979152480636,0.6967032967032967,0.8135964912280702,0.7551498939656834,1.5102997879313669,3.0205995758627338,0.003020599575862734,0.0290063795766179,0.0045308993637941004,0.027496079788686536,0.0075514989396568335,0.0244754802128238
cto_sort,2023-07,2023-08,-0.03542133431708144,-0.043316151707003814,-0.050860489562747496,-0.04702374530183417,-0.05455655003794429,-0.04210387023882895,-0.04020391542207716,-0.044658218999499885,-0.04078818480711789,-0.03606017665793402,-0.0006388423408525759,0.7177242888402626,0.8340611353711791,0.7758927121057209,1.5517854242114417,3.1035708484228834,0.0031035708484228835,-0.0037424131892754594,0.004655356272634325,-0.005294198613486901,0.007758927121057209,-0.008397769461909784
cto_sort,2023-08,2023-09,-0.03041876396526059,-0.01075998717963343,0.009123067618063817,0.0014184310692028905,0.0076116205452672865,0.010195383291308998,0.002337159683028781,0.00201780688473144,0.0038591581146336608,0.014652167945914394,0.045070931911174984,0.7136659436008677,0.7943722943722944,0.754019118986581,1.508038237973162,3.016076475946324,0.003016076475946324,0.04205485543522866,0.004524114713919486,0.040546817197255496,0.00754019118986581,0.03753074072130917
cto_sort,2023-09,2023-10,-0.008705694933258437,-0.0063388105817832755,-0.008160349210010914,-0.00810430679501159,-0.00390830310405463,-0.006716167030955948,-0.016025559116694267,-0.01247894093830299,-0.0024684059899373976,-0.0031411327340826124,0.0055645621991758255,0.6946236559139785,0.7982832618025751,0.7464534588582767,1.4929069177165535,2.985813835433107,0.0029858138354331067,0.0025787483637427187,0.004478720753149661,0.0010858414460261645,0.007464534588582768,-0.0018999723894069422
cto_sort,2023-10,2023-11,0.032266661150961135,0.04518354161681436,0.0396728180998692,0.03934539706816836,0.03449904443200002,0.03354466711568173,0.03366200354413821,0.03289719500270886,0.03251499782294899,0.03892370136207779,0.006657040211116655,0.6495726495726496,0.8251599147121536,0.7373662821424016,1.4747325642848033,2.9494651285696065,0.0029494651285696064,0.0037075750825470485,0.00442419769285441,0.0022328425182622453,0.007373662821424017,-0.000716622610307362
cto_sort,2023-11,2023-12,-0.02261871003445794,-0.020125144970392993,-0.02534106531566843,-0.0169008789408897,-0.026042239718973226,-0.01824929080435418,-0.01780755399728133,-0.01515888220869238,-0.019541993007944233,-0.022450402801112893,0.00016830723334504763,0.6687898089171975,0.847457627118644,0.7581237180179208,1.5162474360358416,3.032494872071683,0.0030324948720716833,-0.0028641876387266356,0.004548742308107525,-0.004380435074762478,0.007581237180179209,-0.007412929946834161
cto_sort,2023-12,2024-01,-0.2217893997960098,-0.18731194866991957,-0.17599131865073747,-0.16357194539531808,-0.1692870827430052,-0.16034262604148736,-0.1677921838405803,-0.17798508312340103,-0.19875323565819672,-0.2180246933648656,0.0037647064311442102,0.7194092827004219,0.7810526315789473,0.7502309571396846,1.5004619142793691,3.0009238285587383,0.0030009238285587385,0.0007637826025854717,0.004501385742838107,-0.0007366793116938969,0.007502309571396846,-0.003737603140252636
cto_sort,2024-01,2024-02,0.07105741445269462,0.07475042741305707,0.09294604592361426,0.0697271075364614,0.06901150901741601,0.06769066872387398,0.06266384447842535,0.047656635099239585,0.03661675446445451,0.005969080799972045,-0.06508833365272257,0.748945147679325,0.7178947368421053,0.733419942260715,1.46683988452143,2.93367976904286,0.0029336797690428604,-0.06802201342176543,0.00440051965356429,-0.06948885330628686,0.00733419942260715,-0.07242253307532973
cto_sort,2024-02,2024-03,0.04868137742580379,0.05528665641886648,0.03926973033540163,0.05004293487878135,0.03214853068862606,0.053120568702357034,0.04063196165322689,0.03937560933132244,0.05410130887868679,0.06454039667329282,0.01585901924748903,0.7941176470588236,0.8553459119496856,0.8247317795042546,1.6494635590085092,3.2989271180170183,0.0032989271180170186,0.012560092129472013,0.004948390677025527,0.010910628570463505,0.008247317795042544,0.007611701452446487
cto_sort,2024-03,2024-04,-0.07773937515592508,-0.03755787358303566,-0.01791314704904894,-0.002912450712697502,0.007218674039837102,0.0016817736761913034,0.0067537429698402394,-0.0027092730940780365,-0.012076261331777702,-0.0159400424626241,0.06179933269330098,0.7677824267782427,0.8204592901878914,0.794120858483067,1.588241716966134,3.176483433932268,0.003176483433932268,0.05862284925936871,0.004764725150898402,0.057034607542402575,0.00794120858483067,0.05385812410847031
cto_sort,2024-04,2024-05,-0.03673478025012703,-0.01367699614349574,-0.01779540222320034,-0.02748231613901423,-0.008183831313066284,-0.021871206885911182,-0.007033095946911552,-0.01158402285388095,-0.006638587689833521,0.005453098828806405,0.04218787907893344,0.8004158004158004,0.8174273858921162,0.8089215931539583,1.6178431863079166,3.235686372615833,0.003235686372615833,0.038952192706317605,0.00485352955892375,0.03733434952000969,0.008089215931539584,0.034098663147393855
cto_sort,2024-05,2024-06,-0.09335897470329159,-0.0838095843299931,-0.07858262372239509,-0.0859415504324257,-0.07554646986725122,-0.07459616247427794,-0.0846500399996585,-0.08630980391777242,-0.0837170708531864,-0.08865060627592371,0.004708368427367882,0.7526205450733753,0.8389121338912133,0.7957663394822942,1.5915326789645885,3.183065357929177,0.003183065357929177,0.0015253030694387048,0.0047745980368937655,-6.622960952588387e-05,0.007957663394822944,-0.003249294967455062
cto_sort,2024-06,2024-07,0.0010720583500335185,-0.004910865072301689,0.005923282222268844,0.007771800078523626,0.0007065204425257804,0.007398353230087109,0.003547144443203221,0.019095258188945075,0.0027375879271344084,0.01293128153154969,0.011859223181516172,0.762993762993763,0.8049792531120332,0.783986508052898,1.567973016105796,3.135946032211592,0.003135946032211592,0.00872327714930458,0.004703919048317388,0.007155304133198784,0.00783986508052898,0.0040193581009871915
cto_sort,2024-07,2024-08,-0.05428310979148156,-0.04688211113058775,-0.042179106197084655,-0.043023878029120124,-0.030656135158267848,-0.03543117067599402,-0.035452018467935914,-0.03691838827687299,-0.02472849607656461,-0.026082432995908483,0.028200676795573074,0.731958762886598,0.8024691358024691,0.7672139493445336,1.5344278986890671,3.0688557973781343,0.003068855797378134,0.02513182099819494,0.004603283696067202,0.02359739309950587,0.0076721394934453355,0.02052853730212774
cto_sort,2024-08,2024-09,0.2659933633796348,0.23862514124735357,0.2308198716115073,0.24535102051912666,0.23487398753594088,0.2222001336860654,0.22801617136291755,0.22402347766515332,0.22524177430225834,0.2252678950210877,-0.040725468358547096,0.7207392197125257,0.8135245901639344,0.7671319049382301,1.5342638098764603,3.0685276197529205,0.0030685276197529206,-0.04379399597830001,0.004602791429629381,-0.04532825978817648,0.007671319049382302,-0.048396787407929395
cto_sort,2024-09,2024-10,0.14372788630640979,0.06928401869901919,0.056868797421684734,0.052951663855532,0.05444876255402574,0.06378918016174716,0.05627454988207115,0.06252886877793414,0.057794756072653865,0.08271298796246344,-0.06101489834394634,0.7137014314928425,0.8466257668711656,0.7801635991820041,1.5603271983640081,3.1206543967280163,0.0031206543967280164,-0.06413555274067435,0.004680981595092025,-0.06569587993903836,0.0078016359918200405,-0.06881653433576639
cto_sort,2024-10,2024-11,0.023997900241867574,0.023514900182324102,0.05090731311624229,0.06023544250192349,0.05483116321768658,0.055181230978846,0.056302541147160545,0.04662783571433135,0.05455091965940682,0.032841723437152893,0.00884382319528532,0.754601226993865,0.8020408163265307,0.7783210216601979,1.5566420433203958,3.1132840866407916,0.0031132840866407918,0.005730539108644528,0.004669926129961187,0.004173897065324133,0.007783210216601979,0.0010606129786833408
cto_sort,2024-11,2024-12,-0.0872710054335381,-0.049219811115437204,-0.04496238583845733,-0.03162501419237235,-0.03072995956547251,-0.027458396124929223,-0.028308527409389554,-0.03403094603043017,-0.045011226520559035,-0.06156728870597151,0.0257037167275666,0.6918367346938776,0.7413441955193483,0.716590465106613,1.433180930213226,2.866361860426452,0.002866361860426452,0.02283735486714015,0.004299542790639678,0.02140417393692692,0.00716590465106613,0.01853781207650047
cto_sort,2024-12,2025-01,-0.027773255655838252,-0.021988599021425286,-0.018602461734802136,-0.01701413233808723,-0.011447263130142231,-0.00899022214042129,-0.01946215289997095,-0.013857017363174772,-0.007210188817525937,-0.010886755700320407,0.016886499955517845,0.6537678207739308,0.7621951219512195,0.7079814713625752,1.4159629427251503,2.8319258854503007,0.0028319258854503006,0.014054574070067544,0.004247888828175451,0.012638611127342395,0.007079814713625752,0.009806685241892092
cto_sort,2025-01,2025-02,0.11522203047749137,0.08546961438614357,0.08230967446313187,0.05921282430275653,0.07632801434910003,0.052007987227417236,0.05800170939753446,0.06622819917640313,0.07505586658726102,0.09950506262649494,-0.015716967850996424,0.6971544715447154,0.8052738336713996,0.7512141526080576,1.5024283052161151,3.0048566104322303,0.0030048566104322306,-0.018721824461428654,0.004507284915648346,-0.02022425276664477,0.007512141526080576,-0.023229109377077
cto_sort,2025-02,2025-03,-0.03842289607395743,-0.006029118814988013,0.0028208111426095347,0.010208264382628406,0.012984056255331528,0.014541405085103758,0.013308244543110396,0.012302176740210346,0.007442029918483521,-0.019467884447102186,0.018955011626855242,0.6890243902439024,0.821501014198783,0.7552627022213427,1.5105254044426855,3.021050808885371,0.0030210508088853705,0.015933960817969873,0.0045315762133280564,0.014423435413527187,0.007552627022213427,0.011402384604641814
cto_sort,2025-03,2025-04,-0.04287625392960497,-0.03250138809621432,-0.03349944616569399,-0.028415375790625728,-0.028330178462294863,-0.02363732838370141,-0.016708742566030773,-0.008538220814515766,-0.016700852068647878,-0.01778541567183762,0.025090838257767353,0.7383367139959431,0.8461538461538461,0.7922452800748947,1.5844905601497894,3.168981120299579,0.003168981120299579,0.021921857137467776,0.004753471680449368,0.020337366577317984,0.007922452800748946,0.017168385457018407
cto_sort,2025-04,2025-05,0.07477289278600306,0.051303013814611935,0.03726556133230281,0.049769790794796875,0.04498744792961003,0.04920616471030105,0.04450864915240565,0.04947199466581728,0.049434719007779494,0.05562055921233659,-0.01915233357366647,0.7728194726166329,0.8360323886639676,0.8044259306403002,1.6088518612806004,3.217703722561201,0.003217703722561201,-0.02237003729622767,0.004826555583841801,-0.02397888915750827,0.008044259306403002,-0.02719659288006947
cto_sort,2025-05,2025-06,0.052700799797725816,0.05928559241377422,0.05272679325749539,0.06556803589943656,0.04638587389978424,0.06321001690318263,0.05785608621107699,0.0737062833812419,0.07860940774286805,0.07817367693217706,0.02547287713445124,0.7736625514403292,0.8151950718685832,0.7944288116544562,1.5888576233089124,3.177715246617825,0.003177715246617825,0.022295161887833415,0.004766572869926738,0.0207063042645245,0.007944288116544563,0.017528589017906677
cto_sort,2025-06,2025-07,0.027415128168554716,0.03460454248525647,0.053175343191814724,0.051935309673487404,0.06572205841720422,0.07023044641664904,0.06040400615473206,0.05783581942639257,0.0809633506632825,0.07031985428925938,0.042904726120704666,0.6967213114754098,0.7955010224948875,0.7461111669851487,1.4922223339702974,2.9844446679405947,0.002984444667940595,0.03992028145276407,0.004476667001910893,0.038428059118793774,0.007461111669851486,0.03544361445085318
cto_sort,2025-07,2025-08,0.08580918381564745,0.11696432689827937,0.10203323851445481,0.10067063345497557,0.08797883101123061,0.07275018120258364,0.07013828380440354,0.07103029033617086,0.08477670656126646,0.07313858678271468,-0.012670597032932773,0.689161554192229,0.8367346938775511,0.7629481240348901,1.5258962480697802,3.0517924961395604,0.00305179249613956,-0.015722389529072334,0.004577688744209341,-0.017248285777142113,0.0076294812403489,-0.020300078273281674
cto_sort,2025-08,2025-09,-0.028755871099409164,0.004842540970444046,-0.001700370558097361,0.0017125908929266683,0.012828165192967455,0.013359830402662169,0.016047687448257436,0.026504866662270078,0.03920322708876099,0.03763614996089676,0.06639202106030592,0.6789366053169734,0.8489795918367347,0.763958098576854,1.527916197153708,3.055832394307416,0.0030558323943074162,0.06333618866599851,0.004583748591461124,0.0618082724688448,0.0076395809857685406,0.05875244007453738
cto_sort,2025-09,2025-10,0.006359000362984896,0.005873126144676107,0.01430214878571163,0.02634177996543726,0.01612262954787315,0.023218500146787228,0.01961486847645025,0.019714990551325723,0.018580694442632602,-0.008237606225944624,-0.01459660658892952,0.7489795918367347,0.8105906313645621,0.7797851116006485,1.559570223201297,3.119140446402594,0.0031191404464025936,-0.017715747035332113,0.0046787106696038906,-0.01927531725853341,0.007797851116006484,-0.022394457704936005
cto_sort,2025-10,2025-11,-0.02007660146243504,-0.0036545704239664667,-0.005842971496658058,-0.01051577088391992,-0.0013224931675501874,0.006102056376911122,-0.002179378678775513,-0.002931686185068488,0.007535758063686461,0.0019561440561681274,0.022032745518603167,0.773469387755102,0.8044806517311609,0.7889750197431314,1.577950039486263,3.155900078972526,0.0031559000789725257,0.01887684543963064,0.004733850118458788,0.017298895400144378,0.007889750197431314,0.014142995321171853
cto_sort,2025-11,2025-12,0.007439035598441355,0.04055340988755475,0.021797908482249023,0.031288419306272186,0.025995993433418022,0.02300243464789231,0.008493823676363156,0.018188848616410846,0.014299884058415776,0.018483754207701524,0.011044718609260169,0.7428571428571429,0.8431771894093687,0.7930171661332558,1.5860343322665116,3.172068664533023,0.0031720686645330233,0.007872649944727146,0.004758102996799535,0.006286615612460634,0.007930171661332558,0.0031145469479276107
cto_sort,2025-12,2026-01,0.04186792475392408,0.08851792877850082,0.07171483007551985,0.070668884116749,0.0680813353379326,0.08348455840246034,0.07531351847819973,0.08649631682161782,0.1077391502203023,0.11094473066169469,0.06907680590777061,0.7113821138211383,0.7768762677484787,0.7441291907848084,1.4882583815696169,2.9765167631392337,0.002976516763139234,0.06610028914463138,0.004464775144708851,0.06461203076306177,0.007441291907848084,0.06163551399992253
cto_sort,2026-01,2026-02,0.0421086321810679,0.04719917313132087,0.04196582401971506,0.03517728511602481,0.03194340099541929,0.03993800828855896,0.03686036904331394,0.05117572723752696,0.047976102646769464,0.03601617751616213,-0.0060924546649057665,0.693089430894309,0.8275862068965517,0.7603378188954304,1.5206756377908608,3.0413512755817216,0.0030413512755817214,-0.009133805940487488,0.004562026913372583,-0.01065448157827835,0.007603378188954304,-0.013695832853860071
cto_sort,2026-02,2026-03,-0.12099664576786932,-0.10919458096112973,-0.09839816832562842,-0.09044032083831631,-0.09472723232291375,-0.08317551257183042,-0.08451525141808675,-0.08782662996350392,-0.09393298663520105,-0.08801951004858764,0.03297713571928168,0.7723577235772358,0.8539553752535497,0.8131565494153927,1.6263130988307855,3.252626197661571,0.003252626197661571,0.02972450952162011,0.004878939296492356,0.028098196422789323,0.008131565494153928,0.024845570225127754
cto_sort,2026-03,2026-04,0.07555771311587885,0.08079100970956894,0.07304940291388524,0.06226508760386737,0.05708337943285518,0.060762863483747216,0.049096952936509716,0.07547704005656224,0.0663583913724707,0.0908668037609521,0.015309090645073256,0.7565922920892495,0.7894736842105263,0.7730329881498879,1.5460659762997757,3.0921319525995514,0.0030921319525995515,0.012216958692473705,0.004638197928899327,0.010670892716173929,0.0077303298814988776,0.0075787607635743786
cto_sort,2026-04,2026-05,-0.05151961110182002,-0.054452732001881304,-0.04788441952389613,-0.044648156884622134,-0.03467662280341032,-0.033136154780216476,-0.044859565692608364,-0.03224410584220793,0.0016418181754447236,0.043484640602951735,0.09500425170477175,0.8141414141414142,0.8545454545454545,0.8343434343434344,1.6686868686868688,3.3373737373737375,0.003337373737373738,0.09166687796739802,0.005006060606060606,0.08999819109871114,0.008343434343434344,0.0866608173613374
cto_sort,2026-05,2026-06,-0.0151762170018114,-0.04858362220102907,-0.06475821112598532,-0.04904956352803238,-0.060697578204918785,-0.06036667445792715,-0.056309270203954806,-0.04023990552341101,-0.030570229315372902,0.0712340451267104,0.0864102621285218,0.8008213552361396,0.7766393442622951,0.7887303497492173,1.5774606994984346,3.154921398996869,0.003154921398996869,0.08325534072952494,0.004732382098495304,0.0816778800300265,0.007887303497492172,0.07852295863102964
cto_sort,2026-06,2026-07,-0.18228080569119937,-0.12408705209645592,-0.10725251173251288,-0.08270537027138616,-0.057323574278787856,-0.05496227803480552,-0.0585027736093704,-0.060114758494402835,-0.07529765207583297,-0.1861214664072493,-0.0038406607160499373,0.7474541751527495,0.8008130081300813,0.7741335916414154,1.5482671832828308,3.0965343665656615,0.0030965343665656617,-0.0069371950826155986,0.004644801549848492,-0.00848546226589843,0.007741335916414154,-0.011581996632464092
lightgbm,2013-01,2013-02,0.047051242832310755,0.033297949710373996,0.035785051123251026,0.03636886252919087,0.03149804331560184,0.030198749675658484,0.03333793094937864,0.031214831747562514,0.04026084253757333,0.04925051317203295,0.002199270339722198,,,,,,,,,,,
lightgbm,2013-02,2013-03,-0.046861305686084834,-0.030085881692583142,-0.04447740092705633,-0.048043997818842915,-0.04797056330232909,-0.038796903736051803,-0.03559252586178301,-0.04151169267077613,-0.01647836398737178,-0.020267825538252467,0.026593480147832367,0.7420814479638009,0.7792792792792793,0.7606803636215401,1.5213607272430802,3.0427214544861605,0.0030427214544861605,0.023550758693346205,0.004564082181729241,0.022029397966103127,0.007606803636215402,0.018986676511616965
lightgbm,2013-03,2013-04,-0.03433629462611447,-0.03767591551196874,-0.029834012677183077,-0.028782354535706104,-0.03340254491841373,-0.02237956904573673,-0.03293954624069744,-0.030638018577531394,-0.02280647310895508,-0.0202956493602752,0.014040645265839268,0.7410714285714286,0.72,0.7305357142857143,1.4610714285714286,2.922142857142857,0.002922142857142857,0.01111850240869641,0.004383214285714285,0.009657430980124983,0.007305357142857143,0.006735288122982125
lightgbm,2013-04,2013-05,0.15524609442122614,0.1394209048428493,0.14231615547093168,0.12879610658068888,0.1380147147352463,0.14091016974435405,0.12627488684532176,0.1541289095322396,0.15652931603481954,0.1548857530401691,-0.0003603413810570333,0.7212389380530974,0.7312775330396476,0.7262582355463725,1.452516471092745,2.90503294218549,0.00290503294218549,-0.003265374323242523,0.004357549413278234,-0.0047178907943352675,0.007262582355463725,-0.007622923736520759
lightgbm,2013-05,2013-06,-0.10906660829970555,-0.15248573904678478,-0.16458040706879637,-0.16038603431740459,-0.1621713376475491,-0.15846344964720385,-0.15982039930438088,-0.16725868422924298,-0.1595565524128021,-0.1565803190278044,-0.047513710728098846,0.7478260869565218,0.7186147186147186,0.7332204027856202,1.4664408055712403,2.9328816111424807,0.002932881611142481,-0.05044659233924133,0.0043993224167137215,-0.05191303314481257,0.007332204027856201,-0.054845914755955044
lightgbm,2013-06,2013-07,0.09486061999612384,0.06062777318213888,0.06513531270779337,0.0543085635726173,0.06624717644295676,0.05986126696021248,0.06539170251532218,0.06718975492972151,0.08982153772978366,0.08885068694306265,-0.006009933053061189,0.6782608695652175,0.7402597402597403,0.7092603049124788,1.4185206098249576,2.8370412196499153,0.0028370412196499152,-0.008846974272711104,0.004255561829474872,-0.010265494882536062,0.007092603049124789,-0.013102536102185978
lightgbm,2013-07,2013-08,0.05139581196131756,0.07501966170765144,0.07299565522135198,0.08015688457055463,0.07812288178390128,0.09741069220095999,0.10536896415467191,0.08878655768776865,0.09907319853544082,0.09530703707122253,0.043911225109904965,0.703862660944206,0.7682403433476395,0.7360515021459227,1.4721030042918455,2.944206008583691,0.002944206008583691,0.04096701910132127,0.004416309012875537,0.03949491609702943,0.007360515021459227,0.03655071008844574
lightgbm,2013-08,2013-09,0.04788106350992966,0.06710187224177569,0.04655881333269785,0.04881200477022262,0.04983221823151657,0.0632956717236282,0.057519542981614165,0.049416536437907395,0.055614450406284134,0.06235658715738476,0.0144755236474551,0.7991452991452992,0.8085106382978724,0.8038279687215858,1.6076559374431716,3.215311874886343,0.0032153118748863433,0.011260211772568758,0.0048229678123295145,0.009652555835125587,0.008038279687215858,0.006437243960239243
lightgbm,2013-09,2013-10,-0.06818038282287871,-0.0329566744427993,-0.04385433717441002,-0.0230737500550613,-0.01757582106775188,-0.02237599152555931,-0.01559762892522524,-0.019469634214762662,-0.004292973025163379,-0.008475563098865616,0.05970481972401309,0.8034188034188035,0.7617021276595745,0.7825604655391889,1.5651209310783778,3.1302418621567556,0.0031302418621567555,0.05657457786185634,0.004695362793235133,0.05500945693077796,0.00782560465539189,0.0518792150686212
lightgbm,2013-10,2013-11,0.07007364613643961,0.05925506017791122,0.07549432575152461,0.06902288955462274,0.06805130711476232,0.08895069961643377,0.08575109151245962,0.10206395376203416,0.11801917524242779,0.12935822897809685,0.05928458284165723,0.8212765957446808,0.7627118644067796,0.7919942300757302,1.5839884601514604,3.167976920302921,0.003167976920302921,0.05611660592135431,0.004751965380454381,0.05453261746120285,0.007919942300757302,0.05136464054089993
lightgbm,2013-11,2013-12,-0.07317788647102222,-0.03408909973028022,-0.04065364870062261,-0.0337248389303175,-0.03443647984175276,-0.0237290010650335,-0.014951746226531771,-0.025103904536788697,-0.02461631585545317,-0.02518849769094661,0.04798938878007561,0.7735042735042735,0.7063829787234043,0.7399436261138389,1.4798872522276778,2.9597745044553556,0.0029597745044553556,0.04502961427562025,0.004439661756683034,0.043549727023392576,0.007399436261138389,0.04058995251893722
lightgbm,2013-12,2014-01,0.0549262083331347,0.006182880413123202,-0.013296458377121404,0.010400862530005807,0.012251636980985027,0.019802000517209636,0.010359941306885372,0.014970286513629794,0.03997684921907505,0.044774831698621245,-0.010151376634513452,0.8,0.6355932203389831,0.7177966101694916,1.4355932203389832,2.8711864406779664,0.0028711864406779663,-0.013022563075191418,0.00430677966101695,-0.014458156295530402,0.007177966101694916,-0.01732934273620837
lightgbm,2014-01,2014-02,-0.005088339388876304,0.015622446537953402,0.018769660879709577,0.02418093125011506,0.037980254892115206,0.04973698254500123,0.04516100097821429,0.05224272271957812,0.05237309572954495,0.05104501778962136,0.05613335717849766,0.7489361702127659,0.6425531914893616,0.6957446808510638,1.3914893617021276,2.782978723404255,0.002782978723404255,0.05335037845509341,0.004174468085106383,0.05195888909339128,0.006957446808510638,0.04917591036998702
lightgbm,2014-02,2014-03,-0.07483928157453892,-0.042148646938243314,-0.03339401540011338,-0.033752041700731567,-0.021100933250934453,-0.02572202598730541,-0.01449782744961407,-0.006834131039855084,0.0005698018911633625,-0.010178965466526337,0.0646603161080126,0.7413793103448276,0.6523605150214593,0.6968699126831435,1.393739825366287,2.787479650732574,0.002787479650732574,0.06187283645728002,0.004181219476098861,0.06047909663191373,0.006968699126831434,0.05769161698118116
lightgbm,2014-03,2014-04,-0.018603954453725938,-0.023926788284288455,-0.01855585870097732,-0.016808045148542252,-0.014939525496842085,-0.021576162546214545,-0.006746366791057024,-0.01031021480436132,-0.012934915400228673,0.007487306649522231,0.026091261103248168,0.7777777777777778,0.6851063829787234,0.7314420803782506,1.4628841607565013,2.9257683215130026,0.0029257683215130025,0.023165492781735166,0.004388652482269504,0.021702608620978663,0.007314420803782507,0.01877684029946566
lightgbm,2014-04,2014-05,0.01608632573886859,0.02326152401210673,0.01862907887691472,0.025734525558754974,0.021265447099531626,0.022087795126173756,0.03074038084312108,0.03198791117556845,0.040571727287780086,0.05325488745071301,0.03716856171184442,0.6767241379310345,0.6652360515021459,0.6709800947165903,1.3419601894331805,2.683920378866361,0.002683920378866361,0.03448464133297806,0.004025880568299542,0.03314268114354488,0.006709800947165902,0.030458760764678516
lightgbm,2014-05,2014-06,0.03725018569773318,0.02904378483088511,0.02052069088685993,0.04030975072060638,0.036319412612360207,0.04602305327455131,0.052114986721984016,0.058574117274396514,0.07382051291995231,0.07399980832152264,0.03674962262378946,0.7236842105263157,0.6419213973799127,0.6828028039531142,1.3656056079062284,2.731211215812457,0.002731211215812457,0.034018411407977005,0.004096816823718685,0.032652805800070774,0.006828028039531142,0.029921594584258318
lightgbm,2014-06,2014-07,0.05985750764377936,0.07173530907284655,0.06933598460386863,0.06816016717703333,0.07274127290409174,0.09180554803695937,0.07539260484853379,0.08399421399519551,0.08313788582347703,0.0813361974688991,0.02147868982511974,0.6506550218340612,0.6,0.6253275109170306,1.2506550218340613,2.5013100436681226,0.0025013100436681226,0.018977379781451614,0.0037519650655021843,0.017726724759617556,0.0062532751091703065,0.015225414715949431
lightgbm,2014-07,2014-08,0.009134440996780431,0.03631697355774606,0.038240656250614,0.0414510810305409,0.049984243138876644,0.05589754415632435,0.07098611278738211,0.0822295773669127,0.08337273548939586,0.07796755817727069,0.06883311718049026,0.74235807860262,0.6652173913043478,0.7037877349534839,1.4075754699069678,2.8151509398139356,0.0028151509398139356,0.06601796624067632,0.0042227264097209035,0.06461039077076935,0.007037877349534838,0.061795239830955424
lightgbm,2014-08,2014-09,0.11896014848798518,0.11335905536066872,0.10801563135845223,0.11679503864933181,0.11160335345438213,0.12668286160038633,0.1551141267957169,0.1532539686488427,0.17106719943786,0.1709221611402001,0.05196201265221491,0.7816593886462881,0.6956521739130435,0.7386557812796658,1.4773115625593316,2.954623125118663,0.0029546231251186632,0.04900738952709625,0.004431934687677995,0.04753007796453691,0.007386557812796658,0.04457545483941825
lightgbm,2014-09,2014-10,0.005469450611494712,0.02014400030807017,0.009710379522833846,0.009439705233906486,0.005230390331469817,0.005634324594619516,0.014192279365865706,0.017056604581488426,0.02298821277650245,0.03287439432562065,0.027404943714125937,0.7510917030567685,0.691304347826087,0.7211980254414277,1.4423960508828555,2.884792101765711,0.002884792101765711,0.024520151612360225,0.004327188152648567,0.02307775556147737,0.007211980254414277,0.02019296345971166
lightgbm,2014-10,2014-11,0.07755485057825486,0.0634474841056562,0.05158425866219331,0.06006940806219926,0.04503713127605648,0.04480580381499483,0.041080922499422676,0.07289314405978212,0.0635879850838878,0.0593991892818786,-0.018155661296376253,0.7433628318584071,0.696035242290749,0.719699037074578,1.439398074149156,2.878796148298312,0.0028787961482983123,-0.021034457444674567,0.0043181942224474685,-0.02247385551882372,0.00719699037074578,-0.025352651667122035
lightgbm,2014-11,2014-12,0.0660437817130501,0.05312394021604957,0.00013797720856793173,-0.017094486053423005,-0.033848244145591205,-0.05974934970272403,-0.05750294356046493,-0.06761897271810022,-0.0776750964508042,-0.09342260801395508,-0.15946638972700516,0.7035398230088495,0.6563876651982379,0.6799637441035438,1.3599274882070875,2.719854976414175,0.002719854976414175,-0.16218624470341933,0.004079782464621262,-0.16354617219162643,0.006799637441035438,-0.1662660271680406
lightgbm,2014-12,2015-01,0.011510093205011732,0.039072315337145135,0.06347561047137032,0.07963803505391578,0.08686186926698652,0.08167167617004718,0.09639964491735241,0.09849734019204177,0.09165513067631875,0.07598379904074441,0.06447370583573268,0.75,0.6899563318777293,0.7199781659388647,1.4399563318777293,2.8799126637554586,0.0028799126637554587,0.061593793171977225,0.004319868995633187,0.0601538368400995,0.007199781659388647,0.05727392417634404
lightgbm,2015-01,2015-02,0.09179549141538529,0.06726695754249674,0.07808955941906434,0.07164504421306138,0.07541675462730082,0.08174312593687974,0.0729254356632543,0.06906292715650834,0.07237410916826215,0.07287870890954044,-0.018916782505844845,0.7782608695652173,0.7012987012987013,0.7397797854319593,1.4795595708639186,2.9591191417278373,0.0029591191417278374,-0.021875901647572683,0.004438678712591756,-0.023355461218436603,0.007397797854319593,-0.026314580360164437
lightgbm,2015-02,2015-03,0.22240448939399005,0.20734805648945157,0.22645889751412296,0.206221764314384,0.21999085095400553,0.2131990816234708,0.23044264043026685,0.2470408109165729,0.22828291552391042,0.2548372641622263,0.03243277476823625,0.6535087719298245,0.62882096069869,0.6411648663142573,1.2823297326285146,2.564659465257029,0.0025646594652570295,0.02986811530297922,0.0038469891978855438,0.028585785570350707,0.006411648663142573,0.026021126105093675
lightgbm,2015-03,2015-04,0.14640621443070256,0.13983231593273343,0.1508604110999491,0.16495148149462024,0.16480517454689247,0.17232211313849657,0.17124657818729971,0.17502221520453667,0.17201401966562502,0.1850996236546521,0.03869340922394954,0.7510917030567685,0.7086956521739131,0.7298936776153409,1.4597873552306817,2.9195747104613634,0.0029195747104613632,0.03577383451348817,0.004379362065692045,0.03431404715825749,0.007298936776153409,0.031394472447796126
lightgbm,2015-04,2015-05,0.1624943229868953,0.1642469636950686,0.1724287614225614,0.2031926565111282,0.2121439234977869,0.2500437886906304,0.2638025345828622,0.2535196424427668,0.30588407677217616,0.3040487183040558,0.14155439531716046,0.7631578947368421,0.7336244541484715,0.7483911744426568,1.4967823488853136,2.993564697770627,0.002993564697770627,0.13856083061938984,0.004490347046655941,0.13706404827050453,0.007483911744426568,0.1340704835727339
lightgbm,2015-05,2015-06,-0.13174981410125736,-0.11349468632823066,-0.10420640465017729,-0.08991609003295258,-0.11059401162804658,-0.09251315274912732,-0.08453846947243078,-0.09085645999613741,-0.08838261383686236,-0.0936765426422078,0.038073271459049554,0.6771300448430493,0.7901785714285714,0.7336543081358103,1.4673086162716207,2.9346172325432414,0.002934617232543241,0.03513865422650631,0.004401925848814862,0.033671345610234694,0.007336543081358103,0.030736728377691452
lightgbm,2015-06,2015-07,-0.18550253999116567,-0.2036582791629937,-0.1887941622340996,-0.19127581801226748,-0.16978742300025773,-0.17379216282507012,-0.16714017795902084,-0.1760991246253731,-0.17739641495080452,-0.16612690056874369,0.019375639422421986,0.7601809954751131,0.7612612612612613,0.7607211283681872,1.5214422567363743,3.0428845134727487,0.0030428845134727487,0.016332754908949237,0.004564326770209123,0.014811312652212864,0.007607211283681871,0.011768428138740114
lightgbm,2015-07,2015-08,-0.15140132321184988,-0.15307480602857731,-0.15013141971153734,-0.14880045417018606,-0.14315051646304108,-0.12513048730570192,-0.11103213250244193,-0.12094033316374958,-0.13109576945524312,-0.09667473561503515,0.05472658759681473,0.7594339622641509,0.8497652582159625,0.8045996102400568,1.6091992204801135,3.218398440960227,0.0032183984409602275,0.051508189155854506,0.00482759766144034,0.04989898993537439,0.008045996102400569,0.04668059149441416
lightgbm,2015-08,2015-09,-0.0697098648996368,-0.05096002956879207,-0.0406954740911592,-0.04069959189056506,-0.03211904054420328,-0.024129486448671595,-0.023406249994198297,-0.0038952465978257813,-0.004586377201859746,0.006474832388399244,0.07618469728803605,0.7934272300469484,0.8364485981308412,0.8149379140888948,1.6298758281777896,3.2597516563555793,0.0032597516563555792,0.07292494563168048,0.00488962748453337,0.07129506980350268,0.008149379140888948,0.0680353181471471
lightgbm,2015-09,2015-10,0.24333298516450413,0.23429295699986596,0.1927056676842456,0.20391491840785703,0.21891456756808197,0.2149777466657821,0.24468566667615946,0.25025411536061437,0.26559362845482776,0.26436636977240163,0.0210333846078975,0.7230046948356808,0.8411214953271028,0.7820630950813918,1.5641261901627836,3.1282523803255673,0.0031282523803255672,0.01790513222757193,0.004692378570488351,0.016341006037409147,0.00782063095081392,0.01321275365708358
lightgbm,2015-10,2015-11,0.0687026223701661,0.06309432418448369,0.07045840425634596,0.07270459323130124,0.09811362545856404,0.08574020706108212,0.10854183905858099,0.14056967430255382,0.12608239139699376,0.14191407357126262,0.07321145120109653,0.6666666666666667,0.7990867579908676,0.7328767123287672,1.4657534246575343,2.9315068493150687,0.0029315068493150688,0.07027994435178146,0.0043972602739726025,0.06881419092712392,0.007328767123287672,0.06588268407780885
lightgbm,2015-11,2015-12,0.010541039244332789,0.033327935868997204,0.037918456329071634,0.045702258065371405,0.05362347499205305,0.07534365404003715,0.0752154869791227,0.10516722932192932,0.1201142240077775,0.12555029907912277,0.11500925983478998,0.696035242290749,0.7280701754385965,0.7120527088646728,1.4241054177293455,2.848210835458691,0.002848210835458691,0.11216104899933128,0.0042723162531880365,0.11073694358160194,0.007120527088646728,0.10788873274614325
lightgbm,2015-12,2016-01,-0.309040108309939,-0.2973780017438147,-0.2931007324541641,-0.3011648338513466,-0.2943525380098077,-0.29109203781731,-0.29074367174590776,-0.2959261599542819,-0.2900346458352542,-0.29233481561930336,0.016705292690635642,0.7669491525423728,0.7468354430379747,0.7568922977901738,1.5137845955803475,3.027569191160695,0.003027569191160695,0.013677723499474947,0.004541353786741043,0.0121639389038946,0.007568922977901738,0.009136369712733905
lightgbm,2016-01,2016-02,-0.04106507994872213,-0.014274213667419279,-0.026384965588887508,-0.02352295732580084,-0.013523591602699598,-0.01475502485106011,-0.018986049930522213,-0.010548800549276352,-0.012813645352956891,0.0015635831653878728,0.04262866311411,0.7364016736401673,0.7,0.7182008368200836,1.4364016736401672,2.8728033472803345,0.002872803347280335,0.03975585976682967,0.004309205020920502,0.0383194580931895,0.007182008368200836,0.03544665474590917
lightgbm,2016-02,2016-03,0.14742887218751055,0.17312947387256752,0.18043353527825223,0.18964018387364176,0.18610738885684106,0.18569332464031305,0.19421593256419947,0.22482534378613378,0.2385195418932639,0.2278658888100529,0.08043701662254235,0.7322175732217573,0.7,0.7161087866108786,1.4322175732217572,2.8644351464435145,0.0028644351464435147,0.07757258147609884,0.004296652719665272,0.07614036390287708,0.007161087866108786,0.07327592875643356
lightgbm,2016-03,2016-04,-0.03856477377237461,-0.03310171392090371,-0.024562760106202775,-0.028142429713202285,-0.011469537163170757,-0.008060220390369877,0.005886263184900307,0.015623483948063765,0.034004476246938545,0.021952323634357274,0.06051709740673189,0.7131147540983607,0.6612244897959183,0.6871696219471395,1.374339243894279,2.748678487788558,0.002748678487788558,0.05776841891894333,0.004123017731682836,0.05639407967504905,0.006871696219471394,0.053645401187260494
lightgbm,2016-04,2016-05,-0.020193879525539502,-0.016696325193198233,-0.01649168484323675,-0.02047663552083489,-0.011030858689258138,-0.012935737199675725,-0.0163195031688751,-0.012614329852366242,-0.026282633908100404,-0.0012787958474128596,0.018915083678126644,0.7183673469387755,0.6219512195121951,0.6701592832254852,1.3403185664509705,2.680637132901941,0.002680637132901941,0.016234446545224705,0.004020955699352911,0.014894127978773732,0.006701592832254852,0.012213490845871793
lightgbm,2016-05,2016-06,0.03370428851288493,0.03800097412809218,0.04068364823150545,0.049452304994151375,0.06821622566029635,0.057466177435703966,0.06938527903549112,0.06765814554338449,0.06622762915611186,0.08557774175595698,0.05187345324307205,0.7073170731707317,0.7044534412955465,0.7058852572331391,1.4117705144662782,2.8235410289325564,0.0028235410289325566,0.04904991221413949,0.004235311543398835,0.04763814169967322,0.007058852572331391,0.04481460067074066
lightgbm,2016-06,2016-07,-0.05582018093429189,-0.014603729211153453,0.0013056648329577013,0.0023651045766940387,-0.001142367836167824,-0.0063762090070949495,0.003106997938880414,0.0041296811148478696,0.012364965613483481,0.0011234780839766742,0.05694365901826857,0.72,0.6454183266932271,0.6827091633466136,1.3654183266932272,2.7308366533864543,0.0027308366533864543,0.05421282236488211,0.004096254980079681,0.05284740403818888,0.006827091633466137,0.050116567384802434
lightgbm,2016-07,2016-08,0.02688045869892897,0.03905746397041081,0.03295557645705817,0.03858542359254418,0.04377302921118104,0.04753983092968634,0.05897502364059819,0.055879357517146656,0.07129617918101998,0.07146676966017873,0.044586310961249764,0.7755905511811023,0.603921568627451,0.6897560599042767,1.3795121198085534,2.7590242396171067,0.0027590242396171067,0.041827286721632655,0.00413853635942566,0.0404477746018241,0.006897560599042766,0.037688750362207
lightgbm,2016-08,2016-09,-0.03595486899440502,-0.027241282223298646,-0.02516586147396708,-0.014349200895056338,-0.007941900449866248,-0.01349246306204353,0.0034325232829830743,0.007440348729456996,0.019460479058418113,0.012174681487745453,0.04812955048215047,0.70703125,0.5486381322957199,0.62783469114786,1.25566938229572,2.51133876459144,0.0025113387645914398,0.04561821171755903,0.003767008146887159,0.044362542335263315,0.0062783469114786,0.041851203570671874
lightgbm,2016-09,2016-10,0.024611911243600314,0.028395395513478642,0.028124876697164493,0.022977027610803117,0.02826450256701403,0.032448971489108976,0.03390422847894883,0.05053977626638132,0.04491437421218854,0.05356619674244277,0.028954285498842457,0.7354085603112841,0.5271317829457365,0.6312701716285103,1.2625403432570206,2.525080686514041,0.0025250806865140412,0.026429204812328414,0.003787621029771061,0.025166664469071395,0.006312701716285103,0.022641583782557352
lightgbm,2016-10,2016-11,0.0049890482725946025,0.030972887756053766,0.022836411753332325,0.021870046618263847,0.019084424035705462,0.02524372102156048,0.026459633221255104,0.0355969630368453,0.04636293297900682,0.04761013195880573,0.04262108368621113,0.75,0.5175097276264591,0.6337548638132295,1.267509727626459,2.535019455252918,0.002535019455252918,0.04008606423095821,0.003802529182879377,0.03881855450333175,0.006337548638132295,0.03628353504807883
lightgbm,2016-11,2016-12,-0.060770519695764774,-0.051634672586987146,-0.04406124304252714,-0.046909496348565644,-0.049753933479145786,-0.046408753440145285,-0.04328110026717427,-0.03335997734631887,-0.0399242201476093,-0.048094533559140014,0.01267598613662476,0.7423076923076923,0.5423076923076924,0.6423076923076924,1.2846153846153847,2.5692307692307694,0.0025692307692307694,0.01010675536739399,0.003853846153846154,0.008822139982778606,0.006423076923076924,0.006252909213547837
lightgbm,2016-12,2017-01,-0.027379471253326314,-0.010537582612281798,-0.011416737913387745,-0.017977824225678944,-0.01974469057686365,-0.009364505966132919,-0.017431548053865206,-0.02723353091897307,-0.027022599955786455,-0.050721654109438345,-0.02334218285611203,0.7432950191570882,0.5916030534351144,0.6674490362961013,1.3348980725922026,2.6697961451844052,0.002669796145184405,-0.026011979001296436,0.004004694217776608,-0.02734687707388864,0.006674490362961014,-0.030016673219073045
lightgbm,2017-01,2017-02,0.02915061163011001,0.04726640130420452,0.0393499167403584,0.03796243108477598,0.038376593273100286,0.03959317969486861,0.04277575158181515,0.041276002986804644,0.04603330996624437,0.036311239652269296,0.007160628022159287,0.6819923371647509,0.5152671755725191,0.598629756368635,1.19725951273727,2.39451902547454,0.0023945190254745403,0.004766108996684747,0.0035917785382118105,0.0035688494839474765,0.00598629756368635,0.001174330458472937
lightgbm,2017-02,2017-03,-0.031549910164221345,-0.009004893411542599,-0.011717537329351347,-0.014869490326805351,-0.009968422652670473,-0.01848095889303729,-0.03245255678131781,-0.028230176616171693,-0.03061333086344315,-0.02433875518080607,0.007211154983415274,0.6730769230769231,0.5095785440613028,0.591327733569113,1.182655467138226,2.365310934276452,0.0023653109342764516,0.004845844049138822,0.0035479664014146776,0.003663188582000596,0.005913277335691129,0.0012978776477241445
lightgbm,2017-03,2017-04,-0.05893204373167816,-0.03464562995778826,-0.046429412627767175,-0.040426355832971744,-0.04872514821291414,-0.04945721120154581,-0.0584852127353795,-0.07405671817386314,-0.07193325084458457,-0.08307959262756064,-0.024147548895882477,0.7186311787072244,0.5340909090909092,0.6263610438990668,1.2527220877981335,2.505444175596267,0.002505444175596267,-0.026652993071478743,0.0037581662633944008,-0.027905715159276877,0.006263610438990668,-0.030411159334873143
lightgbm,2017-04,2017-05,-0.07473555939196455,-0.06487857711596355,-0.05448688332235576,-0.05589976058069603,-0.058155155668781516,-0.07328018459472871,-0.07300140892894684,-0.07575450663303099,-0.07809572746390604,-0.06956341184848647,0.005172147543478084,0.6615969581749049,0.5795454545454546,0.6205712063601798,1.2411424127203596,2.4822848254407193,0.002482284825440719,0.0026898627180373647,0.0037234272381610786,0.0014487203053170053,0.006205712063601799,-0.0010335645201237148
lightgbm,2017-05,2017-06,0.022229945498010505,0.04719965080158112,0.04722544838934951,0.05166476087361115,0.0453140216815566,0.04506134208873164,0.04281613792875571,0.0401622829002467,0.041682854707311756,0.05550229014100817,0.033272344642997664,0.6206896551724138,0.5229007633587786,0.5717952092655962,1.1435904185311925,2.287180837062385,0.002287180837062385,0.03098516380593528,0.003430771255593577,0.029841573387404088,0.005717952092655963,0.0275543925503417
lightgbm,2017-06,2017-07,0.017374639582512636,0.020949546568987586,0.016073435684457665,0.020244183038030984,0.02081511398177677,0.003380232556893653,-0.0021122897743167954,0.003026709030124792,-0.015162392217575957,-0.0360271416532932,-0.05340178123580584,0.6450381679389313,0.5741444866920152,0.6095913273154733,1.2191826546309465,2.438365309261893,0.002438365309261893,-0.055840146545067734,0.00365754796389284,-0.05705932919969868,0.006095913273154733,-0.05949769450896057
lightgbm,2017-07,2017-08,0.013410987639734476,0.015826507077486406,0.03137666446992815,0.019830396235770764,0.026743788609670534,0.03168659156738641,0.02989800669018736,0.04482272971984114,0.04685187077306924,0.06282867924742945,0.04941769160769498,0.6704545454545454,0.4981132075471698,0.5842838765008576,1.1685677530017151,2.3371355060034302,0.0023371355060034303,0.04708055610169155,0.0035057032590051457,0.045911988348689835,0.005842838765008575,0.043574852842686404
lightgbm,2017-08,2017-09,-0.009488689798799327,0.02115180913821631,0.018599067684820957,0.011234702168457752,0.018757697740906427,0.015516529496737264,0.022219612194975265,0.028943524271082467,0.013925877531870455,0.023824147941564087,0.033312837740363414,0.6329588014981273,0.4925373134328358,0.5627480574654815,1.125496114930963,2.250992229861926,0.0022509922298619258,0.03106184551050149,0.0033764883447928887,0.029936349395570525,0.005627480574654816,0.0276853571657086
lightgbm,2017-09,2017-10,-0.0657615906283101,-0.039319434114479995,-0.005097658183262884,-0.014188978048035907,-0.008600729076470682,-0.011306981947589825,-0.01168996838107551,-0.01773514868898236,-0.014918993004873078,-0.014853189988426994,0.0509084006398831,0.6433823529411764,0.5128205128205128,0.5781014328808446,1.1562028657616892,2.3124057315233784,0.0023124057315233783,0.04859599490835972,0.0034686085972850675,0.04743979204259803,0.005781014328808446,0.04512738631107465
lightgbm,2017-10,2017-11,-0.06555261358972901,-0.05802625663251619,-0.048414033946710344,-0.05347686156173461,-0.05205097634157817,-0.05876596309329525,-0.0725621565064175,-0.07518409577926603,-0.08202492518246528,-0.07401230883321959,-0.008459695243490578,0.6970802919708029,0.5527272727272727,0.6249037823490378,1.2498075646980755,2.499615129396151,0.002499615129396151,-0.010959310372886728,0.003749422694094227,-0.012209117937584805,0.006249037823490377,-0.014708733066980955
lightgbm,2017-11,2017-12,-0.0201071893745763,-0.020212366008224385,-0.004745209833557094,-0.0053420000992883115,-0.0058879988457886685,-0.020262078811960516,-0.02447773677347619,-0.02185374795233687,-0.020083575233232228,-0.027175144673209167,-0.007067955298632866,0.6142857142857143,0.5302491103202847,0.5722674123029995,1.144534824605999,2.289069649211998,0.002289069649211998,-0.009357024947844864,0.0034336044738179972,-0.010501559772450863,0.005722674123029995,-0.01279062942166286
lightgbm,2017-12,2018-01,-0.03794575887042876,-0.014698077486217539,-0.017852267346089044,-0.010153429890287865,-0.009403677537067237,-0.024213392678172102,-0.026517191769218927,-0.03240999906218832,-0.03585389437325345,-0.032413279085661,0.005532479784767758,0.5602836879432624,0.46289752650176674,0.5115906072225146,1.0231812144450292,2.0463624288900584,0.0020463624288900584,0.0034861173558776992,0.0030695436433350876,0.00246293614143267,0.005115906072225146,0.00041657371254261166
lightgbm,2018-01,2018-02,-0.03199469629967985,-0.026009048777333732,-0.034925155973131894,-0.049032229969701996,-0.04663534944092281,-0.04005587348519189,-0.05092475099758913,-0.05777867194941355,-0.06414690864534081,-0.05435186016065265,-0.0223571638609728,0.65625,0.57439446366782,0.61532223183391,1.23064446366782,2.46128892733564,0.00246128892733564,-0.02481845278830844,0.00369193339100346,-0.02604909725197626,0.0061532223183391,-0.028510386179311897
lightgbm,2018-02,2018-03,0.015604715651200607,0.01926392413116574,0.022649723902444435,0.029896968140857388,0.03950051287861133,0.034891245265824246,0.03871451250443751,0.06968729232952303,0.08139668466594852,0.10903017106708737,0.09342545541588676,0.6105263157894737,0.5944055944055944,0.602465955097534,1.204931910195068,2.409863820390136,0.002409863820390136,0.09101559159549663,0.003614795730585204,0.08981065968530155,0.00602465955097534,0.08740079586491142
lightgbm,2018-03,2018-04,-0.06310227640634991,-0.036079712458419656,-0.03833798779664687,-0.032948811524058395,-0.036873780988067185,-0.0422728551937232,-0.044671000259237384,-0.0409706119813108,-0.03979175548994463,-0.03245995585888715,0.030642320547462763,0.6344827586206896,0.5979381443298969,0.6162104514752933,1.2324209029505866,2.464841805901173,0.0024648418059011732,0.02817747874156159,0.0036972627088517596,0.026945057838611005,0.006162104514752933,0.02448021603270983
lightgbm,2018-04,2018-05,-0.03919318248319448,-0.041711159889344776,-0.0022209973429290156,-0.018157409869115036,0.0013083793314688928,-0.007745691479450439,-0.005246909510231468,-0.007115666201021083,0.005102258369624299,0.02241003766701689,0.06160322015021137,0.6632653061224489,0.5627118644067797,0.6129885852646143,1.2259771705292286,2.451954341058457,0.002451954341058457,0.05915126580915291,0.0036779315115876856,0.05792528863862369,0.006129885852646143,0.05547333429756523
lightgbm,2018-05,2018-06,-0.10268665457826505,-0.09128703408417925,-0.10707546526937313,-0.11293723567448191,-0.11574378528684168,-0.11483964308173872,-0.11090103030918701,-0.10741650482462956,-0.11053675382944077,-0.09626626343498014,0.006420391143284909,0.6877076411960132,0.6212624584717608,0.654485049833887,1.308970099667774,2.617940199335548,0.002617940199335548,0.003802450943949361,0.003926910299003322,0.0024934808442815875,0.00654485049833887,-0.00012445935505396057
lightgbm,2018-06,2018-07,-0.025420665263979632,-0.020554549199405355,0.003294014742022407,0.0013711069758630039,0.006899675348267971,0.014193205087140738,0.025054466121944355,0.015549821001491895,0.023819864358465368,0.023696843099771978,0.04911750836375161,0.6655737704918032,0.5980392156862745,0.6318064930890388,1.2636129861780776,2.527225972356155,0.0025272259723561554,0.046590282391395454,0.003790838958534233,0.045326669405217374,0.006318064930890388,0.04279944343286122
lightgbm,2018-07,2018-08,-0.09062200654665753,-0.07439528091257207,-0.08258194175215756,-0.07253191968107536,-0.07540320705534481,-0.07497634968012437,-0.0688361495101547,-0.06947648876586288,-0.08419655146580755,-0.08960690382988919,0.001015102716768343,0.6375404530744336,0.5774193548387097,0.6074799039565717,1.2149598079131434,2.429919615826287,0.0024299196158262867,-0.0014148168990579437,0.0036448794237394304,-0.0026297767069710875,0.006074799039565717,-0.005059696322797374
lightgbm,2018-08,2018-09,-0.01115271874379417,-0.006778726963061426,-0.00039206082227851417,0.0034398642012392513,-0.00140301391899807,-0.009181654024228639,-0.005573393858843757,0.001657061279706929,0.009435475095131006,0.002581475506481832,0.013734194250276001,0.6246056782334385,0.5534591194968553,0.5890323988651469,1.1780647977302938,2.3561295954605876,0.0023561295954605873,0.011378064654815414,0.0035341943931908814,0.01019999985708512,0.005890323988651469,0.007843870261624532
lightgbm,2018-09,2018-10,-0.12905266405810614,-0.10686291514469975,-0.1075303162241286,-0.10230249944750877,-0.09241245609901973,-0.08564455200338253,-0.09510122936577618,-0.08457018201236847,-0.07941828517425585,-0.057212929323554006,0.07183973473455213,0.6470588235294117,0.5802469135802469,0.6136528685548293,1.2273057371096585,2.454611474219317,0.002454611474219317,0.06938512326033282,0.0036819172113289754,0.06815781752322315,0.006136528685548293,0.06570320604900384
lightgbm,2018-10,2018-11,0.00597351540002319,0.052460597628002203,0.05457968148850326,0.04928498128237334,0.05953954927263531,0.06689525188016929,0.07213472023159676,0.0765218777606408,0.08379446677354842,0.07059400496222193,0.06462048956219874,0.672782874617737,0.5762195121951219,0.6245011934064295,1.249002386812859,2.498004773625718,0.002498004773625718,0.06212248478857302,0.003747007160438577,0.06087348240176016,0.006245011934064295,0.05837547762813444
lightgbm,2018-11,2018-12,-0.06925565732140858,-0.05704360036762619,-0.044602184424732134,-0.037627103377356634,-0.037566930526360134,-0.04197157233120413,-0.04558662331915988,-0.035409732338094406,-0.038488335952296074,-0.013711208488698352,0.05554444883271023,0.7604790419161677,0.6137724550898204,0.687125748502994,1.374251497005988,2.748502994011976,0.002748502994011976,0.052795945838698254,0.0041227544910179634,0.05142169434169227,0.00687125748502994,0.04867319134768029
lightgbm,2018-12,2019-01,-0.06173394030075265,-0.012461506846792337,-0.01713093503935612,-0.0021718541978298115,-0.008751571206745077,-0.01132734904663771,-0.01577285699305292,-0.015312877090867058,-0.018049570018154656,-0.04152418798144833,0.020209752319304324,0.6607142857142857,0.5637982195845697,0.6122562526494277,1.2245125052988555,2.449025010597711,0.002449025010597711,0.017760727308706613,0.0036735375158965665,0.016536214803407757,0.006122562526494277,0.014087189792810047
lightgbm,2019-01,2019-02,0.26819370536216763,0.23820194514360754,0.21725341699568557,0.22234384508512395,0.20206202603672987,0.20671829190249327,0.20507474468319037,0.2228688874355768,0.23422565328076414,0.23365565300141053,-0.034538052360757104,0.6538461538461539,0.5457227138643068,0.5997844338552303,1.1995688677104606,2.399137735420921,0.002399137735420921,-0.036937190096178026,0.0035987066031313818,-0.03813675896388849,0.005997844338552303,-0.040535896699309404
lightgbm,2019-02,2019-03,0.09870530771655958,0.09647378935241722,0.10823049319574356,0.09216782545352854,0.10129461136312096,0.10327459296804958,0.12238801275051066,0.1148075800896356,0.1102728252507607,0.1121464181781854,0.013441110461625813,0.611764705882353,0.5705882352941176,0.5911764705882353,1.1823529411764706,2.364705882352941,0.0023647058823529415,0.01107640457927287,0.0035470588235294114,0.009894051638096401,0.0059117647058823525,0.007529345755743461
lightgbm,2019-03,2019-04,-0.056514858621510664,-0.05101691041620454,-0.045120732485882546,-0.04409294126935726,-0.03473770045160357,-0.03635851680497764,-0.029945842290097262,-0.026428634583935504,-0.024295783707579816,-0.02872011100612795,0.027794747615382715,0.6979472140762464,0.5278592375366569,0.6129032258064516,1.2258064516129032,2.4516129032258065,0.0024516129032258064,0.02534313471215691,0.0036774193548387095,0.024117328260544007,0.006129032258064516,0.021665715357318198
lightgbm,2019-04,2019-05,-0.08690443196942588,-0.058781318117158386,-0.05966442114758208,-0.05228663709367937,-0.06361988518179329,-0.04944529681937856,-0.049052766543243864,-0.038822825146281624,-0.021224096000182435,-0.01636900905014971,0.07053542291927617,0.7339181286549707,0.6209912536443148,0.6774546911496429,1.3549093822992857,2.7098187645985714,0.002709818764598571,0.0678256041546776,0.004064728146897857,0.06647069477237831,0.006774546911496428,0.06376087600777974
lightgbm,2019-05,2019-06,-0.024136349768618257,0.01475612391748561,0.01592673030487998,0.014445415060722267,0.01720442956397283,0.005892436950597773,0.00587416942306158,0.009793668535168323,0.014191529034761454,0.022972220523247343,0.047108570291865604,0.7329376854599406,0.5650887573964497,0.6490132214281952,1.2980264428563904,2.5960528857127807,0.0025960528857127806,0.04451251740615282,0.003894079328569171,0.04321449096329643,0.0064901322142819524,0.040618438077583655
lightgbm,2019-06,2019-07,-0.05355197243639824,-0.021133329719287195,-0.011875217338750207,-0.008210452254115418,-0.008827386517812666,-0.019617318735750407,-0.017937167887918274,-0.014724885914057921,-0.009756168900320723,0.005176434872564387,0.05872840730896263,0.7011834319526626,0.6076696165191741,0.6544265242359184,1.3088530484718368,2.6177060969436736,0.0026177060969436736,0.05611070121201896,0.003926559145415511,0.05480184816354712,0.006544265242359184,0.05218414206660345
lightgbm,2019-07,2019-08,0.006686651154464542,-0.0030269439087535076,-0.008680502637849655,-0.01061960016253753,-0.01633314608925758,-0.018899508288904895,-0.017691262634442515,-0.01845801584885722,-0.014988563041635572,-0.014085909031729765,-0.020772560186194305,0.7248520710059172,0.6283185840707964,0.6765853275383569,1.3531706550767137,2.7063413101534275,0.0027063413101534274,-0.023478901496347734,0.0040595119652301415,-0.024832072151424446,0.006765853275383569,-0.027538413461577874
lightgbm,2019-08,2019-09,0.003963637007176545,0.00901119064242617,0.013419456989028813,0.005349324365822688,0.009282589274959303,0.010246843019456596,0.01600517771325197,0.021963320479502536,0.0273309055596,0.029641193790921123,0.02567755678374458,0.5899705014749262,0.5705882352941176,0.580279368384522,1.160558736769044,2.321117473538088,0.002321117473538088,0.023356439310206492,0.003481676210307132,0.022195880573437448,0.00580279368384522,0.01987476309989936
lightgbm,2019-09,2019-10,-0.021224210348037037,-0.005432560385859244,-0.0014716620756656696,0.001954897304703305,0.005629237787736294,0.0037884942689848174,0.0017851045830471158,0.0013379477555904968,-0.0017074790352335828,0.006027684474659393,0.02725189482269643,0.5722713864306785,0.5088235294117647,0.5405474579212216,1.0810949158424432,2.1621898316848864,0.0021621898316848864,0.025089704991011545,0.00324328474752733,0.0240086100751691,0.005405474579212216,0.021846420243484214
lightgbm,2019-10,2019-11,-0.04008305448037307,-0.016522701811795725,-0.018581884198923676,-0.012034123398439655,-0.016169276051784417,-0.02397999472429737,-0.01535782984307143,-0.025095103201018605,-0.029755867579488705,-0.02417257095272015,0.015910483527652917,0.6411764705882352,0.5425219941348973,0.5918492323615663,1.1836984647231326,2.367396929446265,0.002367396929446265,0.013543086598206652,0.003551095394169398,0.01235938813348352,0.005918492323615663,0.009991991204037255
lightgbm,2019-11,2019-12,0.09444258662848858,0.08079982927971759,0.0836716560275976,0.07966729580609329,0.07569865294152811,0.07515188684583127,0.07814089211943707,0.07686764861479671,0.08829987030653606,0.09170404289898376,-0.0027385437295048137,0.6705882352941177,0.5395894428152492,0.6050888390546835,1.210177678109367,2.420355356218734,0.0024203553562187337,-0.005158899085723548,0.0036305330343281007,-0.006369076763832915,0.006050888390546834,-0.008789432120051649
lightgbm,2019-12,2020-01,0.04768899031278305,0.02122504537438616,0.005714370805478206,-0.0015976472721875726,-0.0038524202353407365,-0.0065219889810006915,0.001948608245091592,-0.001583624547083621,-0.002225867642047555,-0.013924692141171134,-0.06161368245395418,0.5454545454545454,0.49122807017543857,0.518341307814992,1.036682615629984,2.073365231259968,0.002073365231259968,-0.06368704768521415,0.003110047846889952,-0.06472373030084413,0.00518341307814992,-0.0667970955321041
lightgbm,2020-01,2020-02,0.051757690027810624,0.022929184309573497,0.013432170124959425,-0.0007146828193751013,-0.003267119249643415,-0.007080481131382162,-0.015330315548939244,-0.008998748147068065,-0.010986121851024818,-0.02243178262330039,-0.07418947265111102,0.564327485380117,0.5072886297376094,0.5358080575588632,1.0716161151177264,2.1432322302354527,0.002143232230235453,-0.07633270488134647,0.003214848345353179,-0.0774043209964642,0.005358080575588632,-0.07954755322669965
lightgbm,2020-02,2020-03,-0.11564488110632264,-0.09031819757886342,-0.05956010170335976,-0.052892209350889834,-0.04537296726530262,-0.024946333969242042,-0.018922641810922926,-0.003481262140237928,0.020919547975331382,0.01280191724160294,0.12844679834792558,0.6268221574344024,0.5843023255813953,0.6055622415078988,1.2111244830157977,2.4222489660315953,0.0024222489660315955,0.12602454938189397,0.003633373449047393,0.12481342489887819,0.006055622415078988,0.1223911759328466
lightgbm,2020-03,2020-04,0.0023236362264032746,0.03713297057896995,0.03478678528251475,0.03301345033729158,0.028699360543819788,0.03904820846617481,0.016183711597346887,0.019924130262683328,0.018604664230899817,-0.00025979400928095777,-0.0025834302356842324,0.7383720930232558,0.6666666666666667,0.7025193798449613,1.4050387596899225,2.810077519379845,0.0028100775193798454,-0.005393507755064078,0.004215116279069768,-0.006798546514754001,0.007025193798449613,-0.009608624034133845
lightgbm,2020-04,2020-05,-0.003419675432557156,0.015278697932536214,0.010569253407314598,0.014419390308324658,0.015539534005325269,0.02767511926052841,0.02941414497977773,0.035071072072398055,0.031050348561995015,0.026615918085658854,0.03003559351821601,0.6260869565217391,0.6445086705202312,0.6352978135209851,1.2705956270419703,2.5411912540839405,0.0025411912540839405,0.02749440226413207,0.0038117868811259107,0.0262238066370901,0.006352978135209851,0.02368261538300616
lightgbm,2020-05,2020-06,0.07997028938135463,0.0896980883662858,0.08604538195481103,0.07470219650526036,0.0730894514340273,0.056896359457747674,0.06923226889636777,0.054822902756245344,0.05477872283252064,0.05337263726053004,-0.026597652120824586,0.6352941176470588,0.6070381231671554,0.6211661204071071,1.2423322408142141,2.4846644816284282,0.0024846644816284283,-0.029082316602453015,0.0037269967224426424,-0.03032464884326723,0.00621166120407107,-0.03280931332489566
lightgbm,2020-06,2020-07,0.11600455116493236,0.11133308531599265,0.14254239889140197,0.1535970474322195,0.14435541864798135,0.1470821610518675,0.15930409827009623,0.14972057471048156,0.1408738549374101,0.1371624375785597,0.02115788641362734,0.5923753665689149,0.5409356725146199,0.5666555195417674,1.1333110390835348,2.2666220781670696,0.0022666220781670694,0.018891264335460272,0.0033999331172506046,0.017757953296376736,0.005666555195417674,0.015491331218209666
lightgbm,2020-07,2020-08,-0.010014669277507195,0.009056718108294793,0.02061244887846145,0.026027092852169732,0.04878486275865974,0.03498288996009003,0.04941289314296982,0.0486650727949852,0.06326380958119762,0.06769437001215,0.0777090392896572,0.7084548104956268,0.6308139534883721,0.6696343819919994,1.3392687639839989,2.6785375279679977,0.0026785375279679974,0.0750305017616892,0.004017806291951997,0.07369123299770519,0.006696343819919994,0.0710126954697372
lightgbm,2020-08,2020-09,-0.06905690744361023,-0.06902555836885703,-0.07324830820878016,-0.06349510873247273,-0.07339660010261308,-0.07223661917663252,-0.06623411970815375,-0.06932777240735727,-0.059225632424121925,-0.07398197596092518,-0.0049250685173149455,0.7063953488372092,0.6463768115942029,0.676386080215706,1.352772160431412,2.705544320862824,0.002705544320862824,-0.0076306128381777695,0.0040583164812942355,-0.008983384998609182,0.00676386080215706,-0.011688929319472005
lightgbm,2020-09,2020-10,0.03828135279132104,-0.0018868029036133032,0.00034023005415399977,-0.007752200098756595,-0.010641863633884984,-0.006679697933140544,-0.0018231576010670747,-0.004387618116873516,0.003032273686030971,0.011752552057273656,-0.026528800734047384,0.6985507246376812,0.5780346820809248,0.638292703359303,1.276585406718606,2.553170813437212,0.002553170813437212,-0.029081971547484597,0.0038297562201558178,-0.0303585569542032,0.0063829270335930294,-0.03291172776764041
lightgbm,2020-10,2020-11,-0.024254933228864066,0.01672802014620964,0.03306468122633604,0.03460513106254385,0.03733298388486633,0.03758282122284514,0.0350693107370729,0.042508670014289734,0.042387770453047514,0.044281015932470406,0.06853594916133447,0.5202312138728324,0.5360230547550433,0.5281271343139379,1.0562542686278757,2.1125085372557515,0.0021125085372557515,0.06642344062407872,0.003168762805883627,0.06536718635545084,0.005281271343139379,0.06325467781819509
lightgbm,2020-11,2020-12,0.004686553688751781,-0.008390544328883287,-0.016682318867892922,-0.014814446193757266,-0.021659578042504388,-0.030223379615662366,-0.03937449021229788,-0.06776139652436307,-0.05030459111559346,-0.06947615708491348,-0.07416271077366526,0.66189111747851,0.64,0.650945558739255,1.30189111747851,2.60378223495702,0.00260378223495702,-0.07676649300862229,0.0039056733524355297,-0.07806838412610079,0.00650945558739255,-0.08067216636105781
lightgbm,2020-12,2021-01,-0.1041198943634465,-0.0500404641589186,-0.05807817385080847,-0.05107797827365699,-0.0486812023787402,-0.05061371683458708,-0.05840123100067813,-0.08157965757989608,-0.08480655724474517,-0.08649737789888408,0.01762251646456242,0.6306818181818181,0.5694050991501416,0.6000434586659799,1.2000869173319597,2.4001738346639194,0.0024001738346639194,0.015222342629898501,0.0036002607519958793,0.014022255712566541,0.006000434586659799,0.011622081877902622
lightgbm,2021-01,2021-02,-0.00933756441514831,0.017283791382531808,0.026826544693847938,0.03108655822604448,0.054145489668438705,0.026838402528806756,0.044080396622576914,0.04540896414657191,0.05062867018296589,0.04609164539769402,0.05542920981284233,0.6440677966101696,0.5661971830985916,0.6051324898543806,1.2102649797087612,2.4205299594175225,0.0024205299594175222,0.053008679853424806,0.003630794939126284,0.051798414873716045,0.0060513248985438065,0.04937788491429852
lightgbm,2021-02,2021-03,-0.025883626605514406,-0.010498284717811982,0.01199140244149064,0.02126254714812476,0.011760086949374212,0.02261463622647933,0.02010825948141726,0.041436821669457544,0.027900296255093528,0.031656048064549566,0.057539674670063976,0.6629213483146068,0.607843137254902,0.6353822427847544,1.2707644855695088,2.5415289711390177,0.0025415289711390177,0.05499814569892496,0.0038122934567085265,0.05372738121335545,0.006353822427847544,0.05118585224221643
lightgbm,2021-03,2021-04,-0.0072909501489276905,-0.0036623956153606523,-0.0022405707522669197,-0.005229638019400565,0.0012654611081162356,0.03348669918014937,0.005704805634092321,0.009905514496418338,0.015242919225477585,0.013228072958115834,0.020519023107043524,0.6508379888268156,0.6155988857938719,0.6332184373103438,1.2664368746206875,2.532873749241375,0.0025328737492413753,0.01798614935780215,0.0037993106238620625,0.01671971248318146,0.006332184373103438,0.014186838733940086
lightgbm,2021-04,2021-05,0.10944953725700622,0.06701068201184845,0.06598279852672129,0.049303541321606734,0.04946631006303243,0.041355940971597546,0.052853139477162525,0.054417795928797384,0.06093467740072172,0.05854163278711091,-0.050907904469895314,0.6685082872928176,0.5950413223140496,0.6317748048034336,1.2635496096068672,2.5270992192137345,0.0025270992192137345,-0.05343500368910905,0.003790648828820602,-0.05469855329871592,0.006317748048034336,-0.05722565251792965
lightgbm,2021-05,2021-06,0.004768030829325695,0.03560818769681246,0.03623003635589429,0.018653781705090116,0.010868852093737103,0.02175911908855304,0.023472640352422233,0.0407158305842422,0.04640432322181873,0.04793812243673682,0.04317009160741112,0.556786703601108,0.5331491712707183,0.5449679374359131,1.0899358748718262,2.1798717497436524,0.0021798717497436525,0.04099021985766747,0.0032698076246154783,0.039900283982795645,0.005449679374359131,0.03772041223305199
lightgbm,2021-06,2021-07,0.052551080888057836,0.0398595321762784,-0.0019175985226106023,-0.00849434909339707,-0.015883232112284578,-0.01609498106673538,-0.010735967076561116,-0.0018777241733145932,0.0030912977717087856,-0.003254011791315962,-0.0558050926793738,0.6065573770491803,0.5504087193460491,0.5784830481976146,1.1569660963952293,2.3139321927904586,0.0023139321927904584,-0.05811902487216426,0.0034708982891856876,-0.05927599096855949,0.005784830481976147,-0.061589923161349945
lightgbm,2021-07,2021-08,0.05362268946027079,0.06752860584029077,0.05962163402423587,0.044652450460094764,0.060940903131994406,0.07627614133931096,0.06911749808150874,0.07393313423631044,0.0801462490057863,0.08964751151045311,0.03602482205018232,0.6243243243243244,0.5741239892183289,0.5992241567713266,1.1984483135426531,2.3968966270853063,0.0023968966270853063,0.03362792542309702,0.0035953449406279595,0.032429477109554364,0.005992241567713266,0.030032580482469054
lightgbm,2021-08,2021-09,-0.0767307266269625,-0.014635462722966798,-0.002164104225590075,-0.01123261571081795,-0.00029646580699618596,-0.01734618408255238,-0.0012334142915394575,-0.000848988932264362,0.007772906216462247,-0.026355530625076725,0.050375196001885766,0.6286472148541113,0.5767195767195767,0.602683395786844,1.205366791573688,2.410733583147376,0.0024107335831473763,0.04796446241873839,0.003616100374721064,0.0467590956271647,0.0060268339578684405,0.04434836204401733
lightgbm,2021-09,2021-10,-0.026045153619624572,-0.020613231715261485,-0.011852821114591025,-0.007925328239523056,-0.015346629778919004,-0.022935684532117938,-0.025251559683269354,-0.02469188455301169,-0.025273337370429548,-0.030292478233683546,-0.004247324614058974,0.6710182767624021,0.5833333333333333,0.6271758050478677,1.2543516100957355,2.508703220191471,0.002508703220191471,-0.006756027834250445,0.0037630548302872062,-0.00801037944434618,0.006271758050478677,-0.010519082664537651
lightgbm,2021-10,2021-11,0.06820955385559027,0.08632377465393339,0.08427670337239432,0.0720209650223051,0.08882345711732825,0.09517063258252031,0.11652882427753668,0.11943901924024654,0.1389154843560333,0.13090422186863318,0.06269466801304291,0.6363636363636364,0.5181347150259068,0.5772491756947715,1.154498351389543,2.308996702779086,0.0023089967027790865,0.06038567131026382,0.0034634950541686292,0.05923117295887428,0.005772491756947715,0.05692217625609519
lightgbm,2021-11,2021-12,-0.028891405313516208,0.009069396070779638,0.03371619260310968,0.03246773953749249,0.035547003561584245,0.05089927881294921,0.045067915422266555,0.07268929572092514,0.07804206765049815,0.05044442219539689,0.0793358275089131,0.654639175257732,0.5167095115681234,0.5856743434129277,1.1713486868258554,2.3426973736517107,0.0023426973736517106,0.07699313013526139,0.0035140460604775664,0.07582178144843554,0.005856743434129277,0.07347908407478383
lightgbm,2021-12,2022-01,-0.1406420419139287,-0.11110173253151016,-0.10071779049062765,-0.10675876600455321,-0.09534175757738979,-0.08951398218222367,-0.07984645613308942,-0.07118353217709875,-0.056655800946318245,-0.05471358361663201,0.0859284582972967,0.7404580152671756,0.5888324873096447,0.6646452512884101,1.3292905025768202,2.6585810051536405,0.0026585810051536407,0.08326987729214307,0.003987871507730461,0.08194058678956624,0.006646452512884102,0.07928200578441259
lightgbm,2022-01,2022-02,0.061568456251508454,0.046445532731752066,0.04423655307063328,0.04100438152391325,0.04526552926216833,0.045098661921965565,0.045523179443121495,0.05494508267623268,0.04991316810747391,0.05572865748457208,-0.005839798766936376,0.6666666666666667,0.49118387909319894,0.5789252728799328,1.1578505457598656,2.315701091519731,0.0023157010915197313,-0.008155499858456107,0.0034735516372795972,-0.009313350404215973,0.005789252728799327,-0.011629051495735704
lightgbm,2022-02,2022-03,-0.028766525324354433,-0.035779483615394195,-0.07826955050191196,-0.07027852386232743,-0.07383109522720702,-0.04785366324228645,-0.04234782142958643,-0.03612495702795929,-0.030228594945666872,-0.04327463944070545,-0.014508114116351015,0.6240601503759399,0.5325,0.57828007518797,1.15656015037594,2.31312030075188,0.00231312030075188,-0.016821234417102895,0.00346968045112782,-0.017977794567478833,0.005782800751879699,-0.020290914868230713
lightgbm,2022-03,2022-04,-0.20815708196693786,-0.14499398534318092,-0.12102903403418985,-0.1272883284440212,-0.13234176073482945,-0.13243967397030512,-0.15136465163738952,-0.1631910108572974,-0.14882080914222384,-0.16134469593092426,0.04681238603601359,0.6054590570719602,0.5,0.5527295285359801,1.1054590570719602,2.2109181141439205,0.0022109181141439205,0.04460146792186967,0.0033163771712158806,0.04349600886479771,0.0055272952853598015,0.04128509075065379
lightgbm,2022-04,2022-05,0.07129678248802501,0.09709868953846015,0.09386432771770382,0.09985074159780302,0.11732491188741537,0.11995528095333347,0.12203343856143686,0.12665784226209473,0.12343652867622484,0.1090323270680572,0.037735544580032185,0.647921760391198,0.48048780487804876,0.5642047826346234,1.1284095652692467,2.2568191305384935,0.0022568191305384934,0.035478725449493695,0.00338522869580774,0.03435031588422444,0.0056420478263462335,0.03209349675368595
lightgbm,2022-05,2022-06,0.044575970683774044,0.091915274828029,0.08546955747409014,0.07891867220829604,0.08245320216117323,0.0805526132091073,0.08715301260463525,0.08984502402298401,0.08701301178729579,0.1004103517407663,0.05583438105699226,0.5825242718446602,0.5060532687651331,0.5442887703048966,1.0885775406097933,2.1771550812195866,0.0021771550812195867,0.053657225975772674,0.0032657326218293796,0.05256864843516288,0.005442887703048967,0.050391493353943294
lightgbm,2022-06,2022-07,0.02874603475831919,0.026274694076649834,0.018750422912930262,-0.0026099726263454346,-0.004744717652146298,0.02871562037321145,0.031135811739082885,0.05587422234823913,0.05331541205127605,0.05465427904639509,0.0259082442880759,0.6330935251798562,0.5119617224880383,0.5725276238339472,1.1450552476678943,2.2901104953357887,0.0022901104953357886,0.023618133792740113,0.003435165743003683,0.022473078545072217,0.005725276238339472,0.02018296804973643
lightgbm,2022-07,2022-08,-0.0948978653237554,-0.05342925936672466,-0.02352749466969539,-0.034854790128066096,-0.027944913094179846,-0.024060789578590286,-0.017691548656925134,-0.011516180931187607,-0.016442243368888162,-0.013061445965277736,0.08183641935847766,0.6128266033254157,0.443127962085308,0.5279772827053619,1.0559545654107239,2.1119091308214477,0.0021119091308214478,0.07972451022765621,0.0031678636962321717,0.07866855566224548,0.005279772827053619,0.07655664653142404
lightgbm,2022-08,2022-09,-0.1032534874799309,-0.08871774737230038,-0.08612287065470804,-0.09009567820140624,-0.08751996549461433,-0.08712941506031345,-0.08071967924786147,-0.08325289717512302,-0.08525225406264285,-0.08271635622678289,0.020537131253148017,0.676056338028169,0.49414519906323184,0.5851007685457004,1.1702015370914007,2.3404030741828015,0.002340403074182802,0.018196728178965213,0.003510604611274202,0.017026526641873815,0.005851007685457004,0.014686123567691013
lightgbm,2022-09,2022-10,0.0034388525588360014,0.008471613226702564,0.01079043753618561,0.013911761699344528,0.02863274221012787,0.03648921370473442,0.04648560128195366,0.06346550479939074,0.07052943853557862,0.0763926853249664,0.0729538327661304,0.6186046511627907,0.5498839907192575,0.5842443209410242,1.1684886418820484,2.3369772837640967,0.0023369772837640965,0.0706168554823663,0.003505465925646145,0.06944836684048426,0.005842443209410242,0.06711138955672016
lightgbm,2022-10,2022-11,0.04010698242565856,0.07401778950913371,0.08618106977582313,0.0861707828209297,0.09004463741395922,0.08322561129661203,0.07774986964260121,0.09047415791562743,0.09770445272254405,0.07299042547326845,0.03288344304760989,0.6359447004608295,0.4896551724137931,0.5627999364373113,1.1255998728746226,2.251199745749245,0.002251199745749245,0.03063224330186064,0.0033767996186238676,0.02950664342898602,0.005627999364373113,0.027255443683236773
lightgbm,2022-11,2022-12,-0.059903075425549755,-0.03433326234682171,-0.024663733041912037,-0.03706291663844536,-0.033578339990399296,-0.03358398052457003,-0.036405385962216597,-0.03727096343284625,-0.03944716657049403,-0.04045832242393062,0.019444753001619138,0.639269406392694,0.4840182648401826,0.5616438356164384,1.1232876712328768,2.2465753424657535,0.0022465753424657535,0.017198177659153383,0.00336986301369863,0.016074889987920508,0.005616438356164384,0.013828314645454753
lightgbm,2022-12,2023-01,0.02227438245896705,0.06313300130637384,0.07900800637722633,0.07487524487235166,0.08280781665905743,0.07722455231090047,0.08873000004710832,0.0882233427899341,0.1168542822548841,0.10788930088182895,0.0856149184228619,0.5769230769230769,0.5011286681715575,0.5390258725473172,1.0780517450946343,2.1561034901892686,0.0021561034901892684,0.08345881493267263,0.003234155235283903,0.08238076318757799,0.005390258725473171,0.08022465969738872
lightgbm,2023-01,2023-02,0.002253254009124834,0.01255319419187171,0.020496502051410667,0.023822289587629476,0.030482907665925763,0.03987587994095008,0.0578874962123666,0.0508886954283401,0.05020836112663503,0.055868771123189075,0.05361551711406424,0.6112359550561798,0.5022421524663677,0.5567390537612737,1.1134781075225475,2.226956215045095,0.002226956215045095,0.051388560899019144,0.003340434322567643,0.050275082791496596,0.0055673905376127375,0.0480481265764515
lightgbm,2023-02,2023-03,0.014474968380421366,-0.005659610587124954,-0.007351649868576143,-0.01740735989600646,-0.016667206031543858,-0.017608789624930996,-0.014963205198159562,-0.0216085727741544,-0.020776537363285077,-0.009768250673451091,-0.02424321905387246,0.6569506726457399,0.5011185682326622,0.5790346204392011,1.1580692408784021,2.3161384817568043,0.0023161384817568043,-0.026559357535629262,0.0034742077226352064,-0.027717426776507664,0.005790346204392011,-0.03003356525826447
lightgbm,2023-03,2023-04,-0.022874869789753272,-0.02185576687672894,-0.03091627403650954,-0.018093235079270496,-0.013112449859166828,-0.02718479198091533,-0.03360355317453193,-0.031144240264390003,-0.0419722089955155,-0.035344447771086224,-0.012469577981332951,0.6155555555555556,0.5254988913525499,0.5705272234540528,1.1410544469081056,2.2821088938162113,0.0022821088938162113,-0.014751686875149163,0.0034231633407243167,-0.015892741322057268,0.0057052722345405284,-0.018174850215873478
lightgbm,2023-04,2023-05,0.0027294689761073396,-0.015152012120651408,-0.024571961372985073,-0.022976479836596536,-0.010851884785903678,-0.0020753045338060866,-0.0031149768819346076,0.019054990600833634,0.027306595202065402,0.038207381903928236,0.0354779129278209,0.5110132158590308,0.460352422907489,0.4856828193832599,0.9713656387665198,1.9427312775330396,0.0019427312775330396,0.033535181650287856,0.0029140969162995594,0.032563816011521335,0.004856828193832599,0.030621084733988297
lightgbm,2023-05,2023-06,0.028150880051535328,0.016787202042302645,0.021910178502815795,0.016743783151770046,0.021138052045939378,0.02329260348313864,0.024288489026166635,0.03491420475799052,0.037404801092981145,0.029584705850922967,0.001433825799387639,0.5454545454545454,0.4734513274336283,0.5094529364440868,1.0189058728881737,2.0378117457763474,0.0020378117457763474,-0.0006039859463887083,0.003056717618664521,-0.001622891819276882,0.0050945293644408685,-0.0036607035650532294
lightgbm,2023-06,2023-07,-0.07302627247986555,-0.010180800891920347,0.02221351474505398,0.026344695857860884,0.01952802385370694,0.02100382651196906,0.023466507814213552,0.027676924980398702,0.035813813201646505,0.0352351997783945,0.10826147225826005,0.5142857142857142,0.4385964912280702,0.4764411027568922,0.9528822055137844,1.9057644110275689,0.0019057644110275689,0.10635570784723249,0.0028586466165413534,0.1054028256417187,0.0047644110275689225,0.10349706123069113
lightgbm,2023-07,2023-08,-0.047934420179336815,-0.05941609058975415,-0.0604983534169662,-0.05728218999446132,-0.05815202845458689,-0.054769450243551746,-0.04626895697073655,-0.03279017812570579,-0.02096405666552108,0.0030332627457452903,0.05096768292508211,0.6849015317286652,0.537117903930131,0.6110097178293981,1.2220194356587961,2.4440388713175922,0.0024440388713175922,0.04852364405376452,0.003666058306976388,0.04730162461810572,0.006110097178293981,0.04485758574678813
lightgbm,2023-08,2023-09,-0.03550980089099632,-0.012959639751721111,-0.0023615554473250633,-0.003075774124692665,0.006826761667391702,0.011887471101826416,0.009050119255938925,0.012149295740758409,0.01716727564082969,0.006854533782530348,0.04236433467352667,0.7049891540130152,0.6190476190476191,0.6620183865303171,1.3240367730606342,2.6480735461212683,0.0026480735461212684,0.0397162611274054,0.003972110319181902,0.038392224354344764,0.006620183865303171,0.0357441508082235
lightgbm,2023-09,2023-10,-0.006051141536291165,0.0010122792099018444,-0.015517950282864472,-0.018993453230259163,-0.015769244143970657,-0.013639542286526167,-0.004332841283828494,0.0012913904311697155,-0.00029249928340645314,-0.003763828589945392,0.0022873129463457727,0.6795698924731183,0.5493562231759657,0.614463057824542,1.228926115649084,2.457852231298168,0.002457852231298168,-0.00017053928495239538,0.003686778346947252,-0.0013994654006014794,0.00614463057824542,-0.0038573176318996475
lightgbm,2023-10,2023-11,0.027155012551982077,0.024887607212782915,0.019879811790777864,0.017336246319125403,0.030814233480405896,0.03166692108597837,0.044823688847108516,0.054753671553311796,0.057802119355785386,0.05335668705639388,0.026201674504411805,0.5726495726495726,0.4093816631130064,0.4910156178812895,0.982031235762579,1.964062471525158,0.001964062471525158,0.024237612032886647,0.002946093707287737,0.02325558079712407,0.004910156178812895,0.02129151832559891
lightgbm,2023-11,2023-12,-0.027790558118591845,-0.029270087139615212,-0.02595082473348144,-0.020210121775766077,-0.025208234447965883,-0.026196892896664256,-0.02435041362851941,-0.010374194634969336,-0.010903086119062395,-0.0040314889575104726,0.02375906916108137,0.5520169851380042,0.40042372881355937,0.4762203569757818,0.9524407139515636,1.9048814279031272,0.0019048814279031272,0.021854187733178244,0.0028573221418546906,0.02090174701922668,0.004762203569757818,0.018996865591323554
lightgbm,2023-12,2024-01,-0.22979821002100512,-0.17815845312141568,-0.1387190150649541,-0.1473215369026361,-0.16402595523035618,-0.17230690372982926,-0.17746391468298642,-0.20582634871486907,-0.20834761788282094,-0.2188797579988215,0.010918452022183611,0.6371308016877637,0.4652631578947368,0.5511969797912503,1.1023939595825005,2.204787919165001,0.002204787919165001,0.00871366410301861,0.0033071818787475016,0.00761127014343611,0.005511969797912503,0.005406482224271108
lightgbm,2024-01,2024-02,0.07717089494410147,0.09633772324748241,0.10157357454623127,0.10771907259317627,0.09023740196107105,0.07317688560907862,0.04537036259493614,0.022104606597141696,-0.011582116739333825,-0.003962471205382264,-0.08113336614948373,0.6751054852320675,0.4378947368421052,0.5565001110370864,1.1130002220741728,2.2260004441483456,0.002226000444148346,-0.08335936659363208,0.003339000666222518,-0.08447236681570625,0.005565001110370864,-0.0866983672598546
lightgbm,2024-02,2024-03,0.033259281756442265,0.017600684845896393,0.028138549011168135,0.023079577606280793,0.034471752191459405,0.03747441353284867,0.04991917079143777,0.06491711238059862,0.08440640909097617,0.10384467105680677,0.07058538930036451,0.6785714285714286,0.5010482180293501,0.5898098233003893,1.1796196466007787,2.3592392932015573,0.0023592392932015576,0.06822615000716295,0.0035388589398023364,0.06704653036056217,0.005898098233003893,0.06468729106736061
lightgbm,2024-03,2024-04,-0.073312504334628,-0.0394293237717929,-0.0039216501534597974,0.008232787319173417,0.01092202122305845,0.009539464279170254,-0.009581957386897091,-0.025100146094944025,-0.01748519601170806,-0.011056940548193676,0.062255563786434334,0.5857740585774058,0.5281837160751566,0.5569788873262812,1.1139577746525624,2.227915549305125,0.002227915549305125,0.06002764823712921,0.0033418733239576875,0.058913690462476645,0.005569788873262812,0.05668577491317152
lightgbm,2024-04,2024-05,-0.021853287263095825,-0.010270908639999743,-0.01920731967953602,-0.01732892711445589,-0.012595770419229485,-0.011123341232318415,-0.018045789550327408,-0.01598947416257398,-0.007278117409813199,-0.011809144474993481,0.010044142788102344,0.6985446985446986,0.607883817427386,0.6532142579860423,1.3064285159720845,2.612857031944169,0.002612857031944169,0.007431285756158175,0.003919285547916254,0.006124857240186091,0.006532142579860422,0.0035120002082419223
lightgbm,2024-05,2024-06,-0.08724817665132768,-0.0690052493632976,-0.0686007008550279,-0.08286245819570758,-0.07770705489761216,-0.08616182444888672,-0.09014241826549182,-0.09597883583582202,-0.09136068271748725,-0.08609578207124984,0.001152394580077848,0.70020964360587,0.5313807531380753,0.6157951983719727,1.2315903967439454,2.463180793487891,0.0024631807934878906,-0.0013107862134100427,0.003694771190231836,-0.002542376610153988,0.006157951983719727,-0.005005557403641879
lightgbm,2024-06,2024-07,-0.012915567502201988,-0.0036933535349725015,0.0016001438363969808,-0.0012721659008273123,0.0029673384094598774,0.006342586725781375,0.014403835531475622,0.019103086538089696,0.013181717950834657,0.01652954015776033,0.02944510765996232,0.6694386694386694,0.5020746887966805,0.5857566791176749,1.1715133582353499,2.3430267164706997,0.0023430267164707,0.02710208094349162,0.003514540074706049,0.02593056758525627,0.00585756679117675,0.02358754086878557
lightgbm,2024-07,2024-08,-0.07617484418999262,-0.05072333183417432,-0.05029232165446732,-0.038783201256964446,-0.03969288823239484,-0.029261599245233222,-0.025336406345371695,-0.02341629717807725,-0.022752399330933634,-0.019224819440287467,0.05695002474970516,0.6515463917525773,0.49382716049382713,0.5726867761232022,1.1453735522464044,2.2907471044928087,0.0022907471044928086,0.054659277645212355,0.003436120656739213,0.05351390409296595,0.005726867761232022,0.05122315698847314
lightgbm,2024-08,2024-09,0.25166529147884575,0.24543641163746563,0.24040230991985131,0.2446175370648268,0.23271999182293185,0.22819438164174502,0.23142466617988197,0.22450308623306608,0.2265797730706915,0.21484550805932545,-0.0368197834195203,0.6837782340862423,0.5204918032786885,0.6021350186824654,1.2042700373649309,2.4085400747298618,0.002408540074729862,-0.039228323494250164,0.0036128101120947924,-0.040432593531615095,0.006021350186824655,-0.04284113360634496
lightgbm,2024-09,2024-10,0.1731842104269093,0.09232997785393704,0.04939382570966609,0.04239471555140859,0.04599309941849417,0.02999424810308428,0.05490229371662481,0.0565429565209822,0.07713037547639852,0.07851576891603626,-0.09466844151087303,0.6380368098159509,0.50920245398773,0.5736196319018405,1.147239263803681,2.294478527607362,0.002294478527607362,-0.0969629200384804,0.0034417177914110434,-0.09811015930228408,0.005736196319018405,-0.10040463782989144
lightgbm,2024-10,2024-11,-0.02364099159824352,0.014405462510411391,0.025483108388437408,0.0333768681831491,0.042900900808736216,0.04789337362645997,0.05599443803641237,0.09468481002963854,0.08409174285793346,0.08368916194749142,0.10733015354573494,0.6973415132924335,0.6040816326530613,0.6507115729727474,1.3014231459454948,2.6028462918909896,0.0026028462918909895,0.10472730725384395,0.0039042694378364842,0.10342588410789846,0.006507115729727474,0.10082303781600746
lightgbm,2024-11,2024-12,-0.08178545803981636,-0.059543955401819615,-0.03768740746738981,-0.026208694076321194,-0.02188903750890843,-0.030689418898163876,-0.03313289957515387,-0.0403599749603452,-0.0468061622586275,-0.06205103922675754,0.019734418813058825,0.7551020408163265,0.5743380855397149,0.6647200631780207,1.3294401263560414,2.6588802527120827,0.0026588802527120828,0.017075538560346742,0.003988320379068124,0.0157460984339907,0.006647200631780207,0.013087218181278618
lightgbm,2024-12,2025-01,-0.019450244995361986,-0.019355965603362266,-0.023853599879495254,-0.02644117726993728,-0.022413955282314,-0.022641906474039183,-0.018357248945011534,-0.014651930130362662,0.00605751532237503,0.003865633818253614,0.0233158788136156,0.6619144602851323,0.5731707317073171,0.6175425959962247,1.2350851919924495,2.470170383984899,0.002470170383984899,0.0208457084296307,0.0037052555759773485,0.01961062323763825,0.006175425959962247,0.017140452853653353
lightgbm,2025-01,2025-02,0.1037494560476826,0.112453187673036,0.07097080842082318,0.061267049668647315,0.05306126409144997,0.05395887134913822,0.07908086227860905,0.07635535830948526,0.08300353035231599,0.07544248342237815,-0.028306972625304447,0.5995934959349594,0.5192697768762677,0.5594316364056136,1.118863272811227,2.237726545622454,0.002237726545622454,-0.0305446991709269,0.0033565898184336816,-0.03166356244373813,0.005594316364056135,-0.03390128898936058
lightgbm,2025-02,2025-03,-0.05781862934885144,-0.025907570804924767,-0.008881702274217355,0.008030129169651259,0.01661412089895759,0.015701338695835093,0.00740934391784702,0.01456988030261142,0.017813777699489122,0.022100674777033667,0.0799193041258851,0.5772357723577235,0.4989858012170385,0.538110786787381,1.076221573574762,2.152443147149524,0.002152443147149524,0.07776686097873559,0.003228664720724286,0.07669063940516081,0.00538110786787381,0.0745381962580113
lightgbm,2025-03,2025-04,-0.04305152496128639,-0.04183083841839222,-0.03791053009796695,-0.035650179666720946,-0.03107104781789613,-0.0312032093438443,-0.01651365926345482,-0.014513777599552847,-0.004544520498911578,0.007259563895342306,0.050311088856628695,0.6673427991886409,0.5,0.5836713995943205,1.167342799188641,2.334685598377282,0.0023346855983772817,0.047976403258251414,0.0035020283975659224,0.04680906045906277,0.005836713995943204,0.04447437486068549
lightgbm,2025-04,2025-05,0.0476054933640044,0.03282208489665952,0.03477974955368141,0.028030111866240007,0.04033848685084336,0.04367484219276973,0.05911420642417485,0.06393633792803216,0.072313185148195,0.08367881183138404,0.036073318467379635,0.6693711967545639,0.5890688259109311,0.6292200113327475,1.258440022665495,2.51688004533099,0.00251688004533099,0.03355643842204865,0.0037753200679964847,0.03229799839938315,0.006292200113327475,0.029781118354052158
lightgbm,2025-05,2025-06,0.05237273005834425,0.04984918965866721,0.055893742519225145,0.04570580712162056,0.048512650116165346,0.05572743279876704,0.06762789588440939,0.08068646184699867,0.08104597218408863,0.09080548193812278,0.03843275187977853,0.6728395061728395,0.5831622176591376,0.6280008619159885,1.256001723831977,2.512003447663954,0.0025120034476639537,0.035920748432114576,0.0037680051714959304,0.034664746708282596,0.006280008619159885,0.03215274326061864
lightgbm,2025-06,2025-07,0.025634459496134625,0.04147878535241774,0.04674085696304538,0.05690570779867818,0.05422401758582765,0.053570625569787034,0.0580085652525578,0.06154856073000285,0.07141957716472352,0.10303699236094443,0.0774025328648098,0.6475409836065573,0.5010224948875255,0.5742817392470414,1.1485634784940828,2.2971269569881656,0.0022971269569881654,0.07510540590782164,0.0034456904354822483,0.07395684242932755,0.005742817392470414,0.07165971547233939
lightgbm,2025-07,2025-08,0.10810046869414876,0.11308254249410885,0.10562337258634609,0.08798889919945503,0.09116840852966808,0.07776480241003071,0.08096835553492968,0.07181773427320873,0.06699389921608634,0.06180495660157935,-0.04629551209256941,0.6441717791411044,0.5,0.5720858895705522,1.1441717791411044,2.2883435582822087,0.0022883435582822086,-0.04858385565085162,0.0034325153374233134,-0.04972802742999272,0.005720858895705522,-0.052016370988274926
lightgbm,2025-08,2025-09,-0.010198626515276546,0.0068301037863693626,0.0386374118633115,0.016441750928578684,0.01684031377155159,0.005230413327347479,0.011838167907573272,0.0047642002359567235,0.0066071725156154,0.024747249722445696,0.034945876237722245,0.6155419222903886,0.5489795918367346,0.5822607570635616,1.1645215141271232,2.3290430282542465,0.002329043028254247,0.032616833209467996,0.0034935645423813696,0.03145231169534088,0.0058226075706356165,0.02912326866708663
lightgbm,2025-09,2025-10,-0.01926345494598335,-0.006282125509608593,0.0015970235338009803,0.002255782789206835,0.01315563277235655,0.016732061405802922,0.025137974145643505,0.02643537489220775,0.03997566588769502,0.042081388852177715,0.06134484379816106,0.6571428571428571,0.5682281059063137,0.6126854815245855,1.225370963049171,2.450741926098342,0.002450741926098342,0.05889410187206272,0.0036761128891475126,0.057668730909013546,0.006126854815245855,0.0552179889829152
lightgbm,2025-10,2025-11,-0.010069193188140644,-0.02376818740939609,-0.02123089596101075,-0.023085663623283875,-0.010247039714004992,-0.0032836909878095327,0.012282405987941036,0.014211366705130594,0.018786034864894906,0.015462417166948574,0.025531610355089218,0.6918367346938776,0.5621181262729125,0.626977430483395,1.25395486096679,2.50790972193358,0.00250790972193358,0.023023700633155637,0.0037618645829003705,0.021769745772188848,0.00626977430483395,0.01926183605025527
lightgbm,2025-11,2025-12,0.023430706455198704,0.04821123745856999,0.033092508333767985,0.0322153887648028,0.023467648928973513,0.01903625842425969,0.02039413862439693,0.005629597187865676,0.009485880404060733,-0.00538728307276414,-0.028817989527962842,0.6346938775510205,0.5376782077393075,0.5861860426451639,1.1723720852903279,2.3447441705806558,0.0023447441705806557,-0.0311627336985435,0.003517116255870984,-0.03233510578383383,0.00586186042645164,-0.034679849954414484
lightgbm,2025-12,2026-01,0.06787194814408858,0.08132137972585675,0.07672489062012867,0.07637608123981708,0.0729464039588454,0.07290969924469098,0.08017408690179133,0.0822144693318604,0.08688044052369621,0.10741694824558945,0.039545000101500874,0.6321138211382114,0.5172413793103448,0.574677600224278,1.149355200448556,2.298710400897112,0.002298710400897112,0.037246289700603764,0.0034480656013456683,0.036096934500155206,0.00574677600224278,0.033798224099258097
lightgbm,2026-01,2026-02,0.04318658021659833,0.04952021193057075,0.043109055466604276,0.033648238745518796,0.03014565422087228,0.03814516203474913,0.037889570617871564,0.04075477108218587,0.04907359137454859,0.04489303714966649,0.0017064569330681595,0.6219512195121951,0.5294117647058824,0.5756814921090387,1.1513629842180775,2.302725968436155,0.002302725968436155,-0.0005962690353679954,0.003454088952654232,-0.0017476320195860726,0.005756814921090388,-0.004050357988022228
lightgbm,2026-02,2026-03,-0.10783116629102081,-0.10281868622273503,-0.09538983497084565,-0.09338526157252551,-0.09669675490260407,-0.09448956218135328,-0.09680377288968701,-0.08798664443971634,-0.08117963862579726,-0.09463385912917727,0.013197307161843544,0.5833333333333333,0.5354969574036511,0.5594151453684921,1.1188302907369843,2.2376605814739685,0.002237660581473968,0.010959646580369575,0.003356490872210953,0.009840816289632591,0.0055941514536849216,0.007603155708158622
lightgbm,2026-03,2026-04,0.07944648985733034,0.0949841260331496,0.08153111045590224,0.05064633963984567,0.05282496547686325,0.06175937060044203,0.07660318757678433,0.06362585045411577,0.06305485321648312,0.06687238399727938,-0.012574105860050963,0.6450304259634889,0.5384615384615384,0.5917459822125137,1.1834919644250275,2.366983928850055,0.0023669839288500546,-0.014941089788901019,0.0035504758932750824,-0.016124581753326046,0.005917459822125137,-0.018491565682176102
lightgbm,2026-04,2026-05,0.006826232216880429,-0.011681867716110806,-0.015670598644867632,-0.015803380179170955,-0.012200424838785522,-0.03731973613211645,-0.03228269476089524,-0.05104560240837687,-0.06549462044936649,-0.06362221693945669,-0.07044844915633712,0.608080808080808,0.5313131313131313,0.5696969696969696,1.1393939393939392,2.2787878787878784,0.002278787878787878,-0.072727237035125,0.003418181818181817,-0.07386663097451894,0.005696969696969696,-0.07614541885330682
lightgbm,2026-05,2026-06,0.0611329437128369,0.018392823794758775,-0.01502477330587415,-0.04255196132552015,-0.042158752521758436,-0.06078598532925075,-0.053417255636904686,-0.0709072223133152,-0.0979387927371916,-0.05108430128747449,-0.11221724500031138,0.6570841889117043,0.5983606557377049,0.6277224223247047,1.2554448446494093,2.5108896892988186,0.0025108896892988186,-0.1147281346896102,0.0037663345339482277,-0.11598357953425961,0.006277224223247047,-0.11849446922355843
lightgbm,2026-06,2026-07,-0.25665729373275176,-0.11178973782931458,-0.06673676240739299,-0.06868146427578316,-0.06695675443455927,-0.08308471793036856,-0.07366073432631356,-0.06759207208806949,-0.06641847576063056,-0.12717139393786397,0.12948589979488778,0.6232179226069247,0.5833333333333333,0.603275627970129,1.206551255940258,2.413102511880516,0.002413102511880516,0.12707279728300727,0.003619653767820774,0.125866246027067,0.00603275627970129,0.12345314351518649
ridge,2013-01,2013-02,0.04233522048478814,0.032066834758495845,0.026160385524602987,0.0360640413207988,0.032205185467565685,0.039424418197041684,0.036958472470193,0.031715601777647505,0.032838100510848005,0.0584893920717023,0.016154171586914158,,,,,,,,,,,
ridge,2013-02,2013-03,-0.04887204788162748,-0.03378219901473955,-0.049315054688293704,-0.036296981520415335,-0.03996895865373153,-0.04463274803058837,-0.037381963872790094,-0.03594416625262276,-0.031242463358281593,-0.012723524006129954,0.036148523875497524,0.6696832579185521,0.7252252252252251,0.6974542415718886,1.3949084831437772,2.7898169662875545,0.0027898169662875544,0.033358706909209966,0.004184725449431332,0.03196379842606619,0.006974542415718887,0.029173981459778637
ridge,2013-03,2013-04,-0.030592633072458946,-0.033525412809086864,-0.02181176146346383,-0.03590029834603473,-0.033706321706615056,-0.035824538742039176,-0.02542018095860474,-0.02858761062473645,-0.027586272432297047,-0.020134710776688807,0.010457922295770139,0.6517857142857143,0.6444444444444444,0.6481150793650794,1.2962301587301588,2.5924603174603176,0.0025924603174603176,0.007865461978309821,0.0038886904761904766,0.006569231819579663,0.006481150793650793,0.003976771502119346
ridge,2013-04,2013-05,0.13651063083575937,0.13492644915893867,0.14001678077070995,0.14256411113764297,0.12997655873596345,0.1420730179255681,0.14923262377706756,0.14710695464899576,0.14703033685953718,0.16687001640274607,0.030359385566986696,0.5929203539823009,0.6035242290748899,0.5982222915285954,1.1964445830571908,2.3928891661143816,0.0023928891661143814,0.027966496400872315,0.0035893337491715725,0.026770051817815124,0.005982222915285954,0.024377162651700743
ridge,2013-05,2013-06,-0.11933531057562667,-0.1335269952235979,-0.157799326491646,-0.15228635629054824,-0.16445731355099502,-0.17070673774146444,-0.1748399296685497,-0.16222015859453282,-0.1582681045498811,-0.1569178915824064,-0.03758258100677973,0.5695652173913044,0.6060606060606061,0.5878129117259552,1.1756258234519104,2.3512516469038207,0.002351251646903821,-0.039933832653683554,0.0035268774703557312,-0.041109458477135465,0.005878129117259551,-0.043460710124039285
ridge,2013-06,2013-07,0.07845548198669336,0.07038280042775306,0.06649277074012923,0.06386017907880717,0.06017269823702904,0.06003797644520761,0.06761860777676026,0.07638513042084517,0.0742665817825341,0.09457779649757346,0.0161223145108801,0.6217391304347826,0.5670995670995671,0.5944193487671748,1.1888386975343497,2.3776773950686994,0.0023776773950686995,0.013744637115811401,0.003566516092603049,0.012555798418277052,0.005944193487671748,0.010178121023208354
ridge,2013-07,2013-08,0.040699754667868425,0.043812132596154595,0.0631791188750663,0.06944061236629541,0.08349312390087398,0.09333422172853238,0.12501404195939975,0.1035000875476443,0.11712016133559652,0.10404408991740911,0.0633443352495407,0.4849785407725322,0.5278969957081545,0.5064377682403434,1.0128755364806867,2.0257510729613735,0.0020257510729613736,0.06131858417657932,0.00303862660944206,0.06030570864009863,0.005064377682403433,0.05827995756713726
ridge,2013-08,2013-09,0.05881453275807049,0.04927687154997106,0.062483111236027754,0.050329578522366684,0.046524193882246455,0.05108760072532114,0.055801799780679236,0.06406245603680946,0.052950046648562704,0.057095191107602854,-0.0017193416504676373,0.5470085470085471,0.6170212765957447,0.5820149118021458,1.1640298236042916,2.3280596472085833,0.002328059647208583,-0.00404740129767622,0.003492089470812875,-0.005211431121280512,0.005820149118021458,-0.0075394907684890955
ridge,2013-09,2013-10,-0.08216777527071188,-0.03569513498383721,-0.04139632965401523,-0.031500461708690766,-0.028468890351758962,-0.016202456449295882,-0.021655231604778967,-0.008634902670850356,-0.0016530610621521074,0.01141152934009061,0.0935793046108025,0.5555555555555556,0.5659574468085107,0.5607565011820331,1.1215130023640663,2.2430260047281325,0.0022430260047281328,0.09133627860607436,0.003364539007092199,0.09021476560371029,0.005607565011820331,0.08797173959898216
ridge,2013-10,2013-11,0.06435692112572731,0.06182357795560157,0.0695204095715451,0.07751445604276737,0.07553571768412723,0.09674386321262134,0.08930658871200078,0.09351557357754221,0.1070573885612374,0.13069016205341383,0.06633324092768651,0.6042553191489362,0.6440677966101696,0.6241615578795529,1.2483231157591057,2.4966462315182114,0.0024966462315182112,0.0638365946961683,0.003744969347277317,0.0625882715804092,0.006241615578795529,0.06009162534889098
ridge,2013-11,2013-12,-0.07609850411577102,-0.04790103291500941,-0.04764264453581328,-0.03513141004309504,-0.021856189622967117,-0.019426550347439286,-0.015470888376790093,-0.018373886300532823,-0.021272683749174348,-0.026544489387980617,0.0495540147277904,0.5726495726495726,0.676595744680851,0.6246226586652118,1.2492453173304237,2.4984906346608473,0.0024984906346608472,0.04705552409312955,0.003747735951991271,0.045806278775799125,0.006246226586652119,0.04330778814113828
ridge,2013-12,2014-01,0.018117264389958292,0.026283585224436714,0.004120744387951971,0.03216050671853387,0.02161215748678435,0.022851869195892285,0.01711131920998473,0.007882415483953263,0.018994417634717438,0.031151407921147622,0.01303414353118933,0.6085106382978723,0.6144067796610169,0.6114587089794445,1.222917417958889,2.445834835917778,0.002445834835917778,0.010588308695271552,0.003668752253876667,0.009365391277312663,0.006114587089794446,0.0069195564413948845
ridge,2014-01,2014-02,-0.017873089117338092,0.015692285228693176,0.016914622890079525,0.028439116880656055,0.04112333200740185,0.05500860323888106,0.05258630064895028,0.04083664199318264,0.05931420706739808,0.0499817530950723,0.0678548422124104,0.5361702127659574,0.6212765957446809,0.5787234042553191,1.1574468085106382,2.3148936170212764,0.0023148936170212762,0.06553994859538911,0.0034723404255319144,0.06438250178687847,0.005787234042553191,0.0620676081698572
ridge,2014-02,2014-03,-0.06627484188181966,-0.0572855634146065,-0.05176593086049918,-0.03266005529096748,-0.028297856806553185,-0.022399480662720135,-0.01612033177894134,-0.005738050938622057,0.0033361213535980897,0.015303570875521639,0.0815784127573413,0.5474137931034483,0.5536480686695279,0.5505309308864881,1.1010618617729762,2.2021237235459523,0.002202123723545952,0.07937628903379536,0.0033031855853189285,0.07827522717202237,0.005505309308864881,0.07607310344847643
ridge,2014-03,2014-04,-0.007215113568078964,-0.025132628571802266,-0.027212966450746424,-0.018528209668266005,-0.012178260059679848,-0.02445164335859892,-0.013520744189113422,-0.01179851880629962,-0.001522967588075611,0.004658843449766402,0.011873957017845365,0.4914529914529915,0.6042553191489362,0.5478541553009638,1.0957083106019276,2.1914166212038553,0.002191416621203855,0.00968254039664151,0.003287124931805783,0.008586832086039583,0.005478541553009638,0.006395415464835727
ridge,2014-04,2014-05,0.014967908306027096,0.013080139648401176,0.024425176095283593,0.024964350478592072,0.032020369353861,0.031002262930202692,0.030606443161026807,0.029609198531257833,0.033866501503149536,0.049049024458017274,0.03408111615199018,0.4482758620689655,0.5793991416309012,0.5138375018499334,1.0276750036998668,2.0553500073997335,0.0020553500073997332,0.03202576614459045,0.0030830250110996,0.03099809114089058,0.005138375018499334,0.028942741133490844
ridge,2014-05,2014-06,0.028292004910288774,0.03180396183928447,0.043973404209274175,0.02975661400122279,0.04353569217308472,0.05845489846761067,0.05431821106915254,0.047166742621420614,0.05810272777122629,0.0726398147706667,0.044347809860377924,0.4385964912280702,0.5807860262008734,0.5096912587144717,1.0193825174289435,2.038765034857887,0.002038765034857887,0.04230904482552004,0.00305814755228683,0.04128966230809109,0.005096912587144718,0.03925089727323321
ridge,2014-06,2014-07,0.05484934636149274,0.04641732567569104,0.06406843494783628,0.06993373629415715,0.07291724745624441,0.07845368565443818,0.08237294394957151,0.0848981478240209,0.09868095561556091,0.10480606936309726,0.049956723001604524,0.4585152838427947,0.6,0.5292576419213973,1.0585152838427947,2.1170305676855894,0.0021170305676855893,0.04783969243391893,0.003175545851528384,0.04678117715007614,0.005292576419213974,0.04466414658239055
ridge,2014-07,2014-08,-0.007705157869432763,0.027621981382853298,0.04708801220257225,0.04278351207227831,0.06093256991865443,0.05520012905778301,0.06972911976615279,0.07994877117633707,0.08787528635319312,0.08203045100464894,0.0897356088740817,0.5109170305676856,0.7086956521739131,0.6098063413707993,1.2196126827415985,2.439225365483197,0.002439225365483197,0.0872963835085985,0.0036588380482247954,0.08607677082585691,0.006098063413707992,0.08363754546037372
ridge,2014-08,2014-09,0.08584560341041572,0.10851836316324731,0.1090862613129296,0.12791626691958324,0.13056849336810875,0.12848062548490158,0.1468479632937083,0.1555396876209738,0.17412064744557673,0.17880275232071835,0.09295714891030263,0.611353711790393,0.6565217391304348,0.6339377254604139,1.2678754509208279,2.5357509018416557,0.002535750901841656,0.09042139800846097,0.0038036263527624838,0.08915352255754014,0.006339377254604139,0.08661777165569849
ridge,2014-09,2014-10,0.017418896742336144,0.019187387079097562,0.0047437433543866675,0.0026483198961814876,-0.0009718568924505149,0.012115927324051026,0.015452373686863223,0.016066335700253804,0.022828463858673865,0.03330210501609085,0.015883208273754706,0.5327510917030568,0.7,0.6163755458515283,1.2327510917030566,2.4655021834061133,0.0024655021834061133,0.013417706090348593,0.0036982532751091697,0.012184954998645536,0.006163755458515284,0.009719452815239421
ridge,2014-10,2014-11,0.09260207905004308,0.058776054181424175,0.05130200115603411,0.048205351749029714,0.05265787366100524,0.03923204765816078,0.04939768493504361,0.061015970980320675,0.0633399866965088,0.06298178786157635,-0.029620291188466735,0.5309734513274336,0.7180616740088106,0.6245175626681221,1.2490351253362442,2.4980702506724883,0.002498070250672488,-0.03211836143913922,0.003747105376008732,-0.03336739656447547,0.006245175626681221,-0.035865466815147955
ridge,2014-11,2014-12,0.14371275549463441,0.044033039959763404,-0.011647209691333137,-0.03687591290358556,-0.05522502705390551,-0.05033554971810139,-0.06433850705824222,-0.07091136444264308,-0.08190326563320324,-0.10389006185534415,-0.24760281734997858,0.5,0.5682819383259912,0.5341409691629956,1.0682819383259912,2.1365638766519823,0.002136563876651982,-0.24973938122663056,0.0032048458149779736,-0.25080766316495656,0.005341409691629956,-0.2529442270416085
ridge,2014-12,2015-01,-0.026791830880912547,0.03800893173516922,0.059417197057997036,0.07063947378585451,0.07506635181063093,0.10080366478970183,0.09764605060562764,0.10207941363846115,0.10055566509172564,0.1071394871784877,0.13393131805940026,0.4385964912280702,0.537117903930131,0.4878571975791006,0.9757143951582012,1.9514287903164025,0.0019514287903164024,0.13197988926908386,0.0029271431854746037,0.13100417487392566,0.004878571975791006,0.12905274608360925
ridge,2015-01,2015-02,0.09337737200228595,0.07852576457953828,0.0766345558251192,0.07633065243990356,0.06893628782471012,0.06103351073300338,0.08476666169804113,0.071893435775391,0.0693522188195674,0.07237800726050495,-0.020999364741781004,0.5782608695652174,0.6536796536796536,0.6159702616224355,1.231940523244871,2.463881046489742,0.002463881046489742,-0.023463245788270748,0.0036958215697346134,-0.024695186311515616,0.006159702616224355,-0.02715906735800536
ridge,2015-02,2015-03,0.20184538216522496,0.20438046249713393,0.22656988421399854,0.22309368349512462,0.2242643479842634,0.2111587258389406,0.23307541701124743,0.22854557810572163,0.2488040215081527,0.2545524071259138,0.05270702496068885,0.4649122807017544,0.5589519650655022,0.5119321228836282,1.0238642457672564,2.047728491534513,0.002047728491534513,0.05065929646915434,0.0030715927373017693,0.04963543222338709,0.005119321228836282,0.047587703731852574
ridge,2015-03,2015-04,0.15512395497257278,0.16306816915936836,0.152062072353563,0.14471473457401735,0.15911908438697475,0.1416950288711953,0.17108055038318964,0.18157844504899198,0.18197006801247112,0.19218594281291085,0.03706198784033807,0.47161572052401746,0.6565217391304348,0.5640687298272261,1.1281374596544522,2.2562749193089044,0.0022562749193089046,0.034805712921029165,0.003384412378963356,0.03367757546137471,0.005640687298272261,0.03142130054206581
ridge,2015-04,2015-05,0.05561468548554582,0.1635684618843833,0.20939255931870215,0.23163372661304119,0.23652830158885702,0.238381047127664,0.24476404773088517,0.2791085192173224,0.2987582784862722,0.3336300974608943,0.27801541197534846,0.5,0.6943231441048034,0.5971615720524017,1.1943231441048034,2.388646288209607,0.0023886462882096067,0.27562676568713884,0.0035829694323144105,0.27443244254303406,0.005971615720524018,0.27204379625482444
ridge,2015-05,2015-06,-0.13687259854882863,-0.11387270179613485,-0.12466725244320896,-0.10088911433653869,-0.11365611528216922,-0.10801668634658641,-0.07813771892971515,-0.07755221967177227,-0.06966644152112654,-0.07661315019097567,0.06025944835785296,0.4618834080717489,0.6830357142857143,0.5724595611787315,1.144919122357463,2.289838244714926,0.002289838244714926,0.05796961011313804,0.003434757367072389,0.05682469099078057,0.005724595611787316,0.05453485274606565
ridge,2015-06,2015-07,-0.1836818447039616,-0.19449185716455283,-0.19101748059935367,-0.17638322266029985,-0.1947096210345455,-0.1794583517411165,-0.16805151534691334,-0.1756974678113929,-0.1819667064113326,-0.15413225789970078,0.029549586804260813,0.5701357466063348,0.7477477477477478,0.6589417471770413,1.3178834943540827,2.6357669887081654,0.0026357669887081656,0.02691381981555265,0.003953650483062249,0.025595936321198564,0.006589417471770413,0.0229601693324904
ridge,2015-07,2015-08,-0.16520235792671475,-0.1593253503416237,-0.1574184784987503,-0.1373903015960053,-0.13086834886356616,-0.14009138467240503,-0.12726559418306252,-0.11278469282368697,-0.10072908338165677,-0.10040084120574846,0.06480151672096629,0.5330188679245282,0.7136150234741784,0.6233169456993533,1.2466338913987065,2.493267782797413,0.0024932677827974132,0.06230824893816888,0.00373990167419612,0.06106161504677017,0.006233169456993533,0.05856834726397276
ridge,2015-08,2015-09,-0.07250656083645433,-0.06927744163214773,-0.041335550872007604,-0.039870384062755296,-0.03757287839656331,-0.02967978508004732,-0.01390495952912026,-0.012507558092913205,0.0045203696631083735,0.02837444820780074,0.10088100904425507,0.5915492957746479,0.677570093457944,0.6345596946162959,1.2691193892325918,2.5382387784651836,0.0025382387784651838,0.09834277026578989,0.003807358167697775,0.0970736508765573,0.006345596946162959,0.0945354120980921
ridge,2015-09,2015-10,0.20470637217712573,0.217127068862619,0.2121720408084087,0.21559829480479853,0.2227079915996861,0.24248903466644112,0.24861880157524374,0.2418551105322789,0.25311970339645984,0.2745267341121833,0.06982036193505758,0.5868544600938967,0.6869158878504673,0.636885173972182,1.273770347944364,2.547540695888728,0.002547540695888728,0.06727282123916886,0.003821311043833092,0.06599905089122449,0.00636885173972182,0.06345151019533576
ridge,2015-10,2015-11,0.016997332093943694,0.05283475632440839,0.0758733335537916,0.0975804225411958,0.08282827679703347,0.10936704640096576,0.12680369913516928,0.12111959389453358,0.13511490772471313,0.15740238642557958,0.1404050543316359,0.4931506849315068,0.6757990867579908,0.5844748858447488,1.1689497716894977,2.3378995433789953,0.0023378995433789955,0.1380671547882569,0.003506849315068493,0.13689820501656738,0.005844748858447488,0.1345603054731884
ridge,2015-11,2015-12,0.009427092181800932,0.017277842362636076,0.03674714563944538,0.04018275822146275,0.054690935160540126,0.06099551575146464,0.08759846282347254,0.11605807221736647,0.11753562496247576,0.14188839902149966,0.13246130683969873,0.5506607929515419,0.6535087719298245,0.6020847824406832,1.2041695648813664,2.408339129762733,0.002408339129762733,0.130052967709936,0.0036125086946440996,0.12884879814505462,0.006020847824406832,0.12644045901529188
ridge,2015-12,2016-01,-0.2781944960558552,-0.3011891176562663,-0.30773339139300554,-0.30138788870329014,-0.3036989659620108,-0.3037846022149805,-0.30323367177697724,-0.2888596103291307,-0.28317082591546217,-0.2838791411696752,-0.005684645113819997,0.4872881355932204,0.759493670886076,0.6233909032396482,1.2467818064792964,2.4935636129585927,0.0024935636129585926,-0.00817820872677859,0.003740345419437889,-0.009424990533257887,0.0062339090323964815,-0.011918554146216478
ridge,2016-01,2016-02,-0.026367957433164037,-0.02587967663802483,-0.02818640555747504,-0.02293206394317508,-0.021544326028153937,-0.024141647798173252,-0.009079286495956374,-0.005186408436376066,-0.00923537293479295,-0.0017103423950925382,0.024657615038071498,0.4853556485355649,0.6125,0.5489278242677824,1.0978556485355648,2.1957112970711297,0.0021957112970711298,0.022461903741000367,0.003293566945606695,0.021364048092464803,0.005489278242677824,0.019168336795393676
ridge,2016-02,2016-03,0.12212452818405578,0.17238364754085952,0.16158143114949952,0.19388635882071217,0.20448723027378843,0.2052063064078554,0.19994348222055638,0.2137671039099533,0.22764951480169976,0.24672444768711485,0.12459991950305907,0.4811715481171548,0.575,0.5280857740585774,1.0561715481171547,2.1123430962343095,0.002112343096234309,0.12248757640682476,0.0031685146443514644,0.12143140485870761,0.005280857740585774,0.1193190617624733
ridge,2016-03,2016-04,-0.0549681983490882,-0.03792728598716326,-0.026855684268687733,-0.019781340556142682,-0.008651594018369424,-0.004147774940469077,0.009651860983358464,0.025769488958059535,0.016439383671375138,0.03401732625810475,0.08898552460719295,0.5245901639344263,0.653061224489796,0.5888256942121111,1.1776513884242221,2.3553027768484442,0.002355302776848444,0.0866302218303445,0.0035329541652726663,0.08545257044192028,0.005888256942121111,0.08309726766507183
ridge,2016-04,2016-05,-0.0020134818824364296,-0.012293131329222039,-0.023060585600286967,-0.031470135615714406,-0.031105234249811094,-0.021462418747300607,-0.0004798141133681557,-0.015319010600997218,-0.01480392191424282,-0.0023111044325579704,-0.00029762255012154076,0.5265306122448979,0.7479674796747968,0.6372490459598474,1.2744980919196949,2.5489961838393898,0.0025489961838393894,-0.00284661873396093,0.003823494275759084,-0.004121116825880625,0.0063724904595984745,-0.006670113009720015
ridge,2016-05,2016-06,0.03173436675198663,0.03658640717912576,0.05214967314985874,0.06908789894519476,0.06319461726989517,0.05334892047559468,0.07280036980360939,0.0607007602968969,0.06865548227442476,0.06808927385872868,0.036354907106742045,0.4796747967479674,0.7165991902834008,0.5981369935156842,1.1962739870313683,2.3925479740627367,0.002392547974062737,0.03396235913267931,0.003588821961094105,0.03276608514564794,0.005981369935156842,0.030373537171585203
ridge,2016-06,2016-07,-0.034649975231784404,-0.026147720949642596,-0.01716655160093395,-0.007228517728196832,-0.014432557613327806,2.4238566419485965e-05,0.002907268526161319,0.013597973605183394,0.01356817314923821,0.015960898175519503,0.05061087340730391,0.508,0.6135458167330677,0.5607729083665338,1.1215458167330676,2.2430916334661353,0.0022430916334661355,0.04836778177383777,0.0033646374501992028,0.047246235957104706,0.005607729083665338,0.04500314432363857
ridge,2016-07,2016-08,0.02875598606840752,0.03814029065866726,0.039107729867242355,0.030460887678939504,0.042058927230580447,0.051349432683892075,0.05803534372463735,0.05499004735297227,0.0669150023103511,0.07661089869563839,0.04785491262723087,0.562992125984252,0.7058823529411764,0.6344372394627142,1.2688744789254285,2.537748957850857,0.002537748957850857,0.04531716366938002,0.003806623436776285,0.04404828919045459,0.006344372394627143,0.041510540232603726
ridge,2016-08,2016-09,-0.03735865952095675,-0.026282119651018586,-0.018898139016428384,-0.010729403736834951,-0.014640468090008393,-0.005231550073022225,0.006275443064841029,0.0028889612003056577,0.009029285081670611,0.013279545338952804,0.05063820485990955,0.5078125,0.5992217898832685,0.5535171449416343,1.1070342898832686,2.214068579766537,0.002214068579766537,0.04842413628014301,0.0033211028696498055,0.04731710199025975,0.005535171449416343,0.04510303341049321
ridge,2016-09,2016-10,0.028121835939142352,0.02288836216678582,0.02897647933827487,0.02692127364824687,0.03706672184226272,0.033210953373672976,0.03500715240814747,0.04171301787628286,0.0450520212542732,0.0487883948492425,0.02066655891010015,0.5097276264591439,0.6124031007751938,0.5610653636171689,1.1221307272343377,2.2442614544686754,0.0022442614544686754,0.018422297455631474,0.003366392181703013,0.017300166728397137,0.005610653636171688,0.015055905273928461
ridge,2016-10,2016-11,0.02127202923157846,0.025445572433312743,0.01757090848659471,0.022118953057197778,0.01735792173463533,0.022669489995743353,0.03119909518768038,0.03819218308474374,0.0406116682695075,0.0446313304047809,0.02335930117320244,0.48046875,0.622568093385214,0.551518421692607,1.103036843385214,2.206073686770428,0.0022060736867704277,0.021153227486432013,0.0033091105301556417,0.0200501906430468,0.00551518421692607,0.01784411695627637
ridge,2016-11,2016-12,-0.06540095552024916,-0.05875677787321351,-0.04892181618430267,-0.03572637230219365,-0.04658738363043136,-0.04200864323582414,-0.04244816206687917,-0.04375989154311815,-0.03517647744858829,-0.04541197010857813,0.01998898541167103,0.49230769230769234,0.6538461538461539,0.573076923076923,1.146153846153846,2.292307692307692,0.002292307692307692,0.01769667771936334,0.003438461538461538,0.016550523873209495,0.00573076923076923,0.014258216180901801
ridge,2016-12,2017-01,-0.013818707006989004,-0.015388212181076732,-0.013107445630712866,-0.018477522132001795,-0.012719061615008666,-0.014929351774754488,-0.02720962280382407,-0.026688425509418936,-0.02667656924648711,-0.04976346904329917,-0.03594476203631016,0.5019157088122606,0.5992366412213741,0.5505761750168173,1.1011523500336347,2.2023047000672693,0.0022023047000672693,-0.03814706673637743,0.0033034570501009044,-0.03924821908641107,0.005505761750168173,-0.04145052378647834
ridge,2017-01,2017-02,0.020051535466046662,0.045546839923921056,0.03971505821788907,0.038025941231503914,0.038674850083007764,0.04392199886368285,0.043508030050500406,0.04165390349563851,0.04286397443966415,0.04410161420548833,0.02405007873944167,0.47126436781609193,0.4541984732824428,0.46273142054926736,0.9254628410985347,1.8509256821970694,0.0018509256821970695,0.0221991530572446,0.002776388523295604,0.021273690216146064,0.004627314205492674,0.019422764533948998
ridge,2017-02,2017-03,-0.013568002663835533,-0.01442383213213051,-0.008863017716790315,-0.021967221224881536,-0.025124379291061302,-0.021114341016183,-0.03150864285192434,-0.030231061682926195,-0.020952925019987505,-0.02341053137856242,-0.009842528714726887,0.4653846153846154,0.5057471264367817,0.4855658709106985,0.971131741821397,1.942263483642794,0.0019422634836427943,-0.01178479219836968,0.002913395225464191,-0.012755923940191078,0.0048556587091069855,-0.014698187423833872
ridge,2017-03,2017-04,-0.03882578312119798,-0.020486187737236896,-0.05408899016455075,-0.05705995784683737,-0.06327560750670676,-0.05243895553196308,-0.05433236875885188,-0.07107123168386234,-0.07928458488207188,-0.07528123532118705,-0.03645545219998907,0.49049429657794674,0.6287878787878788,0.5596410876829128,1.1192821753658255,2.238564350731651,0.002238564350731651,-0.038694016550720724,0.0033578465260974766,-0.03981329872608655,0.005596410876829127,-0.0420518630768182
ridge,2017-04,2017-05,-0.035901088172764516,-0.05369061018498697,-0.06028978393689068,-0.06539732686014676,-0.0747030182731601,-0.07337512342643478,-0.08292586179647814,-0.07245089657295606,-0.07784528882801031,-0.08112543684404916,-0.045224348671284643,0.4334600760456274,0.5340909090909092,0.4837754925682683,0.9675509851365366,1.9351019702730732,0.001935101970273073,-0.047159450641557715,0.00290265295540961,-0.048127001626694255,0.004837754925682683,-0.050062103596967326
ridge,2017-05,2017-06,0.017713500343975792,0.059217065024923625,0.05511974884397326,0.03964499894718347,0.03438550467482912,0.046172468072099807,0.046170401156735846,0.039357488006654624,0.04891394368385455,0.05215061885451803,0.034437118510542236,0.3563218390804598,0.46183206106870234,0.40907695007458106,0.8181539001491621,1.6363078002983242,0.0016363078002983244,0.03280081071024391,0.0024544617004474863,0.03198265681009475,0.004090769500745811,0.030346349009796426
ridge,2017-06,2017-07,0.014190616697747021,0.02847902161566736,0.026310063785755615,0.018142804372661546,0.005387586856446122,0.010158321082530434,0.002467751869926491,-0.011898453843208165,-0.008027811155724832,-0.036586844522392664,-0.05077746122013969,0.3854961832061069,0.5855513307984791,0.485523757002293,0.971047514004586,1.942095028009172,0.001942095028009172,-0.052719556248148856,0.002913142542013758,-0.05369060376215345,0.00485523757002293,-0.05563269879016262
ridge,2017-07,2017-08,0.016839245241074042,0.01897298762486263,0.020965027394669666,0.016697610911388217,0.02953435559742671,0.035347793408695365,0.036908325229999636,0.0394333886989257,0.04739201083927013,0.06115260342889553,0.04431335818782149,0.48863636363636365,0.43018867924528303,0.45941252144082334,0.9188250428816467,1.8376500857632934,0.0018376500857632933,0.042475708102058196,0.00275647512864494,0.04155688305917655,0.0045941252144082335,0.03971923297341326
ridge,2017-08,2017-09,-0.008979005478852295,0.014450942599284726,0.020550956372292883,0.01673811731806482,0.024210525055424467,0.019428745522656464,0.013788911310698546,0.0165967668567769,0.02194547295406121,0.025980843228303994,0.03495984870715629,0.43071161048689144,0.585820895522388,0.5082662530046398,1.0165325060092796,2.033065012018559,0.002033065012018559,0.032926783695137726,0.0030495975180278388,0.03191025118912845,0.005082662530046398,0.02987718617710989
ridge,2017-09,2017-10,-0.03665326934371901,-0.032523819676643764,-0.02591150547147511,-0.01715338925225827,-0.02200459982039528,-0.01996712856826877,-0.011162881584074474,-0.012875136970434528,-0.018740183370220875,-0.006511540056456399,0.03014172928726261,0.5147058823529411,0.6117216117216118,0.5632137470372764,1.126427494074553,2.252854988149106,0.002252854988149106,0.027888874299113502,0.003379282482223659,0.02676244680503895,0.005632137470372764,0.024509591816889845
ridge,2017-10,2017-11,-0.05325115079004019,-0.045116861410650966,-0.05512511254502583,-0.06423128966916414,-0.05182882043391951,-0.06778488629396177,-0.06927751764803286,-0.0745194453076044,-0.08250662138665311,-0.07641654947424642,-0.02316539868420623,0.5072992700729927,0.6036363636363636,0.5554678168546782,1.1109356337093563,2.2218712674187127,0.002221871267418713,-0.025387269951624943,0.003332806901128069,-0.0264982055853343,0.005554678168546781,-0.02872007685275301
ridge,2017-11,2017-12,-0.012500926374630747,-0.01797225566022375,-0.01118129350183415,-0.00964012421779639,-0.009898483253664702,-0.01952030494921093,-0.018171845137790285,-0.02109253540939857,-0.020975411794897203,-0.029184708053541737,-0.01668378167891099,0.4928571428571429,0.5765124555160142,0.5346847991865785,1.069369598373157,2.138739196746314,0.0021387391967463143,-0.018822520875657306,0.003208108795119471,-0.019891890474030463,0.005346847991865785,-0.022030629670776777
ridge,2017-12,2018-01,-0.013554722810227569,-0.009479426375182174,-0.014858802512893992,-0.029518016974853567,-0.028213671998142953,-0.031448859171680936,-0.025590289700217293,-0.028026771578332887,-0.03317395670170261,-0.027573070510920176,-0.014018347700692607,0.3865248226950354,0.5653710247349824,0.4759479237150089,0.9518958474300178,1.9037916948600355,0.0019037916948600356,-0.01592213939555264,0.002855687542290053,-0.01687403524298266,0.004759479237150089,-0.018777826937842697
ridge,2018-01,2018-02,-0.04372529140471263,-0.0335180639578099,-0.03140046336195664,-0.04199361785936065,-0.0407257397945549,-0.04508588175907555,-0.050350651648295504,-0.056979080512281545,-0.058376132628432456,-0.053701879649254214,-0.009976588244541583,0.48958333333333337,0.5882352941176471,0.5389093137254902,1.0778186274509804,2.155637254901961,0.002155637254901961,-0.012132225499443544,0.0032334558823529412,-0.013210044126894523,0.005389093137254902,-0.015365681381796486
ridge,2018-02,2018-03,0.00913915689039106,0.016540278654098656,0.03646313909192422,0.028072649748935873,0.045511903259107,0.03901213681708948,0.04374876638882938,0.06243585884017664,0.08211658873369922,0.09762403072635133,0.08848487383596026,0.5017543859649123,0.5594405594405594,0.5305974727027358,1.0611949454054717,2.1223898908109433,0.0021223898908109434,0.08636248394514932,0.003183584836216415,0.08530128899974385,0.005305974727027358,0.0831788991089329
ridge,2018-03,2018-04,-0.049796713460554025,-0.047586621424408955,-0.03433072097275137,-0.051932180650996806,-0.037605314741978174,-0.03267500857734101,-0.04237434899392109,-0.039399999356617504,-0.04016772800177547,-0.03165958321883435,0.018137130241719673,0.5379310344827586,0.7216494845360825,0.6297902595094205,1.259580519018841,2.519161038037682,0.0025191610380376817,0.015617969203681992,0.003778741557056523,0.01435838868466315,0.006297902595094204,0.01183922764662547
ridge,2018-04,2018-05,-0.02907469966171245,-0.014027741680286547,-0.014212946490321612,-0.021014241664900932,-0.012624975104100234,-0.011072860823237394,-0.005550843701216564,0.0032087913415701284,0.00310532368322052,0.008632470695033057,0.037707170356745506,0.48299319727891155,0.6745762711864407,0.5787847342326762,1.1575694684653524,2.3151389369307047,0.002315138936930705,0.0353920314198148,0.0034727084053960567,0.03423446195134945,0.005787847342326762,0.03191932301441874
ridge,2018-05,2018-06,-0.08712379784811206,-0.09307157876531202,-0.10710836300287482,-0.10627016482593091,-0.10372732257860581,-0.11009480438784976,-0.12626268149618589,-0.12081055904672885,-0.10978241649433629,-0.10543868192718078,-0.018314884079068727,0.548172757475083,0.5913621262458472,0.569767441860465,1.13953488372093,2.27906976744186,0.0022790697674418604,-0.02059395384651059,0.00341860465116279,-0.021733488730231516,0.00569767441860465,-0.024012558497673378
ridge,2018-06,2018-07,-0.021488306716187015,-0.007973541167880209,-0.011927491399519945,0.0017963090003272604,-0.004135880200044057,0.00045258493605946655,0.02241900511288205,0.02301165932819592,0.024839825994948137,0.040915245159151424,0.06240355187533844,0.47540983606557374,0.6241830065359477,0.5497964213007607,1.0995928426015213,2.1991856852030427,0.0021991856852030425,0.0602043661901354,0.0032987785278045644,0.059104773347533876,0.0054979642130076065,0.05690558766233084
ridge,2018-07,2018-08,-0.07329980209984864,-0.08350510219974995,-0.08177457780878943,-0.08004390996709179,-0.0838479228801043,-0.07822515309921413,-0.07696714953278407,-0.06893430296254217,-0.07455649480626887,-0.08146696702345213,-0.00816716492360349,0.40453074433656955,0.6838709677419355,0.5442008560392525,1.088401712078505,2.17680342415701,0.00217680342415701,-0.0103439683477605,0.0032652051362355152,-0.011432370059839006,0.005442008560392525,-0.013609173483996016
ridge,2018-08,2018-09,-0.004777730365182375,0.0014947982372746041,0.0038885055230437194,-0.0011215119207917926,-0.004081178784200956,-0.006558417407952548,-0.005237412500924457,0.0020333511781587474,-0.0019983728256237157,-0.0009900084020878829,0.003787721963094492,0.43217665615141954,0.5314465408805031,0.48181159851596134,0.9636231970319227,1.9272463940638453,0.0019272463940638452,0.001860475569030647,0.0028908695910957677,0.0008968523719987244,0.004818115985159613,-0.001030394022065121
ridge,2018-09,2018-10,-0.11129969467694288,-0.106381078902357,-0.0982716984840515,-0.10078428137679013,-0.09135522752035835,-0.09829814268543967,-0.09427986186471785,-0.09168053161128897,-0.08298866044169191,-0.06474553054235435,0.04655416413458853,0.49226006191950467,0.5740740740740741,0.5331670679967894,1.0663341359935787,2.1326682719871575,0.0021326682719871575,0.04442149586260137,0.0031990024079807363,0.04335516172660779,0.005331670679967894,0.04122249345462064
ridge,2018-10,2018-11,-0.0020683686896579177,0.02883165813035939,0.034506380434059764,0.054392405112873216,0.07005914948378851,0.07414014026923688,0.07345293980826662,0.07980091369526664,0.08574076921241248,0.09286902733036367,0.09493739602002159,0.4923547400611621,0.6158536585365854,0.5541041992988738,1.1082083985977476,2.216416797195495,0.002216416797195495,0.0927209792228261,0.003324625195793243,0.09161277082422835,0.005541041992988737,0.08939635402703285
ridge,2018-11,2018-12,-0.06410877857359269,-0.05804578287403449,-0.03442118996826029,-0.0418128047793868,-0.046489619251434425,-0.044310946586258095,-0.035970769530124715,-0.03256565532165176,-0.04003227482956312,-0.023505126732630145,0.04060365184096255,0.5808383233532934,0.655688622754491,0.6182634730538923,1.2365269461077846,2.473053892215569,0.002473053892215569,0.03813059794874698,0.003709580838323354,0.036894071002639195,0.006182634730538923,0.03442101711042363
ridge,2018-12,2019-01,-0.046433281366276405,-0.024753645284703075,-0.012107180663298895,-0.0215032548473485,-0.01651993561084404,-0.018634930251086694,-0.02197190678640893,-0.013829059345622246,-0.012150916716087243,-0.016287135301193637,0.030146146065082768,0.5535714285714286,0.6706231454005935,0.6120972869860111,1.2241945739720221,2.4483891479440443,0.0024483891479440446,0.027697756917138723,0.0036725837219160665,0.026473562343166702,0.006120972869860111,0.024025173195222658
ridge,2019-01,2019-02,0.2384899336013125,0.21190576726475924,0.2320232586660084,0.22187296401120135,0.22574685621081933,0.22801358836993424,0.22802652011039204,0.22356915963571614,0.21815237984238683,0.22271011946861227,-0.015779814132700215,0.4674556213017751,0.6017699115044248,0.5346127664031,1.0692255328062,2.1384510656124,0.0021384510656124,-0.017918265198312616,0.0032076765984186,-0.018987490731118814,0.0053461276640309995,-0.021125941796731215
ridge,2019-02,2019-03,0.09035455574620764,0.08934968477829357,0.09071001196897889,0.1061498125948717,0.10783562700134677,0.11600223375133321,0.10919377406660795,0.1262453256079699,0.10427006622172026,0.11965036458118189,0.02929580883497425,0.5794117647058823,0.5794117647058823,0.5794117647058823,1.1588235294117646,2.317647058823529,0.002317647058823529,0.02697816177615072,0.0034764705882352935,0.025819338246738956,0.005794117647058823,0.023501691187915424
ridge,2019-03,2019-04,-0.0670647707202722,-0.05259996515454847,-0.049586142578150444,-0.04725967091360355,-0.03837445111602891,-0.03470378930247063,-0.03615641270425433,-0.017600183689198887,-0.017352262461785582,-0.01653438299696378,0.05053038772330842,0.5894428152492668,0.5835777126099706,0.5865102639296187,1.1730205278592374,2.3460410557184748,0.0023460410557184746,0.04818434666758995,0.003519061583577712,0.04701132613973071,0.005865102639296187,0.044665285084012234
ridge,2019-04,2019-05,-0.08437265368245475,-0.06852547258395102,-0.0694563971308706,-0.06068268904379763,-0.046250421080946715,-0.048286684474127525,-0.04493774198375665,-0.02900944899004547,-0.0334939537001149,-0.011221127165355498,0.07315152651709925,0.6257309941520468,0.6326530612244898,0.6291920276882683,1.2583840553765366,2.5167681107530733,0.0025167681107530733,0.07063475840634617,0.0037751521661296096,0.06937637435096963,0.006291920276882684,0.06685960624021656
ridge,2019-05,2019-06,-0.01727469191490365,0.029459460758301116,0.010007400677907083,0.002026455131017992,0.009987167871548536,0.0034465258737895873,0.01373630154766245,0.013222323021937698,0.016059214701360226,0.016257034900470327,0.033531726815373974,0.5637982195845697,0.5976331360946745,0.5807156778396221,1.1614313556792442,2.3228627113584883,0.0023228627113584884,0.031208864104015487,0.0034842940670377323,0.030047432748336243,0.005807156778396221,0.027724570036977755
ridge,2019-06,2019-07,-0.037189396017581075,-0.02269339009073205,-0.010835483775721329,-0.013331932263714303,-0.01205754587546333,-0.017805427140627432,-0.012300144458790033,-0.016835402184957233,-0.011417264369381565,-0.005949006463476861,0.031240389554104214,0.5473372781065089,0.6607669616519174,0.6040521198792131,1.2081042397584263,2.4162084795168526,0.0024162084795168524,0.02882418107458736,0.003624312719275279,0.027616076834828935,0.006040521198792131,0.025199868355312082
ridge,2019-07,2019-08,0.016021394550858152,-0.001817277787263143,-0.009371403533586656,-0.013512177963647468,-0.01937178624368436,-0.014586092057858966,-0.018584365537641163,-0.02201496279691293,-0.01956653079589936,-0.01329320265516937,-0.029314597206027523,0.5769230769230769,0.6548672566371682,0.6158951667801225,1.231790333560245,2.46358066712049,0.00246358066712049,-0.03177817787314801,0.003695371000680735,-0.033009968206708255,0.006158951667801224,-0.035473548873828746
ridge,2019-08,2019-09,-0.006477029975926543,0.01436891020144407,0.015900709229777824,0.010553179730185014,0.020245094956560353,0.015376041653575515,0.01599241200480624,0.013187439655022924,0.021626932148917866,0.025452305839409363,0.031929335815335906,0.5250737463126844,0.6029411764705883,0.5640074613916364,1.1280149227832728,2.2560298455665455,0.0022560298455665453,0.02967330596976936,0.0033840447683498183,0.02854529104698609,0.005640074613916364,0.026289261201419542
ridge,2019-09,2019-10,-0.011164826668777618,-0.0005453473089688727,-0.00579816019783896,-0.0008214737201994962,0.00048075163146197306,-0.002591059365671072,-0.002795742179103365,0.0053046320471034835,0.0008709143939653477,0.007777352120540524,0.018942178789318143,0.551622418879056,0.5882352941176471,0.5699288564983516,1.1398577129967031,2.2797154259934063,0.002279715425993406,0.016662463363324737,0.0034195731389901093,0.015522605650328033,0.005699288564983516,0.013242890224334627
ridge,2019-10,2019-11,-0.039527077760825945,-0.0162842941164991,-0.01581188325418392,-0.01712083991089928,-0.015736891465858337,-0.019672866473135008,-0.020125491535780377,-0.02609991734144139,-0.028993380572608394,-0.02236032600488921,0.017166751755936734,0.5647058823529412,0.6363636363636364,0.6005347593582888,1.2010695187165776,2.4021390374331553,0.0024021390374331553,0.01476461271850358,0.0036032085561497327,0.013563543199787002,0.006005347593582889,0.011161404162353845
ridge,2019-11,2019-12,0.10171814997552364,0.07822999577017321,0.08061754549816959,0.08181060249802521,0.07377375364815202,0.07447671308441853,0.0885675063430602,0.07613693901392876,0.0794953359591411,0.0896371756596073,-0.012080974315916343,0.5647058823529412,0.5806451612903225,0.5726755218216318,1.1453510436432637,2.2907020872865274,0.0022907020872865273,-0.01437167640320287,0.003436053130929791,-0.015517027446846134,0.005726755218216318,-0.017807729534132663
ridge,2019-12,2020-01,0.0459747249220713,-0.0023797396982403883,0.006524730825531821,0.016416035631863196,0.00521062183146264,-0.00283665695766922,0.008137099233361547,-0.007062729755328496,-0.009139343255816413,-0.013981856807321199,-0.0599565817293925,0.5043988269794721,0.6081871345029239,0.556292980741198,1.112585961482396,2.225171922964792,0.002225171922964792,-0.06218175365235729,0.0033377578844471885,-0.06329433961383969,0.0055629298074119805,-0.06551951153680448
ridge,2020-01,2020-02,0.04965451918413619,0.034636102025098904,0.0161629342473865,0.018695475587526284,-0.008586362631343481,-0.001126162705287781,-0.0154306218570451,-0.00830110219610274,-0.022750357377739804,-0.04369289996617829,-0.09334741915031447,0.5233918128654971,0.5072886297376094,0.5153402213015532,1.0306804426031064,2.061360885206213,0.002061360885206213,-0.09540878003552068,0.0030920413278093194,-0.0964394604781238,0.005153402213015532,-0.09850082136333001
ridge,2020-02,2020-03,-0.131264810207938,-0.08341732456235407,-0.07179125332332952,-0.07021807885602319,-0.0427945384707382,-0.01182865225529464,-0.013870452551520343,6.768431248077044e-05,0.01481373740109403,0.032863852522514905,0.1641286627304529,0.5014577259475219,0.4331395348837209,0.4672986304156214,0.9345972608312428,1.8691945216624857,0.0018691945216624856,0.16225946820879042,0.0028037917824937286,0.16132487094795916,0.004672986304156214,0.15945567642629668
ridge,2020-03,2020-04,0.023173080838138876,0.02328498688837741,0.031955283027695784,0.025813778573289557,0.024059967715631105,0.019407968793547104,0.01999389238196535,0.029377989437759676,0.016469272398582153,0.015868255167450142,-0.007304825670688735,0.686046511627907,0.6347826086956522,0.6604145601617796,1.3208291203235591,2.6416582406471183,0.0026416582406471184,-0.009946483911335853,0.003962487360970678,-0.011267313031659412,0.006604145601617796,-0.01390897127230653
ridge,2020-04,2020-05,-0.005437860491967974,0.012761892979919138,0.021898550076890278,0.007246582315343149,0.023986655416460917,0.021138309219285886,0.019701800446786245,0.019264318993511463,0.03865199804111941,0.04294692226029594,0.04838478275226392,0.5101449275362319,0.6127167630057804,0.5614308452710062,1.1228616905420123,2.2457233810840247,0.002245723381084025,0.046139059371179895,0.003368585071626037,0.04501619768063788,0.005614308452710062,0.04277047429955386
ridge,2020-05,2020-06,0.08472021965823316,0.09079704653560285,0.09276337557582727,0.08080833554903011,0.062165955310622696,0.06237691873951908,0.0566035342613106,0.058123749541685026,0.052624880337331474,0.051648538319905686,-0.033071681338327476,0.5588235294117647,0.6803519061583578,0.6195877177850613,1.2391754355701226,2.478350871140245,0.0024783508711402453,-0.03555003220946772,0.0037175263067103677,-0.03678920764503785,0.0061958771778506125,-0.03926755851617809
ridge,2020-06,2020-07,0.1136797258099744,0.10747227186850035,0.14242333565372928,0.16449139581665945,0.1349837310400293,0.14917765080310233,0.13033576850491288,0.1590053367123287,0.15403769895496447,0.14630906720301162,0.03262934139303722,0.5865102639296187,0.6140350877192983,0.6002726758244585,1.200545351648917,2.401090703297834,0.0024010907032978343,0.030228250689739385,0.003601636054946751,0.02902770533809047,0.006002726758244585,0.026626614634792635
ridge,2020-07,2020-08,-0.008871142076795768,0.027344514337515197,0.0123859806847179,0.020268413549817663,0.024885050301288198,0.040199812785519394,0.04638619696109698,0.05614475585853613,0.06593925378746739,0.07380597682928693,0.08267711890608269,0.6239067055393586,0.6569767441860466,0.6404417248627026,1.2808834497254051,2.5617668994508103,0.00256176689945081,0.08011535200663188,0.0038426503491762157,0.07883446855690647,0.006404417248627025,0.07627270165745566
ridge,2020-08,2020-09,-0.06518800932508807,-0.07425159325220188,-0.06875540061982414,-0.07065342540194756,-0.0698420319484654,-0.06335665489694525,-0.06735487825668889,-0.07216931287766692,-0.06827086804893084,-0.06939921102779237,-0.004211201702704295,0.6191860465116279,0.6956521739130435,0.6574191102123357,1.3148382204246714,2.6296764408493427,0.0026296764408493428,-0.006840878143553638,0.0039445146612740135,-0.00815571636397831,0.006574191102123356,-0.01078539280482765
ridge,2020-09,2020-10,0.05406988635905249,0.014022564581530101,-0.0021110512746514024,0.005253338881635272,0.002794774586795012,-0.019569650653814784,-0.012743436712708705,-0.009399977874469358,-0.008545298504076754,-0.0035237225931723393,-0.057593608952224824,0.6231884057971014,0.6502890173410405,0.636738711569071,1.273477423138142,2.546954846276284,0.002546954846276284,-0.06014056379850111,0.003820432269414426,-0.06141404122163925,0.00636738711569071,-0.06396099606791554
ridge,2020-10,2020-11,-0.016331390445237053,0.010717131049768598,0.02897533938212173,0.025630577296615782,0.038621177524670244,0.019298451800686005,0.039170432158232404,0.049026526780823206,0.050237767943249884,0.05392085522043557,0.07025224566567262,0.4277456647398844,0.5763688760806917,0.502057270410288,1.004114540820576,2.008229081641152,0.002008229081641152,0.06824401658403147,0.0030123436224617282,0.0672399020432109,0.00502057270410288,0.06523167296156974
ridge,2020-11,2020-12,0.01899783730917879,0.0023464123286511783,-0.022569200500799153,-0.02150824064029333,-0.026137463602445097,-0.036009672103986465,-0.05309014263676015,-0.053859105458700436,-0.050238368534308464,-0.07189151507588057,-0.09088935238505935,0.5501432664756447,0.6371428571428571,0.593643061809251,1.187286123618502,2.374572247237004,0.002374572247237004,-0.09326392463229635,0.003561858370855506,-0.09445121075591485,0.00593643061809251,-0.09682578300315187
ridge,2020-12,2021-01,-0.06535590749422951,-0.041227198340523345,-0.05199819444763651,-0.05593422716919556,-0.06088403672869429,-0.06486762502402822,-0.07682409757427822,-0.08518527751605602,-0.08543989873439693,-0.08613592406410434,-0.020780016569874826,0.6107954545454546,0.5779036827195467,0.5943495686325007,1.1886991372650013,2.3773982745300026,0.0023773982745300026,-0.02315741484440483,0.003566097411795004,-0.02434611398166983,0.005943495686325006,-0.026723512256199834
ridge,2021-01,2021-02,-0.013229298530820915,-0.0008275328147818481,0.016147955126778694,0.03892126318943133,0.04178422622236935,0.04383309627787584,0.0545363894122657,0.04789718181554236,0.054063538172932114,0.04988934512231732,0.06311864365313824,0.5310734463276836,0.5267605633802817,0.5289170048539826,1.0578340097079653,2.1156680194159305,0.002115668019415931,0.06100297563372231,0.0031735020291238955,0.05994514162401435,0.005289170048539826,0.05782947360459841
ridge,2021-02,2021-03,-0.042804656477135064,-0.01702776011751315,-0.002067396412957743,0.010382926543494292,0.02645961742045468,0.01802859113327609,0.036366289977959515,0.03919553588568992,0.045149170875104554,0.03863116716016508,0.08143582363730015,0.550561797752809,0.5686274509803921,0.5595946243666006,1.1191892487332011,2.2383784974664023,0.0022383784974664023,0.07919744513983375,0.0033575677461996035,0.07807825589110054,0.005595946243666005,0.07583987739363414
ridge,2021-03,2021-04,-0.02184475153094734,0.007720049507125179,0.0002895192186807357,-0.005692776659963975,0.0005540968632967211,0.01233241129545693,0.006765775485783905,0.028947089297967223,0.014394781425165242,0.016931707895278585,0.03877645942622593,0.6424581005586592,0.6155988857938719,0.6290284931762655,1.258056986352531,2.516113972705062,0.0025161139727050623,0.036260345453520866,0.0037741709590575928,0.03500228846716834,0.006290284931762655,0.032486174494463275
ridge,2021-04,2021-05,0.10685791253376592,0.07181722195864083,0.05588331871114679,0.06375656682344318,0.06270938699475352,0.04974523364939574,0.04180182559350571,0.052231082241872895,0.046307141016724875,0.058222337759420636,-0.04863557477434528,0.6022099447513812,0.6143250688705234,0.6082675068109523,1.2165350136219046,2.4330700272438093,0.0024330700272438095,-0.05106864480158909,0.0036496050408657142,-0.052285179815211,0.006082675068109523,-0.054718249842454804
ridge,2021-05,2021-06,0.01934406978254787,0.021777481991477665,0.030071987137635477,0.029316072074895887,0.023689670351838374,0.032669138991385425,0.02856385418623415,0.036153426745911287,0.027062811478145685,0.03784081510206377,0.0184967453195159,0.4681440443213296,0.5718232044198894,0.5199836243706095,1.039967248741219,2.079934497482438,0.002079934497482438,0.01641681082203346,0.003119901746223657,0.015376843573292241,0.0051998362437060954,0.013296909075809802
ridge,2021-06,2021-07,0.0634601455339324,0.04222056437085059,0.020347397496462562,-0.0005157999614232684,-0.009234133351667248,-0.014436193119424777,-0.010584485246340635,-0.0034802759650327773,-0.028374767232611158,-0.02210689491529162,-0.08556704044922402,0.5218579234972678,0.5313351498637602,0.526596536680514,1.053193073361028,2.106386146722056,0.002106386146722056,-0.08767342659594607,0.0031595792200830837,-0.0887266196693071,0.00526596536680514,-0.09083300581602916
ridge,2021-07,2021-08,0.04617373215943778,0.06471260885211445,0.06643613632281205,0.0592361944110716,0.07391894816612307,0.06742956763433615,0.06495124848826986,0.07189268779483367,0.07556301430626769,0.08514162376590978,0.038967891606472,0.4783783783783784,0.5121293800539084,0.4952538792161434,0.9905077584322868,1.9810155168645736,0.0019810155168645737,0.03698687608960743,0.00297152327529686,0.035996368331175144,0.004952538792161434,0.03401535281431057
ridge,2021-08,2021-09,-0.08177091510483182,-0.027393302953486163,-0.026026098283889014,-0.013611555756949788,0.005528336480924639,0.002288248612343867,-0.00962611137596148,0.0017036846595942826,0.004041914440811147,0.0017053300779387365,0.08347624518277055,0.5092838196286472,0.5079365079365079,0.5086101637825775,1.017220327565155,2.03444065513031,0.00203444065513031,0.08144180452764024,0.003051660982695465,0.08042458420007509,0.005086101637825775,0.07839014354494478
ridge,2021-09,2021-10,-0.018322525682956475,-0.01457448984519609,-0.01780681858215918,-0.01986849195713939,-0.03004622458809426,-0.01887403149967325,-0.019358706954858147,-0.024189406055135854,-0.016269041503293183,-0.03086426538099542,-0.012541739698038946,0.5613577023498695,0.5520833333333333,0.5567205178416014,1.1134410356832027,2.2268820713664055,0.0022268820713664057,-0.014768621769405351,0.0033403231070496084,-0.015882062805088554,0.005567205178416014,-0.01810894487645496
ridge,2021-10,2021-11,0.02580970365631052,0.06173744961426474,0.09256467603377727,0.0994325501322161,0.10917645113576464,0.1141886110337558,0.12185707225563278,0.11013467327982102,0.12261807023064576,0.14301170597478588,0.11720200231847536,0.5298701298701298,0.5207253886010363,0.5252977592355831,1.0505955184711662,2.1011910369423323,0.002101191036942332,0.11510081128153303,0.0031517865554134984,0.11405021576306186,0.005252977592355831,0.11194902472611952
ridge,2021-11,2021-12,-0.043899380397984654,0.0037708596829392777,0.013412178295854922,0.016266726266104377,0.0397651509747875,0.056700717830827634,0.062441465174960624,0.07000602036238124,0.07318443228510141,0.08729788113097534,0.13119726152896,0.5644329896907216,0.5475578406169666,0.5559954151538441,1.1119908303076882,2.2239816606153764,0.0022239816606153765,0.12897327986834461,0.0033359724909230643,0.12786128903803692,0.005559954151538441,0.12563730737742154
ridge,2021-12,2022-01,-0.1400416617019049,-0.11835085855925644,-0.10426899784916611,-0.09943122218111648,-0.09598774661130441,-0.0876210229832057,-0.07462875640121824,-0.07404386486641852,-0.06651305035003822,-0.04559820674140964,0.09444345496049528,0.6692111959287532,0.5862944162436547,0.627752806086204,1.255505612172408,2.511011224344816,0.0025110112243448162,0.09193244373615046,0.003766516836517224,0.09067693812397805,0.0062775280608620395,0.08816592689963323
ridge,2022-01,2022-02,0.05292552389607857,0.042630990154314964,0.052543734633827895,0.04662582984812087,0.04283278722953691,0.04000994238978041,0.06060063854707957,0.05119070446415578,0.048484564833335124,0.05186136595183019,-0.001064157944248377,0.5984848484848485,0.5214105793450882,0.5599477139149683,1.1198954278299367,2.2397908556598733,0.0022397908556598734,-0.0033039487999082504,0.0033596862834898095,-0.0044238442277381865,0.005599477139149683,-0.00666363508339806
ridge,2022-02,2022-03,-0.03710942313283547,-0.056494670079877025,-0.06952478324056717,-0.05448545238718008,-0.0536115816628615,-0.0504103671975981,-0.03773601790773314,-0.04270753112151311,-0.03751913412706158,-0.0471110371417782,-0.010001614008942734,0.4887218045112782,0.52,0.5043609022556391,1.0087218045112782,2.0174436090225565,0.0020174436090225566,-0.012019057617965291,0.0030261654135338347,-0.013027779422476569,0.005043609022556391,-0.015045223031499126
ridge,2022-03,2022-04,-0.19496653596521354,-0.12672472167031698,-0.14419401494300135,-0.13600300171595292,-0.14892309142905635,-0.13677396350413196,-0.14316208807691655,-0.14320096185101425,-0.15354122941802045,-0.1634595020607743,0.031507033904439236,0.5136476426799008,0.5099009900990099,0.5117743163894554,1.0235486327789107,2.0470972655578215,0.0020470972655578217,0.029459936638881412,0.003070645898336732,0.028436388006102504,0.005117743163894553,0.026389290740544684
ridge,2022-04,2022-05,0.05690270648659419,0.0824616055607996,0.10545039764595067,0.09764985459951556,0.11320639997614386,0.11513656469733186,0.11792082858068247,0.13219934278660758,0.13348785688421674,0.12608845306379143,0.06918574657719724,0.5745721271393642,0.4902439024390244,0.5324080147891943,1.0648160295783886,2.1296320591567772,0.002129632059156777,0.06705611451804046,0.003194448088735166,0.06599129848846208,0.005324080147891943,0.0638616664293053
ridge,2022-05,2022-06,0.06381397136960598,0.08901627145730853,0.0813586799282335,0.07447409744749224,0.07396325195297256,0.07365376989582785,0.08830106091671056,0.08513173891771074,0.09584934449382877,0.10278475023380274,0.03897077886419675,0.5048543689320388,0.4842615012106537,0.49455793507134627,0.9891158701426925,1.978231740285385,0.001978231740285385,0.03699254712391137,0.002967347610428078,0.036003431253768675,0.004945579350713463,0.03402519951348329
ridge,2022-06,2022-07,0.014505691829595446,0.0034220858442733306,0.017953508774706674,0.014481027011553634,0.026434743556247673,0.024378232740951723,0.0340479800809171,0.04776606260633769,0.04971125929575635,0.05733002773356615,0.04282433590397071,0.5299760191846523,0.47607655502392343,0.5030262871042879,1.0060525742085757,2.0121051484171515,0.0020121051484171515,0.040812230755553555,0.003018157722625727,0.03980617818134498,0.005030262871042878,0.03779407303292783
ridge,2022-07,2022-08,-0.0992569829566093,-0.05387849500294376,-0.03670680295143726,-0.03912145821387602,-0.03151099937276382,-0.025448776540762597,-0.01435197561159994,-0.0072381806240152495,-0.008040488694807356,-0.0018827007771120932,0.0973742821794972,0.5700712589073634,0.5118483412322274,0.5409598000697955,1.081919600139591,2.163839200279182,0.002163839200279182,0.09521044297921802,0.0032457588004187726,0.09412852337907843,0.005409598000697955,0.09196468417879924
ridge,2022-08,2022-09,-0.09991960902869983,-0.09374454003037841,-0.08781642137819028,-0.09022218988048411,-0.09101064924720012,-0.08364258944400867,-0.08704596907558192,-0.07958886493970732,-0.0777767951035534,-0.08399674930205397,0.015922859726645852,0.6103286384976525,0.522248243559719,0.5662884410286857,1.1325768820573714,2.265153764114743,0.0022651537641147426,0.01365770596253111,0.0033977306461721144,0.012525129080473738,0.0056628844102868565,0.010259975316358996
ridge,2022-09,2022-10,-0.014334760137205083,0.006043548133609575,0.003834145344902601,0.03515857889574656,0.030406417375016023,0.037060371385474175,0.05452883811618417,0.05925990777313446,0.07570212642364738,0.07090876467864396,0.08524352481584904,0.5255813953488372,0.5150812064965198,0.5203313009226784,1.0406626018453569,2.0813252036907137,0.002081325203690714,0.08316219961215833,0.0031219878055360707,0.08212153701031297,0.005203313009226784,0.08004021180662226
ridge,2022-10,2022-11,0.04430973904285338,0.06089060992580286,0.06888389920578601,0.08354646376569384,0.0787571955867489,0.08976040445076365,0.09261240502778427,0.09450786240694393,0.10422839470278522,0.08117595215092523,0.036866213108071845,0.5345622119815668,0.4482758620689655,0.4914190370252662,0.9828380740505324,1.9656761481010647,0.001965676148101065,0.03490053695997078,0.002948514222151597,0.03391769888592025,0.004914190370252662,0.031952022737819184
ridge,2022-11,2022-12,-0.05562412644357883,-0.03308368203748363,-0.03809305155903786,-0.03486540997397371,-0.036179869201100404,-0.031171139809963753,-0.02834670817428959,-0.030498674865353403,-0.036406156903810286,-0.0524383273885942,0.003185799054984631,0.5776255707762556,0.4657534246575342,0.5216894977168949,1.0433789954337898,2.0867579908675795,0.0020867579908675792,0.0010990410641170518,0.0031301369863013695,5.5662068683261495e-05,0.005216894977168949,-0.0020310959221843177
ridge,2022-12,2023-01,0.026114010343896984,0.05744426981931563,0.06767952926109996,0.0788436175834702,0.0784839636063452,0.08068472145776291,0.0920069490450546,0.10082797857405738,0.10843344655297293,0.11050530762034469,0.0843912972764477,0.5497737556561086,0.417607223476298,0.4836904895662033,0.9673809791324066,1.9347619582648132,0.0019347619582648133,0.0824565353181829,0.0029021429373972197,0.08148915433905048,0.004836904895662034,0.07955439238078567
ridge,2023-01,2023-02,-0.0075425833933521,0.006186555465886442,0.017354064292087034,0.027536077229955463,0.04601322447620945,0.043037802278680835,0.06168411875557997,0.04626709328788177,0.04454356922774837,0.05922514730653171,0.06676773069988381,0.5438202247191011,0.5134529147982063,0.5286365697586537,1.0572731395173074,2.114546279034615,0.002114546279034615,0.0646531844208492,0.0031718194185519225,0.0635959112813319,0.005286365697586537,0.06148136500229728
ridge,2023-02,2023-03,0.027130790972360985,-0.002780084940257285,-0.00020470986755493522,-0.012317534428241466,-0.012299466861199234,-0.02293063588894897,-0.024256216051056368,-0.021505427388539992,-0.028724853821480975,-0.019431668256013914,-0.0465624592283749,0.6098654708520179,0.5458612975391499,0.5778633841955839,1.1557267683911678,2.3114535367823357,0.002311453536782336,-0.04887391276515724,0.0034671803051735035,-0.05002963953354841,0.005778633841955839,-0.05234109307033074
ridge,2023-03,2023-04,-0.013291490308282479,-0.01647240720916982,-0.03133198921285173,-0.020381193963521695,-0.026421649435982388,-0.02757964595009032,-0.026030528811751278,-0.033941351828999274,-0.03827647960544125,-0.04235929835658677,-0.02906780804830429,0.5777777777777777,0.5609756097560976,0.5693766937669377,1.1387533875338753,2.2775067750677507,0.0022775067750677508,-0.03134531482337204,0.003416260162601626,-0.032484068210905916,0.005693766937669377,-0.03476157498597367
ridge,2023-04,2023-05,0.0031808251844832147,-0.01922739821406177,-0.011208080741128959,-0.02012133090038949,-0.014009674810781669,-0.004280821940118069,-0.0029981964414959815,0.008685463425009655,0.024302457888333708,0.04423257370120658,0.04105174851672337,0.44052863436123346,0.48237885462555063,0.46145374449339205,0.9229074889867841,1.8458149779735682,0.001845814977973568,0.0392059335387498,0.0027687224669603523,0.03828302604976302,0.004614537444933921,0.03643721107178945
ridge,2023-05,2023-06,0.027915858490194703,0.014736084735860529,0.019713084164166596,0.031249505007960306,0.02414147968175461,0.02057358009171416,0.027118614914153683,0.02351416144154817,0.03487983193662472,0.030370956192712475,0.002455097702517773,0.44789356984478934,0.5088495575221239,0.4783715636834566,0.9567431273669132,1.9134862547338265,0.0019134862547338265,0.0005416114477839464,0.0028702293821007397,-0.00041513167958296673,0.004783715636834566,-0.002328617934316793
ridge,2023-06,2023-07,-0.06478340385028865,-0.008090289467300192,0.0010443972308367396,0.011072380597877976,0.018939665207088948,0.021592950725823224,0.026982439331173842,0.033242355191448435,0.038561455337855925,0.04953155953323491,0.11431496338352357,0.4263736263736264,0.4978070175438597,0.46209032195874306,0.9241806439174861,1.8483612878349722,0.0018483612878349722,0.1124666020956886,0.0027725419317524585,0.11154242145177111,0.004620903219587431,0.10969406016393614
ridge,2023-07,2023-08,-0.04410314321028769,-0.05382389372243916,-0.05721921906132184,-0.05557100536146867,-0.05512849868411971,-0.05014520510963209,-0.04034533628923108,-0.04467030780126865,-0.02695783296538517,-0.007072612534435249,0.037030530675852436,0.5579868708971554,0.5676855895196506,0.562836230208403,1.125672460416806,2.251344920833612,0.002251344920833612,0.03477918575501882,0.0033770173812504183,0.03365351329460202,0.00562836230208403,0.031402168373768406
ridge,2023-08,2023-09,-0.03456284521738206,-0.01361022901514122,-0.0014788138231821818,-2.9470921279079176e-05,0.013766198215199275,0.005738945220371891,0.015291137139969515,0.00488135675475131,0.015495693620382113,0.004525456190877074,0.039088301408259134,0.5162689804772234,0.5909090909090908,0.5535890356931571,1.1071780713863142,2.2143561427726284,0.002214356142772628,0.036873945265486506,0.0033215342141589424,0.03576676719410019,0.005535890356931571,0.033552411051327564
ridge,2023-09,2023-10,-0.012998259514128144,-0.006458629649081616,-0.003970915364731312,-0.007896411638372106,-0.011976689872139753,-0.017551406559632325,-0.009188063631082587,-0.00016906673740499427,-0.00341498890319602,-0.0024557016632707255,0.010542557850857419,0.556989247311828,0.5515021459227467,0.5542456966172873,1.1084913932345746,2.216982786469149,0.002216982786469149,0.008325575064388269,0.0033254741797037243,0.007217083671153694,0.005542456966172873,0.005000100884684546
ridge,2023-10,2023-11,0.014417244072533331,0.01952051643936072,0.028825245192979247,0.030866780909483048,0.033377734610908816,0.038652678025495435,0.04142550959394817,0.05309987642012608,0.04792948585256307,0.05435537288435174,0.03993812881181841,0.5235042735042735,0.5010660980810235,0.5122851857926485,1.024570371585297,2.049140743170594,0.0020491407431705937,0.037888988068647815,0.003073711114755891,0.036864417697062515,0.005122851857926485,0.03481527695389192
ridge,2023-11,2023-12,-0.027978275573873054,-0.028520736093444563,-0.026741714969351106,-0.021293962343640546,-0.021192135821157036,-0.02893563619297225,-0.016387870277551547,-0.013609204347403052,-0.010531270056246957,-0.0090843480283272,0.018893927545545853,0.5116772823779193,0.4491525423728814,0.48041491237540035,0.9608298247508007,1.9216596495016014,0.0019216596495016014,0.016972267896044252,0.002882489474252402,0.01601143807129345,0.004804149123754003,0.014089778421791849
ridge,2023-12,2024-01,-0.19664460063089673,-0.15522128565249518,-0.16936064279749263,-0.16687100710565522,-0.17795323151009013,-0.17237369411311945,-0.18496062139541639,-0.1880512042209373,-0.21155629716275767,-0.2178572858750188,-0.021212685244122065,0.5654008438818565,0.46736842105263154,0.5163846324672441,1.0327692649344882,2.0655385298689763,0.0020655385298689764,-0.023278223773991042,0.0030983077948034646,-0.02431099303892553,0.0051638463246724406,-0.026376531568794506
ridge,2024-01,2024-02,0.08424231153397636,0.0919442698045785,0.09098730777839287,0.08604661512664497,0.08053101571503546,0.06901463018355415,0.05151969844505306,0.03388756164705961,0.015993200978455333,-0.006038470127461257,-0.09028078166143762,0.5147679324894514,0.4652631578947368,0.4900155451920941,0.9800310903841882,1.9600621807683765,0.0019600621807683767,-0.09224084384220599,0.0029400932711525648,-0.09322087493259018,0.004900155451920941,-0.09518093711335857
ridge,2024-02,2024-03,0.03200896067073055,0.029111060089073378,0.0165126491633221,0.03298613821639478,0.035734433115296185,0.045002888222198056,0.048314931100749144,0.07651334244116803,0.0722530379082267,0.08870333816861399,0.05669437749788344,0.5441176470588236,0.679245283018868,0.6116814650388458,1.2233629300776916,2.446725860155383,0.002446725860155383,0.05424765163772806,0.003670088790233075,0.053024288707650365,0.006116814650388457,0.05057756284749498
ridge,2024-03,2024-04,-0.07010002216251322,-0.033561781684095265,-0.011000738590913448,-0.012915214996452757,-0.003379283745821464,-0.0020922878765022197,-0.0037043749390704758,-0.0006890439332008355,-0.009280547077062664,-0.00447868007761987,0.06562134208489336,0.4853556485355649,0.5720250521920668,0.5286903503638158,1.0573807007276317,2.1147614014552634,0.0021147614014552633,0.06350658068343809,0.003172142102182895,0.06244919998271046,0.005286903503638158,0.0603344385812552
ridge,2024-04,2024-05,-0.019983918525843573,-0.0063203212953030115,-0.008592546766580915,-0.007655717532990648,-0.016090084242938032,-0.015914515631715795,-0.0262466503787003,-0.01551536374152622,-0.01272107419234907,-0.01644498503053881,0.0035389334953047635,0.5862785862785862,0.6161825726141079,0.6012305794463471,1.2024611588926941,2.4049223177853882,0.002404922317785388,0.0011340111775193754,0.003607383476678082,-6.844998137331849e-05,0.006012305794463471,-0.002473372299158707
ridge,2024-05,2024-06,-0.06950326059629049,-0.05839024876835655,-0.07001228153412316,-0.07508402464454157,-0.08677416010071393,-0.093578032168174,-0.08923784751990328,-0.09501576423664858,-0.09860142915681006,-0.09895737443365363,-0.02945411383736314,0.5932914046121593,0.5732217573221757,0.5832565809671675,1.166513161934335,2.33302632386867,0.00233302632386867,-0.03178714016123181,0.0034995394858030045,-0.032953653323166146,0.005832565809671675,-0.035286679647034816
ridge,2024-06,2024-07,-0.008455944903467481,-0.005449055812866451,-0.001973407204749954,-0.003423406210587226,0.0018526307246510584,0.010977873302505133,0.00892211636963401,0.016594500620120148,0.014894792303053236,0.022300479337046035,0.030756424240513516,0.5904365904365905,0.5871369294605809,0.5887867599485856,1.1775735198971713,2.3551470397943426,0.0023551470397943424,0.028401277200719173,0.0035327205596915137,0.027223703680822,0.0058878675994858565,0.02486855664102766
ridge,2024-07,2024-08,-0.0707659787867611,-0.05576808162129314,-0.04420156828167938,-0.04022968651791472,-0.032082459481971824,-0.034264877442754804,-0.028994041015076303,-0.02621124213521124,-0.024371578330824557,-0.018760979054036606,0.05200499973272449,0.5443298969072166,0.5987654320987654,0.571547664502991,1.143095329005982,2.286190658011964,0.002286190658011964,0.049718809074712524,0.0034292859870179463,0.048575713745706545,0.00571547664502991,0.04628952308769458
ridge,2024-08,2024-09,0.23321916590382735,0.2399177368167001,0.232797285639013,0.2391608561398833,0.24051896092397268,0.24826346299238164,0.2323243543283847,0.2237400573051935,0.22618952043989887,0.2242104190817708,-0.009008746822056546,0.5811088295687885,0.5655737704918034,0.5733413000302959,1.1466826000605919,2.2933652001211837,0.002293365200121184,-0.01130211202217773,0.0034400478001817753,-0.01244879462223832,0.00573341300030296,-0.014742159822359505
ridge,2024-09,2024-10,0.15399873033819572,0.07057258193764192,0.0741012585572521,0.065391514514829,0.04554936806472174,0.06081784867233564,0.04904178613434844,0.053454693647363424,0.05716103065302046,0.07029265917383282,-0.0837060711643629,0.5644171779141105,0.5194274028629857,0.5419222903885481,1.0838445807770962,2.1676891615541924,0.0021676891615541928,-0.08587376032591709,0.0032515337423312885,-0.0869576049066942,0.005419222903885481,-0.08912529406824839
ridge,2024-10,2024-11,-0.03990072943882875,0.010241198815441565,0.029147594044700426,0.03725985244261365,0.03806312073409683,0.051007582952674616,0.07297733716780092,0.07087440873826191,0.10837427341602979,0.08080740830842242,0.12070813774725117,0.5071574642126789,0.4714285714285714,0.4892930178206252,0.9785860356412504,1.9571720712825007,0.0019571720712825004,0.11875096567596867,0.0029357581069237512,0.11777237964032741,0.004892930178206252,0.11581520756904493
ridge,2024-11,2024-12,-0.08132915719390742,-0.045967380493660275,-0.044655361385158576,-0.04667066483108774,-0.03423585469746632,-0.019795300994885173,-0.03408976071405265,-0.032022119554568046,-0.043948734950360245,-0.0574742500810308,0.02385490711287662,0.5918367346938775,0.5173116089613035,0.5545741718275905,1.109148343655181,2.218296687310362,0.002218296687310362,0.021636610425566256,0.0033274450309655427,0.02052746208191108,0.005545741718275905,0.018309165394600715
ridge,2024-12,2025-01,-0.008866892195826303,-0.02471208174869462,-0.026505552643840365,-0.02873433256234364,-0.016324145442195466,-0.02429134220638752,-0.015603259561981763,-0.015361926438280658,-0.006784314792735951,0.009959126521053492,0.018826018716879795,0.5824847250509164,0.47560975609756095,0.5290472405742387,1.0580944811484774,2.1161889622969547,0.0021161889622969545,0.01670982975458284,0.003174283443445432,0.015651735273434362,0.005290472405742387,0.013535546311137408
ridge,2025-01,2025-02,0.08957556712009589,0.08754836760897788,0.07836651116378346,0.06613333933415516,0.07181630684800634,0.07522206522641114,0.07543973974699708,0.06365599239141656,0.0749530168919058,0.0866067834380166,-0.0029687836820792846,0.45731707317073167,0.5091277890466531,0.4832224311086924,0.9664448622173848,1.9328897244347696,0.0019328897244347697,-0.004901673406514054,0.0028993345866521543,-0.0058681182687314384,0.004832224311086924,-0.0078010079931662086
ridge,2025-02,2025-03,-0.06475837770271789,-0.025782154274708317,-0.012136279983101572,0.0006712107054754538,0.013750164205527176,0.005278631965722997,0.013545826886190937,0.02250057579791762,0.03360487833600054,0.022940330943271314,0.0876987086459892,0.516260162601626,0.5598377281947262,0.538048945398176,1.076097890796352,2.152195781592704,0.002152195781592704,0.0855465128643965,0.0032282936723890565,0.08447041497360015,0.005380489453981761,0.08231821919200745
ridge,2025-03,2025-04,-0.048868752370900194,-0.029805347360821504,-0.04055098383929311,-0.04010887003449763,-0.028061039828721632,-0.0339404394344326,-0.022263936281599842,-0.017437133578248405,-0.0010581411890975673,0.013073834337512273,0.06194258670841247,0.5983772819472617,0.5303643724696356,0.5643708272084487,1.1287416544168973,2.2574833088337947,0.0022574833088337947,0.05968510339957867,0.0033862249632506916,0.058556361745161774,0.005643708272084487,0.056298878436327984
ridge,2025-04,2025-05,0.045956659896775394,0.019942681278056377,0.03480981781394824,0.03835600326595292,0.05776684391477241,0.04943472507209654,0.05256849286785838,0.06679038320388003,0.06396765582942414,0.07667889389268205,0.030722233995906657,0.5943204868154158,0.5404858299595141,0.567403158387465,1.13480631677493,2.26961263354986,0.00226961263354986,0.028452621362356798,0.00340441895032479,0.027317815045581867,0.00567403158387465,0.025048202412032008
ridge,2025-05,2025-06,0.05729547494913209,0.042902910800393,0.05641180907677409,0.04951474610955004,0.05552683146444661,0.057533013580363036,0.07120182218861586,0.06713261591834681,0.078036440734262,0.09265874765422008,0.03536327270508799,0.5555555555555556,0.5297741273100616,0.5426648414328086,1.0853296828656172,2.1706593657312343,0.0021706593657312345,0.033192613339356754,0.0032559890485968517,0.03210728365649114,0.005426648414328086,0.029936624290759904
ridge,2025-06,2025-07,0.03697913887778831,0.03961378991894799,0.04205470535695272,0.05136319924313128,0.04998649130602467,0.0590568198733691,0.052884493248397786,0.0661285026928599,0.06951798942993138,0.10501743729130757,0.06803829841351926,0.5737704918032787,0.5787321063394684,0.5762512990713735,1.152502598142747,2.305005196285494,0.002305005196285494,0.06573329321723376,0.0034575077944282414,0.06458079061909101,0.005762512990713735,0.06227578542280552
ridge,2025-07,2025-08,0.1208448861437631,0.10826405255115071,0.0995052740884739,0.09147768030656618,0.08350964968001506,0.08470418940143785,0.07343903814508136,0.07817809551368633,0.06873763544896395,0.056663452583568336,-0.06418143356019476,0.5316973415132924,0.5306122448979591,0.5311547932056258,1.0623095864112515,2.124619172822503,0.0021246191728225027,-0.06630605273301726,0.0031869287592337548,-0.06736836231942851,0.0053115479320562575,-0.06949298149225101
ridge,2025-08,2025-09,-0.0038053272567847747,0.017842230768467787,0.025882339543388883,0.020788574475614996,0.005927613703774748,0.007812496281901797,0.008694263147676844,0.0016393504498949485,0.008754334658075416,0.02821778425726993,0.03202311151405471,0.5357873210633947,0.4816326530612245,0.5087099870623095,1.017419974124619,2.034839948249238,0.0020348399482492383,0.02998827156580547,0.003052259922373857,0.028970851591680852,0.005087099870623095,0.026936011643431613
ridge,2025-09,2025-10,-0.01636525101461289,-0.011607499274866335,0.0027510592875734006,0.0042361679746983965,0.0023948841074757417,0.020820151347311227,0.020851686680067,0.02902039987787252,0.041341772236277226,0.048373816834763265,0.06473906784937616,0.5714285714285714,0.48879837067209775,0.5301134710503346,1.0602269421006691,2.1204538842013383,0.0021204538842013385,0.06261861396517482,0.0031806808263020073,0.06155838702307416,0.005301134710503346,0.059437933138872814
ridge,2025-10,2025-11,-0.012204067062929789,-0.023895443507239888,-0.01698147423946955,-0.012616687254753577,-0.012343076232992387,0.0054371895445283576,0.004032348079415365,0.01116155017564152,0.016806348919659292,0.009674506932799861,0.02187857399572965,0.5530612244897959,0.5071283095723014,0.5300947670310486,1.0601895340620973,2.1203790681241945,0.0021203790681241946,0.019758194927605454,0.0031805686021862917,0.018698005393543358,0.005300947670310486,0.016577626325419162
ridge,2025-11,2025-12,0.03520228735437729,0.029257576682260627,0.03312950200388624,0.024934169963271316,0.029440624631294484,0.021895116850533608,0.01703004550394908,0.009503912115302054,0.005643287623929906,0.0035635334868429416,-0.03163875386753435,0.5244897959183674,0.5071283095723014,0.5158090527453344,1.0316181054906688,2.0632362109813376,0.0020632362109813374,-0.03370199007851569,0.0030948543164720063,-0.03473360818400636,0.005158090527453345,-0.03679684439498769
ridge,2025-12,2026-01,0.0568717234650256,0.08020414640554283,0.07266572578860242,0.08697060807828111,0.08169596835142603,0.07735926111518113,0.07774658864723133,0.08726995721071477,0.08417831059352285,0.09988935826048133,0.04301763479545573,0.5304878048780488,0.4543610547667343,0.49242442982239154,0.9848488596447831,1.9696977192895662,0.001969697719289566,0.04104793707616616,0.0029545465789343494,0.04006308821652138,0.0049242442982239155,0.038093390497231816
ridge,2026-01,2026-02,0.05141033546720506,0.04552164472991067,0.04253278223889265,0.041946758573044134,0.041841513029790764,0.030723157582267634,0.03705760385964332,0.03043629811854283,0.04022314532964668,0.04869223011314028,-0.002718105354064783,0.5121951219512195,0.44421906693711966,0.4782070944441696,0.9564141888883392,1.9128283777766784,0.0019128283777766783,-0.004630933731841461,0.0028692425666650176,-0.005587347920729801,0.004782070944441695,-0.007500176298506478
ridge,2026-02,2026-03,-0.12226153349884242,-0.10421784881722072,-0.10626686054999106,-0.097068908109263,-0.09600668527573374,-0.09298198838953661,-0.08445362937439846,-0.07932422726133156,-0.08459370523554044,-0.08405819131733985,0.038203342181502564,0.4532520325203252,0.4421906693711968,0.447721350945761,0.895442701891522,1.790885403783044,0.001790885403783044,0.036412456777719523,0.002686328105674566,0.035517014075827996,0.00447721350945761,0.033726128672044955
ridge,2026-03,2026-04,0.09948381841660532,0.09344511085496249,0.07015918400651809,0.05723446198075196,0.06201810881728719,0.05059855333353724,0.05949440596970012,0.06167159035913764,0.060336197301788984,0.07692651078064576,-0.02255730763595956,0.5456389452332657,0.5121457489878543,0.52889234711056,1.05778469422112,2.11556938844224,0.0021155693884422396,-0.024672877024401803,0.00317335408266336,-0.02573066171862292,0.0052889234711056,-0.02784623110706516
ridge,2026-04,2026-05,0.026811231854380377,0.007380956716614609,-0.0021536769059944047,-0.020654241453057876,-0.020989747896149057,-0.03353093136540075,-0.0486027159825403,-0.05807831338409295,-0.06828582161184486,-0.08019164982418102,-0.1070028816785614,0.48888888888888893,0.49090909090909096,0.48989898989898994,0.9797979797979799,1.9595959595959598,0.0019595959595959597,-0.10896247763815736,0.0029393939393939396,-0.10994227561795533,0.004898989898989899,-0.1119018715775513
ridge,2026-05,2026-06,0.11826429532548118,0.024896666559503972,0.00708229076708206,-0.036833929653320316,-0.052813255990298326,-0.07368574177424678,-0.07357163432934916,-0.08250680085886108,-0.08046091675931653,-0.10460405153372529,-0.22286834685920648,0.515400410677618,0.4651639344262295,0.49028217255192375,0.9805643451038475,1.961128690207695,0.0019611286902076947,-0.22482947554941418,0.0029416930353115428,-0.22581003989451803,0.0049028217255192375,-0.2277711685847257
ridge,2026-06,2026-07,-0.2940604137355327,-0.1664314027844574,-0.1221870493325944,-0.09677147657439673,-0.07485014876327402,-0.06023644501321214,-0.04321831134209556,-0.029395214985186373,-0.03312233031475794,-0.06855183386296052,0.2255085798725722,0.505091649694501,0.5,0.5025458248472505,1.005091649694501,2.010183299389002,0.002010183299389002,0.22349839657318318,0.0030152749490835033,0.2224933049234887,0.005025458248472505,0.2204831216240997
ridge_cto_family,2013-01,2013-02,0.0510773286010969,0.027107301219632035,0.0433858520082113,0.029859057578419328,0.040150872102341466,0.037165189190832414,0.03932473483148935,0.037101324546599763,0.03359632689002846,0.029511953736556667,-0.021565374864540233,,,,,,,,,,,
ridge_cto_family,2013-02,2013-03,-0.032342985232653304,-0.029132332087164734,-0.026567607782272865,-0.03116935850771679,-0.041324625285652804,-0.03666559412222075,-0.03136609628694449,-0.042820138504245174,-0.048940777508175604,-0.04972882953004069,-0.017385844297387383,0.7692307692307692,0.8513513513513513,0.8102910602910602,1.6205821205821205,3.241164241164241,0.0032411642411642413,-0.020627008538551626,0.004861746361746361,-0.022247590659133745,0.008102910602910601,-0.025488754900297984
ridge_cto_family,2013-03,2013-04,-0.036389871726815584,-0.020829953772629757,-0.03745939543660649,-0.0380980211919209,-0.027018919782572957,-0.02818347574403124,-0.030118704598552037,-0.02764872249103648,-0.027600709677895192,-0.01977343382636842,0.016616437900447163,0.8169642857142857,0.9066666666666666,0.8618154761904762,1.7236309523809523,3.4472619047619046,0.003447261904761905,0.013169175995685258,0.005170892857142857,0.011445545043304306,0.008618154761904763,0.0079982831385424
ridge_cto_family,2013-04,2013-05,0.13939382955312007,0.1591189268417973,0.16014509877819427,0.14422472713596035,0.13854134501087642,0.12197897703539078,0.14176994301741727,0.13787649350696252,0.14403467834599776,0.149326758913278,0.009932929360157938,0.8053097345132744,0.9383259911894273,0.8718178628513509,1.7436357257027018,3.4872714514054035,0.003487271451405404,0.006445657908752534,0.005230907177108105,0.004702022183049833,0.008718178628513509,0.0012147507316444296
ridge_cto_family,2013-05,2013-06,-0.09896066647146302,-0.138297988821576,-0.14785524692982818,-0.14592556066743909,-0.16763267586309014,-0.16336781713522758,-0.1630634888553142,-0.17284072674263368,-0.17335653233529677,-0.17894783217388596,-0.07998716570242294,0.8,0.9090909090909091,0.8545454545454545,1.709090909090909,3.418181818181818,0.003418181818181818,-0.08340534752060476,0.005127272727272727,-0.08511443842969567,0.008545454545454545,-0.08853262024787749
ridge_cto_family,2013-06,2013-07,0.10383627517812453,0.07594347373553081,0.07171944474780483,0.07129091417552393,0.08263497710828946,0.07860489289366959,0.060232074044000945,0.04966815990476555,0.055196055890523454,0.06325571267795485,-0.040580562500169684,0.6869565217391305,0.8225108225108225,0.7547336721249764,1.5094673442499529,3.0189346884999058,0.0030189346884999056,-0.04359949718866959,0.004528402032749859,-0.04510896453291954,0.007547336721249765,-0.04812789922141945
ridge_cto_family,2013-07,2013-08,0.0478222970995521,0.04626100104892517,0.06984729876329443,0.06844367784073575,0.08495874212415712,0.08536791651814896,0.11061739142968262,0.10732052953940585,0.10803949216154836,0.11495899836939044,0.06713670126983834,0.7253218884120172,0.9399141630901288,0.8326180257510729,1.6652360515021458,3.3304721030042916,0.0033304721030042914,0.06380622916683405,0.004995708154506438,0.0621409931153319,0.00832618025751073,0.05881052101232761
ridge_cto_family,2013-08,2013-09,0.055574390359849804,0.03260058056233779,0.048593537786582014,0.050977452964760465,0.051967457013068964,0.049126031975065335,0.06805286904073461,0.0667872179042085,0.06007616260574054,0.06461428733718842,0.009039896977338618,0.8461538461538461,0.9531914893617022,0.8996726677577742,1.7993453355155484,3.598690671031097,0.003598690671031097,0.0054412063063075215,0.005398036006546645,0.003641860970791973,0.008996726677577742,4.3170299760876205e-05
ridge_cto_family,2013-09,2013-10,-0.09213819170504563,-0.04920009392825031,-0.030094642722019588,-0.025165680026496683,-0.008912473236144148,-0.009845896834610388,-0.007521875533487329,-0.007394935060504468,-0.016695209828483524,-0.00890869896683854,0.0832294927382071,0.7863247863247863,0.8851063829787233,0.8357155846517548,1.6714311693035095,3.342862338607019,0.0033428623386070194,0.07988663039960008,0.005014293507910528,0.07821519923029657,0.008357155846517547,0.07487233689168955
ridge_cto_family,2013-10,2013-11,0.07972403336146125,0.07252774736834552,0.08632961324988961,0.08119855661455708,0.08730989155640402,0.07948525302991831,0.07319028185485042,0.08964826557617421,0.09326814342347352,0.12330910644474179,0.04358507308328054,0.8893617021276596,0.9533898305084746,0.9213757663180671,1.8427515326361341,3.6855030652722682,0.003685503065272268,0.03989957001800827,0.005528254597908402,0.03805681848537214,0.009213757663180671,0.034371315420099864
ridge_cto_family,2013-11,2013-12,-0.06792218974040201,-0.03764281283870312,-0.03012113494033863,-0.029697393872034232,-0.021043527690769635,-0.02310659352299331,-0.023010125116033956,-0.02889239176052933,-0.03730099430134106,-0.03099549450438195,0.03692669523602006,0.7863247863247863,0.9531914893617022,0.8697581378432442,1.7395162756864884,3.4790325513729767,0.0034790325513729767,0.033447662684647085,0.005218548827059465,0.031708146408960594,0.008697581378432441,0.02822911385758762
ridge_cto_family,2013-12,2014-01,0.07762449906489456,0.05173176488805685,0.04728147280575684,0.028008507906907214,0.008623921968935822,0.008859876981909393,-0.014478377722513657,-0.012439100988937773,0.0034493996164007695,0.0019002883037018965,-0.07572421076119266,0.8,0.8516949152542372,0.8258474576271186,1.6516949152542373,3.3033898305084746,0.003303389830508475,-0.07902760059170114,0.004955084745762712,-0.08067929550695538,0.008258474576271185,-0.08398268533746385
ridge_cto_family,2014-01,2014-02,0.0047738481418305905,0.03055312950945301,0.03216966542197133,0.049873508655480674,0.04793772863534539,0.049906589573737635,0.038070966500388936,0.03593708733054664,0.029375620302718973,0.0234256298615037,0.018651781719673112,0.7872340425531915,0.8425531914893617,0.8148936170212766,1.6297872340425532,3.2595744680851064,0.003259574468085106,0.015392207251588005,0.00488936170212766,0.013762420017545452,0.008148936170212766,0.010502845549460346
ridge_cto_family,2014-02,2014-03,-0.07384402244996993,-0.05051438763518261,-0.0386914761839747,-0.012684797728203079,-0.013253436237193226,-0.012037571352774624,-0.003940228313921798,0.0006277559972914995,-0.025093948589773284,-0.03241327173763499,0.04143075071233494,0.875,0.9227467811158798,0.8988733905579399,1.7977467811158798,3.5954935622317596,0.00359549356223176,0.037835257150103184,0.00539324034334764,0.0360375103689873,0.008988733905579398,0.03244201680675554
ridge_cto_family,2014-03,2014-04,-0.0221351721726602,-0.007920105855506156,-0.01387179971351164,-0.012593148607258669,-0.01294174379788832,-0.020369377561112654,-0.011332888444803055,-0.013236570333259047,-0.013679573809298065,-0.00885075252325331,0.01328441964940689,0.9145299145299145,0.8468085106382979,0.8806692125841062,1.7613384251682125,3.522676850336425,0.0035226768503364247,0.009761742799070465,0.005284015275504638,0.008000404373902252,0.008806692125841063,0.004477727523565827
ridge_cto_family,2014-04,2014-05,0.020000901942816184,0.03635383659929911,0.03260815239677908,0.02475206124939807,0.03257374927141749,0.027822587097710454,0.028103405731540278,0.021433550661639295,0.02864442575604534,0.031372510371969003,0.01137160842915282,0.8189655172413793,0.927038626609442,0.8730020719254107,1.7460041438508214,3.4920082877016427,0.0034920082877016425,0.007879600141451178,0.005238012431552464,0.006133595997600355,0.008730020719254107,0.002641587709898712
ridge_cto_family,2014-05,2014-06,0.050938952078697836,0.04690678526657309,0.04805889049415355,0.056932390856835435,0.057062607996068215,0.05155694335881274,0.03470092334506691,0.03174874524708446,0.04164592366546117,0.048511195467579454,-0.0024277566111183813,0.7982456140350878,0.8995633187772926,0.8489044664061902,1.6978089328123804,3.395617865624761,0.0033956178656247608,-0.0058233744767431424,0.005093426798437142,-0.007521183409555523,0.008489044664061902,-0.010916801275180283
ridge_cto_family,2014-06,2014-07,0.027703166953374204,0.04731309188767552,0.05408582331183075,0.07797222069245179,0.07082235531864524,0.08150259537385483,0.09802217633419828,0.10545498092827582,0.10546527884480553,0.08899740763517038,0.061294240681796175,0.759825327510917,0.8956521739130435,0.8277387507119802,1.6554775014239604,3.310955002847921,0.0033109550028479207,0.057983285678948254,0.004966432504271882,0.056327808177524294,0.008277387507119802,0.05301685317467637
ridge_cto_family,2014-07,2014-08,0.0189526920170041,0.03639526751734109,0.05515515110222948,0.047519865639615834,0.0597916442853143,0.06672934554433063,0.05358548525006536,0.06188619737307849,0.07701171680522104,0.06864334025420095,0.04969064823719685,0.8777292576419214,0.9565217391304348,0.9171254983861781,1.8342509967723561,3.6685019935447123,0.0036685019935447124,0.04602214624365214,0.0055027529903170684,0.04418789524687978,0.00917125498386178,0.04051939325333507
ridge_cto_family,2014-08,2014-09,0.13537452950117945,0.13207251862700137,0.1380509324221049,0.1471261990910656,0.14316002319028176,0.14052471141959305,0.13972936383945977,0.14139195781494707,0.12685350672834678,0.101726697783998,-0.033647831717181456,0.8995633187772926,0.9304347826086956,0.9149990506929941,1.8299981013859883,3.6599962027719766,0.0036599962027719767,-0.037307827919953435,0.005489994304157965,-0.039137826021339424,0.009149990506929941,-0.042797822224111395
ridge_cto_family,2014-09,2014-10,0.008983187944405755,0.01008518955622891,0.015411749337749539,0.012014116122327438,0.022744999322757694,0.018455369842505665,0.01809348601856716,0.013295206252032208,0.020372912464476176,0.0032988019096599555,-0.0056843860347458,0.8471615720524017,0.8130434782608695,0.8301025251566356,1.6602050503132713,3.3204101006265425,0.0033204101006265425,-0.009004796135372342,0.0049806151509398135,-0.010665001185685613,0.008301025251566356,-0.013985411286312156
ridge_cto_family,2014-10,2014-11,0.07017510867936483,0.05162161209511864,0.05586796360653067,0.07842367555541009,0.05764812857531972,0.06199489374873288,0.05568615424830963,0.04863837833258312,0.055274490933457994,0.044242457805195506,-0.025932650874169322,0.8716814159292036,0.8634361233480177,0.8675587696386107,1.7351175392772213,3.4702350785544427,0.0034702350785544424,-0.029402885952723765,0.005205352617831664,-0.031138003492000986,0.008675587696386107,-0.03460823857055543
ridge_cto_family,2014-11,2014-12,0.013349109182317926,-0.005815870712696485,-0.013614454272702694,-0.015081805517490356,-0.022047192484204354,-0.022124800148109223,-0.055757418365923905,-0.03753073464800369,-0.06672593174548487,-0.06247248194399723,-0.07582159112631516,0.831858407079646,0.8810572687224669,0.8564578379010565,1.712915675802113,3.425831351604226,0.0034258313516042256,-0.07924742247791938,0.005138747027406339,-0.0809603381537215,0.008564578379010564,-0.08438616950532572
ridge_cto_family,2014-12,2015-01,-0.02432781058726047,0.03009298697018169,0.04774838519707604,0.06456914792781945,0.08238280908441939,0.08633186975077396,0.09119554183085492,0.10405658546254294,0.11106082136063082,0.1314101515958828,0.15573796218314326,0.7719298245614035,0.9082969432314411,0.8401133838964223,1.6802267677928446,3.3604535355856893,0.0033604535355856897,0.15237750864755756,0.005040680303378534,0.15069728187976472,0.008401133838964223,0.14733682834417905
ridge_cto_family,2015-01,2015-02,0.11667276152241934,0.09229739241895982,0.09311664316778981,0.07505434544520936,0.07689935021389763,0.06587357704342967,0.06606733913756728,0.061731930797982344,0.05048064824311347,0.05507508704520106,-0.061597674477218284,0.9173913043478261,0.987012987012987,0.9522021456804066,1.9044042913608132,3.8088085827216265,0.003808808582721626,-0.06540648305993992,0.00571321287408244,-0.06731088735130072,0.009522021456804065,-0.07111969593402234
ridge_cto_family,2015-02,2015-03,0.23365145431948817,0.2506371104044429,0.24466768382238452,0.22343433753081404,0.22864460122512706,0.22778506201407767,0.21436916485315113,0.22737530592033656,0.21521055345175102,0.19070123024719615,-0.042950224072292015,0.6929824561403508,0.9039301310043668,0.7984562935723588,1.5969125871447176,3.1938251742894352,0.0031938251742894353,-0.04614404924658145,0.0047907377614341525,-0.04774096183372617,0.007984562935723588,-0.050934787008015604
ridge_cto_family,2015-03,2015-04,0.1337760304639254,0.1648943421415952,0.16510519213154032,0.16518896270318825,0.16695766602473205,0.1667101958692692,0.18059226702613837,0.15193981614917915,0.1790181902188866,0.16832257078371954,0.03454654031979415,0.8165938864628821,0.8782608695652174,0.8474273780140498,1.6948547560280995,3.389709512056199,0.0033897095120561994,0.03115683080773795,0.0050845642680842984,0.029461976051709853,0.008474273780140497,0.026072266539653652
ridge_cto_family,2015-04,2015-05,0.20972632927238116,0.262382194135557,0.19899043402943367,0.2263372004750129,0.22122097074379612,0.23576999285957964,0.21423866804743766,0.22005312788767437,0.23418480349463394,0.26899255304214564,0.05926622376976448,0.8640350877192983,0.9257641921397379,0.8948996399295182,1.7897992798590363,3.5795985597180726,0.0035795985597180725,0.05568662521004641,0.005369397839577109,0.053896825930187374,0.008948996399295181,0.0503172273704693
ridge_cto_family,2015-05,2015-06,-0.190446127271378,-0.1657559332115082,-0.13503726346385592,-0.1314646386604799,-0.10783309765884991,-0.0785776847834455,-0.07437720383322138,-0.051130084289485386,-0.026161592462359908,-0.039208833959100006,0.15123729331227798,0.8789237668161435,0.90625,0.8925868834080717,1.7851737668161434,3.5703475336322867,0.0035703475336322866,0.1476669457786457,0.00535552130044843,0.14588177201182956,0.008925868834080718,0.14231142447819725
ridge_cto_family,2015-06,2015-07,-0.21603294375126575,-0.2186724327588974,-0.21210492070052575,-0.199134701279864,-0.1866592601978126,-0.18222540602880002,-0.16390153092805781,-0.14437391541492445,-0.15015441030768403,-0.1264889938852251,0.08954394986604064,0.9457013574660633,0.9459459459459459,0.9458236517060046,1.8916473034120092,3.7832946068240183,0.003783294606824018,0.08576065525921663,0.005674941910236028,0.08386900795580461,0.009458236517060046,0.0800857133489806
ridge_cto_family,2015-07,2015-08,-0.13244170926627596,-0.15639076634218615,-0.13893427534688008,-0.14843401991212665,-0.13955956889017623,-0.13022462261946727,-0.13091501850539763,-0.12793232093962742,-0.10473398607757997,-0.12178402376543487,0.010657685500841091,0.8349056603773585,0.8732394366197183,0.8540725484985383,1.7081450969970766,3.4162901939941532,0.0034162901939941534,0.007241395306846938,0.00512443529099123,0.0055332502098498606,0.008540725484985382,0.0021169600158557084
ridge_cto_family,2015-08,2015-09,-0.06622132348571418,-0.06697579496262086,-0.023832545299307093,-0.017263995681614346,-0.0375851633982578,-0.02285721728448795,-0.026325327814410642,-0.013925805174539852,-0.015322732577543071,0.006576485279503425,0.0727978087652176,0.863849765258216,0.8878504672897196,0.8758501162739678,1.7517002325479356,3.503400465095871,0.0035034004650958714,0.06929440830012173,0.005255100697643807,0.0675427080675738,0.008758501162739678,0.06403930760247792
ridge_cto_family,2015-09,2015-10,0.2690300130501574,0.22528481314272544,0.2509740307951172,0.25242065251635,0.22647999836151558,0.2338742648783898,0.22625005831084438,0.2050642323060487,0.21949284270971375,0.22425909398366084,-0.04477091906649655,0.8262910798122065,0.9392523364485982,0.8827717081304023,1.7655434162608046,3.531086832521609,0.003531086832521609,-0.04830200589901816,0.005296630248782414,-0.050067549315278966,0.008827717081304023,-0.053598636147800575
ridge_cto_family,2015-10,2015-11,0.08613521518416165,0.14287335472198112,0.13020077689600654,0.1184679174379206,0.1147942514777231,0.08622984677513457,0.10556911901871356,0.07894644675260147,0.060909392949365614,0.05179543367772611,-0.03433978150643553,0.7945205479452055,0.9452054794520548,0.8698630136986302,1.7397260273972603,3.4794520547945207,0.0034794520547945205,-0.037819233561230056,0.005219178082191781,-0.03955895958862731,0.008698630136986301,-0.043038411643421835
ridge_cto_family,2015-11,2015-12,0.029716123833781447,0.034902790690131136,0.07646339686777436,0.0836504009561166,0.08147353548887168,0.08343924940966724,0.08844232674424851,0.06890877912264537,0.07322932839000698,0.062331184275443624,0.03261506044166218,0.8281938325991189,0.8201754385964912,0.8241846355978051,1.6483692711956102,3.2967385423912203,0.0032967385423912205,0.02931832189927096,0.0049451078135868305,0.02766995262807535,0.00824184635597805,0.02437321408568413
ridge_cto_family,2015-12,2016-01,-0.31868404575613907,-0.30479200580685034,-0.3026530002080946,-0.2929521088946452,-0.29265178825651145,-0.28674465942519206,-0.2892050726248438,-0.28785067655951835,-0.286123479118062,-0.2935066921187922,0.025177353637346855,0.8601694915254238,0.9409282700421941,0.9005488807838089,1.8010977615676178,3.6021955231352356,0.003602195523135236,0.02157515811421162,0.005403293284702853,0.019774060352644,0.009005488807838089,0.01617186482950877
ridge_cto_family,2016-01,2016-02,-0.03273932846160486,-0.014789986824038004,-0.026586694269190116,-0.03298602306822585,-0.016910777813922213,-0.008116084550369248,-0.011843186094156584,-0.020904422184780825,-0.00730371653370299,-0.002101020455180608,0.03063830800642425,0.8661087866108786,0.9375,0.9018043933054394,1.8036087866108788,3.6072175732217575,0.003607217573221757,0.027031090433202492,0.0054108263598326364,0.025227481646591613,0.009018043933054394,0.021620264073369855
ridge_cto_family,2016-02,2016-03,0.10630087546650416,0.1870132588014866,0.20934281589574913,0.20556303802506065,0.20178411944271532,0.20629180667060423,0.20615420978527307,0.19914787028790928,0.21024720599509605,0.21584291873937353,0.10954204327286937,0.8577405857740585,0.9166666666666666,0.8872036262203626,1.7744072524407253,3.5488145048814506,0.0035488145048814504,0.10599322876798792,0.005323221757322176,0.10421882151554719,0.008872036262203627,0.10067000701066575
ridge_cto_family,2016-03,2016-04,-0.022822819415662794,-0.014846308051557762,-0.01738414489565974,0.004476553815082641,-0.0007836629092362537,0.00811032201138785,-0.011149790775750018,-0.003060012737535056,-0.010592061810736093,0.0017003331066150066,0.0245231525222778,0.8934426229508197,0.926530612244898,0.9099866175978588,1.8199732351957176,3.6399464703914353,0.0036399464703914352,0.020883206051886365,0.005459919705587153,0.01906323281669065,0.009099866175978587,0.015423286346299213
ridge_cto_family,2016-04,2016-05,-0.028335006171020572,-0.03187725838942207,-0.026079777742950283,-0.018708839478903477,-0.002913545526631723,-0.006520944389279755,-0.009195695622282705,-0.009797361528931089,-0.008507508698959195,-0.012418988713984313,0.01591601745703626,0.8653061224489795,0.943089430894309,0.9041977766716442,1.8083955533432885,3.616791106686577,0.003616791106686577,0.012299226350349683,0.005425186660029865,0.010490830797006395,0.009041977766716442,0.006874039690319819
ridge_cto_family,2016-05,2016-06,0.062215060723285275,0.0842448240207811,0.06794368491770769,0.06507246153475571,0.057431335360919655,0.05077756861284581,0.04550427119364663,0.04874138175026157,0.049882657409766204,0.04464751776923472,-0.017567542954050552,0.8373983739837398,0.9433198380566802,0.8903591060202101,1.7807182120404201,3.5614364240808403,0.0035614364240808397,-0.021128979378131393,0.005342154636121261,-0.022909697590171814,0.008903591060202101,-0.026471134014252655
ridge_cto_family,2016-06,2016-07,-0.07383518082662008,-0.044719985968276615,-0.03100311736053328,-0.016639728324728757,-0.004574777052163888,0.004832383397600987,0.019717036025158976,0.028997209177172693,0.04149106385563744,0.022114118865020987,0.09594929969164107,0.832,0.9043824701195219,0.8681912350597609,1.7363824701195218,3.4727649402390437,0.003472764940239044,0.09247653475140202,0.005209147410358566,0.0907401522812825,0.00868191235059761,0.08726738734104346
ridge_cto_family,2016-07,2016-08,0.035854312275524054,0.040599015429222805,0.04318735533749166,0.05138818911282068,0.06159802646749066,0.055309472208007,0.05639144789747576,0.048282512472289256,0.04034756179642297,0.053481793822874955,0.0176274815473509,0.9251968503937008,0.9568627450980393,0.94102979774587,1.88205959549174,3.76411919098348,0.00376411919098348,0.01386336235636742,0.00564617878647522,0.011981302760875681,0.0094102979774587,0.0082171835698922
ridge_cto_family,2016-08,2016-09,-0.01448832631425389,-0.004288988890747076,0.0014956940913324287,0.0001395553179984753,-0.011024769236867966,0.0009431887889897817,-0.008124245895727758,-0.012161216854243604,-0.019063496726951852,-0.014970356588927668,-0.0004820302746737781,0.83984375,0.9066147859922179,0.8732292679961089,1.7464585359922178,3.4929170719844356,0.0034929170719844357,-0.003974947346658214,0.0052393756079766535,-0.005721405882650432,0.008732292679961088,-0.009214322954634866
ridge_cto_family,2016-09,2016-10,0.03135532519987141,0.02138467006499525,0.03365982832125119,0.03504100845899972,0.0334165266122653,0.03253998997004468,0.04021207567525085,0.03602782918111653,0.035763573330434895,0.04829545700957967,0.016940131809708263,0.8404669260700389,0.8682170542635659,0.8543419901668023,1.7086839803336047,3.4173679606672094,0.0034173679606672096,0.013522763849041053,0.005126051941000814,0.011814079868707448,0.008543419901668023,0.00839671190804024
ridge_cto_family,2016-10,2016-11,0.0067990902766038855,0.019605874935571817,0.03482731650813151,0.03814431313587745,0.03874208351230442,0.03882509628441297,0.038725220001667914,0.031230617944875666,0.01994457008551084,0.014271574298932693,0.007472484022328808,0.796875,0.933852140077821,0.8653635700389105,1.730727140077821,3.461454280155642,0.003461454280155642,0.004011029742173166,0.005192181420233463,0.0022803026020953446,0.008653635700389106,-0.001181151678060298
ridge_cto_family,2016-11,2016-12,-0.041237785814945006,-0.04904606449148096,-0.036289965597846224,-0.04249188983206012,-0.030824257573756685,-0.042355593469535345,-0.052185682559159854,-0.05429399988660576,-0.05678602978918608,-0.05868718089880221,-0.017449395083857205,0.8346153846153846,0.8538461538461538,0.8442307692307692,1.6884615384615385,3.376923076923077,0.003376923076923077,-0.02082631816078028,0.005065384615384616,-0.022514779699241823,0.008442307692307692,-0.0258917027761649
ridge_cto_family,2016-12,2017-01,-0.045879534949176216,-0.01833418528229568,-0.02014534466575861,-0.013131169695574669,-0.008968742548864017,-0.009041884387778898,-0.015141998066470751,-0.017964601957489123,-0.030421642623005736,-0.03987165233945757,0.00600788260971865,0.7816091954022988,0.8587786259541985,0.8201939106782486,1.6403878213564973,3.2807756427129946,0.0032807756427129945,0.002727106967005655,0.004921163464069492,0.0010867191456491575,0.008201939106782487,-0.002194056497063838
ridge_cto_family,2017-01,2017-02,0.03304395034647539,0.035048918325971505,0.038117955601246076,0.041925860390337,0.042280447786732865,0.035119553455345794,0.041272942335295576,0.042395415032838474,0.04372581772690927,0.045188828664450516,0.012144878317975123,0.8045977011494253,0.8587786259541985,0.8316881635518119,1.6633763271036237,3.3267526542072474,0.0033267526542072475,0.008818125663767875,0.004990128981310871,0.007154749336664252,0.008316881635518117,0.003827996682457006
ridge_cto_family,2017-02,2017-03,-0.03287953132271938,-0.023426958051764965,-0.018079611576162478,-0.019448380039147305,-0.02279063312754971,-0.013844266229152698,-0.02367247294274038,-0.022795916022572266,-0.017650842489507015,-0.016628304487582818,0.016251226835136565,0.7884615384615384,0.9272030651340997,0.8578323017978191,1.7156646035956382,3.4313292071912764,0.003431329207191276,0.012819897627945288,0.005146993810786915,0.011104233024349649,0.00857832301797819,0.007672903817158374
ridge_cto_family,2017-03,2017-04,-0.04874594286476752,-0.04920430552814037,-0.05272655727884602,-0.044931981263000804,-0.05007166016975531,-0.046031770552073144,-0.06137247294397753,-0.06459194574681726,-0.07542131308759172,-0.0731054312616882,-0.024359488396920675,0.8403041825095057,0.9128787878787878,0.8765914851941468,1.7531829703882935,3.506365940776587,0.003506365940776587,-0.02786585433769726,0.005259548911164881,-0.029619037308085558,0.008765914851941467,-0.033125403248862144
ridge_cto_family,2017-04,2017-05,-0.06792597605965536,-0.044584509617878854,-0.05259446804625308,-0.05615539695450122,-0.06239867288120284,-0.07704389593281898,-0.07126115821568191,-0.07918970525414999,-0.07737069521242901,-0.08931515998037166,-0.0213891839207163,0.7490494296577948,0.8825757575757576,0.8158125936167762,1.6316251872335523,3.2632503744671046,0.003263250374467105,-0.024652434295183406,0.004894875561700657,-0.02628405948241696,0.008158125936167762,-0.029547309856884064
ridge_cto_family,2017-05,2017-06,0.007423971233300777,0.03107311497941312,0.035890532235630504,0.03680651199983004,0.046044813330414665,0.05031179150014037,0.04244564672926175,0.055053953521660905,0.0602381721923551,0.07353375581924991,0.06610978458594913,0.7624521072796935,0.8206106870229007,0.7915313971512972,1.5830627943025943,3.1661255886051887,0.0031661255886051886,0.06294365899734394,0.004749188382907782,0.061360596203041344,0.007915313971512971,0.05819447061443615
ridge_cto_family,2017-06,2017-07,0.01926489416246829,0.012571181771313472,0.026958058278139352,0.020474047729306024,0.003093381336824256,0.007781485244113549,0.006854394522353389,-0.0037157005195476395,-0.012415105115338906,-0.03225137174662037,-0.05151626590908866,0.8549618320610687,0.9543726235741445,0.9046672278176067,1.8093344556352133,3.6186689112704267,0.0036186689112704265,-0.05513493482035908,0.00542800336690564,-0.056944269275994296,0.009046672278176066,-0.06056293818726472
ridge_cto_family,2017-07,2017-08,0.006946010756671297,0.012046836850139202,0.024956908249973174,0.0264702736391944,0.030148621812204856,0.032419250866956247,0.03607723395831479,0.0500450741247892,0.04803502609989715,0.056104835750105136,0.04915882499343384,0.7878787878787878,0.8113207547169812,0.7995997712978845,1.599199542595769,3.198399085191538,0.003198399085191538,0.0459604259082423,0.004797598627787307,0.04436122636564653,0.007995997712978846,0.04116282728045499
ridge_cto_family,2017-08,2017-09,0.005290161553448764,0.014347600198731726,0.020061747320756423,0.016816742182298856,0.024509557689776106,0.021278568901532242,0.01501739364760659,0.01717910199304663,0.013820896043589373,0.016417308058826314,0.01112714650537755,0.7790262172284644,0.9253731343283582,0.8521996757784114,1.7043993515568228,3.4087987031136455,0.0034087987031136456,0.007718347802263904,0.005113198054670468,0.006013948450707082,0.008521996757784114,0.002605149747593436
ridge_cto_family,2017-09,2017-10,-0.05936172566165931,-0.04223572468138013,-0.026627434588573945,-0.021273841900885816,-0.006284930556478065,-0.01434845427667819,-0.007732937371465916,-0.008326565237440551,-0.008036155666232144,-0.009252133785806357,0.050109591875852955,0.7977941176470589,0.9047619047619048,0.8512780112044818,1.7025560224089635,3.405112044817927,0.0034051120448179268,0.046704479831035026,0.005107668067226891,0.04500192380862606,0.008512780112044819,0.04159681176380814
ridge_cto_family,2017-10,2017-11,-0.0820920766873784,-0.0682772432521601,-0.059176905061918784,-0.057747480621329235,-0.05108568649340423,-0.06289422018025521,-0.062187938948850954,-0.061144446967513776,-0.06945839492664468,-0.06608095367360244,0.01601112301377597,0.8686131386861313,0.9418181818181818,0.9052156602521566,1.8104313205043132,3.6208626410086264,0.0036208626410086267,0.012390260372767341,0.00543129396151294,0.01057982905226303,0.009052156602521566,0.0069589664112544025
ridge_cto_family,2017-11,2017-12,-0.031357415328741,-0.0161803851795199,-0.009385078267675068,-0.017290261053288486,-0.011973089822424938,-0.014002177232190827,-0.01446737968115788,-0.020265332403572107,-0.015014488254838306,-0.02023598038684693,0.01112143494189407,0.8321428571428572,0.8896797153024911,0.8609112862226742,1.7218225724453484,3.443645144890697,0.0034436451448906966,0.007677789797003372,0.005165467717336046,0.005955967224558024,0.008609112862226742,0.0025123220796673274
ridge_cto_family,2017-12,2018-01,-0.050681003157991816,-0.034610246362701616,-0.03454596644507922,-0.01619451812509188,-0.022331759778554172,-0.019680967426325892,-0.01420677106436206,-0.020272350653955,-0.012361017338497935,-0.016570547175026058,0.03411045598296576,0.7765957446808511,0.88339222614841,0.8299939854146305,1.659987970829261,3.319975941658522,0.003319975941658522,0.03079048004130724,0.004979963912487784,0.02913049207047798,0.008299939854146305,0.025810516128819457
ridge_cto_family,2018-01,2018-02,-0.0491566193099152,-0.04295779526754132,-0.053611911501452156,-0.051218810392187925,-0.04856340452624746,-0.060321915538016434,-0.049951126811635306,-0.04365896684078333,-0.0316813232080905,-0.024835160842388185,0.024321458467527018,0.8958333333333334,0.9204152249134948,0.9081242791234141,1.8162485582468282,3.6324971164936564,0.0036324971164936565,0.02068896135103336,0.0054487456747404845,0.018872712792786534,0.00908124279123414,0.015240215676292877
ridge_cto_family,2018-02,2018-03,0.043945331163737944,0.050439048687345,0.04155594360326844,0.05593085724858045,0.042062810053095576,0.0503087640781782,0.04354878142053097,0.04364347063928899,0.03977164976247956,0.0495295586329121,0.005584227469174155,0.8035087719298246,0.9090909090909091,0.8562998405103668,1.7125996810207336,3.425199362041467,0.0034251993620414674,0.0021590281071326876,0.005137799043062201,0.00044642842611195433,0.008562998405103666,-0.0029787709359295114
ridge_cto_family,2018-03,2018-04,-0.06310579656854086,-0.04159042147795827,-0.03601123568266701,-0.03822795983228222,-0.04452978373784122,-0.03728329351236374,-0.04073356054567841,-0.040326641356003945,-0.03380511207099701,-0.03188078417807225,0.031225012390468612,0.8517241379310345,0.8865979381443299,0.8691610380376822,1.7383220760753644,3.4766441521507288,0.0034766441521507287,0.027748368238317882,0.005214966228226093,0.02601004616224252,0.008691610380376823,0.02253340201009179
ridge_cto_family,2018-04,2018-05,-0.0270921991188877,-0.03129007379562199,-0.0071945288887526,0.0048185263362390774,-0.005086651459735165,0.0027763546048412712,-0.00993006811171426,-0.0057303306949159,0.0032151232672476796,-0.017076282944780294,0.010015916174107405,0.8027210884353742,0.9084745762711864,0.8555978323532802,1.7111956647065605,3.422391329413121,0.003422391329413121,0.006593524844694285,0.005133586994119681,0.004882329179987724,0.008555978323532804,0.0014599378505746018
ridge_cto_family,2018-05,2018-06,-0.12657922728818902,-0.10942997831796168,-0.1066684989324655,-0.11525815000766165,-0.10524907573683699,-0.10297182250206376,-0.09631807491365259,-0.10277463075987324,-0.10118156473771865,-0.10325934717669417,0.023319880111494842,0.8073089700996677,0.8571428571428572,0.8322259136212624,1.6644518272425248,3.3289036544850497,0.0033289036544850497,0.01999097645700979,0.004993355481727575,0.018326524629767266,0.008322259136212623,0.01499762097528222
ridge_cto_family,2018-06,2018-07,-0.03451283358045556,0.003428043243756546,0.0001794809011967253,0.008306781303479858,0.0018712804934603432,0.007027202126720133,0.017833634157839572,0.023800965019786104,0.02443076844306169,0.01550781530668188,0.05002064888713744,0.8327868852459016,0.9052287581699346,0.8690078217079181,1.7380156434158363,3.4760312868316725,0.003476031286831672,0.04654461760030577,0.005214046930247509,0.04480660195688993,0.008690078217079181,0.041330570670058256
ridge_cto_family,2018-07,2018-08,-0.10223322093635155,-0.07801533634823066,-0.07119137821928256,-0.0715165627573914,-0.06305663962671089,-0.06818697924136104,-0.07593571797659726,-0.07468170556304073,-0.07713973913481167,-0.10072660141500514,0.0015066195213464112,0.8317152103559871,0.8935483870967742,0.8626317987263806,1.7252635974527613,3.4505271949055225,0.003450527194905523,-0.0019439076735591116,0.005175790792358284,-0.0036691712710118724,0.008626317987263807,-0.007119698465917396
ridge_cto_family,2018-08,2018-09,-0.012931188804345637,-0.0033746146992552125,-0.011628208439759211,0.0030916840722167134,-0.0015398613499435143,0.0016843149344515716,0.002801912166260065,-0.0030776280046646647,-0.004279206030888879,0.011856277552032083,0.02478746635637772,0.7823343848580442,0.7861635220125787,0.7842489534353114,1.5684979068706228,3.1369958137412457,0.003136995813741246,0.021650470542636475,0.004705493720611869,0.020081972635765853,0.007842489534353115,0.016944976822024605
ridge_cto_family,2018-09,2018-10,-0.11399960286054575,-0.10395151523565262,-0.10025229511790265,-0.08902716714512687,-0.0771556758569754,-0.09287268052822285,-0.0849479346876084,-0.08664250049771104,-0.09799880627909664,-0.09314859471395652,0.02085100814658923,0.7956656346749226,0.8672839506172839,0.8314747926461032,1.6629495852922065,3.325899170584413,0.003325899170584413,0.017525108976004816,0.00498884875587662,0.015862159390712612,0.008314747926461032,0.012536260220128199
ridge_cto_family,2018-10,2018-11,0.025789158202661727,0.04179070197315406,0.058330900516849235,0.05233830314863775,0.05649862438669072,0.07289457554215525,0.06527521860957286,0.06501428376564865,0.07715205194213802,0.07674988527360246,0.05096072707094074,0.7920489296636086,0.9024390243902439,0.8472439770269262,1.6944879540538524,3.388975908107705,0.0033889759081077047,0.047571751162833034,0.005083463862161557,0.045877263208779176,0.008472439770269263,0.04248828730067147
ridge_cto_family,2018-11,2018-12,-0.05802644439722862,-0.054561525816599184,-0.04803525717188127,-0.040349405235010544,-0.0415047288550495,-0.03823537628467749,-0.040655183022237876,-0.03964609384006294,-0.03735463132016457,-0.022894302504024525,0.0351321418932041,0.8502994011976048,0.9161676646706587,0.8832335329341318,1.7664670658682635,3.532934131736527,0.003532934131736527,0.031599207761467574,0.005299401197604791,0.02983274069559931,0.008832335329341318,0.02629980656386278
ridge_cto_family,2018-12,2019-01,-0.08280846094581766,-0.025262918386850592,-0.024986677890401012,-0.023474323556009882,-0.0069420153475478995,-0.003644415816219212,-0.012339025312615291,-0.005452073776498949,-0.0037260873549450147,-0.015663186004301083,0.06714527494151658,0.7380952380952381,0.9080118694362018,0.82305355376572,1.64610710753144,3.29221421506288,0.00329221421506288,0.06385306072645369,0.00493832132259432,0.062206953618922256,0.008230535537657199,0.05891473940385938
ridge_cto_family,2019-01,2019-02,0.25318051961842303,0.23393200443376985,0.22855090639950107,0.21769952573509702,0.20842113403361445,0.19774225779106794,0.21245028103826255,0.21420338310185008,0.23043569923538354,0.2539381708561701,0.0007576512377470701,0.8017751479289941,0.911504424778761,0.8566397863538775,1.713279572707755,3.42655914541551,0.00342655914541551,-0.00266890790766844,0.005139838718123265,-0.004382187480376195,0.008566397863538775,-0.007808746625791705
ridge_cto_family,2019-02,2019-03,0.10434711290329764,0.10641508025516874,0.11199102954427298,0.10119798489627996,0.12235326395341466,0.10891803341215749,0.10545997413621164,0.11044121573225282,0.09691165356890566,0.0917261079165502,-0.012621004986747439,0.7735294117647059,0.9382352941176471,0.8558823529411765,1.711764705882353,3.423529411764706,0.003423529411764706,-0.016044534398512146,0.005135294117647059,-0.017756299104394496,0.008558823529411765,-0.021179828516159203
ridge_cto_family,2019-03,2019-04,-0.0749821719866687,-0.05252401743331779,-0.046107942701991166,-0.03649132906497109,-0.05185346934991636,-0.022471868835457258,-0.03165559923109989,-0.014186617079570828,-0.031450901898922606,-0.015508114055361103,0.059474057931307604,0.718475073313783,0.7653958944281525,0.7419354838709677,1.4838709677419355,2.967741935483871,0.0029677419354838712,0.05650631599582373,0.004451612903225806,0.0550224450280818,0.007419354838709677,0.05205470309259793
ridge_cto_family,2019-04,2019-05,-0.09305776672244959,-0.054675858081840334,-0.061432242945340686,-0.054233483866810435,-0.046557772016290064,-0.03555211044186113,-0.040661698623790286,-0.031845869984439064,-0.04831781540046537,-0.02986173716807844,0.06319602955437115,0.8216374269005848,0.9212827988338192,0.871460112867202,1.742920225734404,3.485840451468808,0.003485840451468808,0.059710189102902336,0.005228760677203212,0.05796726887716794,0.008714601128672022,0.05448142842569913
ridge_cto_family,2019-05,2019-06,-0.032559639211713336,0.015017067811415864,0.010616470243370583,0.01533002906426806,0.01895479832344659,0.016918607228190302,0.01625199462265712,0.009153866256053526,0.012790391693668197,0.0144551873652831,0.04701482657699643,0.8249258160237389,0.8757396449704142,0.8503327304970766,1.7006654609941532,3.4013309219883063,0.003401330921988306,0.043613495655008126,0.00510199638298246,0.04191283019401397,0.008503327304970765,0.03851149927202567
ridge_cto_family,2019-06,2019-07,-0.049619671422813906,-0.02253380541051072,-0.01653847905970761,-0.00991747150227802,-0.009723926500286906,-0.009401790192846224,-0.009132523749381071,-0.009400476406101966,-0.016204420177971936,-0.00794343175134954,0.04167623967146437,0.7840236686390533,0.8525073746312685,0.8182655216351609,1.6365310432703217,3.2730620865406435,0.0032730620865406438,0.038403177584923724,0.004909593129810965,0.0367666465416534,0.008182655216351609,0.03349358445511276
ridge_cto_family,2019-07,2019-08,-0.000581156705502037,-0.0015577853177082995,-0.006541112229476063,-0.007623962911342555,-0.012774035597636792,-0.02000621409366263,-0.02723773434087812,-0.0130597649784926,-0.014320575448827515,-0.012425278308672067,-0.01184412160317003,0.8224852071005917,0.855457227138643,0.8389712171196173,1.6779424342392346,3.3558848684784692,0.003355884868478469,-0.0152000064716485,0.005033827302717704,-0.016877948905887733,0.008389712171196172,-0.020233833774366203
ridge_cto_family,2019-08,2019-09,-0.009700261460503512,0.022894753038287332,0.028817520129653874,0.01466146667348124,0.013044602137498317,0.021606630537126234,0.008903977078732254,0.014892042833058752,0.017029744800850094,0.014108980811363981,0.023809242271867495,0.7404129793510325,0.8823529411764706,0.8113829602637515,1.622765920527503,3.245531841055006,0.0032455318410550054,0.02056371043081249,0.004868297761582509,0.018940944510284986,0.008113829602637514,0.015695412669229983
ridge_cto_family,2019-09,2019-10,-0.012746757029329751,0.0017221611310525538,-0.014045402019260064,0.0033384703063824702,0.0012572490099825916,0.0059880199638572,0.0019477780200530777,0.0017119458515953486,0.0037646118716832154,-0.0022256890898592683,0.010521067939470483,0.8053097345132744,0.9323529411764706,0.8688313378448724,1.7376626756897449,3.4753253513794897,0.0034753253513794893,0.007045742588090993,0.005212988027069235,0.005308079912401248,0.008688313378448725,0.0018327545610217575
ridge_cto_family,2019-10,2019-11,-0.047792450436029074,-0.019701955522614223,-0.022628038594403866,-0.022988012190692665,-0.013252596165486612,-0.022017036506148082,-0.009592096849398568,-0.024870154251304833,-0.019117460398364598,-0.019820662932113323,0.02797178750391575,0.7852941176470588,0.8768328445747801,0.8310634811109194,1.6621269622218389,3.3242539244436777,0.0033242539244436775,0.024647533579472074,0.0049863808866655165,0.022985406617250233,0.008310634811109194,0.019661152692806556
ridge_cto_family,2019-11,2019-12,0.09678680563498185,0.08750611256349002,0.08749399692154662,0.08648053161828438,0.06601971672545782,0.0757277714109963,0.0761198350631899,0.08079888748652188,0.08373098041617653,0.08378828698194732,-0.01299851865303453,0.7764705882352941,0.9149560117302052,0.8457132999827497,1.6914265999654994,3.3828531999309988,0.0033828531999309987,-0.01638137185296553,0.005074279799896498,-0.018072798452931027,0.008457132999827496,-0.021455651652862028
ridge_cto_family,2019-12,2020-01,0.037049172784227896,0.014572347502656909,0.005917186617597236,0.007345231203234683,0.003830079495683188,-0.0067668506624321695,-0.0015795675880349894,-0.010757136133883035,-0.0032749323199649473,0.00047718636782097024,-0.036571986416406924,0.6774193548387097,0.8859649122807017,0.7816921335597058,1.5633842671194116,3.126768534238823,0.003126768534238823,-0.039698754950645745,0.004690152801358235,-0.041262139217765156,0.007816921335597058,-0.04438890775200398
ridge_cto_family,2020-01,2020-02,0.048591215425020304,0.04005986777249289,0.021221811877384335,0.01918734161279602,0.004068978267610024,-0.009713903193015305,-0.016937692359543066,-0.02220939838740243,-0.03425475938968562,-0.030741326696386087,-0.07933254212140639,0.6695906432748537,0.8833819241982508,0.7764862837365523,1.5529725674731045,3.105945134946209,0.003105945134946209,-0.0824384872563526,0.004658917702419313,-0.0839914598238257,0.007764862837365522,-0.08709740495877191
ridge_cto_family,2020-02,2020-03,-0.11837241294587433,-0.08651535360431038,-0.0504958167302298,-0.02921803203459641,-0.030267097981129882,-0.01743576697205497,-0.008651146692015181,-0.01258327580156397,-0.007646332288407109,-0.016246173322372392,0.10212623962350194,0.7026239067055393,0.9069767441860466,0.8048003254457929,1.6096006508915859,3.2192013017831718,0.003219201301783172,0.09890703832171877,0.004828801952674757,0.09729743767082719,0.008048003254457928,0.09407823636904401
ridge_cto_family,2020-03,2020-04,-0.0061187011137563176,-0.0017154238313871976,0.005511783584782613,0.01115139569860028,0.02244717781750719,0.02613173052121976,0.023746219285020027,0.02850054412682506,0.04128833578449799,0.07836384980266485,0.08448255091642116,0.8691860465116279,0.9014492753623189,0.8853176609369734,1.7706353218739468,3.5412706437478936,0.003541270643747894,0.08094128027267328,0.005311905965621841,0.07917064495079933,0.008853176609369734,0.07562937430705143
ridge_cto_family,2020-04,2020-05,0.012665105956775781,0.004506223599186091,0.025275871356257387,0.034137738067843565,0.01327325725775454,0.026254661087002768,0.02351117465255469,0.015705064938678924,0.022774135529050003,0.024196987380191038,0.011531881423415257,0.7188405797101449,0.8930635838150289,0.8059520817625869,1.6119041635251738,3.2238083270503477,0.003223808327050348,0.008308073096364908,0.004835712490575521,0.006696168932839736,0.008059520817625869,0.003472360605789388
ridge_cto_family,2020-05,2020-06,0.06190190728944703,0.06889092148899477,0.07290202317172685,0.07681880220033147,0.06753990149129818,0.06483817220608035,0.05437428202184839,0.06019825241601066,0.07653547410139289,0.08854259605327502,0.026640688763827997,0.7441176470588236,0.8826979472140762,0.81340779713645,1.6268155942729,3.2536311885458,0.0032536311885458,0.023387057575282196,0.0048804467828187,0.021760241981009298,0.0081340779713645,0.018506610792463497
ridge_cto_family,2020-06,2020-07,0.13080155690934028,0.0982790294020211,0.13432103462529613,0.12792170463138416,0.16903904450645127,0.15889986574202647,0.16908271429144606,0.1316839607007775,0.13531911678201178,0.14662438485160606,0.015822827942265777,0.7478005865102639,0.9005847953216375,0.8241926909159507,1.6483853818319014,3.296770763663803,0.0032967707636638024,0.012526057178601974,0.004945156145495704,0.010877671796770072,0.008241926909159506,0.0075809010331062705
ridge_cto_family,2020-07,2020-08,-0.013023719992111141,0.025169647141929714,0.037459630422461226,0.03211114584627074,0.03638648559203254,0.0492458392422731,0.05198102501426107,0.0509329986774923,0.054503963517430636,0.03370972610898159,0.04673344610109273,0.7434402332361516,0.9040697674418605,0.8237550003390061,1.6475100006780121,3.2950200013560242,0.0032950200013560243,0.04343842609973671,0.004942530002034037,0.04179091609905869,0.00823755000339006,0.03849589609770267
ridge_cto_family,2020-08,2020-09,-0.05750349233175602,-0.07464397999923188,-0.06752349890909419,-0.06990327924615276,-0.06962832619254522,-0.07084605672329354,-0.06950155929741507,-0.06995469334612936,-0.07078064869205905,-0.06893762488277745,-0.01143413255102143,0.8372093023255813,0.808695652173913,0.8229524772497472,1.6459049544994944,3.2918099089989887,0.0032918099089989886,-0.014725942460020418,0.004937714863498484,-0.016371847414519913,0.00822952477249747,-0.0196636573235189
ridge_cto_family,2020-09,2020-10,0.05378123729079006,0.027305359204954666,0.00692006230618075,-0.00352525616342781,-0.01611093043824857,-0.014407952870855303,-0.00790005242216351,-0.005140584325915675,-0.005268271539096687,-0.01541208837689883,-0.06919332566768889,0.6956521739130435,0.8265895953757225,0.761120884644383,1.522241769288766,3.044483538577532,0.003044483538577532,-0.07223780920626642,0.004566725307866298,-0.07376005097555519,0.00761120884644383,-0.07680453451413272
ridge_cto_family,2020-10,2020-11,-0.026299468535970677,0.007106944684541345,0.03438900829073221,0.042215563434567165,0.03693901929017982,0.051190426917936446,0.05483313780763344,0.03836210526104142,0.03672044199746104,0.023916444826941156,0.05021591336291183,0.5751445086705202,0.7694524495677233,0.6722984791191218,1.3445969582382435,2.689193916476487,0.002689193916476487,0.04752671944643535,0.004033790874714731,0.0461821224881971,0.006722984791191217,0.043492928571720615
ridge_cto_family,2020-11,2020-12,0.0007484031597021799,-0.02156018995650678,-0.03338332510257123,-0.03867512168692406,-0.030422185811986253,-0.038229823151903396,-0.03841019477567759,-0.049866465256708466,-0.04881014393506977,-0.015402553638125422,-0.0161509567978276,0.7707736389684814,0.8285714285714285,0.799672533769955,1.59934506753991,3.19869013507982,0.00319869013507982,-0.01934964693290742,0.004798035202619729,-0.02094899200044733,0.00799672533769955,-0.02414768213552715
ridge_cto_family,2020-12,2021-01,-0.10879107191909666,-0.05639719349116641,-0.05369502934867877,-0.06078009965919117,-0.06038055335626087,-0.059466396724783786,-0.06141946716261486,-0.06990456694943521,-0.06990790134076245,-0.07320324143719582,0.03558783048190084,0.7073863636363636,0.8810198300283286,0.7942030968323461,1.5884061936646923,3.1768123873293845,0.0031768123873293845,0.032411018094571455,0.0047652185809940765,0.030822611900906762,0.007942030968323462,0.027645799513577377
ridge_cto_family,2021-01,2021-02,0.006036291455562559,0.01380849347274004,0.027891514468424354,0.0328363179903057,0.037721579161744165,0.04206647157757101,0.04076770896806018,0.03794745745184448,0.04349866154013234,0.050449028316512136,0.04441273686094958,0.7994350282485876,0.8253521126760563,0.812393570462322,1.624787140924644,3.249574281849288,0.0032495742818492877,0.04116316257910029,0.004874361422773931,0.03953837543817565,0.00812393570462322,0.03628880115632636
ridge_cto_family,2021-02,2021-03,-0.008324253927041812,0.00564242537117062,0.021750746076724538,0.01385133175094298,0.030603267735184757,0.03254088094317777,0.023562560431294333,0.017087065592692595,0.021301550543584156,-0.005551756372248991,0.0027724975547928207,0.797752808988764,0.9103641456582633,0.8540584773235136,1.7081169546470272,3.4162339092940543,0.003416233909294054,-0.0006437363545012333,0.005124350863941082,-0.002351853309148261,0.008540584773235136,-0.005768087218442315
ridge_cto_family,2021-03,2021-04,-0.034856369359819714,-0.00048425493592951194,0.00643637837104074,-0.0054851642870128135,0.013591884537443746,0.006027700287238144,0.015395007469371275,0.014544752194795745,0.025352083809207747,0.019843068496541917,0.05469943785636163,0.7346368715083799,0.8105849582172702,0.7726109148628251,1.5452218297256501,3.0904436594513003,0.0030904436594513,0.051608994196910334,0.0046356654891769504,0.05006377236718468,0.007726109148628251,0.04697332870773338
ridge_cto_family,2021-04,2021-05,0.10405002217053942,0.07195537815494282,0.06627070787510535,0.057755580996127556,0.057405498214270816,0.06098112049123951,0.05126633617934029,0.05062537440098933,0.03725216750894548,0.05179305891232275,-0.052256963258216674,0.7734806629834254,0.8705234159779615,0.8220020394806935,1.644004078961387,3.288008157922774,0.003288008157922774,-0.05554497141613945,0.004932012236884161,-0.05718897549510084,0.008220020394806935,-0.060476983653023605
ridge_cto_family,2021-05,2021-06,0.007466679146582006,0.034849725307729264,0.03654535215962063,0.0585788583635704,0.04012931520645844,0.021234737252503695,0.03582729008475285,0.01690968201808413,0.019396417564892375,0.015486873521436706,0.0080201943748547,0.7008310249307479,0.8729281767955801,0.786879600863164,1.573759201726328,3.147518403452656,0.003147518403452656,0.004872675971402045,0.004721277605178984,0.003298916769675717,0.00786879600863164,0.00015139836622306106
ridge_cto_family,2021-06,2021-07,0.043468985024004404,0.05390787043083887,0.03959580117330192,0.009899652908600648,0.0021756248535673944,-0.002144271587373169,-0.01850194041472431,-0.016127475431626,-0.02893373075484658,-0.04597973226074416,-0.08944871728474857,0.7021857923497268,0.8038147138964578,0.7530002531230923,1.5060005062461845,3.012001012492369,0.003012001012492369,-0.09246071829724094,0.004518001518738554,-0.09396671880348713,0.007530002531230923,-0.0969787198159795
ridge_cto_family,2021-07,2021-08,0.05020370909883859,0.062349258249744154,0.07031875951115603,0.06602126383704413,0.08480381753536341,0.07763031870942728,0.07043307211295038,0.07114262395111592,0.06172925373353429,0.060870486475638315,0.010666777376799726,0.6972972972972973,0.8032345013477089,0.7502658993225031,1.5005317986450062,3.0010635972900124,0.0030010635972900126,0.007665713779509713,0.004501595395935019,0.006165181980864707,0.007502658993225031,0.003164118383574695
ridge_cto_family,2021-08,2021-09,-0.07969360337306489,-0.03209874546180494,-0.02956963892105909,-0.008755708567807108,0.008906992818212838,0.003658088402758628,0.0036914055233323168,0.005221836207047834,0.0023896783135212833,-0.016870463435951222,0.06282313993711366,0.6710875331564987,0.8703703703703703,0.7707289517634346,1.5414579035268692,3.0829158070537384,0.0030829158070537384,0.05974022413005993,0.004624373710580608,0.058198766226533055,0.007707289517634347,0.05511585041947932
ridge_cto_family,2021-09,2021-10,-0.0413149995775698,-0.015085745700733715,-0.009836508454673064,-0.030181324840715423,-0.028882103823730524,-0.03093937769415854,-0.012031170487261378,-0.015821039259506092,-0.016678685077304658,-0.009504515925344474,0.03181048365222533,0.7963446475195822,0.84375,0.8200473237597912,1.6400946475195823,3.2801892950391647,0.0032801892950391647,0.028530294357186164,0.004920283942558747,0.026890199709666582,0.008200473237597912,0.023610010414627416
ridge_cto_family,2021-10,2021-11,0.06233332573546268,0.0972277731747,0.10506809415980706,0.09463720742629213,0.11426759276234089,0.09952380233765325,0.09540522845516673,0.08595887063987198,0.11311391349854935,0.13303815462268737,0.07070482888722468,0.7142857142857143,0.8549222797927462,0.7846039970392302,1.5692079940784605,3.138415988156921,0.003138415988156921,0.06756641289906776,0.004707623982235381,0.0659972049049893,0.007846039970392302,0.06285878891683237
ridge_cto_family,2021-11,2021-12,-0.021586583212960298,0.01471230428293263,0.01762280305773204,0.04637474200473139,0.03405889095393973,0.055459950172832354,0.051914623877980653,0.07147508337596062,0.06319158523307122,0.04584419810469421,0.06743078131765451,0.7525773195876289,0.8483290488431876,0.8004531842154082,1.6009063684308165,3.201812736861633,0.0032018127368616325,0.06422896858079288,0.00480271910529245,0.06262806221236206,0.008004531842154083,0.059426249475500424
ridge_cto_family,2021-12,2022-01,-0.12071317528966095,-0.09144007106699574,-0.09864648215028572,-0.08453593108863006,-0.07979602983398422,-0.08374783374452335,-0.08256532501464525,-0.07964071067007555,-0.09517939757132389,-0.0901614791612435,0.03055169612841746,0.8371501272264631,0.8883248730964467,0.8627375001614549,1.7254750003229098,3.4509500006458196,0.0034509500006458197,0.027100746127771642,0.0051764250009687296,0.02537527112744873,0.008627375001614548,0.021924321126802912
ridge_cto_family,2022-01,2022-02,0.04820886857763945,0.05158607470964751,0.04838165856657067,0.04671232075534466,0.043337450061410474,0.053734005186933456,0.05443333068079224,0.04686175449591776,0.052566243912557556,0.04388567571017145,-0.004323192867468004,0.7095959595959596,0.818639798488665,0.7641178790423122,1.5282357580846244,3.056471516169249,0.003056471516169249,-0.007379664383637253,0.0045847072742538734,-0.008907900141721877,0.007641178790423122,-0.011964371657891125
ridge_cto_family,2022-02,2022-03,-0.023022295233729978,-0.03178395873725029,-0.058759583104445956,-0.050605865851537424,-0.0541819522352425,-0.03473884661004027,-0.04920856730456718,-0.047837113446291275,-0.065305520217615,-0.07130373770334689,-0.04828144246961691,0.6942355889724311,0.8674999999999999,0.7808677944862155,1.561735588972431,3.123471177944862,0.0031234711779448616,-0.05140491364756177,0.004685206766917293,-0.0529666492365342,0.007808677944862154,-0.05609012041447906
ridge_cto_family,2022-03,2022-04,-0.21031658913536955,-0.15610549885256436,-0.15362309423803996,-0.140152064429523,-0.12777997829420254,-0.13242631786589065,-0.13345030339423966,-0.12537561118364943,-0.14452037704840884,-0.1672265098745204,0.04309007926084915,0.6451612903225806,0.7747524752475248,0.7099568827850526,1.4199137655701053,2.8398275311402106,0.0028398275311402104,0.04025025172970894,0.004259741296710316,0.03883033796413884,0.007099568827850527,0.035990510432998626
ridge_cto_family,2022-04,2022-05,0.09281616241824582,0.07770400948575772,0.09940336315498795,0.11510872206107213,0.09863262603219353,0.11491706378408421,0.10688050508756941,0.12110777097464795,0.12183638806122296,0.13218445764872644,0.03936829523048062,0.7408312958435208,0.8292682926829268,0.7850497942632237,1.5700995885264475,3.140199177052895,0.003140199177052895,0.03622809605342772,0.004710298765579343,0.034657996464901274,0.007850497942632238,0.031517797287848384
ridge_cto_family,2022-05,2022-06,0.05432358599651657,0.07989416565528064,0.09314301413942706,0.08984626041673521,0.08661571943985998,0.08358710375996112,0.0849755455195964,0.08060809409965597,0.08744995741471899,0.08791129044740434,0.03358770445088777,0.7281553398058253,0.8401937046004843,0.7841745222031548,1.5683490444063095,3.136698088812619,0.003136698088812619,0.03045100636207515,0.0047050471332189285,0.028882657317668838,0.007841745222031548,0.025745959228856218
ridge_cto_family,2022-06,2022-07,0.052509847998271304,0.02215721216685305,0.025566432737239745,0.018937827453020067,0.01913210091750461,0.02395199492253863,0.024581761341989014,0.03032174150682228,0.03025179971432274,0.042672562843710286,-0.009837285154561018,0.7649880095923262,0.8205741626794258,0.792781086135876,1.585562172271752,3.171124344543504,0.003171124344543504,-0.013008409499104522,0.004756686516815256,-0.014593971671376275,0.007927810861358759,-0.017765096015919777
ridge_cto_family,2022-07,2022-08,-0.09581806517732695,-0.06726745019785947,-0.034314347860279884,-0.028417267323215308,-0.025564012101858324,-0.013800746731016174,-0.016970440040538094,-0.012024873486558984,-0.013037877638597541,-0.01021363109441296,0.08560443408291399,0.7363420427553444,0.8744075829383886,0.8053748128468665,1.610749625693733,3.221499251387466,0.003221499251387466,0.08238293483152652,0.004832248877081199,0.08077218520583279,0.008053748128468666,0.07755068595444532
ridge_cto_family,2022-08,2022-09,-0.10388183132128369,-0.09394998585309951,-0.0891958255687777,-0.0815067051039731,-0.08580241648717105,-0.08792351382690974,-0.07443534659905517,-0.0880304810407325,-0.08001659157619682,-0.09004098484580972,0.01384084647547397,0.7370892018779343,0.8946135831381733,0.8158513925080537,1.6317027850161074,3.263405570032215,0.003263405570032215,0.010577440905441755,0.004895108355048323,0.008945738120425647,0.008158513925080537,0.005682332550393432
ridge_cto_family,2022-09,2022-10,0.015388338931531862,0.019199017990305135,0.020096052264047242,0.024599478307967108,0.039763430698300926,0.035309052658588476,0.03971271396170875,0.05418006617065351,0.051927126243919014,0.05845756048450266,0.0430692215529708,0.7604651162790698,0.8306264501160092,0.7955457831975394,1.5910915663950789,3.1821831327901577,0.0031821831327901577,0.03988703842018064,0.004773274699185237,0.03829594685378556,0.007955457831975394,0.03511376372099541
ridge_cto_family,2022-10,2022-11,0.035205621625838575,0.048496607616809684,0.062249432835868,0.07866270215986798,0.07649964097624487,0.07895864399217695,0.08851682912662684,0.09851889392999923,0.11167416497882679,0.11980658009908723,0.08460095847324867,0.7350230414746544,0.8505747126436781,0.7927988770591663,1.5855977541183326,3.171195508236665,0.003171195508236665,0.081429762965012,0.004756793262354998,0.07984416521089367,0.007927988770591664,0.076672969702657
ridge_cto_family,2022-11,2022-12,-0.047939712020933764,-0.035016227887721865,-0.029112807533869113,-0.03850130000608684,-0.03314700280933872,-0.02996230192836907,-0.03198645216804367,-0.03445523801214377,-0.04629867766312391,-0.05028742632755497,-0.0023477143066212083,0.7351598173515982,0.8972602739726028,0.8162100456621004,1.6324200913242009,3.2648401826484017,0.003264840182648402,-0.00561255448926961,0.004897260273972603,-0.007244974580593811,0.008162100456621005,-0.010509814763242213
ridge_cto_family,2022-12,2023-01,0.016974809520150905,0.06531969619058713,0.07337638953698145,0.08546483914537485,0.08237963343296499,0.09405233930331657,0.08888834647680356,0.08915230884063373,0.10082865209103976,0.10459134559840264,0.08761653607825173,0.6877828054298643,0.781038374717833,0.7344105900738487,1.4688211801476974,2.9376423602953947,0.002937642360295395,0.08467889371795634,0.004406463540443092,0.08321007253780864,0.0073441059007384865,0.08027243017751325
ridge_cto_family,2023-01,2023-02,0.01604288391066866,0.02606689400830212,0.024441310770275965,0.04875255813676957,0.03938819319089633,0.03920063434708789,0.039052885926917136,0.040975013628811174,0.03395990245734651,0.036473096285989104,0.020430212375320445,0.7887640449438202,0.9080717488789237,0.848417896911372,1.696835793822744,3.393671587645488,0.0033936715876454883,0.017036540787674956,0.005090507381468232,0.015339704993852211,0.00848417896911372,0.011946033406206725
ridge_cto_family,2023-02,2023-03,0.028393546567763484,0.0013381129711343,-0.0021947562896282823,-0.003456950214365061,-0.00031448465648032753,-0.02221154139553872,-0.02198391400774449,-0.031321539890842784,-0.02838069281093127,-0.037183153135196524,-0.06557669970296001,0.7780269058295964,0.8747203579418344,0.8263736318857154,1.6527472637714309,3.3054945275428618,0.0033054945275428614,-0.06888219423050287,0.004958241791314292,-0.0705349414942743,0.008263736318857155,-0.07384043602181717
ridge_cto_family,2023-03,2023-04,-0.015849592900369972,-0.017001514865765205,-0.028203166799028845,-0.028422336700903154,-0.02430271318505998,-0.027853886292147634,-0.024748432982642225,-0.03622425111552619,-0.035044558226523685,-0.03841960894668197,-0.022570016046311998,0.6911111111111111,0.8248337028824834,0.7579724069967972,1.5159448139935945,3.031889627987189,0.003031889627987189,-0.025601905674299187,0.004547834441980783,-0.02711785048829278,0.007579724069967972,-0.03014974011627997
ridge_cto_family,2023-04,2023-05,-0.0013607372492121723,-0.011804662843853335,0.00545187077823047,-0.0030472798875561214,-0.000784446670927493,-0.0012233186104963795,-5.6405149693381964e-05,0.0026209667285663906,0.013660025375617927,0.005099804680381304,0.006460541929593476,0.6123348017621145,0.8325991189427313,0.722466960352423,1.444933920704846,2.889867841409692,0.002889867841409692,0.0035706740881837843,0.004334801762114538,0.002125740167478938,0.007224669603524229,-0.0007641276739307531
ridge_cto_family,2023-05,2023-06,0.036245345328537425,0.02339871807815708,0.0260241291250518,0.03216108875763303,0.027045960850224357,0.023035392890696678,0.015044697456840709,0.020718213057269615,0.02865175937314324,0.021906619669343024,-0.0143387256591944,0.6252771618625277,0.8694690265486725,0.7473730942056,1.4947461884112,2.9894923768224,0.0029894923768224004,-0.0173282180360168,0.004484238565233601,-0.018822964224428,0.007473730942056001,-0.0218124566012504
ridge_cto_family,2023-06,2023-07,-0.06729054884501469,-0.02231974107854767,-0.0011403204232990631,0.01345586609450128,0.023173837340031384,0.02191051325976279,0.04682128873377383,0.047837751806061236,0.03806506508690794,0.027574299738585682,0.09486484858360036,0.6329670329670329,0.8728070175438596,0.7528870252554463,1.5057740505108925,3.011548101021785,0.003011548101021785,0.09185330048257857,0.004517322151532678,0.09034752643206768,0.007528870252554463,0.08733597833104591
ridge_cto_family,2023-07,2023-08,-0.044707722928747855,-0.05052781660041566,-0.055233336402109943,-0.04911826625004335,-0.050451860226626705,-0.04273513274949677,-0.04221248523711132,-0.041769736490672255,-0.039075364264122794,-0.019188855138512796,0.02551886779023506,0.7899343544857769,0.8777292576419214,0.8338318060638492,1.6676636121276984,3.335327224255397,0.003335327224255397,0.02218354056597966,0.005002990836383095,0.020515876953851965,0.008338318060638493,0.017180549729596567
ridge_cto_family,2023-08,2023-09,-0.041125607466694414,-0.0045746680608143835,0.01568400937198127,0.010501586193270287,0.0038831562518761736,0.007394398583054776,0.012648887459690183,0.0034148532091477567,0.005543752914806007,-0.003363562172458,0.037762045294236414,0.7136659436008677,0.8658008658008658,0.7897334047008667,1.5794668094017335,3.158933618803467,0.003158933618803467,0.034603111675432945,0.004738400428205201,0.03302364486603121,0.007897334047008667,0.029864711247227747
ridge_cto_family,2023-09,2023-10,0.004919695116691241,0.013000609445287114,-0.009249051564576902,-0.0008532173432820564,-0.011029048252198838,-0.010642546005001743,-0.017700590253082314,-0.013447445086462987,-0.013871974743677844,-0.017153288419298668,-0.02207298353598991,0.7591397849462366,0.8261802575107297,0.7926600212284831,1.5853200424569662,3.1706400849139325,0.0031706400849139324,-0.025243623620903842,0.004755960127370899,-0.026828943663360808,0.007926600212284831,-0.02999958374827474
ridge_cto_family,2023-10,2023-11,0.030543213050454366,0.03434387464153197,0.049648989311656726,0.04607555147433813,0.03724670698412349,0.02698387313949997,0.030663191468923243,0.03872449846194235,0.031500760273891815,0.03678364963337854,0.006240436582924173,0.6196581196581197,0.8166311300639659,0.7181446248610428,1.4362892497220856,2.872578499444171,0.002872578499444171,0.0033678580834800016,0.004308867749166257,0.0019315688337579158,0.007181446248610428,-0.0009410096656862548
ridge_cto_family,2023-11,2023-12,-0.028131262249708654,-0.027315685253018793,-0.019706545972021264,-0.020227899311145086,-0.01794250614165442,-0.013315621723624476,-0.01886120473190299,-0.017770122302145485,-0.0200511751954875,-0.020940959420561938,0.007190302829146716,0.6624203821656052,0.8241525423728814,0.7432864622692432,1.4865729245384864,2.973145849076973,0.0029731458490769727,0.004217156980069743,0.0044597187736154596,0.002730584055531256,0.007432864622692432,-0.00024256179354571663
ridge_cto_family,2023-12,2024-01,-0.23141880490980332,-0.19750200269102627,-0.18208303387026706,-0.17420463049643464,-0.1635066117606117,-0.16450734343342943,-0.1625339578822885,-0.16462211274746769,-0.18763282547889704,-0.2128491129592988,0.018569691950504535,0.7088607594936709,0.8357894736842105,0.7723251165889407,1.5446502331778813,3.0893004663557626,0.0030893004663557627,0.015480391484148773,0.004633950699533643,0.013935741250970891,0.007723251165889407,0.010846440784615129
ridge_cto_family,2024-01,2024-02,0.04714638553693616,0.07112712672820602,0.0660193284563485,0.06144228866792371,0.06714636404574063,0.055135825237251586,0.06758361534172093,0.07177351212387369,0.05489551476374547,0.035762103687628465,-0.011384281849307697,0.7679324894514767,0.7536842105263157,0.7608083499888962,1.5216166999777925,3.043233399955585,0.003043233399955585,-0.014427515249263282,0.004564850099933378,-0.015949131949241073,0.0076080834998889625,-0.01899236534919666
ridge_cto_family,2024-02,2024-03,0.03818001842635606,0.04279750619334441,0.03995359596200243,0.03508840744355639,0.035040235543308824,0.04261964940791178,0.05083039568085487,0.04139140655188557,0.05778232266434823,0.09344873030924498,0.05526871188288893,0.7668067226890756,0.8784067085953878,0.8226067156422316,1.6452134312844633,3.2904268625689266,0.003290426862568927,0.05197828502032,0.004935640293853389,0.050333071589035536,0.008226067156422316,0.04704264472646661
ridge_cto_family,2024-03,2024-04,-0.08813363637718548,-0.039144094994213244,-0.03306571608455781,-0.017548099950699513,-0.0018968263463098947,0.00017161657660408556,0.009061400734622286,0.00028914119682497703,0.008918627490492251,0.01012963942677021,0.09826327580395569,0.7133891213389121,0.906054279749478,0.809721700544195,1.61944340108839,3.23888680217678,0.0032388868021767797,0.09502438900177891,0.0048583302032651704,0.09340494560069051,0.008097217005441951,0.09016605879851373
ridge_cto_family,2024-04,2024-05,-0.015134862137219242,-0.007109113312172133,-0.010102955602123346,-0.012097185932589497,-0.00870200605198327,-0.006381334340126792,-0.016941123433348193,-0.009184763387451583,-0.019609413752699326,-0.04018841657514793,-0.025053554437928685,0.7837837837837838,0.9004149377593361,0.8420993607715599,1.6841987215431198,3.3683974430862396,0.003368397443086239,-0.028421951881014925,0.005052596164629359,-0.030106150602558043,0.008420993607715598,-0.03347454804564429
ridge_cto_family,2024-05,2024-06,-0.0910443668303782,-0.0820664979655195,-0.07946251704139322,-0.06829739420903724,-0.07876559046815595,-0.07640019500217961,-0.07872131122089197,-0.08768132398965545,-0.09042544364065176,-0.10231901031933732,-0.011274643488959124,0.740041928721174,0.801255230125523,0.7706485794233485,1.541297158846697,3.082594317693394,0.003082594317693394,-0.014357237806652517,0.004623891476540091,-0.015898534965499214,0.007706485794233485,-0.018981129283192608
ridge_cto_family,2024-06,2024-07,-0.008118597390644567,-0.00482600754308411,0.0020190298073066992,-0.008687158279795644,0.001779367572387749,0.011417721372802645,0.015246912938828874,0.012291415373022275,0.013236633565747438,0.021884162337009495,0.030002759727654062,0.7484407484407485,0.8008298755186722,0.7746353119797104,1.5492706239594207,3.0985412479188414,0.0030985412479188415,0.02690421847973522,0.004647811871878262,0.0253549478557758,0.007746353119797104,0.02225640660785696
ridge_cto_family,2024-07,2024-08,-0.06302797943418442,-0.04519458304731308,-0.03911939780146015,-0.03578557457083119,-0.03651978869190163,-0.03525445962133965,-0.02867612697750762,-0.029728542683512466,-0.03047319080736849,-0.031853743503080484,0.03117423593110394,0.711340206185567,0.8209876543209876,0.7661639302532773,1.5323278605065547,3.0646557210131093,0.0030646557210131094,0.02810958021009083,0.004596983581519664,0.026577252349584274,0.007661639302532774,0.023512596628571164
ridge_cto_family,2024-08,2024-09,0.24370785095470007,0.23795846546364183,0.23043523035457736,0.22891794928126455,0.2350957433186678,0.23630840821001964,0.22461494233300683,0.23324709365071478,0.22667027811902374,0.24337056355384548,-0.0003372874008545912,0.7104722792607803,0.8012295081967213,0.7558508937287508,1.5117017874575016,3.0234035749150032,0.0030234035749150032,-0.0033606909757695944,0.0045351053623725055,-0.004872392763227097,0.007558508937287507,-0.007895796338142098
ridge_cto_family,2024-09,2024-10,0.15124967382008234,0.11619839943748461,0.09328022634365826,0.0616077723637497,0.061417690309674616,0.058532480611012516,0.029745511906474672,0.04771154540699113,0.037143462829368395,0.043494708665044964,-0.10775496515503738,0.7423312883435582,0.834355828220859,0.7883435582822086,1.5766871165644172,3.1533742331288344,0.0031533742331288344,-0.11090833938816622,0.004730061349693252,-0.11248502650473063,0.007883435582822087,-0.11563840073785947
ridge_cto_family,2024-10,2024-11,-0.03262622586889669,0.025480097238082523,0.0466271743528465,0.05756438954426241,0.063120533292246,0.064579475551645,0.06000152706725205,0.06333526709501194,0.0694538271649065,0.04135852540950793,0.07398475127840462,0.6359918200408998,0.8448979591836735,0.7404448896122866,1.4808897792245732,2.9617795584491464,0.0029617795584491466,0.07102297171995547,0.0044426693376737195,0.0695420819407309,0.007404448896122867,0.06658030238228176
ridge_cto_family,2024-11,2024-12,-0.09475862200913157,-0.06852687530080731,-0.044413789366585625,-0.04553835370972909,-0.04352589694062329,-0.034983828562788505,-0.027455659834719637,-0.026170314452318807,-0.02427182743508778,-0.030535610617675218,0.06422301139145635,0.7428571428571429,0.8431771894093687,0.7930171661332558,1.5860343322665116,3.172068664533023,0.0031720686645330233,0.061050942726923324,0.004758102996799535,0.05946490839465682,0.007930171661332558,0.05629283973012379
ridge_cto_family,2024-12,2025-01,-0.02845033692908331,-0.015934798335729243,-0.014762251641090846,-0.020538208597402827,-0.013900459500415654,-0.01681070411727041,-0.013315562816190148,-0.013221786494987373,-0.012973014660097894,-0.007342197179461302,0.02110813974962201,0.7006109979633401,0.8170731707317074,0.7588420843475238,1.5176841686950475,3.035368337390095,0.003035368337390095,0.018072771412231913,0.004553052506085143,0.016555087243536867,0.007588420843475238,0.01351971890614677
ridge_cto_family,2025-01,2025-02,0.1027485319397908,0.0910662259128222,0.08458914455208688,0.06954739857818623,0.07464912552797466,0.06542633278504549,0.053309085302138966,0.0688072512188321,0.07127428855319055,0.08793564631904721,-0.014812885620743593,0.6524390243902439,0.8052738336713996,0.7288564290308217,1.4577128580616434,2.915425716123287,0.002915425716123287,-0.01772831133686688,0.00437313857418493,-0.019186024194928524,0.0072885642903082175,-0.022101449911051813
ridge_cto_family,2025-02,2025-03,-0.0621963574424822,-0.023168646370262398,-0.012674366200222319,-0.002461689932516846,0.0016730319405129433,0.014179490044113726,0.016229115042134944,0.01941730025879372,0.02438825115927482,0.034232963183027376,0.09642932062550957,0.6646341463414633,0.8620689655172413,0.7633515559293523,1.5267031118587047,3.0534062237174093,0.0030534062237174094,0.09337591440179216,0.004580109335576114,0.09184921128993345,0.007633515559293523,0.08879580506621605
ridge_cto_family,2025-03,2025-04,-0.0442407348806062,-0.023190709822683637,-0.029377228990211033,-0.03521374585190823,-0.024275544389907134,-0.024491860523611644,-0.02036337887461044,-0.014741016542489117,-0.017875991106210676,-0.015207018129550763,0.02903371675105544,0.7870182555780934,0.9068825910931174,0.8469504233356053,1.6939008466712107,3.3878016933424213,0.0033878016933424214,0.02564591505771302,0.0050817025400136315,0.02395201421104181,0.008469504233356054,0.02056421251769939
ridge_cto_family,2025-04,2025-05,0.07470869900498507,0.06138984724748856,0.04509124631222077,0.04882906879125398,0.04755230790249588,0.03330701006301643,0.051976143097569705,0.05290644167751601,0.04362160458670817,0.04697076738367522,-0.02773793162130985,0.7586206896551724,0.8157894736842105,0.7872050816696914,1.5744101633393828,3.1488203266787655,0.0031488203266787657,-0.030886751947988615,0.004723230490018149,-0.032461162111328,0.007872050816696913,-0.03560998243800677
ridge_cto_family,2025-05,2025-06,0.046549864057161675,0.06476897651708988,0.06967442662482114,0.06499743193682037,0.07793833088069521,0.060322654396153315,0.059012436288462825,0.04804888612615488,0.06190273690617965,0.07497037904580839,0.028420514988646714,0.7037037037037037,0.893223819301848,0.7984637615027759,1.5969275230055517,3.1938550460111035,0.0031938550460111036,0.02522665994263561,0.004790782569016655,0.02362973241963006,0.007984637615027759,0.020435877373618953
ridge_cto_family,2025-06,2025-07,0.03475493990056681,0.040215554334977976,0.04869274171447158,0.05976584208953397,0.06036026448407385,0.05849179586278335,0.08052410689775241,0.05722817700730156,0.0724260303395271,0.060137410675231665,0.025382470774664857,0.7418032786885246,0.8834355828220859,0.8126194307553052,1.6252388615106104,3.2504777230212207,0.0032504777230212205,0.022131993051643636,0.004875716584531831,0.020506754190133026,0.008126194307553052,0.017256276467111805
ridge_cto_family,2025-07,2025-08,0.0927391276380334,0.10569719326827728,0.10393574430606839,0.09070089306139992,0.09215510564480979,0.08875986873036529,0.08064011313742923,0.08141018619911526,0.06495234344066926,0.06431772552663495,-0.028421402111398444,0.7239263803680982,0.7877551020408163,0.7558407412044572,1.5116814824089144,3.023362964817829,0.003023362964817829,-0.031444765076216276,0.004535044447226744,-0.03295644655862519,0.007558407412044572,-0.03597980952344301
ridge_cto_family,2025-08,2025-09,-0.008973741768497263,0.017791269841350228,0.04289387550693172,0.017490049374943785,0.021197778205873652,0.007138701718617854,0.0016278505770145001,0.008461697938911486,0.001638536264703726,0.012455941650689972,0.021429683419187235,0.7096114519427403,0.7979591836734694,0.7537853178081049,1.5075706356162097,3.0151412712324195,0.0030151412712324196,0.018414542147954814,0.004522711906848629,0.016906971512338605,0.007537853178081049,0.013891830241106186
ridge_cto_family,2025-09,2025-10,0.00033982351518199646,-0.009825781591893137,-0.00638903914072413,0.013252369319859571,0.01716035530015494,0.02073828967078555,0.028332066050004327,0.03186047707168723,0.025936876700212712,0.02043510245448474,0.020095278939302744,0.789795918367347,0.8676171079429735,0.8287065131551603,1.6574130263103206,3.3148260526206412,0.0033148260526206412,0.016780452886682104,0.004972239078930962,0.015123039860371782,0.008287065131551603,0.011808213807751142
ridge_cto_family,2025-10,2025-11,0.0008630909232592127,-0.0007547737517062435,-0.003945830703957016,0.0044170078086585955,-0.0004385601138874978,-0.0020991052044159477,-0.0015853471135173292,-0.004978789968861933,-0.0014914870855545022,-0.020870631234017934,-0.021733722157277147,0.763265306122449,0.8716904276985743,0.8174778669105116,1.6349557338210232,3.2699114676420464,0.0032699114676420465,-0.025003633624919194,0.00490486720146307,-0.026638589358740215,0.008174778669105116,-0.029908500826382262
ridge_cto_family,2025-11,2025-12,0.016972708481939842,0.033364286436337265,0.030064753153376932,0.025334485977759013,0.023923603539424836,0.013439825779256733,0.021340829671355057,0.02833043577579029,0.0033414694084958475,0.01345053054003301,-0.0035221779419068316,0.726530612244898,0.8187372708757638,0.7726339415603309,1.5452678831206619,3.0905357662413238,0.0030905357662413236,-0.006612713708148156,0.004635803649361986,-0.008157981591268817,0.007726339415603308,-0.011248517357510139
ridge_cto_family,2025-12,2026-01,0.04532180266601974,0.07942445197295536,0.08437568952454483,0.08800680068850777,0.09697235549326831,0.0855417240995013,0.07512046948018616,0.07955180694424697,0.08363464649937423,0.08692824427501741,0.04160644160899767,0.7113821138211383,0.8194726166328601,0.7654273652269992,1.5308547304539983,3.0617094609079967,0.003061709460907997,0.03854473214808968,0.004592564191361995,0.03701387741763568,0.007654273652269991,0.03395216795672768
ridge_cto_family,2026-01,2026-02,0.04844995652036839,0.046866276807259515,0.057101701681001656,0.04454664435471118,0.03994507897837525,0.035853242725414715,0.03742951327055477,0.036392241012630014,0.03191141193363325,0.03189299665156075,-0.01655695986880764,0.6788617886178862,0.8600405679513184,0.7694511782846023,1.5389023565692046,3.077804713138409,0.0030778047131384094,-0.01963476458194605,0.004616707069707614,-0.021173666938515252,0.007694511782846023,-0.02425147165165366
ridge_cto_family,2026-02,2026-03,-0.12382723138839936,-0.10795778996614776,-0.10470803918537891,-0.10449469319873603,-0.09020854386757987,-0.09073407460114646,-0.08362541423205824,-0.0777364828493342,-0.08005309823197704,-0.0878985849295225,0.03592864645887686,0.6626016260162602,0.8377281947261663,0.7501649103712132,1.5003298207424265,3.000659641484853,0.0030006596414848532,0.03292798681739201,0.004500989462227279,0.03142765699664958,0.007501649103712133,0.02842699735516473
ridge_cto_family,2026-03,2026-04,0.0896105578966148,0.09160083188843808,0.05869865647604281,0.06621416939411977,0.06711440773628823,0.041043863073702815,0.05815390159058467,0.060136753684213846,0.07564935647685214,0.08314092122050325,-0.0064696366761115565,0.7383367139959431,0.8299595141700404,0.7841481140829918,1.5682962281659836,3.136592456331967,0.003136592456331967,-0.009606229132443524,0.0047048886844979505,-0.011174525360609507,0.007841481140829918,-0.014311117816941474
ridge_cto_family,2026-04,2026-05,0.01244156886597099,-0.003929994629930147,0.007980852785935317,-0.013970795718201204,-0.044997615480161283,-0.043957810168719566,-0.04689616867875623,-0.051185685944088705,-0.05436639574248536,-0.05941286514183003,-0.07185443400780102,0.7131313131313131,0.8222222222222222,0.7676767676767676,1.5353535353535352,3.0707070707070705,0.0030707070707070706,-0.07492514107850809,0.004606060606060606,-0.07646049461386162,0.007676767676767676,-0.07953120168456869
ridge_cto_family,2026-05,2026-06,0.05843559183062828,0.0023058123072573437,-0.010683491917569106,-0.027572352967531296,-0.05386781547067403,-0.0655342816640949,-0.049604308905554714,-0.06170907952573395,-0.06445357535193676,-0.0816008713648739,-0.14003646319550217,0.7125256673511293,0.8237704918032787,0.768148079577204,1.536296159154408,3.072592318308816,0.003072592318308816,-0.14310905551381098,0.004608888477463224,-0.14464535167296538,0.00768148079577204,-0.14771794399127422
ridge_cto_family,2026-06,2026-07,-0.28005731397605793,-0.18381212060123944,-0.14171696550725238,-0.08214775303486625,-0.07059376335281423,-0.05507277220365212,-0.03039241540898159,-0.027710759447401288,-0.034185347818936965,-0.0831140892446147,0.1969432247314432,0.6680244399185336,0.7967479674796748,0.7323862036991042,1.4647724073982085,2.929544814796417,0.002929544814796417,0.1940136799166468,0.0043943172221946256,0.19254890750924858,0.007323862036991042,0.18961936269445218
